,Returns,Standard Deviation,Semi-Deviation,Sharpe Ratio,Sortino Ratio,Nifty 50 Weight
0,22.55531727030111,15.528057679845084,9.32605066517692,1.2220019825744504,2.0346573218987696,100.0
