,Returns,Standard Deviation,Sharpe Ratio,ADANIPORTS Weight,ASIANPAINT Weight,BAJFINANCE Weight,BAJAJFINSV Weight,BRITANNIA Weight,DIVISLAB Weight,GRASIM Weight,HCLTECH Weight,HDFCBANK Weight,HINDALCO Weight,HINDUNILVR Weight,ICICIBANK Weight,INFY Weight,JSWSTEEL Weight,NESTLEIND Weight,POWERGRID Weight,RELIANCE Weight,TCS Weight,TATACONSUM Weight,TATASTEEL Weight,TECHM Weight,TITAN Weight,UPL Weight,WIPRO Weight
0,-0.1311775905528502,11.438219537474758,-0.3244541319034846,2.7814924651517567,1.7426118140155749,7.975895720832667,2.7814924651517567,5.3786940929922125,6.937015069696486,3.8203731162879393,2.262052139583666,5.8981344185603035,2.262052139583666,2.7814924651517567,3.3009327907198482,4.859253767424121,3.3009327907198482,1.2231714884474838,1.2231714884474838,7.456455395264578,7.975895720832667,1.7426118140155749,7.456455395264578,4.3398134418560295,7.456455395264578,2.7814924651517567,2.262052139583666
