,Returns,Semi-Deviation,Sortino Ratio,ASIANPAINT Weight,BAJFINANCE Weight,BAJAJFINSV Weight,BRITANNIA Weight,DIVISLAB Weight,GRASIM Weight,HCLTECH Weight,HDFCBANK Weight,HINDALCO Weight,HINDUNILVR Weight,ICICIBANK Weight,INFY Weight,JSWSTEEL Weight,LT Weight,NESTLEIND Weight,POWERGRID Weight,RELIANCE Weight,TCS Weight,TATACONSUM Weight,TATASTEEL Weight,TECHM Weight,TITAN Weight,ULTRACEMCO Weight,WIPRO Weight
13370,30.446758191206957,11.134932894132865,2.4128352138847093,7.0065708063466206,5.11866004691125,5.012961499059367,7.861916060864665,6.873175660798814,0.513312816779562,4.872169316754652,7.497845801735704,3.5716355510114233,4.533861092216223,1.0711893677989626,4.385704846420568,1.7387396188760174,0.07822198066879645,7.088971239771075,0.37916338949889833,5.626509428386366,6.212266327932038,7.385666650843284,2.537059896266454,1.722896043929807,7.28842372868912,0.10044897392741119,1.5226298545129289
