,Returns,Standard Deviation,Sharpe Ratio,ASIANPAINT Weight,BAJFINANCE Weight,BAJAJFINSV Weight,BRITANNIA Weight,DIVISLAB Weight,GRASIM Weight,HCLTECH Weight,HDFCBANK Weight,HINDALCO Weight,HINDUNILVR Weight,ICICIBANK Weight,INFY Weight,JSWSTEEL Weight,LT Weight,NESTLEIND Weight,POWERGRID Weight,RELIANCE Weight,TCS Weight,TATACONSUM Weight,TATASTEEL Weight,TECHM Weight,TITAN Weight,ULTRACEMCO Weight,WIPRO Weight
41349,139.5381058360215,7.6449630285956705,17.78401090070361,4.897021334309316,3.864046559632862,6.768306289101544,2.0971252432497796,6.280279223108473,6.07459760364528,5.6861346673965665,3.4187771993027543,8.517249272114759,1.0475010418419368,3.1956989329098384,1.8355779330476534,4.201066835908854,1.0917396838296745,2.7075698071441963,7.862983064762482,2.4584841781433644,3.088743876129428,3.7085301854589496,10.354178581095393,0.04502905328490876,2.8291167356913,6.785199275936196,1.1850434229545008
