,Returns,Semi-Deviation,Sortino Ratio,ASIANPAINT Weight,BAJFINANCE Weight,BAJAJFINSV Weight,BRITANNIA Weight,DIVISLAB Weight,GRASIM Weight,HCLTECH Weight,HDFCBANK Weight,HINDALCO Weight,HINDUNILVR Weight,ICICIBANK Weight,INFY Weight,JSWSTEEL Weight,LT Weight,NESTLEIND Weight,POWERGRID Weight,RELIANCE Weight,TCS Weight,TATACONSUM Weight,TATASTEEL Weight,TECHM Weight,TITAN Weight,ULTRACEMCO Weight,WIPRO Weight
41409,140.69229437917002,2.8701833781428485,47.77126626239767,7.8142021099479315,2.6011089966544376,6.719151299872158,7.765504866743581,0.5705136721063886,7.357853144396446,2.311751843475845,5.731381110884558,7.079894350903373,0.763541706380793,7.945244899497772,5.829665105915632,0.09966142150731655,7.336476431231878,0.6388146254190951,8.056060856664942,0.7272910923164104,0.7870160209047995,3.549921811698979,7.486257444603217,0.34922438375776865,0.39964423780896347,0.1346992974060729,7.945119269901638
