,Returns,Standard Deviation,Sharpe Ratio,ADANIPORTS Weight,ASIANPAINT Weight,BAJFINANCE Weight,BAJAJFINSV Weight,BRITANNIA Weight,DIVISLAB Weight,GRASIM Weight,HCLTECH Weight,HDFCBANK Weight,HINDALCO Weight,HINDUNILVR Weight,ICICIBANK Weight,INFY Weight,JSWSTEEL Weight,NESTLEIND Weight,POWERGRID Weight,RELIANCE Weight,TCS Weight,TATACONSUM Weight,TATASTEEL Weight,TECHM Weight,TITAN Weight,UPL Weight,WIPRO Weight
0,16.47861025600325,8.889339406206467,1.4510201114604242,6.121584135701091,8.185713271577711,3.762648443003284,5.994643493392694,0.34476497093635194,1.6569803738169657,6.058805451467986,7.8096254462767165,0.600651952750519,2.0891378844305497,2.866729435759676,7.899669855694107,7.538244429655118,6.725411611391022,5.761231880278348,0.1331427754264967,0.10360128576591837,0.3065231913233343,5.748995051297346,6.9167182917795875,2.8620485434594487,2.0273367102614954,5.056112601880418,3.4296789126738183
