,Returns,Standard Deviation,Sharpe Ratio,ADANIPORTS Weight,ASIANPAINT Weight,BAJFINANCE Weight,BAJAJFINSV Weight,BRITANNIA Weight,DIVISLAB Weight,GRASIM Weight,HCLTECH Weight,HDFCBANK Weight,HINDALCO Weight,HINDUNILVR Weight,ICICIBANK Weight,INFY Weight,JSWSTEEL Weight,NESTLEIND Weight,POWERGRID Weight,RELIANCE Weight,TCS Weight,TATACONSUM Weight,TATASTEEL Weight,TECHM Weight,TITAN Weight,UPL Weight,WIPRO Weight
0,13.583833205328547,4.438257600839967,2.2540001291126637,3.7764933883923115,6.344200739925656,6.836072535571963,6.823386367625201,5.408070657840464,1.5996896438172739,3.175995832260666,5.616446938426783,4.386797015676209,2.023624083539416,2.0365570688573773,5.486422835514175,1.1122573507617857,4.7577621479297285,4.839670861598706,2.784287813234512,5.498631571181924,2.2751219613820863,3.5131988680890442,7.239798222838136,1.4947020913912683,4.890915406725147,4.583019039509249,3.496877557910926
