,Returns,Standard Deviation,Sharpe Ratio,ADANIPORTS Weight,ASIANPAINT Weight,BAJFINANCE Weight,BAJAJFINSV Weight,BRITANNIA Weight,DIVISLAB Weight,GRASIM Weight,HCLTECH Weight,HDFCBANK Weight,HINDALCO Weight,HINDUNILVR Weight,ICICIBANK Weight,INFY Weight,JSWSTEEL Weight,NESTLEIND Weight,POWERGRID Weight,RELIANCE Weight,TCS Weight,TATACONSUM Weight,TATASTEEL Weight,TECHM Weight,TITAN Weight,UPL Weight,WIPRO Weight
0,0.11435518745829688,1.181925942286099,0.08843195574586325,0.3261275529763009,7.536665458722982,7.741779485486099,1.7621866535450792,3.0985819743714655,6.704552017720436,0.028792087514722394,3.685108682929541,3.2675873930134136,1.3286123785431887,7.171915545770751,3.7176230071892338,6.417679543348773,2.238450185887444,7.4288593447385685,0.14147373473467287,7.236151917836943,6.628044551170796,7.784408173317438,0.08108846233363062,6.267856328560234,5.767785703029008,1.461847488427073,2.176822328832235
