,Returns,Standard Deviation,Sharpe Ratio,ADANIPORTS Weight,ASIANPAINT Weight,BAJFINANCE Weight,BAJAJFINSV Weight,BRITANNIA Weight,DIVISLAB Weight,GRASIM Weight,HCLTECH Weight,HDFCBANK Weight,HINDALCO Weight,HINDUNILVR Weight,ICICIBANK Weight,INFY Weight,JSWSTEEL Weight,NESTLEIND Weight,POWERGRID Weight,RELIANCE Weight,TCS Weight,TATACONSUM Weight,TATASTEEL Weight,TECHM Weight,TITAN Weight,UPL Weight,WIPRO Weight
0,-0.9869378232824596,6.036414104426177,-0.7565646995513066,0.9854531129278128,6.344910895367708,3.476403004309507,4.354022651459837,6.906872331135223,6.955348363414639,2.7826961405455135,0.9523517945007276,7.063357416350661,0.33714550993111164,3.711037223558645,6.039890295066222,4.2995836459430405,3.363709371727471,7.155996633064754,4.002556721394428,2.5413568371833213,5.931534529484716,5.848245083786203,4.965576492876152,4.0793159365417395,1.4905872281277288,3.3758859718148044,3.036162809488049
