,Returns,Standard Deviation,Sharpe Ratio,ADANIPORTS Weight,ASIANPAINT Weight,BAJFINANCE Weight,BAJAJFINSV Weight,BRITANNIA Weight,DIVISLAB Weight,GRASIM Weight,HCLTECH Weight,HDFCBANK Weight,HINDALCO Weight,HINDUNILVR Weight,ICICIBANK Weight,INFY Weight,JSWSTEEL Weight,NESTLEIND Weight,POWERGRID Weight,RELIANCE Weight,TCS Weight,TATACONSUM Weight,TATASTEEL Weight,TECHM Weight,TITAN Weight,UPL Weight,WIPRO Weight
0,14.957450167114395,4.4042256145167755,2.5833032099021365,4.035816689923237,2.3158721002786407,5.258347606410059,6.6570842687573215,2.0621559435757195,1.2563746579540958,8.080419387529583,4.547795914707129,0.8606940501203826,0.5617217322919907,0.9063955540516908,5.84007724790581,7.785424864152729,4.291483634468669,8.071288159357701,2.391265944271823,8.186261512655099,6.344716073497664,3.311472849131732,2.6420284184187173,4.974825361810787,1.1743497070075104,2.5037580982062444,5.940370223515668
