,Returns,Standard Deviation,Sharpe Ratio,ADANIPORTS Weight,ASIANPAINT Weight,BAJFINANCE Weight,BAJAJFINSV Weight,BRITANNIA Weight,DIVISLAB Weight,GRASIM Weight,HCLTECH Weight,HDFCBANK Weight,HINDALCO Weight,HINDUNILVR Weight,ICICIBANK Weight,INFY Weight,JSWSTEEL Weight,NESTLEIND Weight,POWERGRID Weight,RELIANCE Weight,TCS Weight,TATACONSUM Weight,TATASTEEL Weight,TECHM Weight,TITAN Weight,UPL Weight,WIPRO Weight
0,1.444903714318445,8.398436790742151,-0.2542254396717179,2.458633322080984,3.6777734610914656,7.987144147465681,8.040221217956532,1.0591210048330548,3.131807414028938,7.584983696847668,2.1977943837252725,5.016616790102044,3.4803035625346626,6.2186296307014,3.6935419031772545,2.0282742518874453,7.7709563269669895,0.8483843542287253,1.2651271242821378,3.4914877816089,0.7964786436120465,1.7805742812387777,3.4781896869525286,7.334534939146435,7.06791417828563,4.860228928629314,4.731278968616098
