,Returns,Standard Deviation,Sharpe Ratio,ADANIPORTS Weight,ASIANPAINT Weight,BAJFINANCE Weight,BAJAJFINSV Weight,BRITANNIA Weight,DIVISLAB Weight,GRASIM Weight,HCLTECH Weight,HDFCBANK Weight,HINDALCO Weight,HINDUNILVR Weight,ICICIBANK Weight,INFY Weight,JSWSTEEL Weight,NESTLEIND Weight,POWERGRID Weight,RELIANCE Weight,TCS Weight,TATACONSUM Weight,TATASTEEL Weight,TECHM Weight,TITAN Weight,UPL Weight,WIPRO Weight
0,11.785478077731973,5.646269167970388,1.4532566255040087,6.915275489655858,1.9089870808139928,7.602652001104962,7.631985069216403,1.7086416437095748,0.6996002086772767,5.553389506830031,6.010048948925828,3.813972098337696,5.79458366692169,1.4560033211462866,3.4172164792819615,3.3501214475982617,7.201244115571901,1.7985370771885882,6.3627482952445895,4.043044923423766,2.82476741231697,6.7498541376197085,5.163477448079267,0.7378529457969764,0.7450524079003626,1.5192639688135483,6.991680305824523
