,Returns,Standard Deviation,Sharpe Ratio,ADANIPORTS Weight,ASIANPAINT Weight,BAJFINANCE Weight,BAJAJFINSV Weight,BRITANNIA Weight,DIVISLAB Weight,GRASIM Weight,HCLTECH Weight,HDFCBANK Weight,HINDALCO Weight,HINDUNILVR Weight,ICICIBANK Weight,INFY Weight,JSWSTEEL Weight,NESTLEIND Weight,POWERGRID Weight,RELIANCE Weight,TCS Weight,TATACONSUM Weight,TATASTEEL Weight,TECHM Weight,TITAN Weight,UPL Weight,WIPRO Weight
0,16.046081367497468,6.917754569935496,1.8020415788780588,0.35434714372396675,2.220052379008478,1.5072383778074918,0.7293430690047664,7.136682400283152,3.9051892439032407,0.892395767747192,7.437102303686144,0.19205920969247492,7.337673884257254,8.288592630645415,0.3346598771250644,4.094338562743835,3.3908600389473653,8.163724842753037,6.262032231816701,8.17430085229059,8.546283279729822,1.1183909647139,1.8283314517874842,6.593814772809307,6.344583266995983,3.714482936337153,1.433520512190182
