,Returns,Standard Deviation,Sharpe Ratio,ADANIPORTS Weight,ASIANPAINT Weight,BAJFINANCE Weight,BAJAJFINSV Weight,BRITANNIA Weight,DIVISLAB Weight,GRASIM Weight,HCLTECH Weight,HDFCBANK Weight,HINDALCO Weight,HINDUNILVR Weight,ICICIBANK Weight,INFY Weight,JSWSTEEL Weight,NESTLEIND Weight,POWERGRID Weight,RELIANCE Weight,TCS Weight,TATACONSUM Weight,TATASTEEL Weight,TECHM Weight,TITAN Weight,UPL Weight,WIPRO Weight
0,15.326573952724267,5.348000403835841,2.1964422336802865,0.06867179320531866,2.669223856944481,7.5596954857128305,5.436402862575634,5.806133687715299,1.742470829608923,3.442426358038503,5.542840231312728,0.24736365252081943,3.61731410045567,2.765205797007112,7.984396439490725,6.757481478956461,4.1025779991374955,5.9245890864618005,2.6519312538920925,6.481434380527476,3.4314188310808182,6.076678400734995,5.208573830476854,1.306208082574343,7.032484119148396,2.679797031060567,1.4646804113606562
