,Returns,Standard Deviation,Sharpe Ratio,ADANIPORTS Weight,ASIANPAINT Weight,BAJFINANCE Weight,BAJAJFINSV Weight,BRITANNIA Weight,DIVISLAB Weight,GRASIM Weight,HCLTECH Weight,HDFCBANK Weight,HINDALCO Weight,HINDUNILVR Weight,ICICIBANK Weight,INFY Weight,JSWSTEEL Weight,NESTLEIND Weight,POWERGRID Weight,RELIANCE Weight,TCS Weight,TATACONSUM Weight,TATASTEEL Weight,TECHM Weight,TITAN Weight,UPL Weight,WIPRO Weight
0,0.21320541166505047,0.566488402787812,0.35900160679204846,9.928956966616889,4.2389190528776854,5.12663513525737,0.4885637920108423,0.8532680406124057,8.611640250962003,0.49238575968913456,1.9382115293996232,7.287195463336419,0.07965290188566386,5.591852088835849,1.0137872152213512,1.0512100144822303,1.9106895003781317,5.606173525792754,1.4908965274652546,8.687349135574301,2.078605928730441,9.385262112397708,3.0425146773485445,1.5513368030506351,9.300538238417825,0.773290249950482,9.471065089706446
