,Returns,Standard Deviation,Sharpe Ratio,ADANIPORTS Weight,ASIANPAINT Weight,BAJFINANCE Weight,BAJAJFINSV Weight,BRITANNIA Weight,DIVISLAB Weight,GRASIM Weight,HCLTECH Weight,HDFCBANK Weight,HINDALCO Weight,HINDUNILVR Weight,ICICIBANK Weight,INFY Weight,JSWSTEEL Weight,NESTLEIND Weight,POWERGRID Weight,RELIANCE Weight,TCS Weight,TATACONSUM Weight,TATASTEEL Weight,TECHM Weight,TITAN Weight,UPL Weight,WIPRO Weight
0,9.867830841226786,10.176165456419014,0.6178978582999052,5.717163333121241,0.4922134899651956,4.243897778581411,3.399392640132716,6.55726329661759,5.253320501439218,2.320166225195399,7.32372521365749,0.5169490664193077,5.982379100282378,6.018762862160693,2.18040654246786,4.35186585201364,7.402863219123142,6.340074253639835,1.7205060009786062,5.038222866543823,4.561867861007477,5.7391040796308275,3.2911230484349,5.083838756627503,2.7886960068705626,2.6978707181665627,0.9783272869226441
