,Returns,Standard Deviation,Sharpe Ratio,ADANIPORTS Weight,ASIANPAINT Weight,BAJFINANCE Weight,BAJAJFINSV Weight,BRITANNIA Weight,DIVISLAB Weight,GRASIM Weight,HCLTECH Weight,HDFCBANK Weight,HINDALCO Weight,HINDUNILVR Weight,ICICIBANK Weight,INFY Weight,JSWSTEEL Weight,NESTLEIND Weight,POWERGRID Weight,RELIANCE Weight,TCS Weight,TATACONSUM Weight,TATASTEEL Weight,TECHM Weight,TITAN Weight,UPL Weight,WIPRO Weight
0,-0.9668682362396536,7.274641476487758,-0.6250298727346918,1.6031126603483898,3.471039601412815,7.324543341071283,1.3574423893430105,2.293750773246311,5.944282585744531,5.578356974674217,4.482815849002119,7.777853844455176,5.315177480400142,1.9981167303325293,5.0352668692945795,3.8201668007588827,0.49148606080536883,6.479709181893386,1.317056955411435,2.0802744450930266,7.781597793366458,2.1491659242980616,4.898644837326238,0.2971155876409221,5.949799711679183,5.981103179395848,6.572120423006107
