,Returns,Standard Deviation,Sharpe Ratio,ADANIPORTS Weight,ASIANPAINT Weight,BAJFINANCE Weight,BAJAJFINSV Weight,BRITANNIA Weight,DIVISLAB Weight,GRASIM Weight,HCLTECH Weight,HDFCBANK Weight,HINDALCO Weight,HINDUNILVR Weight,ICICIBANK Weight,INFY Weight,JSWSTEEL Weight,NESTLEIND Weight,POWERGRID Weight,RELIANCE Weight,TCS Weight,TATACONSUM Weight,TATASTEEL Weight,TECHM Weight,TITAN Weight,UPL Weight,WIPRO Weight
0,0.14487254529271198,1.1795836098879966,0.1144788545089815,3.2005786987098017,3.6378801902536804,11.342116020473181,6.029020660227452,3.147483353725921,9.592204661610669,2.3871293670025504,7.286323834279932,2.9719914542816475,1.0812647808028406,1.9032598017698898,2.1892374126722838,0.2586090057027972,0.35388036634298514,2.9960009539865484,3.9357639670933766,9.509704137009162,6.956886729052308,8.957917264398327,0.34499861235458446,1.6884345933427536,9.498375628074223,0.19466166693365597,0.5362768398994116
