,Returns,Standard Deviation,Sharpe Ratio,ADANIPORTS Weight,ASIANPAINT Weight,BAJFINANCE Weight,BAJAJFINSV Weight,BRITANNIA Weight,DIVISLAB Weight,GRASIM Weight,HCLTECH Weight,HDFCBANK Weight,HINDALCO Weight,HINDUNILVR Weight,ICICIBANK Weight,INFY Weight,JSWSTEEL Weight,NESTLEIND Weight,POWERGRID Weight,RELIANCE Weight,TCS Weight,TATACONSUM Weight,TATASTEEL Weight,TECHM Weight,TITAN Weight,UPL Weight,WIPRO Weight
0,10.755080417916945,6.139207729007155,1.168730679044365,4.309816336728927,1.0182340475245208,3.2458744696474153,7.443727663837361,3.1228869975254083,4.843915162867539,5.140303340223173,1.4336293073071136,4.951168281414426,1.9726136925527118,5.370499103348501,6.098605893329251,7.042518511347132,5.343498032833948,1.2970303016220803,3.391429175773312,7.847223817968314,5.025301594208936,1.6545021126406323,2.778617667562823,4.648320508147464,5.399532373503164,5.169877162149411,1.4508744459364418
