,Returns,Standard Deviation,Sharpe Ratio,ADANIPORTS Weight,ASIANPAINT Weight,BAJFINANCE Weight,BAJAJFINSV Weight,BRITANNIA Weight,DIVISLAB Weight,GRASIM Weight,HCLTECH Weight,HDFCBANK Weight,HINDALCO Weight,HINDUNILVR Weight,ICICIBANK Weight,INFY Weight,JSWSTEEL Weight,NESTLEIND Weight,POWERGRID Weight,RELIANCE Weight,TCS Weight,TATACONSUM Weight,TATASTEEL Weight,TECHM Weight,TITAN Weight,UPL Weight,WIPRO Weight
0,0.2429364527709887,0.928133419496548,0.2511506245107154,0.9634075769511943,7.614617346054049,7.860071673028843,8.045286231935062,1.182655802257246,8.74584233076857,0.5342455029850441,2.3268751339575835,3.4947200980840867,0.87757466175198,7.244007196721097,2.3153126542846043,1.6639873283643536,0.09785680489204236,7.976077023689674,4.02288381370831,6.443828702049941,8.278936478614876,4.866467742576892,0.20912441003392407,0.3445068367422157,8.40446255348852,2.791057179769023,3.696194917290884
