,Returns,Standard Deviation,Sharpe Ratio,ADANIPORTS Weight,ASIANPAINT Weight,BAJFINANCE Weight,BAJAJFINSV Weight,BRITANNIA Weight,DIVISLAB Weight,GRASIM Weight,HCLTECH Weight,HDFCBANK Weight,HINDALCO Weight,HINDUNILVR Weight,ICICIBANK Weight,INFY Weight,JSWSTEEL Weight,NESTLEIND Weight,POWERGRID Weight,RELIANCE Weight,TCS Weight,TATACONSUM Weight,TATASTEEL Weight,TECHM Weight,TITAN Weight,UPL Weight,WIPRO Weight
0,14.332939622747837,4.977154319510224,2.160459357387572,1.438507279859476,0.5353293530028395,7.004453808349117,6.295500542093417,0.7992503662060377,2.1144956811378885,3.060378336737253,1.1325275979165166,3.248753571633719,4.0265795727035565,7.6322275048719925,2.247024384556562,4.721623821780665,6.641015100579298,1.2345387343649226,4.320489865906271,9.024374166559399,5.264495126731098,6.304681799496044,0.5072080342363224,2.772049875746697,8.66812367949862,6.632004155582402,4.374367640449883
