,Returns,Standard Deviation,Sharpe Ratio,ADANIPORTS Weight,ASIANPAINT Weight,BAJFINANCE Weight,BAJAJFINSV Weight,BRITANNIA Weight,DIVISLAB Weight,GRASIM Weight,HCLTECH Weight,HDFCBANK Weight,HINDALCO Weight,HINDUNILVR Weight,ICICIBANK Weight,INFY Weight,JSWSTEEL Weight,NESTLEIND Weight,POWERGRID Weight,RELIANCE Weight,TCS Weight,TATACONSUM Weight,TATASTEEL Weight,TECHM Weight,TITAN Weight,UPL Weight,WIPRO Weight
0,10.121251734949805,5.158785592925875,1.2679828647888904,5.640436970895928,3.0159225945916717,5.271478517024096,0.9948752182687587,3.212185075208609,0.654761374675036,1.6209366782830974,9.518409001523143,4.701972620325367,1.0443282314978053,4.1818699069813166,5.436343002411881,4.792537182780016,0.9478749697023279,0.6287893798387933,2.903401839618104,9.923498808815728,3.2587972242146677,4.301358584844542,7.509987336200419,5.0002733140595685,10.445546076149043,3.00472385335432,1.9896922387357618
