,Returns,Standard Deviation,Sharpe Ratio,ADANIPORTS Weight,ASIANPAINT Weight,BAJFINANCE Weight,BAJAJFINSV Weight,BRITANNIA Weight,DIVISLAB Weight,GRASIM Weight,HCLTECH Weight,HDFCBANK Weight,HINDALCO Weight,HINDUNILVR Weight,ICICIBANK Weight,INFY Weight,JSWSTEEL Weight,NESTLEIND Weight,POWERGRID Weight,RELIANCE Weight,TCS Weight,TATACONSUM Weight,TATASTEEL Weight,TECHM Weight,TITAN Weight,UPL Weight,WIPRO Weight
0,0.21684894284490921,0.8759324301269649,0.23633532780575106,5.550302800037586,1.1692553517187965,4.008636908568521,0.774832518080315,4.797737469903176,7.755499682404728,1.1916274737429993,6.217126488043568,3.599091594195153,0.3050202593251797,5.011885802139889,3.067820136668638,6.937659792126291,6.062656314141767,8.114574790680342,7.863279567898037,6.114674727168343,5.391520079377687,8.973832497592596,0.477523952394634,0.03410150590768035,6.377172870743276,0.056986194018282914,0.14718122312251636
