,Returns,Standard Deviation,Sharpe Ratio,ADANIPORTS Weight,ASIANPAINT Weight,BAJFINANCE Weight,BAJAJFINSV Weight,BRITANNIA Weight,DIVISLAB Weight,GRASIM Weight,HCLTECH Weight,HDFCBANK Weight,HINDALCO Weight,HINDUNILVR Weight,ICICIBANK Weight,INFY Weight,JSWSTEEL Weight,NESTLEIND Weight,POWERGRID Weight,RELIANCE Weight,TCS Weight,TATACONSUM Weight,TATASTEEL Weight,TECHM Weight,TITAN Weight,UPL Weight,WIPRO Weight
0,9.103830181920618,8.75840196621986,0.6306892745075403,8.664650737541765,7.821528488547312,1.6391058905692721,4.4825060176650835,9.55578500469608,8.899771955741679,1.4057235747290624,1.731424825541708,1.7947746899099588,0.9359108448955058,6.653070739432635,0.9685100080935491,2.6286142543611772,0.0166651278954681,7.510238396302818,0.6947959430307092,7.279172614404657,4.315736909239747,9.481782737612214,2.841726054307223,1.4295671431369663,5.1676581211746635,2.4107958752011935,1.6704840459695665
