,Returns,Standard Deviation,Sharpe Ratio,ADANIPORTS Weight,ASIANPAINT Weight,BAJFINANCE Weight,BAJAJFINSV Weight,BRITANNIA Weight,DIVISLAB Weight,GRASIM Weight,HCLTECH Weight,HDFCBANK Weight,HINDALCO Weight,HINDUNILVR Weight,ICICIBANK Weight,INFY Weight,JSWSTEEL Weight,NESTLEIND Weight,POWERGRID Weight,RELIANCE Weight,TCS Weight,TATACONSUM Weight,TATASTEEL Weight,TECHM Weight,TITAN Weight,UPL Weight,WIPRO Weight
0,0.2632826052776383,0.9940948444771626,0.25495297742517964,3.666547034793042,9.042503734201826,6.889601442020318,0.41594783214073655,0.5388672157489686,8.37565254114402,1.7329506122675105,0.17898445740277477,10.712363088923386,1.7349236419746956,2.8719584865685563,1.469046045372752,5.367185918569898,0.03537360925638709,9.282707496895485,2.1511032518406825,9.736406980907281,10.040390029625582,2.4809438938734267,0.68115197879252,6.133076995828837,5.052644906188094,1.292715306565209,0.11695349909801561
