,Returns,Standard Deviation,Sharpe Ratio,ADANIPORTS Weight,ASIANPAINT Weight,BAJFINANCE Weight,BAJAJFINSV Weight,BRITANNIA Weight,DIVISLAB Weight,GRASIM Weight,HCLTECH Weight,HDFCBANK Weight,HINDALCO Weight,HINDUNILVR Weight,ICICIBANK Weight,INFY Weight,JSWSTEEL Weight,NESTLEIND Weight,POWERGRID Weight,RELIANCE Weight,TCS Weight,TATACONSUM Weight,TATASTEEL Weight,TECHM Weight,TITAN Weight,UPL Weight,WIPRO Weight
0,-0.06492456613899551,0.9454125589660174,-0.07907630405917589,2.929962009832945,0.4753701436575466,7.4840048645383535,3.056969272227262,2.3482592926152117,6.357410466419265,0.42044265254740076,2.966306146990075,2.8618108092105725,0.20137158726258952,6.106254521918604,0.043983522185742224,2.3528805613810757,7.292870497152092,6.483313578285655,0.3204628647742529,6.147412896656462,9.838996768326542,9.328375590316226,0.8124710296156656,6.9950231392654665,8.335752462078837,2.2099525551822428,4.63034276755992
