,Returns,Standard Deviation,Sharpe Ratio,ADANIPORTS Weight,ASIANPAINT Weight,BAJFINANCE Weight,BAJAJFINSV Weight,BRITANNIA Weight,DIVISLAB Weight,GRASIM Weight,HCLTECH Weight,HDFCBANK Weight,HINDALCO Weight,HINDUNILVR Weight,ICICIBANK Weight,INFY Weight,JSWSTEEL Weight,NESTLEIND Weight,POWERGRID Weight,RELIANCE Weight,TCS Weight,TATACONSUM Weight,TATASTEEL Weight,TECHM Weight,TITAN Weight,UPL Weight,WIPRO Weight
0,10.198302491719465,6.473136638319657,1.0224258904934056,4.258823350512987,7.205067802023427,5.479031626404949,2.0759077032649653,7.401512307468658,0.7380930613774406,1.950709512573589,7.1500075172420186,1.1838380763649754,4.432692523074406,1.0293379367780444,4.524913626658435,8.148700851911297,0.17028519909397394,0.8652751128107735,1.8780466952652075,5.50242867577158,5.93978594299491,8.759249009093532,6.484610947677121,5.370575975770633,7.713792968376697,0.1572426876259949,1.5800708898644231
