,Returns,Standard Deviation,Sharpe Ratio,ADANIPORTS Weight,ASIANPAINT Weight,BAJFINANCE Weight,BAJAJFINSV Weight,BRITANNIA Weight,DIVISLAB Weight,GRASIM Weight,HCLTECH Weight,HDFCBANK Weight,HINDALCO Weight,HINDUNILVR Weight,ICICIBANK Weight,INFY Weight,JSWSTEEL Weight,NESTLEIND Weight,POWERGRID Weight,RELIANCE Weight,TCS Weight,TATACONSUM Weight,TATASTEEL Weight,TECHM Weight,TITAN Weight,UPL Weight,WIPRO Weight
0,13.037429769603746,9.577701414266004,0.9874425355875978,1.59648188572272,8.38756213076686,8.132672477553456,6.289591978566842,5.404545237847995,1.3261962153948381,4.239232290462343,1.572212320711493,4.946389615772219,8.60727386025381,9.231626723023131,0.02527141649084576,0.4031992048637338,7.154267176723483,1.9141157019490527,0.8398269238616609,3.756030646564898,0.46851632014608724,8.402110959189335,1.2795094963028335,0.6237114867563368,1.1597939530155634,8.177085702131128,6.06277627592933
