,Returns,Standard Deviation,Sharpe Ratio,ADANIPORTS Weight,ASIANPAINT Weight,BAJFINANCE Weight,BAJAJFINSV Weight,BRITANNIA Weight,DIVISLAB Weight,GRASIM Weight,HCLTECH Weight,HDFCBANK Weight,HINDALCO Weight,HINDUNILVR Weight,ICICIBANK Weight,INFY Weight,JSWSTEEL Weight,NESTLEIND Weight,POWERGRID Weight,RELIANCE Weight,TCS Weight,TATACONSUM Weight,TATASTEEL Weight,TECHM Weight,TITAN Weight,UPL Weight,WIPRO Weight
0,12.499748239071028,4.575503478760139,1.9494572084749207,3.3086018056025845,6.032894943592585,2.681122018457997,2.6127276225116627,0.04253625676394708,5.000411263154032,6.231571548885172,5.2409571427113075,4.157919768882658,4.719729870697064,1.2123918021706908,6.370298585656354,2.949731735044585,5.982105662414919,6.473071441366224,1.6787212228173087,6.694941887593855,5.878537850113831,7.892922979430351,4.280749379307138,2.454589847778937,0.22705916019737435,2.207236640005844,5.669169564843587
