,Returns,Standard Deviation,Sharpe Ratio,ADANIPORTS Weight,ASIANPAINT Weight,BAJFINANCE Weight,BAJAJFINSV Weight,BRITANNIA Weight,DIVISLAB Weight,GRASIM Weight,HCLTECH Weight,HDFCBANK Weight,HINDALCO Weight,HINDUNILVR Weight,ICICIBANK Weight,INFY Weight,JSWSTEEL Weight,NESTLEIND Weight,POWERGRID Weight,RELIANCE Weight,TCS Weight,TATACONSUM Weight,TATASTEEL Weight,TECHM Weight,TITAN Weight,UPL Weight,WIPRO Weight
0,0.05783264204704672,0.8130825949015378,0.0590314901743706,0.15341312607477697,8.892903111526564,9.02770290541759,5.504939880378805,0.6882099484259027,5.764821494443491,1.4832114436726256,5.499876562924424,3.3336601193754456,0.3712849850354776,5.426391951079479,0.5807564326285448,8.582107601732549,1.5037092700767805,8.192532837435683,2.8451257515648702,4.009198760042024,8.180643517795543,2.9962557025550627,0.2368794509222825,1.8084197736847112,7.479028645446919,0.14703510377072218,7.291891623989731
