,Returns,Standard Deviation,Sharpe Ratio,ADANIPORTS Weight,ASIANPAINT Weight,BAJFINANCE Weight,BAJAJFINSV Weight,BRITANNIA Weight,DIVISLAB Weight,GRASIM Weight,HCLTECH Weight,HDFCBANK Weight,HINDALCO Weight,HINDUNILVR Weight,ICICIBANK Weight,INFY Weight,JSWSTEEL Weight,NESTLEIND Weight,POWERGRID Weight,RELIANCE Weight,TCS Weight,TATACONSUM Weight,TATASTEEL Weight,TECHM Weight,TITAN Weight,UPL Weight,WIPRO Weight
0,8.835925119881562,8.58997279377078,0.6118674931884556,0.7109732028590512,5.791709832251772,2.930833473143486,8.620542597394678,8.20801034752899,8.053033866886457,3.031303327130939,1.3033339848438694,2.0097312665095792,5.915058086342699,6.580715434490636,1.6037293709012128,4.801499752282279,7.423617784998718,5.2000749759701375,2.9532739751280035,0.950216921568018,5.795558832433823,2.657012058625427,1.346578845709568,8.09115108109549,2.2566934640664877,1.4797282489803845,2.2856192688582917
