,Returns,Standard Deviation,Sharpe Ratio,ADANIPORTS Weight,ASIANPAINT Weight,BAJFINANCE Weight,BAJAJFINSV Weight,BRITANNIA Weight,DIVISLAB Weight,GRASIM Weight,HCLTECH Weight,HDFCBANK Weight,HINDALCO Weight,HINDUNILVR Weight,ICICIBANK Weight,INFY Weight,JSWSTEEL Weight,NESTLEIND Weight,POWERGRID Weight,RELIANCE Weight,TCS Weight,TATACONSUM Weight,TATASTEEL Weight,TECHM Weight,TITAN Weight,UPL Weight,WIPRO Weight
0,6.6484357073728715,6.009392979606024,0.5106065983346687,2.88234055543807,6.571851126670475,4.629160091939508,1.4053654737587071,0.18408509622273145,7.114645458790561,1.5465271378551755,2.4317086301750233,3.2969251101197035,0.43191585212267547,4.1470455299054905,7.114652520498408,7.135913233922136,6.775698928731592,5.463794464912406,5.770452298490058,6.191278504702367,1.325859473380809,6.239656454769132,4.1031427387782005,3.997603386958479,2.0781076659323148,2.0522107505607994,7.110059515365188
