,Returns,Standard Deviation,Sharpe Ratio,ADANIPORTS Weight,ASIANPAINT Weight,BAJFINANCE Weight,BAJAJFINSV Weight,BRITANNIA Weight,DIVISLAB Weight,GRASIM Weight,HCLTECH Weight,HDFCBANK Weight,HINDALCO Weight,HINDUNILVR Weight,ICICIBANK Weight,INFY Weight,JSWSTEEL Weight,NESTLEIND Weight,POWERGRID Weight,RELIANCE Weight,TCS Weight,TATACONSUM Weight,TATASTEEL Weight,TECHM Weight,TITAN Weight,UPL Weight,WIPRO Weight
0,13.614556960097858,9.986579087019097,1.0048042350299036,1.1203068929551325,2.2184879732698053,2.900350991788264,8.03162402361927,7.084001288206658,6.6337615801186205,4.740644329616759,4.046972408857831,3.5082767403972968,8.15424356080599,6.800410995938984,1.4547309159828161,3.2188663631529355,7.752883806675991,4.068239293408027,1.2491775759962565,1.1244152893950703,1.5558987388665486,8.391885656721282,3.3095575664009296,0.5942759835052764,2.7869824891780155,5.431742641121073,3.822262894021182
