,Returns,Standard Deviation,Sharpe Ratio,ADANIPORTS Weight,ASIANPAINT Weight,BAJFINANCE Weight,BAJAJFINSV Weight,BRITANNIA Weight,DIVISLAB Weight,GRASIM Weight,HCLTECH Weight,HDFCBANK Weight,HINDALCO Weight,HINDUNILVR Weight,ICICIBANK Weight,INFY Weight,JSWSTEEL Weight,NESTLEIND Weight,POWERGRID Weight,RELIANCE Weight,TCS Weight,TATACONSUM Weight,TATASTEEL Weight,TECHM Weight,TITAN Weight,UPL Weight,WIPRO Weight
0,21.14295508579332,7.196804122165104,2.4403825347562247,7.119447357123447,6.667318979462785,7.690717389435572,4.586622224592636,4.804176480266449,4.376966393439987,1.3743763160199498,4.047391532811787,3.4229955354616677,1.5181298795788158,3.2627472204542403,7.679315841225606,5.21810649368658,0.5747041380456405,7.483836497749893,1.6642934221142534,2.134740052371829,3.618160114499446,1.9649260629113066,1.0992700585050676,4.109103307840834,5.989893394977128,5.219028202556556,4.37373310486852
