,Returns,Standard Deviation,Sharpe Ratio,ADANIPORTS Weight,ASIANPAINT Weight,BAJFINANCE Weight,BAJAJFINSV Weight,BRITANNIA Weight,DIVISLAB Weight,GRASIM Weight,HCLTECH Weight,HDFCBANK Weight,HINDALCO Weight,HINDUNILVR Weight,ICICIBANK Weight,INFY Weight,JSWSTEEL Weight,NESTLEIND Weight,POWERGRID Weight,RELIANCE Weight,TCS Weight,TATACONSUM Weight,TATASTEEL Weight,TECHM Weight,TITAN Weight,UPL Weight,WIPRO Weight
0,0.19855357040007596,0.7061101464752808,0.26726482618461805,2.958822354824127,1.2909630758740667,0.2380379247944905,4.345807030086539,1.2424816462787769,7.13764723725053,2.1430065407722463,0.9222849870682627,7.179641808401368,0.017240841917090712,7.471488315776586,0.42803485400424124,8.146809826762855,8.153559182075677,7.464384865753075,0.7775884891536626,7.1375677008333485,4.561747127388022,6.718685330833763,2.959067908922995,5.347676301334964,7.405710999841736,0.6664739449218983,5.285271705129686
