,Returns,Standard Deviation,Sharpe Ratio,ADANIPORTS Weight,ASIANPAINT Weight,BAJFINANCE Weight,BAJAJFINSV Weight,BRITANNIA Weight,DIVISLAB Weight,GRASIM Weight,HCLTECH Weight,HDFCBANK Weight,HINDALCO Weight,HINDUNILVR Weight,ICICIBANK Weight,INFY Weight,JSWSTEEL Weight,NESTLEIND Weight,POWERGRID Weight,RELIANCE Weight,TCS Weight,TATACONSUM Weight,TATASTEEL Weight,TECHM Weight,TITAN Weight,UPL Weight,WIPRO Weight
0,0.2043961658015893,0.932883569361013,0.2085587176754445,3.696968836207628,1.657378584531364,8.378293070829455,1.3895245968365104,5.385563187552107,7.456294484082332,1.5457824851984088,4.736458624696466,3.5926947801458415,0.0591224816344677,6.832847810895659,3.6398314876871285,5.132995828744911,3.466292103744611,2.8828687449984205,5.249540785790842,5.619374775213448,8.358688397784451,7.290544849837596,0.35508261337684216,4.252955884852003,8.281709159146631,0.19626005368859842,0.5429263725243058
