,Returns,Standard Deviation,Sharpe Ratio,ADANIPORTS Weight,ASIANPAINT Weight,BAJFINANCE Weight,BAJAJFINSV Weight,BRITANNIA Weight,DIVISLAB Weight,GRASIM Weight,HCLTECH Weight,HDFCBANK Weight,HINDALCO Weight,HINDUNILVR Weight,ICICIBANK Weight,INFY Weight,JSWSTEEL Weight,NESTLEIND Weight,POWERGRID Weight,RELIANCE Weight,TCS Weight,TATACONSUM Weight,TATASTEEL Weight,TECHM Weight,TITAN Weight,UPL Weight,WIPRO Weight
0,0.2331515713284332,0.6706740624656029,0.33297307737276877,4.788637759689661,4.326789129645727,3.8564490914643166,2.67552787705124,1.1183783109663579,7.933619734255052,0.08299318729285628,2.4265542894000545,4.265763810072176,1.7178652476755545,0.2626767292183372,1.3193961230877198,8.82238322605085,2.4269044300170477,6.66379420595236,1.0151316088551803,6.807851580271985,9.631164940945759,10.683497050986212,6.189178511021877,2.587048505449335,8.262499248161765,0.3861086480991305,1.7497867543694603
