,Returns,Standard Deviation,Sharpe Ratio,ADANIPORTS Weight,ASIANPAINT Weight,BAJFINANCE Weight,BAJAJFINSV Weight,BRITANNIA Weight,DIVISLAB Weight,GRASIM Weight,HCLTECH Weight,HDFCBANK Weight,HINDALCO Weight,HINDUNILVR Weight,ICICIBANK Weight,INFY Weight,JSWSTEEL Weight,NESTLEIND Weight,POWERGRID Weight,RELIANCE Weight,TCS Weight,TATACONSUM Weight,TATASTEEL Weight,TECHM Weight,TITAN Weight,UPL Weight,WIPRO Weight
0,-3.3671714885632436,7.342125821797227,-0.9462070873177565,0.41162254383218133,4.627025263804015,1.1433732774390792,5.65566585280594,4.438551035323629,5.8045698454837575,2.0767407056755514,1.7873469165084772,8.102706099683884,1.4663426186506419,2.235636178568334,6.253615356518662,1.749718769582509,4.710976419294337,3.9661829466801857,0.9345222902355738,4.204065675854105,7.940402884072212,6.945576713069264,6.726837826162854,8.220572864427325,3.7144097857588494,6.4294683209354275,0.4540698096332302
