,Returns,Standard Deviation,Sharpe Ratio,ADANIPORTS Weight,ASIANPAINT Weight,BAJFINANCE Weight,BAJAJFINSV Weight,BRITANNIA Weight,DIVISLAB Weight,GRASIM Weight,HCLTECH Weight,HDFCBANK Weight,HINDALCO Weight,HINDUNILVR Weight,ICICIBANK Weight,INFY Weight,JSWSTEEL Weight,NESTLEIND Weight,POWERGRID Weight,RELIANCE Weight,TCS Weight,TATACONSUM Weight,TATASTEEL Weight,TECHM Weight,TITAN Weight,UPL Weight,WIPRO Weight
0,16.01847638597369,7.713354690685854,1.6125897076914644,2.136430350198673,6.425812323772605,5.9680299337811675,7.425801558316465,7.16967826729128,0.6466722919060028,3.680296091156616,5.447842254642537,4.525585299096066,3.596762573186587,5.2190046909170364,2.0468438745482715,2.9714005165223223,6.94985911876741,2.8205918672626247,0.05757201382817954,5.036067531021945,4.628715043774425,0.602279216099683,0.15105874877735065,6.088254352661288,8.234111556168298,2.4227581402823417,5.748572386020822
