,Returns,Standard Deviation,Sharpe Ratio,ADANIPORTS Weight,ASIANPAINT Weight,BAJFINANCE Weight,BAJAJFINSV Weight,BRITANNIA Weight,DIVISLAB Weight,GRASIM Weight,HCLTECH Weight,HDFCBANK Weight,HINDALCO Weight,HINDUNILVR Weight,ICICIBANK Weight,INFY Weight,JSWSTEEL Weight,NESTLEIND Weight,POWERGRID Weight,RELIANCE Weight,TCS Weight,TATACONSUM Weight,TATASTEEL Weight,TECHM Weight,TITAN Weight,UPL Weight,WIPRO Weight
0,0.2145615856550951,0.739188718969423,0.276960964860719,0.10359753020080112,8.511709855272754,7.522435058149453,4.666943100837241,0.18046747753804906,6.731117559040096,5.274088145008877,5.904437170962769,1.5171022976472341,1.0136876254218006,8.172285382846994,0.18486955327178434,7.820335129698104,1.7598426286133062,0.4521628659924801,3.531938639429343,8.044293223823601,8.452994849905364,8.218426513801177,0.7497931049300287,3.3796765953580588,3.061604999182968,0.48150059565351755,4.264690097414183
