,Returns,Standard Deviation,Sharpe Ratio,ADANIPORTS Weight,ASIANPAINT Weight,BAJFINANCE Weight,BAJAJFINSV Weight,BRITANNIA Weight,DIVISLAB Weight,GRASIM Weight,HCLTECH Weight,HDFCBANK Weight,HINDALCO Weight,HINDUNILVR Weight,ICICIBANK Weight,INFY Weight,JSWSTEEL Weight,NESTLEIND Weight,POWERGRID Weight,RELIANCE Weight,TCS Weight,TATACONSUM Weight,TATASTEEL Weight,TECHM Weight,TITAN Weight,UPL Weight,WIPRO Weight
0,22.331419088619604,7.642583149011975,2.4535446619306676,2.2712042981722065,3.436159688628906,6.225987027903153,1.71537745097682,0.327434477091592,3.270357177086728,5.327467856606185,6.92998409363599,0.12380807397625207,5.376195694345991,6.940273684479539,0.04852279105419856,6.292209804618289,0.8883194870709089,1.8315669141428796,1.9937560973506838,4.94477425977316,5.102116927889236,9.389745509468945,1.6785515509667095,3.4688353410171158,8.947381741167685,5.801039143471004,7.6689309091058115
