,Returns,Standard Deviation,Sharpe Ratio,ADANIPORTS Weight,ASIANPAINT Weight,BAJFINANCE Weight,BAJAJFINSV Weight,BRITANNIA Weight,DIVISLAB Weight,GRASIM Weight,HCLTECH Weight,HDFCBANK Weight,HINDALCO Weight,HINDUNILVR Weight,ICICIBANK Weight,INFY Weight,JSWSTEEL Weight,NESTLEIND Weight,POWERGRID Weight,RELIANCE Weight,TCS Weight,TATACONSUM Weight,TATASTEEL Weight,TECHM Weight,TITAN Weight,UPL Weight,WIPRO Weight
0,12.185929932385603,4.3653533353582095,1.9714165775951842,5.436115223359678,5.735859246261478,5.937768962563188,3.340597786925592,5.1644974782662505,7.483321553319692,3.108603817696758,2.9483213903637693,3.2948485677202384,1.4295778524551856,2.7682108441848308,7.778060349027512,2.7041776326025,1.6494452997090265,0.5258027700880274,0.7592641040742765,5.838724515797892,7.662691929406511,7.664744940500537,6.4324943671171795,2.6307467126777015,1.2231565147968633,5.52650310634314,2.9564650347421537
