,Returns,Standard Deviation,Sharpe Ratio,ADANIPORTS Weight,ASIANPAINT Weight,BAJFINANCE Weight,BAJAJFINSV Weight,BRITANNIA Weight,DIVISLAB Weight,GRASIM Weight,HCLTECH Weight,HDFCBANK Weight,HINDALCO Weight,HINDUNILVR Weight,ICICIBANK Weight,INFY Weight,JSWSTEEL Weight,NESTLEIND Weight,POWERGRID Weight,RELIANCE Weight,TCS Weight,TATACONSUM Weight,TATASTEEL Weight,TECHM Weight,TITAN Weight,UPL Weight,WIPRO Weight
0,14.671597539353845,5.550570127506551,1.9982807683823387,1.8234714287217957,7.738549345668538,0.8326049346943993,4.77592191805874,4.133386514775624,7.000447001745097,2.636966434618791,5.6191312477647575,3.987091890330341,7.416370217550291,1.958274249464172,0.5766686451767992,6.626847917609961,5.031638221564768,2.06931024162074,2.818144509247376,7.695779524857205,4.7453184517635885,4.360247015202699,6.888127447839594,2.4284772234362433,2.9220080587713646,0.31467092489520576,5.600546634621892
