,Returns,Standard Deviation,Sharpe Ratio,ADANIPORTS Weight,ASIANPAINT Weight,BAJFINANCE Weight,BAJAJFINSV Weight,BRITANNIA Weight,DIVISLAB Weight,GRASIM Weight,HCLTECH Weight,HDFCBANK Weight,HINDALCO Weight,HINDUNILVR Weight,ICICIBANK Weight,INFY Weight,JSWSTEEL Weight,NESTLEIND Weight,POWERGRID Weight,RELIANCE Weight,TCS Weight,TATACONSUM Weight,TATASTEEL Weight,TECHM Weight,TITAN Weight,UPL Weight,WIPRO Weight
0,0.13689284788906442,1.0976929881543651,0.11574974462352296,1.2616419934428031,4.562934179255135,7.522659153210036,2.279001485688006,6.512947531963512,5.435814753351792,0.051618090778994256,0.951694956566292,7.397814938418372,0.8837976129811829,5.34295528704275,0.07317784543029363,7.715549986849493,6.420381548092852,4.778830224774235,6.318978700243857,8.159502902117032,7.405588724116575,7.10468936688448,0.2532911972553249,2.404616448387779,4.783636019224688,2.321687061911781,0.05718999201271178
