,Returns,Standard Deviation,Sharpe Ratio,ADANIPORTS Weight,ASIANPAINT Weight,BAJFINANCE Weight,BAJAJFINSV Weight,BRITANNIA Weight,DIVISLAB Weight,GRASIM Weight,HCLTECH Weight,HDFCBANK Weight,HINDALCO Weight,HINDUNILVR Weight,ICICIBANK Weight,INFY Weight,JSWSTEEL Weight,NESTLEIND Weight,POWERGRID Weight,RELIANCE Weight,TCS Weight,TATACONSUM Weight,TATASTEEL Weight,TECHM Weight,TITAN Weight,UPL Weight,WIPRO Weight
0,0.2437495773953172,1.082474025705815,0.2160924022242761,4.654250484763587,3.596049452994278,6.547357082876193,8.081510562983684,1.385066591367622,8.635169236643932,0.4355524041246483,1.9019528484535915,5.227314061556589,2.9172346193338994,6.196465441305598,1.2605228123040757,5.269822830582142,1.705962545802258,5.827259260390588,1.1726728985883188,2.6119814035382927,6.540326710682963,8.514099838627136,0.5528044228403264,3.3511383450173695,8.696912936326754,1.4527959345734627,3.4657772743226922
