,Returns,Standard Deviation,Sharpe Ratio,ADANIPORTS Weight,ASIANPAINT Weight,BAJFINANCE Weight,BAJAJFINSV Weight,BRITANNIA Weight,DIVISLAB Weight,GRASIM Weight,HCLTECH Weight,HDFCBANK Weight,HINDALCO Weight,HINDUNILVR Weight,ICICIBANK Weight,INFY Weight,JSWSTEEL Weight,NESTLEIND Weight,POWERGRID Weight,RELIANCE Weight,TCS Weight,TATACONSUM Weight,TATASTEEL Weight,TECHM Weight,TITAN Weight,UPL Weight,WIPRO Weight
0,0.22980035936883336,0.5294172867979927,0.4154854781264436,5.633569983643193,8.361694992968454,7.608774648516825,0.013336521965249303,5.067556180148014,5.247171561644895,1.203063712846361,0.840924077702424,1.2131233591618966,0.002776439181468917,5.3076374825363,1.5903257770499966,1.7422039669876206,6.349123982215704,8.469067732705309,0.26562887558227827,7.351588640547709,7.4772441989119915,7.048620894916217,0.0584612241507663,1.4521106639632688,6.466007110431776,3.449709513147488,7.780278459074803
