,Returns,Standard Deviation,Sharpe Ratio,ADANIPORTS Weight,ASIANPAINT Weight,BAJFINANCE Weight,BAJAJFINSV Weight,BRITANNIA Weight,DIVISLAB Weight,GRASIM Weight,HCLTECH Weight,HDFCBANK Weight,HINDALCO Weight,HINDUNILVR Weight,ICICIBANK Weight,INFY Weight,JSWSTEEL Weight,NESTLEIND Weight,POWERGRID Weight,RELIANCE Weight,TCS Weight,TATACONSUM Weight,TATASTEEL Weight,TECHM Weight,TITAN Weight,UPL Weight,WIPRO Weight
0,27.60697517150852,8.000248764547328,3.003278507786254,3.1745719750915375,6.81138707901011,11.933437070168871,8.244171075595954,3.275124942770703,8.16771422439098,0.6873210174740575,9.703292012987202,0.28001133294218017,1.9711963055824777,0.4594783543180951,0.09213649254133581,6.4433829315193005,7.137464760002153,2.7556176369994305,2.5783308643077163,0.6243485901744479,1.603923535373151,9.93494008407793,4.176246364040448,3.477399110201798,2.0478456637933578,4.274159433150701,0.14649914348605547
