,Returns,Standard Deviation,Sharpe Ratio,ADANIPORTS Weight,ASIANPAINT Weight,BAJFINANCE Weight,BAJAJFINSV Weight,BRITANNIA Weight,DIVISLAB Weight,GRASIM Weight,HCLTECH Weight,HDFCBANK Weight,HINDALCO Weight,HINDUNILVR Weight,ICICIBANK Weight,INFY Weight,JSWSTEEL Weight,NESTLEIND Weight,POWERGRID Weight,RELIANCE Weight,TCS Weight,TATACONSUM Weight,TATASTEEL Weight,TECHM Weight,TITAN Weight,UPL Weight,WIPRO Weight
0,8.504244707761575,9.375950410347645,0.5251995256211036,6.367563671238681,4.984291801852076,6.427735718771026,1.64858530694936,6.006320506327448,1.7517549980591807,2.819217562171352,4.693250658829048,4.989902201157948,3.709863195199084,6.657673287301247,5.932723634605626,2.6505146318924098,0.5176740956946916,3.756901143132199,4.022413883899131,0.6533643522745725,6.30857186651599,4.719940337583144,0.42064748994541595,6.641081163290914,6.628279508635829,2.5277480800958587,5.1639809045777705
