,Returns,Standard Deviation,Sharpe Ratio,ADANIPORTS Weight,ASIANPAINT Weight,BAJFINANCE Weight,BAJAJFINSV Weight,BRITANNIA Weight,DIVISLAB Weight,GRASIM Weight,HCLTECH Weight,HDFCBANK Weight,HINDALCO Weight,HINDUNILVR Weight,ICICIBANK Weight,INFY Weight,JSWSTEEL Weight,NESTLEIND Weight,POWERGRID Weight,RELIANCE Weight,TCS Weight,TATACONSUM Weight,TATASTEEL Weight,TECHM Weight,TITAN Weight,UPL Weight,WIPRO Weight
0,9.16153196427458,9.883386506736429,0.5647388130040505,9.113241425631855,5.0784278422610525,6.9965742761943135,9.507392310680414,2.20807250417933,5.065123416256959,1.2180384934324888,0.6714201073766541,0.24782393797250932,3.920988051636608,3.1409521653988417,3.573604884142354,7.130250258234025,2.3158578067840394,7.2318650379967275,1.8709170482625561,4.962039293695205,7.740115496110089,6.310273912689091,1.465011505513144,3.8388342558472393,3.8465091415298325,0.9381354401211897,1.608531388053459
