,Returns,Standard Deviation,Sharpe Ratio,ADANIPORTS Weight,ASIANPAINT Weight,BAJFINANCE Weight,BAJAJFINSV Weight,BRITANNIA Weight,DIVISLAB Weight,GRASIM Weight,HCLTECH Weight,HDFCBANK Weight,HINDALCO Weight,HINDUNILVR Weight,ICICIBANK Weight,INFY Weight,JSWSTEEL Weight,NESTLEIND Weight,POWERGRID Weight,RELIANCE Weight,TCS Weight,TATACONSUM Weight,TATASTEEL Weight,TECHM Weight,TITAN Weight,UPL Weight,WIPRO Weight
0,0.18261845154915474,1.235155554370019,0.13988787574380993,2.115589677159994,9.222651302869902,11.810647800194209,1.2056620864664869,3.0087385863553338,7.2824690024372725,0.29112181099337425,0.7988182960746026,7.1075576006609005,0.014609086753877934,4.562960472039646,0.6963746961025714,11.456269382039224,1.9040304808336719,1.7107849550069714,1.7597351977476559,11.126985634305125,2.8806306326000413,9.568401059562916,1.9363032335131887,1.601680183228085,6.571534289436057,0.947100698560433,0.41934383505845263
