,Returns,Standard Deviation,Sharpe Ratio,ADANIPORTS Weight,ASIANPAINT Weight,BAJFINANCE Weight,BAJAJFINSV Weight,BRITANNIA Weight,DIVISLAB Weight,GRASIM Weight,HCLTECH Weight,HDFCBANK Weight,HINDALCO Weight,HINDUNILVR Weight,ICICIBANK Weight,INFY Weight,JSWSTEEL Weight,NESTLEIND Weight,POWERGRID Weight,RELIANCE Weight,TCS Weight,TATACONSUM Weight,TATASTEEL Weight,TECHM Weight,TITAN Weight,UPL Weight,WIPRO Weight
0,11.42569352600997,9.19700112504502,0.8530708455221121,2.986373289449459,0.29012715403704137,0.464011560198569,1.7821201245010017,5.507506661668961,5.116001426278653,1.225896752431279,1.674158356856913,3.400731027707919,7.3182522943061805,6.694482550236251,6.355221553731266,6.645291310797657,1.6308913829862055,7.8325732478044,8.537496266887699,4.863523971508914,0.058462067998623975,8.495106096557056,4.745954393457645,8.233233519340821,2.8375551531156633,0.60341845429229,2.7016113838495386
