,Returns,Standard Deviation,Sharpe Ratio,ADANIPORTS Weight,ASIANPAINT Weight,BAJFINANCE Weight,BAJAJFINSV Weight,BRITANNIA Weight,DIVISLAB Weight,GRASIM Weight,HCLTECH Weight,HDFCBANK Weight,HINDALCO Weight,HINDUNILVR Weight,ICICIBANK Weight,INFY Weight,JSWSTEEL Weight,NESTLEIND Weight,POWERGRID Weight,RELIANCE Weight,TCS Weight,TATACONSUM Weight,TATASTEEL Weight,TECHM Weight,TITAN Weight,UPL Weight,WIPRO Weight
0,0.11789015734546145,1.0379750932839218,0.1041017199829282,1.947093485707731,1.7240405103926444,8.835503701140984,0.0008435072506057991,0.8872086268569686,9.0024272947537,0.6015214235922453,1.8805720627065992,7.384370142021209,2.1621158373900298,7.283701315240103,0.4292849794971454,7.680190590013,4.021008627835643,8.78758973234067,2.9192513286808115,9.08937592624931,3.4170197582957194,5.708683560379121,0.8951068072159695,5.519143032792577,7.970965840714252,0.06948194746000205,1.7834999614729685
