,Returns,Standard Deviation,Sharpe Ratio,ADANIPORTS Weight,ASIANPAINT Weight,BAJFINANCE Weight,BAJAJFINSV Weight,BRITANNIA Weight,DIVISLAB Weight,GRASIM Weight,HCLTECH Weight,HDFCBANK Weight,HINDALCO Weight,HINDUNILVR Weight,ICICIBANK Weight,INFY Weight,JSWSTEEL Weight,NESTLEIND Weight,POWERGRID Weight,RELIANCE Weight,TCS Weight,TATACONSUM Weight,TATASTEEL Weight,TECHM Weight,TITAN Weight,UPL Weight,WIPRO Weight
0,12.267266188751746,5.735663342059186,1.5146053160143973,9.303174289662687,1.3593100248292194,4.607534562631927,3.408566491852784,6.030877196860135,8.518915602612163,1.9199525036549698,4.798386874919028,2.468501624935492,0.49907929191370315,5.801133212855354,1.5186883530881696,8.731210264768814,8.06733177761818,0.9459744231515231,1.817508235254533,0.27472836637667636,6.438335336735179,7.2725400836141585,8.763914798058943,0.8772527431765341,4.156205997216558,0.6601438625349978,1.7607340816782509
