,Returns,Standard Deviation,Sharpe Ratio,ADANIPORTS Weight,ASIANPAINT Weight,BAJFINANCE Weight,BAJAJFINSV Weight,BRITANNIA Weight,DIVISLAB Weight,GRASIM Weight,HCLTECH Weight,HDFCBANK Weight,HINDALCO Weight,HINDUNILVR Weight,ICICIBANK Weight,INFY Weight,JSWSTEEL Weight,NESTLEIND Weight,POWERGRID Weight,RELIANCE Weight,TCS Weight,TATACONSUM Weight,TATASTEEL Weight,TECHM Weight,TITAN Weight,UPL Weight,WIPRO Weight
0,14.206492203599886,10.119083802694211,1.0501437097270185,5.942211777960923,0.09884231254394588,7.521833550619425,1.163261191994021,1.3104107409683188,4.9277725576917915,9.91886854835227,3.916248282686445,5.368908333877647,2.391507277610328,8.028135841436088,4.844047411008674,0.6217205658541992,1.1703308851569023,6.74327360499979,3.7869192515017573,5.183963384578381,1.7966509026225577,7.966134821167915,0.35447323844894074,1.9692616799378129,3.762108485750451,3.950674328547595,7.262441024683825
