,Returns,Standard Deviation,Sharpe Ratio,ADANIPORTS Weight,ASIANPAINT Weight,BAJFINANCE Weight,BAJAJFINSV Weight,BRITANNIA Weight,DIVISLAB Weight,GRASIM Weight,HCLTECH Weight,HDFCBANK Weight,HINDALCO Weight,HINDUNILVR Weight,ICICIBANK Weight,INFY Weight,JSWSTEEL Weight,NESTLEIND Weight,POWERGRID Weight,RELIANCE Weight,TCS Weight,TATACONSUM Weight,TATASTEEL Weight,TECHM Weight,TITAN Weight,UPL Weight,WIPRO Weight
0,16.116787780164486,3.8993327943975045,3.2151110051896903,0.7729591265893473,5.995159565532455,6.391333184507547,7.169440648429324,6.733027196880963,2.1112447386156146,0.6766915038478868,4.252937539464346,2.7101643890042904,0.03855534811730849,4.847905402374174,0.8957383170478823,6.387330972433341,0.8056508787638459,6.480493760488805,3.367135977531594,6.14340718370651,6.960371919125441,3.917192971199152,4.586983529791017,7.030411436346659,5.637875760598899,3.67809133179509,2.4098973178085172
