,Returns,Standard Deviation,Sharpe Ratio,ADANIPORTS Weight,ASIANPAINT Weight,BAJFINANCE Weight,BAJAJFINSV Weight,BRITANNIA Weight,DIVISLAB Weight,GRASIM Weight,HCLTECH Weight,HDFCBANK Weight,HINDALCO Weight,HINDUNILVR Weight,ICICIBANK Weight,INFY Weight,JSWSTEEL Weight,NESTLEIND Weight,POWERGRID Weight,RELIANCE Weight,TCS Weight,TATACONSUM Weight,TATASTEEL Weight,TECHM Weight,TITAN Weight,UPL Weight,WIPRO Weight
0,0.2551363252620222,0.9519356048761987,0.25768671659125436,6.561835145983051,1.9820515253528168,6.711183982922043,5.383719340451325,8.358789734970804,6.5398204857337845,0.2086889768108037,0.2642011123077302,1.6524679517588772,4.7763259001948475,8.512429936308209,0.4955653350900298,8.93155859541237,2.2626385117080683,6.124830748456129,0.3748296335050137,6.399998699570089,7.347776013986655,6.207414232693951,0.01498462417254286,1.964954338228999,3.788580807075695,0.3959566940897237,4.739397673216439
