,Returns,Standard Deviation,Sharpe Ratio,ADANIPORTS Weight,ASIANPAINT Weight,BAJFINANCE Weight,BAJAJFINSV Weight,BRITANNIA Weight,DIVISLAB Weight,GRASIM Weight,HCLTECH Weight,HDFCBANK Weight,HINDALCO Weight,HINDUNILVR Weight,ICICIBANK Weight,INFY Weight,JSWSTEEL Weight,NESTLEIND Weight,POWERGRID Weight,RELIANCE Weight,TCS Weight,TATACONSUM Weight,TATASTEEL Weight,TECHM Weight,TITAN Weight,UPL Weight,WIPRO Weight
0,10.732510619380085,6.2852829301736985,1.137977510136114,3.7526560842366266,1.8499246958960616,2.711850466708638,2.057169834818233,1.1650872572208928,6.076073774702248,5.7097044810608555,0.6828928945453796,4.804630670086272,4.914192141660586,5.179600801712931,0.8499517996158491,6.651999207880317,7.274687576896753,1.9111766304479967,3.9913821001225966,5.519083548355308,6.159105745620904,4.416891131011449,2.780910216024529,3.3718907347506835,4.767537030141528,7.502233456845585,5.899367719637787
