,Returns,Standard Deviation,Sharpe Ratio,ADANIPORTS Weight,ASIANPAINT Weight,BAJFINANCE Weight,BAJAJFINSV Weight,BRITANNIA Weight,DIVISLAB Weight,GRASIM Weight,HCLTECH Weight,HDFCBANK Weight,HINDALCO Weight,HINDUNILVR Weight,ICICIBANK Weight,INFY Weight,JSWSTEEL Weight,NESTLEIND Weight,POWERGRID Weight,RELIANCE Weight,TCS Weight,TATACONSUM Weight,TATASTEEL Weight,TECHM Weight,TITAN Weight,UPL Weight,WIPRO Weight
0,13.566450656163575,4.014765270168717,2.487430767214917,3.8103660008666425,2.8107185605975693,5.021755729437839,0.18701457790502984,7.241286237013076,7.049783890245339,1.8385372586476694,6.911067564569372,7.929825717991516,2.3702744532957185,5.158558786515464,5.662789126296229,0.7669688078791116,3.9666375121728623,1.781523615576569,2.4374067736787306,6.942225636893803,5.32849521173372,6.632523139696196,1.904487996782967,1.2762893102266089,3.4425901462634814,2.319078273215035,7.209795672499427
