,Returns,Standard Deviation,Sharpe Ratio,ADANIPORTS Weight,ASIANPAINT Weight,BAJFINANCE Weight,BAJAJFINSV Weight,BRITANNIA Weight,DIVISLAB Weight,GRASIM Weight,HCLTECH Weight,HDFCBANK Weight,HINDALCO Weight,HINDUNILVR Weight,ICICIBANK Weight,INFY Weight,JSWSTEEL Weight,NESTLEIND Weight,POWERGRID Weight,RELIANCE Weight,TCS Weight,TATACONSUM Weight,TATASTEEL Weight,TECHM Weight,TITAN Weight,UPL Weight,WIPRO Weight
0,0.11561639923006423,1.1491603463305733,0.09205089153369535,1.8154163237588845,6.764196173046742,3.8839135675701852,7.9136345886040305,2.699174787277563,10.283163654325165,0.03531453253471913,1.2981899822294576,9.602014144677648,0.3764630310544571,6.5747972472764555,1.9833375508619615,10.253514258807586,1.6589561057031168,7.646673854785943,5.403674869544118,5.6767020628208344,0.3593464644282614,3.2771049344503203,2.980614580047912,0.03329585718252002,8.491113402990955,0.9614943438501852,0.027893682170969224
