,Returns,Standard Deviation,Sharpe Ratio,ADANIPORTS Weight,ASIANPAINT Weight,BAJFINANCE Weight,BAJAJFINSV Weight,BRITANNIA Weight,DIVISLAB Weight,GRASIM Weight,HCLTECH Weight,HDFCBANK Weight,HINDALCO Weight,HINDUNILVR Weight,ICICIBANK Weight,INFY Weight,JSWSTEEL Weight,NESTLEIND Weight,POWERGRID Weight,RELIANCE Weight,TCS Weight,TATACONSUM Weight,TATASTEEL Weight,TECHM Weight,TITAN Weight,UPL Weight,WIPRO Weight
0,0.10189473778007027,1.2784609680328929,0.07200812167660708,2.056287160845362,3.0495734346040924,7.889927640053839,7.59908587560723,1.9632934230538888,7.375604703034927,0.433501869242056,5.658978103101562,1.4093061630001644,1.0241649173157141,6.124632805893661,0.012544259500743584,3.409084286178702,2.6529644712269738,4.175523159225963,5.655774358770614,6.101736660898329,6.9689298139026095,7.799325729329701,1.734049116795155,0.7462473693608923,6.6420980913403245,1.6352451484076709,7.882121439309829
