,Returns,Standard Deviation,Sharpe Ratio,ADANIPORTS Weight,ASIANPAINT Weight,BAJFINANCE Weight,BAJAJFINSV Weight,BRITANNIA Weight,DIVISLAB Weight,GRASIM Weight,HCLTECH Weight,HDFCBANK Weight,HINDALCO Weight,HINDUNILVR Weight,ICICIBANK Weight,INFY Weight,JSWSTEEL Weight,NESTLEIND Weight,POWERGRID Weight,RELIANCE Weight,TCS Weight,TATACONSUM Weight,TATASTEEL Weight,TECHM Weight,TITAN Weight,UPL Weight,WIPRO Weight
0,0.30620979787712227,0.9118231278684756,0.3250352222747167,1.1811651215429524,8.090471718477463,6.795944922683692,0.11137932473135842,6.690032993190225,8.106157868779423,0.0841452664524621,6.651967763194329,0.9592289616793543,1.0117808779659252,2.307893867041436,0.7212168150403878,3.2841996215565237,6.810710045021484,5.9009602577234155,0.5588333307470045,10.247472707571408,3.4131028742714684,5.766025001573727,1.0540267278203281,4.328970495144045,8.656928564148494,4.099706620123996,3.1676782535190946
