,Returns,Standard Deviation,Sharpe Ratio,ADANIPORTS Weight,ASIANPAINT Weight,BAJFINANCE Weight,BAJAJFINSV Weight,BRITANNIA Weight,DIVISLAB Weight,GRASIM Weight,HCLTECH Weight,HDFCBANK Weight,HINDALCO Weight,HINDUNILVR Weight,ICICIBANK Weight,INFY Weight,JSWSTEEL Weight,NESTLEIND Weight,POWERGRID Weight,RELIANCE Weight,TCS Weight,TATACONSUM Weight,TATASTEEL Weight,TECHM Weight,TITAN Weight,UPL Weight,WIPRO Weight
0,9.553188958088608,5.737079348396685,1.0411550190181538,3.6136337255955033,4.725994301194715,4.7219120626012145,5.837318428225761,5.901219599811645,6.559836789967856,0.8853806969534331,1.4275084089956425,1.8484645390645043,1.925729044427283,3.039005011023106,6.154622058853618,5.435217209215646,7.254469612570238,4.797394783565909,5.121253352376503,3.3828540719202502,2.3670813529584263,6.390608829036702,6.237696533799649,5.317023413118744,0.9865528702192636,5.500753060472045,0.5684702440323199
