,Returns,Standard Deviation,Sharpe Ratio,ADANIPORTS Weight,ASIANPAINT Weight,BAJFINANCE Weight,BAJAJFINSV Weight,BRITANNIA Weight,DIVISLAB Weight,GRASIM Weight,HCLTECH Weight,HDFCBANK Weight,HINDALCO Weight,HINDUNILVR Weight,ICICIBANK Weight,INFY Weight,JSWSTEEL Weight,NESTLEIND Weight,POWERGRID Weight,RELIANCE Weight,TCS Weight,TATACONSUM Weight,TATASTEEL Weight,TECHM Weight,TITAN Weight,UPL Weight,WIPRO Weight
0,13.799557333442342,5.564134566192183,1.8366840722251079,2.4194862710877207,1.7932930927903632,6.187463157148842,3.4454111343723386,3.5254510077930243,3.9232525071333457,4.609034137133971,6.3470578407927345,6.081584259511343,2.09930503916671,1.2054011145463819,3.9543505783760646,1.3627006137773685,5.980769276203313,7.5029188663714645,1.4032758430360983,3.35447861395912,0.3759820177783917,7.4260837670054896,7.141178182380857,5.00784869489653,6.183986191910209,0.7594566416378695,7.910231151190445
