,Returns,Standard Deviation,Sharpe Ratio,ADANIPORTS Weight,ASIANPAINT Weight,BAJFINANCE Weight,BAJAJFINSV Weight,BRITANNIA Weight,DIVISLAB Weight,GRASIM Weight,HCLTECH Weight,HDFCBANK Weight,HINDALCO Weight,HINDUNILVR Weight,ICICIBANK Weight,INFY Weight,JSWSTEEL Weight,NESTLEIND Weight,POWERGRID Weight,RELIANCE Weight,TCS Weight,TATACONSUM Weight,TATASTEEL Weight,TECHM Weight,TITAN Weight,UPL Weight,WIPRO Weight
0,0.08329727060045862,1.2310896089072454,0.05967242776949529,0.995404855956523,4.736883584287305,7.2716708090505175,8.972955200215631,2.118874983222601,7.2644256694174585,0.0425116486218515,2.293832507773659,3.7070443390032652,0.9361919671360285,3.1981283748716662,0.8458753064945987,8.228122560264211,1.1357655463322596,8.709859644743242,0.9458622033652688,7.631029989660678,3.297431242932806,7.800789455553729,0.4834185408481477,6.264212158409042,5.267164976197329,2.0169361776303596,5.835608258011835
