,Returns,Standard Deviation,Sharpe Ratio,ADANIPORTS Weight,ASIANPAINT Weight,BAJFINANCE Weight,BAJAJFINSV Weight,BRITANNIA Weight,DIVISLAB Weight,GRASIM Weight,HCLTECH Weight,HDFCBANK Weight,HINDALCO Weight,HINDUNILVR Weight,ICICIBANK Weight,INFY Weight,JSWSTEEL Weight,NESTLEIND Weight,POWERGRID Weight,RELIANCE Weight,TCS Weight,TATACONSUM Weight,TATASTEEL Weight,TECHM Weight,TITAN Weight,UPL Weight,WIPRO Weight
0,21.8736848272788,7.47175509512087,2.448378539498003,2.1559180101984854,4.213019978716336,4.96364703257236,7.065301628465565,3.979463787833357,3.816210876171881,2.146277103142461,4.518624230659167,5.597385905128637,4.1249840506136435,7.750967726232898,2.908737099206485,5.856504001173672,1.236178083600861,0.5277440478386953,1.0619067524265362,5.171385482050529,7.431022222734655,3.366622257025105,6.526127058920507,4.506721660104778,5.720494079387434,1.1993167420719346,4.155440183724041
