,Returns,Standard Deviation,Sharpe Ratio,ADANIPORTS Weight,ASIANPAINT Weight,BAJFINANCE Weight,BAJAJFINSV Weight,BRITANNIA Weight,DIVISLAB Weight,GRASIM Weight,HCLTECH Weight,HDFCBANK Weight,HINDALCO Weight,HINDUNILVR Weight,ICICIBANK Weight,INFY Weight,JSWSTEEL Weight,NESTLEIND Weight,POWERGRID Weight,RELIANCE Weight,TCS Weight,TATACONSUM Weight,TATASTEEL Weight,TECHM Weight,TITAN Weight,UPL Weight,WIPRO Weight
0,0.1531877496395901,0.7744001322003832,0.1851143599331559,0.033477575001286654,1.734015352113138,8.847700176154188,2.1552674378007524,5.88372178363447,8.500177655125713,0.08615859242647528,3.1729987067724603,0.5708548357509872,0.9972199861197489,7.712857204512424,3.930012047861918,7.024411801005578,5.47294807439676,7.629230110394089,0.31479998585545127,7.451773609983103,1.2572875179554892,7.067114668000521,7.123803728255123,0.6079044080756664,5.453684616563643,0.6934422119496166,6.279137914291377
