,Returns,Standard Deviation,Sharpe Ratio,ADANIPORTS Weight,ASIANPAINT Weight,BAJFINANCE Weight,BAJAJFINSV Weight,BRITANNIA Weight,DIVISLAB Weight,GRASIM Weight,HCLTECH Weight,HDFCBANK Weight,HINDALCO Weight,HINDUNILVR Weight,ICICIBANK Weight,INFY Weight,JSWSTEEL Weight,NESTLEIND Weight,POWERGRID Weight,RELIANCE Weight,TCS Weight,TATACONSUM Weight,TATASTEEL Weight,TECHM Weight,TITAN Weight,UPL Weight,WIPRO Weight
0,13.226126503422186,7.621696508008367,1.2656140917296672,6.6831584528196375,6.770897409940274,1.9513388481916583,2.017500355113882,6.270180137992439,7.135742825002475,2.7586913664861914,2.296315485192426,6.7753062710481915,4.251687596746942,3.5537423919830005,6.674177978573005,1.2793726101619087,2.7334774628198275,6.281739972367372,5.762999744642418,0.20658849245399707,1.519136620883144,7.038532554375429,2.275300030654003,5.088906630251542,3.778574680213704,0.8148953586145362,6.081736723471996
