,Returns,Standard Deviation,Sharpe Ratio,ADANIPORTS Weight,ASIANPAINT Weight,BAJFINANCE Weight,BAJAJFINSV Weight,BRITANNIA Weight,DIVISLAB Weight,GRASIM Weight,HCLTECH Weight,HDFCBANK Weight,HINDALCO Weight,HINDUNILVR Weight,ICICIBANK Weight,INFY Weight,JSWSTEEL Weight,NESTLEIND Weight,POWERGRID Weight,RELIANCE Weight,TCS Weight,TATACONSUM Weight,TATASTEEL Weight,TECHM Weight,TITAN Weight,UPL Weight,WIPRO Weight
0,14.841588032257198,8.482751100583442,1.3275867579661302,0.8291619873734413,7.609404741961575,8.322001060357662,4.172433460310505,4.822818947042725,8.144753047134941,1.012706665339689,1.622191785522615,1.337065288870301,3.8841061741547778,1.3085031892956454,4.723482604995012,4.0386751808164645,1.5649862387617226,3.5216982401311157,7.4821234766534825,7.743884307556619,2.02252941935115,3.7474644702420195,7.038880854196844,0.5961019231478033,6.859564605549407,4.290447496321693,3.3050148349127997
