,Returns,Standard Deviation,Sharpe Ratio,ADANIPORTS Weight,ASIANPAINT Weight,BAJFINANCE Weight,BAJAJFINSV Weight,BRITANNIA Weight,DIVISLAB Weight,GRASIM Weight,HCLTECH Weight,HDFCBANK Weight,HINDALCO Weight,HINDUNILVR Weight,ICICIBANK Weight,INFY Weight,JSWSTEEL Weight,NESTLEIND Weight,POWERGRID Weight,RELIANCE Weight,TCS Weight,TATACONSUM Weight,TATASTEEL Weight,TECHM Weight,TITAN Weight,UPL Weight,WIPRO Weight
0,0.2049973565933835,0.9758805485161797,0.19998573806493178,1.1510344770000351,1.9417368100045753,8.705977305509885,7.19153614945269,7.812831407787016,5.313094680627453,1.3163454561472323,6.531146801403534,4.840087975310755,1.946969816006761,3.4933269181388416,0.9027856994392859,5.094873594892886,0.6493980650383082,7.19358705133916,0.685450322413665,6.227164400437708,6.594252560191169,7.507410747790537,2.714657584626668,1.4063855042499327,6.257193479814699,1.8913308808352007,2.6314223115419866
