,Returns,Standard Deviation,Sharpe Ratio,ADANIPORTS Weight,ASIANPAINT Weight,BAJFINANCE Weight,BAJAJFINSV Weight,BRITANNIA Weight,DIVISLAB Weight,GRASIM Weight,HCLTECH Weight,HDFCBANK Weight,HINDALCO Weight,HINDUNILVR Weight,ICICIBANK Weight,INFY Weight,JSWSTEEL Weight,NESTLEIND Weight,POWERGRID Weight,RELIANCE Weight,TCS Weight,TATACONSUM Weight,TATASTEEL Weight,TECHM Weight,TITAN Weight,UPL Weight,WIPRO Weight
0,0.18140089668827938,1.1910456525740087,0.14404631046873653,6.781533427298443,0.04961524815130522,8.56219790887392,2.730573132413707,0.11066469453115645,6.926609748200938,2.4524744274304897,5.9896595322796164,5.8828075122863845,2.915641879811672,4.631728409951162,1.1400784788156757,1.3908009532380743,1.7429400047602965,10.047948518982983,2.100723063869058,8.840250467646495,5.615127203321868,7.54656177417941,2.242208127313992,0.5275752509644399,6.117694647134384,0.015305433827142743,5.639280154717406
