,Returns,Standard Deviation,Sharpe Ratio,ADANIPORTS Weight,ASIANPAINT Weight,BAJFINANCE Weight,BAJAJFINSV Weight,BRITANNIA Weight,DIVISLAB Weight,GRASIM Weight,HCLTECH Weight,HDFCBANK Weight,HINDALCO Weight,HINDUNILVR Weight,ICICIBANK Weight,INFY Weight,JSWSTEEL Weight,NESTLEIND Weight,POWERGRID Weight,RELIANCE Weight,TCS Weight,TATACONSUM Weight,TATASTEEL Weight,TECHM Weight,TITAN Weight,UPL Weight,WIPRO Weight
0,0.34046383805535535,0.8916182287708808,0.3708186559576859,0.36468918371501285,3.4771559400109266,5.806316913388172,3.1257634323363552,0.0047832548325330414,3.3394898519641827,1.5771950193427013,1.105327925306336,9.82813134950131,5.606656770134449,10.151763641048763,0.15066354430626042,4.0244104735048545,3.6628400559825183,7.498372641962335,1.2857821916767025,8.433951954264037,7.526386962881465,8.59590023763548,1.7631890180840901,0.6532589661438516,5.235892744336692,4.6670463608080155,2.1150315668329593
