,Returns,Standard Deviation,Sharpe Ratio,ADANIPORTS Weight,ASIANPAINT Weight,BAJFINANCE Weight,BAJAJFINSV Weight,BRITANNIA Weight,DIVISLAB Weight,GRASIM Weight,HCLTECH Weight,HDFCBANK Weight,HINDALCO Weight,HINDUNILVR Weight,ICICIBANK Weight,INFY Weight,JSWSTEEL Weight,NESTLEIND Weight,POWERGRID Weight,RELIANCE Weight,TCS Weight,TATACONSUM Weight,TATASTEEL Weight,TECHM Weight,TITAN Weight,UPL Weight,WIPRO Weight
0,11.590595752650753,7.339695869580896,1.0914070412440897,8.603456811854302,1.3174492013749037,8.570084079517258,3.2802331098637256,0.01734035070269072,5.0329511368781015,4.5115322909306474,6.570162746204075,1.0844972110130504,2.143200578611515,6.784619795188446,9.027393937328942,2.3392401425882,3.2836884121618115,8.38888319805438,3.3515282650584477,3.0593184866911973,4.226857633410954,2.439409466364303,3.088612137915666,1.3817179192720903,5.611303502511471,2.46236733270732,3.424152253796496
