,Returns,Standard Deviation,Sharpe Ratio,ADANIPORTS Weight,ASIANPAINT Weight,BAJFINANCE Weight,BAJAJFINSV Weight,BRITANNIA Weight,DIVISLAB Weight,GRASIM Weight,HCLTECH Weight,HDFCBANK Weight,HINDALCO Weight,HINDUNILVR Weight,ICICIBANK Weight,INFY Weight,JSWSTEEL Weight,NESTLEIND Weight,POWERGRID Weight,RELIANCE Weight,TCS Weight,TATACONSUM Weight,TATASTEEL Weight,TECHM Weight,TITAN Weight,UPL Weight,WIPRO Weight
0,0.1755616593721254,1.0410950932106915,0.15918478111914575,0.8986290735578736,0.135383182490859,8.560061383184786,8.843957205367653,3.6069663686667592,7.14115511290703,0.2163999269083398,0.2961323940239383,6.300517627685336,1.918929663227721,8.222645709111175,4.67446783615405,5.113798169274151,2.3867228161276914,2.616937214960532,4.911314900744141,6.133755985936205,4.923117821828596,8.091923277612036,0.5634993642903583,6.602375167631106,6.581797427812513,1.0902440457733908,0.16926832472375053
