,Returns,Standard Deviation,Sharpe Ratio,ADANIPORTS Weight,ASIANPAINT Weight,BAJFINANCE Weight,BAJAJFINSV Weight,BRITANNIA Weight,DIVISLAB Weight,GRASIM Weight,HCLTECH Weight,HDFCBANK Weight,HINDALCO Weight,HINDUNILVR Weight,ICICIBANK Weight,INFY Weight,JSWSTEEL Weight,NESTLEIND Weight,POWERGRID Weight,RELIANCE Weight,TCS Weight,TATACONSUM Weight,TATASTEEL Weight,TECHM Weight,TITAN Weight,UPL Weight,WIPRO Weight
0,14.363553559295497,8.908538607726038,1.2104739098221262,6.17983689005344,5.966997027823436,7.625281718457197,7.850588047398291,0.5771535591469408,2.0468684865934237,7.746606015964846,0.780501865106235,5.179191961801269,5.17057106516933,5.562891318681038,4.87349162632227,1.2991640468384196,4.916244651030591,4.19417286852466,1.0224317634329876,0.44423425643303127,2.97485899270223,2.6714932968049427,0.035548280428815686,6.4422180968562825,7.195368606496784,4.968618961966256,4.275666595967287
