,Returns,Standard Deviation,Sharpe Ratio,ADANIPORTS Weight,ASIANPAINT Weight,BAJFINANCE Weight,BAJAJFINSV Weight,BRITANNIA Weight,DIVISLAB Weight,GRASIM Weight,HCLTECH Weight,HDFCBANK Weight,HINDALCO Weight,HINDUNILVR Weight,ICICIBANK Weight,INFY Weight,JSWSTEEL Weight,NESTLEIND Weight,POWERGRID Weight,RELIANCE Weight,TCS Weight,TATACONSUM Weight,TATASTEEL Weight,TECHM Weight,TITAN Weight,UPL Weight,WIPRO Weight
0,0.016746363326821233,0.8159614535947866,0.008470006102872303,2.408521802257264,0.4863600487886978,5.246072957954993,2.9065815800290387,1.5174031252340363,6.425583538539248,1.9693032694175459,2.41248263371165,3.145606223017246,0.17724904274255104,8.183463849250474,2.989472441977714,5.902570918588129,7.176582495271506,8.32888117111393,0.0667849893355431,5.950306272171184,7.087773747146067,6.512834595318355,3.6440269644761796,2.7407870881157876,5.477432489582931,0.8531604921262876,8.390758263833614
