,Returns,Standard Deviation,Sharpe Ratio,ADANIPORTS Weight,ASIANPAINT Weight,BAJFINANCE Weight,BAJAJFINSV Weight,BRITANNIA Weight,DIVISLAB Weight,GRASIM Weight,HCLTECH Weight,HDFCBANK Weight,HINDALCO Weight,HINDUNILVR Weight,ICICIBANK Weight,INFY Weight,JSWSTEEL Weight,NESTLEIND Weight,POWERGRID Weight,RELIANCE Weight,TCS Weight,TATACONSUM Weight,TATASTEEL Weight,TECHM Weight,TITAN Weight,UPL Weight,WIPRO Weight
0,0.26078063166647325,0.9097145668646025,0.2758507733873167,8.894515147693387,3.3369835714069906,8.88425679087482,4.016993353454507,0.3013608298319605,9.99254421132719,1.170673510993872,3.6585678424024075,3.8186300396891104,1.2221521200665817,1.2810310122344057,1.7552122617058235,9.713315429842005,0.5565118361754123,9.508877617152644,0.5156436381717113,10.190851066706026,4.081086871304809,6.698423844878948,1.354025054617635,0.6673736353924999,3.1633052394009606,1.5198669661763429,3.6977981084999683
