,Returns,Standard Deviation,Sharpe Ratio,ADANIPORTS Weight,ASIANPAINT Weight,BAJFINANCE Weight,BAJAJFINSV Weight,BRITANNIA Weight,DIVISLAB Weight,GRASIM Weight,HCLTECH Weight,HDFCBANK Weight,HINDALCO Weight,HINDUNILVR Weight,ICICIBANK Weight,INFY Weight,JSWSTEEL Weight,NESTLEIND Weight,POWERGRID Weight,RELIANCE Weight,TCS Weight,TATACONSUM Weight,TATASTEEL Weight,TECHM Weight,TITAN Weight,UPL Weight,WIPRO Weight
0,13.508684552916092,9.754497027647652,1.017857150888942,6.480828887244465,2.7085332994528097,4.402519668738479,7.1258874162502455,6.296217680815906,1.5171479249251283,5.770145235275973,3.602512390575082,0.9840724879548673,1.8457902007458333,5.803315334311863,5.927010875340517,4.734852659390993,2.0661781540937443,0.4806889238578335,0.7492204489730917,8.706008259742037,7.839145653078622,1.5047399693459507,5.806197039166165,8.444702783487234,3.285040796230593,3.5310332473581294,0.3882106636444563
