,Returns,Standard Deviation,Sharpe Ratio,ADANIPORTS Weight,ASIANPAINT Weight,BAJFINANCE Weight,BAJAJFINSV Weight,BRITANNIA Weight,DIVISLAB Weight,GRASIM Weight,HCLTECH Weight,HDFCBANK Weight,HINDALCO Weight,HINDUNILVR Weight,ICICIBANK Weight,INFY Weight,JSWSTEEL Weight,NESTLEIND Weight,POWERGRID Weight,RELIANCE Weight,TCS Weight,TATACONSUM Weight,TATASTEEL Weight,TECHM Weight,TITAN Weight,UPL Weight,WIPRO Weight
0,0.07953099158276214,1.1160555785299737,0.06244834763462051,1.1000415519067528,3.211146227952445,8.890103541545738,4.445565480365579,5.812426602813087,9.294879049729497,0.1505020221188752,5.653598823549807,4.980648881988752,1.4982113695263972,4.043606212441528,1.633246307673529,4.286476953330784,0.6765938457173863,6.953237935545011,0.11707725722635168,8.5596461228473,1.855460612013123,8.809887055488199,0.3630685253640057,4.229412199795414,6.080637810511017,0.6281743503432871,6.726351260206179
