,Returns,Standard Deviation,Sharpe Ratio,ADANIPORTS Weight,ASIANPAINT Weight,BAJFINANCE Weight,BAJAJFINSV Weight,BRITANNIA Weight,DIVISLAB Weight,GRASIM Weight,HCLTECH Weight,HDFCBANK Weight,HINDALCO Weight,HINDUNILVR Weight,ICICIBANK Weight,INFY Weight,JSWSTEEL Weight,NESTLEIND Weight,POWERGRID Weight,RELIANCE Weight,TCS Weight,TATACONSUM Weight,TATASTEEL Weight,TECHM Weight,TITAN Weight,UPL Weight,WIPRO Weight
0,0.25428727728788275,0.5956701591092622,0.41038166628702766,0.6234745532177227,3.379749176201573,6.402782555014114,4.107042117839726,0.5523486996058966,3.2795467702416934,0.11040455053380097,5.240040306818701,4.453841728236204,0.22714951348877122,3.9013334032535005,0.3396702827123766,7.826765073466044,1.8650727629025123,8.675388434022729,7.76575239829992,5.79409627056624,7.74773664292438,5.559420094107619,2.3650432600873748,4.268934399845581,7.466759210945341,0.0016609231968479688,8.045986872471325
