,Returns,Standard Deviation,Sharpe Ratio,ADANIPORTS Weight,ASIANPAINT Weight,BAJFINANCE Weight,BAJAJFINSV Weight,BRITANNIA Weight,DIVISLAB Weight,GRASIM Weight,HCLTECH Weight,HDFCBANK Weight,HINDALCO Weight,HINDUNILVR Weight,ICICIBANK Weight,INFY Weight,JSWSTEEL Weight,NESTLEIND Weight,POWERGRID Weight,RELIANCE Weight,TCS Weight,TATACONSUM Weight,TATASTEEL Weight,TECHM Weight,TITAN Weight,UPL Weight,WIPRO Weight
0,0.053869937210275,1.2374643448653093,0.03558467971851188,3.998817313855995,4.199318668241701,8.263794471019144,4.703919581810556,3.7840986686769122,4.249518950408428,0.664822934788377,0.027578757807778388,3.611049294641513,0.8379456503448803,5.742496333282811,0.05204316012526976,5.4906315609634575,1.1378993822032961,8.476206267941892,8.41069562098103,7.871164113799249,5.405195338531713,7.059661415090155,0.10540541393849302,3.3733145874146553,7.969683330658076,4.026582252188387,0.538156931286224
