,Returns,Standard Deviation,Sharpe Ratio,ADANIPORTS Weight,ASIANPAINT Weight,BAJFINANCE Weight,BAJAJFINSV Weight,BRITANNIA Weight,DIVISLAB Weight,GRASIM Weight,HCLTECH Weight,HDFCBANK Weight,HINDALCO Weight,HINDUNILVR Weight,ICICIBANK Weight,INFY Weight,JSWSTEEL Weight,NESTLEIND Weight,POWERGRID Weight,RELIANCE Weight,TCS Weight,TATACONSUM Weight,TATASTEEL Weight,TECHM Weight,TITAN Weight,UPL Weight,WIPRO Weight
0,0.1032512823618196,1.1465185938265676,0.08147806588541527,1.8353774462276262,9.571685581285468,8.315031238816077,6.855476911822482,4.469627158130857,7.319483667290583,0.6887455165242061,1.918416282603123,0.6451698881377077,0.20716677341360012,3.016196971237919,4.035090379472699,0.47999548593159835,0.9450189140387067,8.561166199741935,1.9923717892197763,3.8492449307753467,8.957421678522964,6.491306114429022,0.13339386611001178,2.7292971058941693,9.994152609736377,2.5664070187918337,4.422756471845911
