,Returns,Standard Deviation,Sharpe Ratio,ADANIPORTS Weight,ASIANPAINT Weight,BAJFINANCE Weight,BAJAJFINSV Weight,BRITANNIA Weight,DIVISLAB Weight,GRASIM Weight,HCLTECH Weight,HDFCBANK Weight,HINDALCO Weight,HINDUNILVR Weight,ICICIBANK Weight,INFY Weight,JSWSTEEL Weight,NESTLEIND Weight,POWERGRID Weight,RELIANCE Weight,TCS Weight,TATACONSUM Weight,TATASTEEL Weight,TECHM Weight,TITAN Weight,UPL Weight,WIPRO Weight
0,7.733958182452197,6.061304663761726,0.6853241031237317,3.722624296189022,4.301705014899433,1.449875495343342,3.0517664745596003,0.010790047114785699,3.506195976130207,1.893556179769404,1.619493103661997,6.23353360650367,3.0516986698808872,6.460797274766154,1.758466277419287,6.974373617563188,2.8583533710818143,5.181197653889145,4.062778145086475,5.989462195495778,4.736107632869875,6.808574053457077,2.658357562500337,2.6914520735979943,6.729003427830784,6.894895532526696,7.354942317863037
