,Returns,Standard Deviation,Sharpe Ratio,ADANIPORTS Weight,ASIANPAINT Weight,BAJFINANCE Weight,BAJAJFINSV Weight,BRITANNIA Weight,DIVISLAB Weight,GRASIM Weight,HCLTECH Weight,HDFCBANK Weight,HINDALCO Weight,HINDUNILVR Weight,ICICIBANK Weight,INFY Weight,JSWSTEEL Weight,NESTLEIND Weight,POWERGRID Weight,RELIANCE Weight,TCS Weight,TATACONSUM Weight,TATASTEEL Weight,TECHM Weight,TITAN Weight,UPL Weight,WIPRO Weight
0,0.25050515416740515,1.0397570620625762,0.23146752074452942,1.1505225915243193,5.087136234631553,6.228365201594004,6.017723793875829,1.3297540890302948,7.935971383117948,0.1754076809528819,3.711738864672313,8.086444206907895,2.6396536116587357,7.7925108677062465,4.509047909158564,2.3675479451822956,2.232988561265236,7.370543994506202,5.563635557615023,5.957455697809639,4.1128578759850845,7.136733696161627,1.751404184907505,1.0400507794400173,4.856281026078454,0.6958851698611608,2.250339076357167
