,Returns,Standard Deviation,Sharpe Ratio,ADANIPORTS Weight,ASIANPAINT Weight,BAJFINANCE Weight,BAJAJFINSV Weight,BRITANNIA Weight,DIVISLAB Weight,GRASIM Weight,HCLTECH Weight,HDFCBANK Weight,HINDALCO Weight,HINDUNILVR Weight,ICICIBANK Weight,INFY Weight,JSWSTEEL Weight,NESTLEIND Weight,POWERGRID Weight,RELIANCE Weight,TCS Weight,TATACONSUM Weight,TATASTEEL Weight,TECHM Weight,TITAN Weight,UPL Weight,WIPRO Weight
0,-0.6932347382146385,8.417856687674307,-0.5076392835805394,4.986025681402971,3.9819461826349616,6.172055350084171,7.252234467456479,3.287266668002097,2.037463849831505,6.223494266955471,0.14953562773206405,3.3671640082868866,0.7671326612935593,2.8190958316762735,3.2642114976828775,2.6660930273261494,6.599602489225529,1.4367257048618207,5.610395474457128,6.624037092441233,3.896515153102985,7.271464538857603,4.997259989432982,2.048347608261194,7.260267430243907,5.093323840536361,2.1883415582138013
