,Returns,Standard Deviation,Sharpe Ratio,ADANIPORTS Weight,ASIANPAINT Weight,BAJFINANCE Weight,BAJAJFINSV Weight,BRITANNIA Weight,DIVISLAB Weight,GRASIM Weight,HCLTECH Weight,HDFCBANK Weight,HINDALCO Weight,HINDUNILVR Weight,ICICIBANK Weight,INFY Weight,JSWSTEEL Weight,NESTLEIND Weight,POWERGRID Weight,RELIANCE Weight,TCS Weight,TATACONSUM Weight,TATASTEEL Weight,TECHM Weight,TITAN Weight,UPL Weight,WIPRO Weight
0,14.898938650030082,5.221056089057843,2.167940442883199,1.57743837919201,5.263332422778913,7.044379386005839,1.9971618763685448,4.253021957962746,4.92309981663417,7.05366569442173,6.27035731783757,0.7145168273786532,7.1547584682932275,7.299078952281788,2.726573811093096,4.851207233829636,7.214925664081314,0.10853111750444798,0.0751244129449276,4.256258605251154,3.508595720877661,4.408414549806711,2.3014972876181155,6.860188723538084,5.519039694537494,4.559741178169696,0.0590909015924488
