,Returns,Standard Deviation,Sharpe Ratio,ADANIPORTS Weight,ASIANPAINT Weight,BAJFINANCE Weight,BAJAJFINSV Weight,BRITANNIA Weight,DIVISLAB Weight,GRASIM Weight,HCLTECH Weight,HDFCBANK Weight,HINDALCO Weight,HINDUNILVR Weight,ICICIBANK Weight,INFY Weight,JSWSTEEL Weight,NESTLEIND Weight,POWERGRID Weight,RELIANCE Weight,TCS Weight,TATACONSUM Weight,TATASTEEL Weight,TECHM Weight,TITAN Weight,UPL Weight,WIPRO Weight
0,0.2436621708132456,0.6759683223455906,0.34591414752500205,0.08262484416332092,1.6602548610257137,5.30742027871122,4.074485408795565,1.7771714081988539,7.045102448519991,0.015007884349760858,8.049198150563079,5.816243694563228,3.164203368378559,8.202239270827654,1.099678843510489,4.727664935267622,1.2867960388726731,7.645735429812003,0.28153302915255496,7.071827118841045,2.9019231045211424,7.515086984377644,6.0384038727901945,4.31613457651462,6.193298838782281,1.110402606420095,4.617563003040683
