,Returns,Standard Deviation,Sharpe Ratio,ADANIPORTS Weight,ASIANPAINT Weight,BAJFINANCE Weight,BAJAJFINSV Weight,BRITANNIA Weight,DIVISLAB Weight,GRASIM Weight,HCLTECH Weight,HDFCBANK Weight,HINDALCO Weight,HINDUNILVR Weight,ICICIBANK Weight,INFY Weight,JSWSTEEL Weight,NESTLEIND Weight,POWERGRID Weight,RELIANCE Weight,TCS Weight,TATACONSUM Weight,TATASTEEL Weight,TECHM Weight,TITAN Weight,UPL Weight,WIPRO Weight
0,0.03299427508761761,1.0463004292900573,0.022134283427721467,4.2578002913669035,1.6020112945689489,7.232507671139726,0.12099258695557447,0.5053551023339492,9.423038229213342,0.07379584192267441,1.710120454895801,2.9541716865399676,0.09015463588848459,9.012013156944933,0.3339375583361632,1.355061945246561,8.516943389589148,5.297704040080027,1.1022610979697234,8.359014238076554,3.7969987208001923,4.226925112058318,0.8455679824265465,9.66110061980724,10.557680882182963,0.19637441733351074,8.768469044322744
