,Returns,Standard Deviation,Sharpe Ratio,ADANIPORTS Weight,ASIANPAINT Weight,BAJFINANCE Weight,BAJAJFINSV Weight,BRITANNIA Weight,DIVISLAB Weight,GRASIM Weight,HCLTECH Weight,HDFCBANK Weight,HINDALCO Weight,HINDUNILVR Weight,ICICIBANK Weight,INFY Weight,JSWSTEEL Weight,NESTLEIND Weight,POWERGRID Weight,RELIANCE Weight,TCS Weight,TATACONSUM Weight,TATASTEEL Weight,TECHM Weight,TITAN Weight,UPL Weight,WIPRO Weight
0,0.27093128172471737,0.6728397279691981,0.3880509815875575,0.2548882022673846,6.955744393369658,0.25216979968054026,8.564969746262781,0.751300832846602,5.0157530288415995,1.7439699903739967,6.592568228406261,1.3560777955899816,0.2039467776730638,8.326171500316617,1.0719985809758323,7.937073535527555,0.4794778431155877,6.277625582444199,0.787277950400344,8.691377306482206,4.5854067973382735,7.63367184093611,7.571747605565589,0.48185780180430265,5.085145976673792,0.949109770711706,8.430669112396016
