,Returns,Standard Deviation,Sharpe Ratio,ADANIPORTS Weight,ASIANPAINT Weight,BAJFINANCE Weight,BAJAJFINSV Weight,BRITANNIA Weight,DIVISLAB Weight,GRASIM Weight,HCLTECH Weight,HDFCBANK Weight,HINDALCO Weight,HINDUNILVR Weight,ICICIBANK Weight,INFY Weight,JSWSTEEL Weight,NESTLEIND Weight,POWERGRID Weight,RELIANCE Weight,TCS Weight,TATACONSUM Weight,TATASTEEL Weight,TECHM Weight,TITAN Weight,UPL Weight,WIPRO Weight
0,0.17664312007579294,0.5874712782377635,0.28394231585414975,6.082320998139931,5.400943745190008,8.003728376136761,0.1106745577070505,2.8262566198453816,7.181365485030511,3.425657060524083,4.140874769991485,5.9106782538304525,0.6222023104102806,0.8081150576015836,0.5636063486329769,8.947122655260488,3.0265466603901325,4.319286960546254,0.16860313064547713,7.352325367108299,8.165001963741023,6.783764332727197,1.5597632553192928,1.157864522815457,6.499569453048318,0.8568128449797155,6.086915270377832
