,Returns,Standard Deviation,Sharpe Ratio,ADANIPORTS Weight,ASIANPAINT Weight,BAJFINANCE Weight,BAJAJFINSV Weight,BRITANNIA Weight,DIVISLAB Weight,GRASIM Weight,HCLTECH Weight,HDFCBANK Weight,HINDALCO Weight,HINDUNILVR Weight,ICICIBANK Weight,INFY Weight,JSWSTEEL Weight,NESTLEIND Weight,POWERGRID Weight,RELIANCE Weight,TCS Weight,TATACONSUM Weight,TATASTEEL Weight,TECHM Weight,TITAN Weight,UPL Weight,WIPRO Weight
0,17.803448936949952,6.983512624487233,2.036718439811558,1.6025492126460292,7.8798184871172445,6.288103056213836,1.0457370088035396,4.9739343424896285,1.1629670090644977,2.7379579687570477,8.446567536949798,5.283749986989603,6.206106793301015,6.8397873540728344,0.5349792800323784,4.4358521263812944,1.550914999810624,6.45410695466049,0.3247020650206249,8.969850691177598,2.2531269622613688,8.100760606074724,0.26933776443963514,4.668321235634554,8.361851117122526,0.6244179162883393,0.9844995246907401
