,Returns,Standard Deviation,Sharpe Ratio,ADANIPORTS Weight,ASIANPAINT Weight,BAJFINANCE Weight,BAJAJFINSV Weight,BRITANNIA Weight,DIVISLAB Weight,GRASIM Weight,HCLTECH Weight,HDFCBANK Weight,HINDALCO Weight,HINDUNILVR Weight,ICICIBANK Weight,INFY Weight,JSWSTEEL Weight,NESTLEIND Weight,POWERGRID Weight,RELIANCE Weight,TCS Weight,TATACONSUM Weight,TATASTEEL Weight,TECHM Weight,TITAN Weight,UPL Weight,WIPRO Weight
0,0.19266132877491698,0.6139468543498761,0.2977882574760505,4.94173584350392,4.851285548100026,3.6059378396580786,1.1700408189283855,5.9236000629925565,7.15973862415899,0.42774104087922915,8.107566116997843,4.784149447927369,0.48765264530743585,6.516977626941088,2.1028498777141182,3.504770140933364,7.273077496258053,4.424111937317287,0.9064860740051599,6.7730481056846275,7.344257778115342,3.7454032036524505,0.7121256579493477,4.1516822813142475,7.510399529540912,0.19712634661127273,3.378235955508921
