,Returns,Standard Deviation,Sharpe Ratio,ADANIPORTS Weight,ASIANPAINT Weight,BAJFINANCE Weight,BAJAJFINSV Weight,BRITANNIA Weight,DIVISLAB Weight,GRASIM Weight,HCLTECH Weight,HDFCBANK Weight,HINDALCO Weight,HINDUNILVR Weight,ICICIBANK Weight,INFY Weight,JSWSTEEL Weight,NESTLEIND Weight,POWERGRID Weight,RELIANCE Weight,TCS Weight,TATACONSUM Weight,TATASTEEL Weight,TECHM Weight,TITAN Weight,UPL Weight,WIPRO Weight
0,10.609945770755386,6.674111940968761,1.0533155321537768,6.773945313774831,3.8108606997931602,5.3002030936905875,6.127416933254216,2.37449454513321,3.2375612188581053,5.830990913163717,3.9411352517719878,3.0418789082801125,3.114714585623442,3.1178300199337334,2.780974977605655,6.40256592381817,0.506264985632805,1.8590066384837591,4.452069239083797,6.253387890454458,3.484459958032103,6.682757046405522,7.03891219661932,6.479180977431344,1.0796117578168087,0.14697473319117785,6.162802192147984
