,Returns,Standard Deviation,Sharpe Ratio,ADANIPORTS Weight,ASIANPAINT Weight,BAJFINANCE Weight,BAJAJFINSV Weight,BRITANNIA Weight,DIVISLAB Weight,GRASIM Weight,HCLTECH Weight,HDFCBANK Weight,HINDALCO Weight,HINDUNILVR Weight,ICICIBANK Weight,INFY Weight,JSWSTEEL Weight,NESTLEIND Weight,POWERGRID Weight,RELIANCE Weight,TCS Weight,TATACONSUM Weight,TATASTEEL Weight,TECHM Weight,TITAN Weight,UPL Weight,WIPRO Weight
0,12.722225582953179,5.480996020297882,1.6679861742458109,3.8316589163369974,6.800411833623126,7.023056798732862,1.8731338935327901,2.6108760994010787,6.978153575705444,0.1755704931622606,7.726233705465615,4.083320568703439,1.770431691717545,0.5412694960615493,5.628679665916652,5.741216247218733,6.637800906355985,1.6589877676214904,4.904619650137352,7.359967383880678,2.0617652381867653,6.302073293453125,6.481494916849252,0.9557116838408255,2.7499956346927426,3.4416032002757166,2.6619673391279743
