,Returns,Standard Deviation,Sharpe Ratio,ADANIPORTS Weight,ASIANPAINT Weight,BAJFINANCE Weight,BAJAJFINSV Weight,BRITANNIA Weight,DIVISLAB Weight,GRASIM Weight,HCLTECH Weight,HDFCBANK Weight,HINDALCO Weight,HINDUNILVR Weight,ICICIBANK Weight,INFY Weight,JSWSTEEL Weight,NESTLEIND Weight,POWERGRID Weight,RELIANCE Weight,TCS Weight,TATACONSUM Weight,TATASTEEL Weight,TECHM Weight,TITAN Weight,UPL Weight,WIPRO Weight
0,0.06760364597914714,1.161997092881167,0.04971482415738718,1.2486310892243202,0.9534033687325648,7.078511493849242,7.637282811359445,3.4329876707216997,7.0245059431643,0.6882174372608681,7.697736179756539,6.062450408028255,0.40126604958502554,6.91424516422631,5.690994484306523,2.59590212154584,1.4016402086840425,5.650036003070223,1.609034141128872,6.60160467669998,7.606124958967669,7.729542706281956,2.562254477211209,3.8732257542554667,3.1678812648984507,0.4099492565900354,1.962572330451149
