,Returns,Standard Deviation,Sharpe Ratio,ADANIPORTS Weight,ASIANPAINT Weight,BAJFINANCE Weight,BAJAJFINSV Weight,BRITANNIA Weight,DIVISLAB Weight,GRASIM Weight,HCLTECH Weight,HDFCBANK Weight,HINDALCO Weight,HINDUNILVR Weight,ICICIBANK Weight,INFY Weight,JSWSTEEL Weight,NESTLEIND Weight,POWERGRID Weight,RELIANCE Weight,TCS Weight,TATACONSUM Weight,TATASTEEL Weight,TECHM Weight,TITAN Weight,UPL Weight,WIPRO Weight
0,11.132728833225078,9.825278235267024,0.7687038119811388,5.750346836574931,1.946020757360596,6.7031010167034975,5.5275451990495394,7.80679179381779,0.473507842120738,6.115141844873606,1.4115029116391682,9.613734655890207,7.09466233461097,6.400370317842086,0.3093489062460615,1.6203238279742496,0.9748577941321631,3.6728161721605597,1.4842405039531896,10.413686512772372,0.5998850740551316,1.1499855850583676,3.213030734135277,6.694214518934431,4.793802877013894,1.3304259052285214,4.9006560778526405
