,Returns,Standard Deviation,Sharpe Ratio,ADANIPORTS Weight,ASIANPAINT Weight,BAJFINANCE Weight,BAJAJFINSV Weight,BRITANNIA Weight,DIVISLAB Weight,GRASIM Weight,HCLTECH Weight,HDFCBANK Weight,HINDALCO Weight,HINDUNILVR Weight,ICICIBANK Weight,INFY Weight,JSWSTEEL Weight,NESTLEIND Weight,POWERGRID Weight,RELIANCE Weight,TCS Weight,TATACONSUM Weight,TATASTEEL Weight,TECHM Weight,TITAN Weight,UPL Weight,WIPRO Weight
0,10.197903525353471,9.5394758912021,0.6937386918139721,1.909706588123776,1.33011214442478,7.049338226189547,3.286749860990697,4.2540989401817715,0.47738554338641376,0.42160857832190307,0.6129740117994136,1.6256811743960022,5.388324583313455,2.356607217976373,8.454219973106438,6.829748917712421,1.5665242112082998,8.183342750426032,2.4787496568500984,7.2790766487658125,4.321121988701451,8.935903856816571,1.9991840920566246,6.131682281550288,3.9951820824305138,7.6170139913706745,3.4956626799006267
