,Returns,Standard Deviation,Sharpe Ratio,ADANIPORTS Weight,ASIANPAINT Weight,BAJFINANCE Weight,BAJAJFINSV Weight,BRITANNIA Weight,DIVISLAB Weight,GRASIM Weight,HCLTECH Weight,HDFCBANK Weight,HINDALCO Weight,HINDUNILVR Weight,ICICIBANK Weight,INFY Weight,JSWSTEEL Weight,NESTLEIND Weight,POWERGRID Weight,RELIANCE Weight,TCS Weight,TATACONSUM Weight,TATASTEEL Weight,TECHM Weight,TITAN Weight,UPL Weight,WIPRO Weight
0,0.19590697108859387,0.7130451214116891,0.26095376108182805,0.45024117306010014,1.3560748259940365,4.171568533359472,2.034593800727381,5.734982720996104,8.20669300561762,1.9074195381960286,2.467474611206859,4.106204558840761,0.8643803606191426,6.79851576998423,3.0307702874213542,7.068294076331753,7.290664374080828,4.166925081629259,2.3663397858102413,4.030524802790035,8.280870014445359,4.242524005694763,0.4590483600349468,5.166983619589516,8.084598341297166,0.2753979094633062,7.438910442809744
