,Returns,Standard Deviation,Sharpe Ratio,ADANIPORTS Weight,ASIANPAINT Weight,BAJFINANCE Weight,BAJAJFINSV Weight,BRITANNIA Weight,DIVISLAB Weight,GRASIM Weight,HCLTECH Weight,HDFCBANK Weight,HINDALCO Weight,HINDUNILVR Weight,ICICIBANK Weight,INFY Weight,JSWSTEEL Weight,NESTLEIND Weight,POWERGRID Weight,RELIANCE Weight,TCS Weight,TATACONSUM Weight,TATASTEEL Weight,TECHM Weight,TITAN Weight,UPL Weight,WIPRO Weight
0,0.2797174962700465,0.6659839016886179,0.4052385211573262,1.2262582316090205,8.416520549846695,3.3310509261272903,4.045696594646836,3.615844961894839,6.236464362211776,3.1908959067675204,1.2190414942344625,0.2611027565549483,0.65714923777908,1.3251183466972258,2.214352656086547,8.155040610893623,1.0077013677347721,3.1052775644865696,5.391588480211646,9.846256228637158,9.761986617249836,9.884415216340852,1.1984375413088064,0.1404029596124902,5.2881930156890355,0.4133332388957145,10.06787113448326
