,Returns,Standard Deviation,Sharpe Ratio,ADANIPORTS Weight,ASIANPAINT Weight,BAJFINANCE Weight,BAJAJFINSV Weight,BRITANNIA Weight,DIVISLAB Weight,GRASIM Weight,HCLTECH Weight,HDFCBANK Weight,HINDALCO Weight,HINDUNILVR Weight,ICICIBANK Weight,INFY Weight,JSWSTEEL Weight,NESTLEIND Weight,POWERGRID Weight,RELIANCE Weight,TCS Weight,TATACONSUM Weight,TATASTEEL Weight,TECHM Weight,TITAN Weight,UPL Weight,WIPRO Weight
0,17.31388608494566,9.429772007861882,1.4564388273115525,5.78376736984533,0.851176327695443,8.501612847719425,2.252997172123048,5.096448705191183,6.599332557187851,3.819834393138228,3.703992377432707,8.070856651808214,5.811204760743711,7.276709577058828,1.942699713376177,3.476486351085502,5.697456652526003,0.5887024799261386,0.9010956027600066,4.745247635747574,7.570692325903974,3.24989282554894,4.983645355355802,0.7168901405940008,1.2310813665841085,6.746214958772108,0.38196185187568443
