,Returns,Standard Deviation,Sharpe Ratio,ADANIPORTS Weight,ASIANPAINT Weight,BAJFINANCE Weight,BAJAJFINSV Weight,BRITANNIA Weight,DIVISLAB Weight,GRASIM Weight,HCLTECH Weight,HDFCBANK Weight,HINDALCO Weight,HINDUNILVR Weight,ICICIBANK Weight,INFY Weight,JSWSTEEL Weight,NESTLEIND Weight,POWERGRID Weight,RELIANCE Weight,TCS Weight,TATACONSUM Weight,TATASTEEL Weight,TECHM Weight,TITAN Weight,UPL Weight,WIPRO Weight
0,10.265099357408204,9.875064052733594,0.6769676957748593,6.024321160460879,2.028450697715687,4.122522420730527,5.804111042758057,2.021145341798997,2.5797836130156107,1.942045936904304,6.5163331108309945,4.212245780262879,7.074158756062373,3.717479327597735,5.027349305865826,4.643892306296419,3.9078412923247354,3.7117732397039465,0.9926342131076109,3.2136568740004714,5.249582113978528,5.757333793268963,3.9444892765693114,0.6675462047588667,8.566294636235822,2.5241842997680295,5.7508252559834325
