,Returns,Standard Deviation,Sharpe Ratio,ADANIPORTS Weight,ASIANPAINT Weight,BAJFINANCE Weight,BAJAJFINSV Weight,BRITANNIA Weight,DIVISLAB Weight,GRASIM Weight,HCLTECH Weight,HDFCBANK Weight,HINDALCO Weight,HINDUNILVR Weight,ICICIBANK Weight,INFY Weight,JSWSTEEL Weight,NESTLEIND Weight,POWERGRID Weight,RELIANCE Weight,TCS Weight,TATACONSUM Weight,TATASTEEL Weight,TECHM Weight,TITAN Weight,UPL Weight,WIPRO Weight
0,10.033420388842512,10.550619787287292,0.6116626813354036,1.262884707638222,1.8083343483862802,7.236860664786991,2.26876925330078,5.018282100060337,6.051999740404215,4.928473469071211,7.831534443269035,4.51987244744566,1.763296971974522,3.4453442598989046,4.778386358442608,4.550942782937625,7.24102103450807,0.8536622264166044,4.150540320465587,3.530123247387277,5.940560875295104,1.9916975954443725,3.2837352516278644,0.6505291597191164,7.005070796868158,7.226048821883298,2.6620291227681623
