,Returns,Standard Deviation,Sharpe Ratio,ADANIPORTS Weight,ASIANPAINT Weight,BAJFINANCE Weight,BAJAJFINSV Weight,BRITANNIA Weight,DIVISLAB Weight,GRASIM Weight,HCLTECH Weight,HDFCBANK Weight,HINDALCO Weight,HINDUNILVR Weight,ICICIBANK Weight,INFY Weight,JSWSTEEL Weight,NESTLEIND Weight,POWERGRID Weight,RELIANCE Weight,TCS Weight,TATACONSUM Weight,TATASTEEL Weight,TECHM Weight,TITAN Weight,UPL Weight,WIPRO Weight
0,0.2225548731328247,0.8353431304671348,0.254649497361287,1.4150491303699348,0.7536962684803801,6.240471192038316,2.0201855240954787,3.7661697730684245,9.822541207573252,1.866423429412754,8.3472050130215,9.00008167471762,0.7705875394340271,2.7773356149789565,2.889610603854579,0.9702496381467904,2.4001136635309623,6.805024489082992,0.655130950632383,8.69127905676438,7.316420796711409,6.315914081207105,0.21358954901942884,2.1132148738427623,6.139862210909116,2.3003774274445723,6.409466291662863
