,Returns,Standard Deviation,Sharpe Ratio,ADANIPORTS Weight,ASIANPAINT Weight,BAJFINANCE Weight,BAJAJFINSV Weight,BRITANNIA Weight,DIVISLAB Weight,GRASIM Weight,HCLTECH Weight,HDFCBANK Weight,HINDALCO Weight,HINDUNILVR Weight,ICICIBANK Weight,INFY Weight,JSWSTEEL Weight,NESTLEIND Weight,POWERGRID Weight,RELIANCE Weight,TCS Weight,TATACONSUM Weight,TATASTEEL Weight,TECHM Weight,TITAN Weight,UPL Weight,WIPRO Weight
0,0.18099870369216187,1.1807128377421225,0.14496627239550736,4.355124041832008,1.43220452963511,8.482690027274062,6.066201959102653,3.2789775210043968,3.3762637120199557,0.22256650508139375,5.407976218655737,4.242305726865425,0.9319586947368091,3.0796108397155644,0.372516907984228,3.028205137973219,1.7296174749749558,7.984571928200687,2.4556400728717804,9.89439918580878,6.091228018085129,10.040868515961776,0.5052488930735417,0.24133947754946353,9.334628649801683,3.7985546205268435,3.647301341264802
