,Returns,Standard Deviation,Sharpe Ratio,ADANIPORTS Weight,ASIANPAINT Weight,BAJFINANCE Weight,BAJAJFINSV Weight,BRITANNIA Weight,DIVISLAB Weight,GRASIM Weight,HCLTECH Weight,HDFCBANK Weight,HINDALCO Weight,HINDUNILVR Weight,ICICIBANK Weight,INFY Weight,JSWSTEEL Weight,NESTLEIND Weight,POWERGRID Weight,RELIANCE Weight,TCS Weight,TATACONSUM Weight,TATASTEEL Weight,TECHM Weight,TITAN Weight,UPL Weight,WIPRO Weight
0,8.84386124832934,9.985642568713962,0.5271429667252016,0.44563298367046206,5.779096580842298,6.892087510895932,5.131646655261999,1.081176949591026,7.7870569400366865,5.154060221283586,5.247106125811836,5.369875145802929,3.1372059450854035,3.863587832817254,3.4823613997319756,0.48068762483352306,1.1708921433622341,5.81697784230589,6.537607399408456,7.560247893343544,4.594080129744742,4.0124284287899545,6.072730137827985,1.6143912014985877,3.6632023549986354,3.1140971983004455,1.991763354754624
