,Returns,Standard Deviation,Sharpe Ratio,ADANIPORTS Weight,ASIANPAINT Weight,BAJFINANCE Weight,BAJAJFINSV Weight,BRITANNIA Weight,DIVISLAB Weight,GRASIM Weight,HCLTECH Weight,HDFCBANK Weight,HINDALCO Weight,HINDUNILVR Weight,ICICIBANK Weight,INFY Weight,JSWSTEEL Weight,NESTLEIND Weight,POWERGRID Weight,RELIANCE Weight,TCS Weight,TATACONSUM Weight,TATASTEEL Weight,TECHM Weight,TITAN Weight,UPL Weight,WIPRO Weight
0,13.93258143724049,4.327815888776088,2.3921030153083094,0.8302819916707364,7.422188194429408,1.9409249118550742,7.569542797072209,4.646869080219392,7.784912969333179,0.12420353985543212,5.324501191234692,1.105616647829937,4.14034539066521,2.8794722456624204,8.354436392499439,3.3125979483181958,3.903081933589784,4.826705128735323,6.587648055546863,8.402756740455168,0.97455641237401,6.762754858008535,2.0416017387572536,3.784732818238183,4.40483711828367,2.264837184411311,0.6105947109545925
