,Returns,Standard Deviation,Sharpe Ratio,ADANIPORTS Weight,ASIANPAINT Weight,BAJFINANCE Weight,BAJAJFINSV Weight,BRITANNIA Weight,DIVISLAB Weight,GRASIM Weight,HCLTECH Weight,HDFCBANK Weight,HINDALCO Weight,HINDUNILVR Weight,ICICIBANK Weight,INFY Weight,JSWSTEEL Weight,NESTLEIND Weight,POWERGRID Weight,RELIANCE Weight,TCS Weight,TATACONSUM Weight,TATASTEEL Weight,TECHM Weight,TITAN Weight,UPL Weight,WIPRO Weight
0,0.27943080057423125,0.6013705755047773,0.4483020066500156,2.6001139619041727,1.8213046928369794,12.208443567081325,4.0221554397536705,2.1312193903516676,6.73754815959496,0.7715427273988616,3.265368920532781,0.3354338752851404,2.8549460248346517,5.423360826042685,0.3622990720147869,9.279973776886719,5.294776050962218,1.7196502080821474,0.6528859285749702,9.736993434165516,0.5729569717000272,10.19812851762213,1.8207585202630465,1.0334497708589094,5.729385491936247,0.19387621209263933,11.233428459223767
