,Returns,Standard Deviation,Sharpe Ratio,ADANIPORTS Weight,ASIANPAINT Weight,BAJFINANCE Weight,BAJAJFINSV Weight,BRITANNIA Weight,DIVISLAB Weight,GRASIM Weight,HCLTECH Weight,HDFCBANK Weight,HINDALCO Weight,HINDUNILVR Weight,ICICIBANK Weight,INFY Weight,JSWSTEEL Weight,NESTLEIND Weight,POWERGRID Weight,RELIANCE Weight,TCS Weight,TATACONSUM Weight,TATASTEEL Weight,TECHM Weight,TITAN Weight,UPL Weight,WIPRO Weight
0,9.841002532472494,10.498903635551851,0.5963482235679554,3.1342856127732617,1.2314758721062973,2.2290017213107616,6.629105016035224,6.375203020644362,0.4289437217375959,4.687518335561711,4.40468155762097,5.992205080958232,6.74053640328062,4.713666918617268,6.444096383369597,4.32181376387876,0.8225427293140415,2.516934242578158,5.343640670429898,0.44095241408953395,5.2647869911973855,7.824744679902307,2.924395188525641,0.1787892925160523,7.558630863397248,2.977001393122004,6.815048127033055
