,Returns,Standard Deviation,Sharpe Ratio,ADANIPORTS Weight,ASIANPAINT Weight,BAJFINANCE Weight,BAJAJFINSV Weight,BRITANNIA Weight,DIVISLAB Weight,GRASIM Weight,HCLTECH Weight,HDFCBANK Weight,HINDALCO Weight,HINDUNILVR Weight,ICICIBANK Weight,INFY Weight,JSWSTEEL Weight,NESTLEIND Weight,POWERGRID Weight,RELIANCE Weight,TCS Weight,TATACONSUM Weight,TATASTEEL Weight,TECHM Weight,TITAN Weight,UPL Weight,WIPRO Weight
0,0.17639020844988534,1.2070496284537908,0.13798524906393,7.080284667427375,1.0993287287919304,8.890859208237936,0.846977381804299,3.8725682017761227,5.323466349630961,2.7329524998567347,9.853707527965598,1.2402988393938876,2.146840977545606,3.4181501781114507,1.2744377097713722,0.03314843305079278,2.1764204271538192,8.225820195913725,1.7619803626234904,8.928812061209767,3.753657731450328,9.546572911134824,4.778974001303072,0.3142438950596868,8.757326980585598,0.030895355691964693,3.912275374509662
