,Returns,Standard Deviation,Sharpe Ratio,ADANIPORTS Weight,ASIANPAINT Weight,BAJFINANCE Weight,BAJAJFINSV Weight,BRITANNIA Weight,DIVISLAB Weight,GRASIM Weight,HCLTECH Weight,HDFCBANK Weight,HINDALCO Weight,HINDUNILVR Weight,ICICIBANK Weight,INFY Weight,JSWSTEEL Weight,NESTLEIND Weight,POWERGRID Weight,RELIANCE Weight,TCS Weight,TATACONSUM Weight,TATASTEEL Weight,TECHM Weight,TITAN Weight,UPL Weight,WIPRO Weight
0,0.2901844510331055,0.5526922669871032,0.507243004730664,0.05911310200370995,1.7371819049399595,7.802010582648985,4.7154396983559765,0.5273589486747651,6.7521474416412515,0.6134265831457477,1.2791888473451067,1.2656672516192595,2.7997241354514686,7.3490153982583655,1.600473575117628,5.406241204190901,3.7892533107555195,6.411603829749921,2.8914135927179676,5.723276927697192,5.60121862701798,6.216383163761339,3.695876730329811,7.983837073780226,7.354798238846906,0.6595030938256362,7.765846738124378
