,Returns,Standard Deviation,Sharpe Ratio,ADANIPORTS Weight,ASIANPAINT Weight,BAJFINANCE Weight,BAJAJFINSV Weight,BRITANNIA Weight,DIVISLAB Weight,GRASIM Weight,HCLTECH Weight,HDFCBANK Weight,HINDALCO Weight,HINDUNILVR Weight,ICICIBANK Weight,INFY Weight,JSWSTEEL Weight,NESTLEIND Weight,POWERGRID Weight,RELIANCE Weight,TCS Weight,TATACONSUM Weight,TATASTEEL Weight,TECHM Weight,TITAN Weight,UPL Weight,WIPRO Weight
0,13.43233602478324,4.38547553971633,2.2465832805489843,2.930154318335461,2.5533145009259273,5.180161662070262,0.6071693820043056,2.857715738152063,4.765466718873309,1.2631469366312937,3.089005528625244,2.325885773229763,1.7002825766879226,4.603546733832671,5.0493930592980645,5.86381036689138,6.877673940265404,5.632175820529348,5.75813125771191,7.32797810844157,3.804082195620916,4.591461339344966,1.6546166972849927,5.00813253174356,1.867689412778788,6.052104615383591,8.636900785337296
