,Returns,Standard Deviation,Sharpe Ratio,ADANIPORTS Weight,ASIANPAINT Weight,BAJFINANCE Weight,BAJAJFINSV Weight,BRITANNIA Weight,DIVISLAB Weight,GRASIM Weight,HCLTECH Weight,HDFCBANK Weight,HINDALCO Weight,HINDUNILVR Weight,ICICIBANK Weight,INFY Weight,JSWSTEEL Weight,NESTLEIND Weight,POWERGRID Weight,RELIANCE Weight,TCS Weight,TATACONSUM Weight,TATASTEEL Weight,TECHM Weight,TITAN Weight,UPL Weight,WIPRO Weight
0,10.340899839175599,9.673241097329315,0.6989280812035397,8.869623054572376,7.446241724264036,4.895586215937829,7.657917491426882,1.511743039608829,8.780897666134466,0.03982814128598648,10.804696831399983,0.8977213898041345,2.373979233670526,3.9564502743324472,2.7029976363620856,4.1208186316368325,1.1626242205203545,7.563806612980025,8.45454052480887,6.098501273695387,2.1024497048105455,4.36769303689711,4.432777154899484,0.7586821152081803,0.48416764510162463,0.2785754721160567,0.2376809085259584
