,Returns,Standard Deviation,Sharpe Ratio,ADANIPORTS Weight,ASIANPAINT Weight,BAJFINANCE Weight,BAJAJFINSV Weight,BRITANNIA Weight,DIVISLAB Weight,GRASIM Weight,HCLTECH Weight,HDFCBANK Weight,HINDALCO Weight,HINDUNILVR Weight,ICICIBANK Weight,INFY Weight,JSWSTEEL Weight,NESTLEIND Weight,POWERGRID Weight,RELIANCE Weight,TCS Weight,TATACONSUM Weight,TATASTEEL Weight,TECHM Weight,TITAN Weight,UPL Weight,WIPRO Weight
0,0.09012140618637793,1.1252404492420909,0.07135029797879212,6.862661945038013,3.43817383780654,0.8741182908136986,7.878927469414282,8.076949200698992,8.181888889635552,0.6501365496580863,2.3551303478451278,7.701516158288886,0.36390035366720086,0.07645163813850593,1.1745842357282912,1.7469146197111356,0.6281674354975899,5.874767783835765,0.9550697708932963,11.18254703346385,8.763135184006575,10.586733870340263,1.6994408468979705,0.5905785754257169,5.155942341802041,0.8750594603416458,4.307204161050982
