,Returns,Standard Deviation,Sharpe Ratio,ADANIPORTS Weight,ASIANPAINT Weight,BAJFINANCE Weight,BAJAJFINSV Weight,BRITANNIA Weight,DIVISLAB Weight,GRASIM Weight,HCLTECH Weight,HDFCBANK Weight,HINDALCO Weight,HINDUNILVR Weight,ICICIBANK Weight,INFY Weight,JSWSTEEL Weight,NESTLEIND Weight,POWERGRID Weight,RELIANCE Weight,TCS Weight,TATACONSUM Weight,TATASTEEL Weight,TECHM Weight,TITAN Weight,UPL Weight,WIPRO Weight
0,-2.2367472256947085,7.181505001161259,-0.8099621492645529,4.582225267396136,4.878538780246689,5.584005290288568,4.095809919417199,4.1639825133270945,1.3752798205583001,3.70645087414726,7.419647475874634,0.7178786010490603,2.4897729034002913,2.891179065379441,4.77423574104709,6.927637523826566,4.648517554011984,5.380324259496897,0.7480273532772848,2.293434626358578,2.561182225908838,7.437544594478372,4.420061686221191,2.9318644524807174,2.440535245639736,6.9196844549623036,6.612179771205798
