,Returns,Standard Deviation,Sharpe Ratio,ADANIPORTS Weight,ASIANPAINT Weight,BAJFINANCE Weight,BAJAJFINSV Weight,BRITANNIA Weight,DIVISLAB Weight,GRASIM Weight,HCLTECH Weight,HDFCBANK Weight,HINDALCO Weight,HINDUNILVR Weight,ICICIBANK Weight,INFY Weight,JSWSTEEL Weight,NESTLEIND Weight,POWERGRID Weight,RELIANCE Weight,TCS Weight,TATACONSUM Weight,TATASTEEL Weight,TECHM Weight,TITAN Weight,UPL Weight,WIPRO Weight
0,11.375892231235623,5.426443940067992,1.4366484418408902,4.399741655366109,2.5773179254403598,5.794930558001409,2.2486888348863823,3.196667967495273,6.901449504912084,0.46757328273537446,7.180475053177918,4.0581631041220865,2.680644170899318,7.256749055883543,7.309958285122052,0.9546491636187487,7.286270418027126,3.0597060413974626,0.8059667654147092,3.913806809413436,4.069185821357254,7.123195972913411,3.946524415109942,3.8953972254142553,0.9744848045241202,3.69586429121919,6.202588873548432
