,Returns,Standard Deviation,Sharpe Ratio,ADANIPORTS Weight,ASIANPAINT Weight,BAJFINANCE Weight,BAJAJFINSV Weight,BRITANNIA Weight,DIVISLAB Weight,GRASIM Weight,HCLTECH Weight,HDFCBANK Weight,HINDALCO Weight,HINDUNILVR Weight,ICICIBANK Weight,INFY Weight,JSWSTEEL Weight,NESTLEIND Weight,POWERGRID Weight,RELIANCE Weight,TCS Weight,TATACONSUM Weight,TATASTEEL Weight,TECHM Weight,TITAN Weight,UPL Weight,WIPRO Weight
0,0.17673986505675962,0.6620737558333144,0.25209381696684435,7.301181608587175,8.29107922272192,8.28049793364625,1.1666012626642528,3.910748329214004,7.756347044747171,0.04525643237908637,4.4176546337286755,6.324093939908619,2.4577491301808814,7.890466593007946,0.9416983943100724,7.501530457002755,3.046866270203774,7.574120490024234,0.5629436789933132,4.469383961967938,3.7807529618250686,4.230242849818567,2.6249169528950675,1.0326019619937408,2.38812610563562,0.6721576650967053,3.3329821194471787
