,Returns,Standard Deviation,Sharpe Ratio,ADANIPORTS Weight,ASIANPAINT Weight,BAJFINANCE Weight,BAJAJFINSV Weight,BRITANNIA Weight,DIVISLAB Weight,GRASIM Weight,HCLTECH Weight,HDFCBANK Weight,HINDALCO Weight,HINDUNILVR Weight,ICICIBANK Weight,INFY Weight,JSWSTEEL Weight,NESTLEIND Weight,POWERGRID Weight,RELIANCE Weight,TCS Weight,TATACONSUM Weight,TATASTEEL Weight,TECHM Weight,TITAN Weight,UPL Weight,WIPRO Weight
0,0.30022717096832396,0.850426083719874,0.34146648567380106,0.48981775651715553,7.182037625533077,7.040995442806546,0.12028029638199372,3.2364048145082633,5.138125806378713,1.7875955879410388,4.231659352769433,6.56688477821177,0.8130752552087764,7.3990861592349395,0.12283698963510536,6.503138453233313,4.768488126429368,6.95424491508545,3.273431520752137,8.037961588853507,5.500927633574948,2.419087134854692,2.93610412591761,3.614889773047235,7.172632168138179,0.5894720689604852,4.100822626026265
