,Returns,Standard Deviation,Sharpe Ratio,ADANIPORTS Weight,ASIANPAINT Weight,BAJFINANCE Weight,BAJAJFINSV Weight,BRITANNIA Weight,DIVISLAB Weight,GRASIM Weight,HCLTECH Weight,HDFCBANK Weight,HINDALCO Weight,HINDUNILVR Weight,ICICIBANK Weight,INFY Weight,JSWSTEEL Weight,NESTLEIND Weight,POWERGRID Weight,RELIANCE Weight,TCS Weight,TATACONSUM Weight,TATASTEEL Weight,TECHM Weight,TITAN Weight,UPL Weight,WIPRO Weight
0,0.230674774902068,1.041294630988454,0.2120817715705209,1.641585392152654,0.7739046460108226,10.679371226962482,2.883841079197333,6.516052088055481,1.2078287970456725,0.45403716071697914,7.183673329464988,0.4881172691074259,2.36559622023703,6.6999531206653655,0.2404410406680401,1.0491845174310404,1.5607986919834729,7.115540046156438,2.77915635035988,11.818279536243347,3.6339404478517414,10.599489835815012,5.90421455542035,0.634738942959402,8.528239799324904,0.6216641637165332,4.620351742453606
