,Returns,Standard Deviation,Sharpe Ratio,ADANIPORTS Weight,ASIANPAINT Weight,BAJFINANCE Weight,BAJAJFINSV Weight,BRITANNIA Weight,DIVISLAB Weight,GRASIM Weight,HCLTECH Weight,HDFCBANK Weight,HINDALCO Weight,HINDUNILVR Weight,ICICIBANK Weight,INFY Weight,JSWSTEEL Weight,NESTLEIND Weight,POWERGRID Weight,RELIANCE Weight,TCS Weight,TATACONSUM Weight,TATASTEEL Weight,TECHM Weight,TITAN Weight,UPL Weight,WIPRO Weight
0,0.12236216762822696,0.7259560493426703,0.15500525533873805,7.111416936338855,6.11720703870678,3.3075595694078834,1.36391297065062,6.448198218041503,7.265226431979799,1.1963165171581205,7.1145200169634215,5.445546743492805,1.2345927130132497,4.941131056298074,1.7026653151029538,5.644958202059149,0.3698169502778636,6.716659314077654,2.042672650688143,6.276620188946641,5.349780534835837,6.018153855098765,0.10708971397100214,3.4195076688562596,7.808616471325124,0.7257738707872037,2.2720570519222725
