,Returns,Standard Deviation,Sharpe Ratio,ADANIPORTS Weight,ASIANPAINT Weight,BAJFINANCE Weight,BAJAJFINSV Weight,BRITANNIA Weight,DIVISLAB Weight,GRASIM Weight,HCLTECH Weight,HDFCBANK Weight,HINDALCO Weight,HINDUNILVR Weight,ICICIBANK Weight,INFY Weight,JSWSTEEL Weight,NESTLEIND Weight,POWERGRID Weight,RELIANCE Weight,TCS Weight,TATACONSUM Weight,TATASTEEL Weight,TECHM Weight,TITAN Weight,UPL Weight,WIPRO Weight
0,0.03957541565308974,1.1579789167160144,0.0256828949030153,0.1725518527675806,4.117238735952097,8.462108999602597,7.607549985710945,5.714395825707872,8.922205933351583,1.4276039388127135,2.695789773985148,1.938522226898477,1.612425328377764,5.42665912259412,0.48646032247046483,1.7619079293080728,3.481646854318967,4.534849530363163,0.20175016530568363,9.41896254700231,9.062733711620469,3.9476425774383506,4.275112182144467,2.959268832507032,5.462528044092484,1.228951459100089,5.081134120567566
