,Returns,Standard Deviation,Sharpe Ratio,ADANIPORTS Weight,ASIANPAINT Weight,BAJFINANCE Weight,BAJAJFINSV Weight,BRITANNIA Weight,DIVISLAB Weight,GRASIM Weight,HCLTECH Weight,HDFCBANK Weight,HINDALCO Weight,HINDUNILVR Weight,ICICIBANK Weight,INFY Weight,JSWSTEEL Weight,NESTLEIND Weight,POWERGRID Weight,RELIANCE Weight,TCS Weight,TATACONSUM Weight,TATASTEEL Weight,TECHM Weight,TITAN Weight,UPL Weight,WIPRO Weight
0,0.07298216595068775,1.1548318645012106,0.054680688208059686,2.1913584910267634,1.917411272209556,6.134242564106656,5.626184137907219,2.1258304867052114,4.659536067949366,1.0309791403088784,3.9231973626639576,4.456770275228745,3.4168842390376075,5.689548618515646,0.3615209494560158,7.40151363397523,3.0335760196567936,8.858657115231965,1.1646628557165872,7.463182658657495,8.223228783153273,8.467125227557192,0.07960801814677428,0.06934141266863507,5.399100117150763,0.38064577116038917,7.925894781809288
