,Returns,Standard Deviation,Sharpe Ratio,ADANIPORTS Weight,ASIANPAINT Weight,BAJFINANCE Weight,BAJAJFINSV Weight,BRITANNIA Weight,DIVISLAB Weight,GRASIM Weight,HCLTECH Weight,HDFCBANK Weight,HINDALCO Weight,HINDUNILVR Weight,ICICIBANK Weight,INFY Weight,JSWSTEEL Weight,NESTLEIND Weight,POWERGRID Weight,RELIANCE Weight,TCS Weight,TATACONSUM Weight,TATASTEEL Weight,TECHM Weight,TITAN Weight,UPL Weight,WIPRO Weight
0,14.24143159491445,9.143423232606212,1.1660218852054112,0.6697485483286272,7.467660742990994,7.759823135652242,3.3627894826609794,6.175083440375084,0.4086613307176933,2.2096736399796053,0.6544967842149557,4.094398730552169,7.441781830774236,3.849029224750379,6.892107388850173,2.517452005486622,2.458749683983207,4.355630391101439,3.5652928189048603,6.199698657099195,3.58027308443756,4.446900460699713,3.7139663526177915,5.569389765451567,1.7952459803090806,4.580589723885147,6.231556796176664
