,Returns,Standard Deviation,Sharpe Ratio,ADANIPORTS Weight,ASIANPAINT Weight,BAJFINANCE Weight,BAJAJFINSV Weight,BRITANNIA Weight,DIVISLAB Weight,GRASIM Weight,HCLTECH Weight,HDFCBANK Weight,HINDALCO Weight,HINDUNILVR Weight,ICICIBANK Weight,INFY Weight,JSWSTEEL Weight,NESTLEIND Weight,POWERGRID Weight,RELIANCE Weight,TCS Weight,TATACONSUM Weight,TATASTEEL Weight,TECHM Weight,TITAN Weight,UPL Weight,WIPRO Weight
0,-4.9789112445139105,8.014449753911821,-1.0679349808558396,4.919616990282476,2.610474863787083,4.576838568604041,8.373255720278742,7.1968542387469,5.5276463677420615,2.242821103328175,3.3027133385073326,6.312088176394119,6.942683336929361,9.391709928356246,4.6257129882995525,6.6877380469946415,1.517508730967466,0.8292678981966509,0.1500779760822307,2.1318864764152576,1.560807792127959,3.944611922219185,1.9175613451552043,2.0059432963725534,7.562648851671458,1.4532816050959223,4.216250437445391
