,Returns,Standard Deviation,Sharpe Ratio,ADANIPORTS Weight,ASIANPAINT Weight,BAJFINANCE Weight,BAJAJFINSV Weight,BRITANNIA Weight,DIVISLAB Weight,GRASIM Weight,HCLTECH Weight,HDFCBANK Weight,HINDALCO Weight,HINDUNILVR Weight,ICICIBANK Weight,INFY Weight,JSWSTEEL Weight,NESTLEIND Weight,POWERGRID Weight,RELIANCE Weight,TCS Weight,TATACONSUM Weight,TATASTEEL Weight,TECHM Weight,TITAN Weight,UPL Weight,WIPRO Weight
0,0.2468314835622331,0.5684272346057518,0.4169334336899665,4.459102312763609,8.346231411889118,4.770770429146825,2.710343513581899,3.1185693441213385,6.753143286041316,0.0619639675148521,6.453120764236399,1.1929138746949797,3.0153880382302636,7.985026114916296,0.7355475906719643,8.562959304354218,0.3464868565689158,3.7022044282913247,1.2882580658593703,7.447384325645215,3.0167939029572732,7.750235366105664,2.8138679462693,0.9685140750983852,7.907121131000807,0.1870577099725604,6.406996240068101
