,Returns,Standard Deviation,Sharpe Ratio,ADANIPORTS Weight,ASIANPAINT Weight,BAJFINANCE Weight,BAJAJFINSV Weight,BRITANNIA Weight,DIVISLAB Weight,GRASIM Weight,HCLTECH Weight,HDFCBANK Weight,HINDALCO Weight,HINDUNILVR Weight,ICICIBANK Weight,INFY Weight,JSWSTEEL Weight,NESTLEIND Weight,POWERGRID Weight,RELIANCE Weight,TCS Weight,TATACONSUM Weight,TATASTEEL Weight,TECHM Weight,TITAN Weight,UPL Weight,WIPRO Weight
0,13.837053992281584,4.176089022301574,2.4561387311203915,6.1662277369875556,2.7617469751904054,4.716976673082374,2.8176012878678676,5.000872049251182,1.5117817252295525,5.432326856013014,4.425516114299978,2.2670497036661876,1.697170011216311,4.223956147322349,0.6589862439588658,5.14335121453939,1.9443022444206846,7.730558758141716,4.601585090557356,6.083428939227445,1.9010477483391939,7.618261189755604,5.290607600438834,7.3083087046649675,6.43426350846236,2.954130454504567,1.3099430228622384
