,Returns,Standard Deviation,Sharpe Ratio,ADANIPORTS Weight,ASIANPAINT Weight,BAJFINANCE Weight,BAJAJFINSV Weight,BRITANNIA Weight,DIVISLAB Weight,GRASIM Weight,HCLTECH Weight,HDFCBANK Weight,HINDALCO Weight,HINDUNILVR Weight,ICICIBANK Weight,INFY Weight,JSWSTEEL Weight,NESTLEIND Weight,POWERGRID Weight,RELIANCE Weight,TCS Weight,TATACONSUM Weight,TATASTEEL Weight,TECHM Weight,TITAN Weight,UPL Weight,WIPRO Weight
0,11.994511600059912,4.610959972413962,1.8248936556381963,0.9874613187492968,4.569456604047064,7.147999311632843,6.914857556018279,2.440720732410829,1.8239978370277137,4.372935657520944,6.272193687924911,6.56756134927618,5.410791587628668,8.358569538264266,0.33367086273142554,1.8416878351822672,0.42633144390067035,1.500505286239011,1.2785800255676356,9.561520806493975,9.08705015714809,7.581708617752309,3.0924707833619403,6.215567461067803,3.292218078598727,0.4324624320125415,0.48968102944259684
