,Returns,Standard Deviation,Sharpe Ratio,ADANIPORTS Weight,ASIANPAINT Weight,BAJFINANCE Weight,BAJAJFINSV Weight,BRITANNIA Weight,DIVISLAB Weight,GRASIM Weight,HCLTECH Weight,HDFCBANK Weight,HINDALCO Weight,HINDUNILVR Weight,ICICIBANK Weight,INFY Weight,JSWSTEEL Weight,NESTLEIND Weight,POWERGRID Weight,RELIANCE Weight,TCS Weight,TATACONSUM Weight,TATASTEEL Weight,TECHM Weight,TITAN Weight,UPL Weight,WIPRO Weight
0,-0.39733851089328537,6.909479787342162,-0.5756350164276592,2.938938534901455,4.225077056395176,3.3151968644277634,2.988746714565763,4.014042518018107,8.192523355697867,1.8467302528432423,5.7658021273120665,6.9142100627215815,6.115358150791493,0.7649748205332313,3.023066950630641,6.952040955927148,7.777960667512565,7.146396849965216,3.4858245325043113,6.659002518240613,1.8174179471268654,4.271477093330893,1.2704824862522788,0.061215928509019614,6.96646295114296,1.5518020140901227,1.9352486465596324
