,Returns,Standard Deviation,Sharpe Ratio,ADANIPORTS Weight,ASIANPAINT Weight,BAJFINANCE Weight,BAJAJFINSV Weight,BRITANNIA Weight,DIVISLAB Weight,GRASIM Weight,HCLTECH Weight,HDFCBANK Weight,HINDALCO Weight,HINDUNILVR Weight,ICICIBANK Weight,INFY Weight,JSWSTEEL Weight,NESTLEIND Weight,POWERGRID Weight,RELIANCE Weight,TCS Weight,TATACONSUM Weight,TATASTEEL Weight,TECHM Weight,TITAN Weight,UPL Weight,WIPRO Weight
0,14.701068779618929,4.604768496447185,2.415120062647971,2.124175455627378,2.8092517963995864,9.89612878339804,7.852642193733186,5.0472672327118095,5.972909404101717,1.1416119202938073,3.6458857342042803,5.67953052586475,3.1764420417393415,3.5588205806567395,1.5145631452314594,1.7389258568687056,6.839187334358162,9.54860954690872,1.6559675389427226,3.098831800021402,0.18050033333072665,9.660437270153203,3.6774960529486664,0.6652952318094135,1.244609710007905,5.0432791479420995,4.227631362746174
