,Returns,Standard Deviation,Sharpe Ratio,ADANIPORTS Weight,ASIANPAINT Weight,BAJFINANCE Weight,BAJAJFINSV Weight,BRITANNIA Weight,DIVISLAB Weight,GRASIM Weight,HCLTECH Weight,HDFCBANK Weight,HINDALCO Weight,HINDUNILVR Weight,ICICIBANK Weight,INFY Weight,JSWSTEEL Weight,NESTLEIND Weight,POWERGRID Weight,RELIANCE Weight,TCS Weight,TATACONSUM Weight,TATASTEEL Weight,TECHM Weight,TITAN Weight,UPL Weight,WIPRO Weight
0,14.559721480484173,4.167221031402353,2.634782603981358,5.415459596853741,3.5472677120538845,3.734682719667749,6.331861020543396,4.000389244334447,2.933114171329346,1.7137057618604055,4.607280858818625,4.4747598920206055,0.17245239382909505,5.392228437000622,0.42549683665197185,5.787316578263582,1.3359202410120385,7.46447714801456,5.964947206553977,7.500833753817869,6.390033558366921,4.561393810256476,6.2658141713331315,4.1032441788104075,1.3123006086905642,1.4580695709673577,5.106950528949209
