,Returns,Standard Deviation,Sharpe Ratio,ADANIPORTS Weight,ASIANPAINT Weight,BAJFINANCE Weight,BAJAJFINSV Weight,BRITANNIA Weight,DIVISLAB Weight,GRASIM Weight,HCLTECH Weight,HDFCBANK Weight,HINDALCO Weight,HINDUNILVR Weight,ICICIBANK Weight,INFY Weight,JSWSTEEL Weight,NESTLEIND Weight,POWERGRID Weight,RELIANCE Weight,TCS Weight,TATACONSUM Weight,TATASTEEL Weight,TECHM Weight,TITAN Weight,UPL Weight,WIPRO Weight
0,8.393698031209773,7.392344970530407,0.6511733489710757,7.1005451911857085,4.640006740199342,7.266119407816973,1.0214691328583203,1.8813005971868726,0.9683622313115727,1.3443313783829618,4.44003045182779,3.0323970843317194,6.588491446723841,1.4283576818241395,1.912316869297139,6.617402755695177,5.613701220954911,0.04211824901506168,4.482986642007794,4.342993049526675,0.346264033736897,5.951370548903549,7.6839393685291455,7.844787413447965,5.537646635579726,6.2957344946704925,3.6173273749862296
