,Returns,Standard Deviation,Sharpe Ratio,ADANIPORTS Weight,ASIANPAINT Weight,BAJFINANCE Weight,BAJAJFINSV Weight,BRITANNIA Weight,DIVISLAB Weight,GRASIM Weight,HCLTECH Weight,HDFCBANK Weight,HINDALCO Weight,HINDUNILVR Weight,ICICIBANK Weight,INFY Weight,JSWSTEEL Weight,NESTLEIND Weight,POWERGRID Weight,RELIANCE Weight,TCS Weight,TATACONSUM Weight,TATASTEEL Weight,TECHM Weight,TITAN Weight,UPL Weight,WIPRO Weight
0,18.959826297459507,8.274156864741961,1.858778670609497,3.8355554501198,4.459104964379716,5.272430980158323,1.76324068429362,2.8069476773652644,3.1117307440167954,0.41109094247073436,1.553857711822226,1.5718048107599727,5.344260623971721,4.308316053724144,7.464244897909371,4.324095051721826,6.8143371627283535,4.938995273040181,3.8108660798878193,5.466663847203099,5.146958547165224,7.65003192704885,3.227710310920421,2.7094416746328966,3.5728667183388505,4.520018538238911,5.915429328081895
