,Returns,Standard Deviation,Sharpe Ratio,ADANIPORTS Weight,ASIANPAINT Weight,BAJFINANCE Weight,BAJAJFINSV Weight,BRITANNIA Weight,DIVISLAB Weight,GRASIM Weight,HCLTECH Weight,HDFCBANK Weight,HINDALCO Weight,HINDUNILVR Weight,ICICIBANK Weight,INFY Weight,JSWSTEEL Weight,NESTLEIND Weight,POWERGRID Weight,RELIANCE Weight,TCS Weight,TATACONSUM Weight,TATASTEEL Weight,TECHM Weight,TITAN Weight,UPL Weight,WIPRO Weight
0,16.224057834954714,5.6914244147815145,2.2215981296555793,3.8673160296447655,6.977217810512419,1.0885398984932375,6.543878934125787,0.06122192060753214,2.6042970522504074,0.3772383802274304,3.4691200125444106,5.679306322238454,7.630723535616661,2.124955696973696,3.008087791567475,0.5883756287136128,6.8177445892594255,1.6848451779301636,2.2680289927437527,6.060434090750528,7.477733027120741,8.294210119360839,0.4289649100406921,7.2733688853808625,7.731757758112334,1.6882836012215952,6.254349834563171
