,Returns,Standard Deviation,Sharpe Ratio,ADANIPORTS Weight,ASIANPAINT Weight,BAJFINANCE Weight,BAJAJFINSV Weight,BRITANNIA Weight,DIVISLAB Weight,GRASIM Weight,HCLTECH Weight,HDFCBANK Weight,HINDALCO Weight,HINDUNILVR Weight,ICICIBANK Weight,INFY Weight,JSWSTEEL Weight,NESTLEIND Weight,POWERGRID Weight,RELIANCE Weight,TCS Weight,TATACONSUM Weight,TATASTEEL Weight,TECHM Weight,TITAN Weight,UPL Weight,WIPRO Weight
0,11.894091023707343,10.128523849444235,0.8208591051660057,4.637024821548496,6.802367692801573,5.984288084229574,1.4964320726689484,0.36503721489882207,8.057272371721359,4.080622315554377,0.4455790414121504,3.236950949454251,6.776709571076276,5.51173626440781,2.4108154321678112,7.037937614664719,1.4035576605324274,5.438597062457969,0.7572716971188542,5.841953306885612,6.516166230398826,0.16603356603700506,4.191167978481656,7.28255161550562,7.049052470043485,2.686106587928611,1.824768378003772
