,Returns,Standard Deviation,Sharpe Ratio,ADANIPORTS Weight,ASIANPAINT Weight,BAJFINANCE Weight,BAJAJFINSV Weight,BRITANNIA Weight,DIVISLAB Weight,GRASIM Weight,HCLTECH Weight,HDFCBANK Weight,HINDALCO Weight,HINDUNILVR Weight,ICICIBANK Weight,INFY Weight,JSWSTEEL Weight,NESTLEIND Weight,POWERGRID Weight,RELIANCE Weight,TCS Weight,TATACONSUM Weight,TATASTEEL Weight,TECHM Weight,TITAN Weight,UPL Weight,WIPRO Weight
0,0.2944335467005105,0.8647572975473404,0.32910781172073955,3.112335592153109,1.0670131926455142,5.38291940760068,5.188411710287747,0.826852530546546,9.764740519383963,0.5614916578719659,2.035754909758375,4.090313198063752,0.8843618049260334,7.296917300548234,0.977968929613267,4.247445441993207,1.2641092829866547,7.512796238900318,4.787279384537632,10.358346235352833,9.805863572966283,9.013434878448006,0.095401206135882,3.8523080223945945,0.8059844383212272,0.5438581372572393,6.524092407306921
