,Returns,Standard Deviation,Sharpe Ratio,ADANIPORTS Weight,ASIANPAINT Weight,BAJFINANCE Weight,BAJAJFINSV Weight,BRITANNIA Weight,DIVISLAB Weight,GRASIM Weight,HCLTECH Weight,HDFCBANK Weight,HINDALCO Weight,HINDUNILVR Weight,ICICIBANK Weight,INFY Weight,JSWSTEEL Weight,NESTLEIND Weight,POWERGRID Weight,RELIANCE Weight,TCS Weight,TATACONSUM Weight,TATASTEEL Weight,TECHM Weight,TITAN Weight,UPL Weight,WIPRO Weight
0,0.18634991825188565,1.1059818677909694,0.15960004278305412,1.3002412415275257,5.817419558029242,8.859792860244681,0.8275178785595272,4.3078405039932,8.74221283445218,0.7555291472066342,5.161705883948035,1.802979279152492,0.6791754833862829,6.963748087409913,0.05126621025596935,4.253906110379833,2.740245431747737,6.865313200201103,8.98092321773597,9.095488913781054,0.8651025062922969,6.882358386250352,2.8391092146098402,0.742202997858991,8.357330195917521,0.48329521525441443,2.6252956418052293
