,Returns,Standard Deviation,Sharpe Ratio,ADANIPORTS Weight,ASIANPAINT Weight,BAJFINANCE Weight,BAJAJFINSV Weight,BRITANNIA Weight,DIVISLAB Weight,GRASIM Weight,HCLTECH Weight,HDFCBANK Weight,HINDALCO Weight,HINDUNILVR Weight,ICICIBANK Weight,INFY Weight,JSWSTEEL Weight,NESTLEIND Weight,POWERGRID Weight,RELIANCE Weight,TCS Weight,TATACONSUM Weight,TATASTEEL Weight,TECHM Weight,TITAN Weight,UPL Weight,WIPRO Weight
0,0.16172904987373704,1.0584037298559272,0.14351223522166576,0.4157435595578761,3.101442286897259,7.493388002771977,3.2274511389106286,6.453781288303556,8.381909386618226,1.9664716144207264,1.8905181752510607,7.115618103226945,5.5423804204539575,6.613377135386625,0.10321782003772431,6.636127102074561,2.9474934912520245,8.230156361238555,1.1907020140006996,8.430156511956726,4.035169562308121,2.2079136268364596,0.6462112661880443,2.741417465537706,6.003270714626954,2.645576959061002,1.980505993082583
