,Returns,Standard Deviation,Sharpe Ratio,ADANIPORTS Weight,ASIANPAINT Weight,BAJFINANCE Weight,BAJAJFINSV Weight,BRITANNIA Weight,DIVISLAB Weight,GRASIM Weight,HCLTECH Weight,HDFCBANK Weight,HINDALCO Weight,HINDUNILVR Weight,ICICIBANK Weight,INFY Weight,JSWSTEEL Weight,NESTLEIND Weight,POWERGRID Weight,RELIANCE Weight,TCS Weight,TATACONSUM Weight,TATASTEEL Weight,TECHM Weight,TITAN Weight,UPL Weight,WIPRO Weight
0,0.25144427389545726,0.5737992766293144,0.42106903738112694,0.847018738093074,4.591540864136414,3.652576378107834,5.177560772994638,2.2585144727539714,6.4246782286378075,0.194890291816133,2.297952510834493,0.0776821241114639,0.5038803604675589,1.549893533817132,4.111426566978837,10.084052417739109,4.097501407175197,9.318951469637232,0.32649284195293926,8.733061962931037,4.231344666705448,7.844737498253501,4.067886573912496,1.9237467864686233,7.988752755557764,2.0074238071024637,7.6884329698148095
