,Returns,Standard Deviation,Sharpe Ratio,ADANIPORTS Weight,ASIANPAINT Weight,BAJFINANCE Weight,BAJAJFINSV Weight,BRITANNIA Weight,DIVISLAB Weight,GRASIM Weight,HCLTECH Weight,HDFCBANK Weight,HINDALCO Weight,HINDUNILVR Weight,ICICIBANK Weight,INFY Weight,JSWSTEEL Weight,NESTLEIND Weight,POWERGRID Weight,RELIANCE Weight,TCS Weight,TATACONSUM Weight,TATASTEEL Weight,TECHM Weight,TITAN Weight,UPL Weight,WIPRO Weight
0,15.540578245829039,4.199509101603007,2.848089611536628,2.685630980689755,8.03321771746551,3.0502241037545588,6.588940426208054,1.0538951430772012,2.5303100451656824,3.6656989420251294,6.006916149669553,2.398385482043623,1.7864364626706652,8.107528700953495,3.765698162337235,5.030479938198279,5.025927257921571,4.350052072356956,2.845620195384643,7.33382955281386,3.9872300720912017,4.62248351486036,7.3443134325416075,5.268185911119937,0.9881122448329736,0.8475812069160062,2.6833022849021595
