,Returns,Standard Deviation,Sharpe Ratio,ADANIPORTS Weight,ASIANPAINT Weight,BAJFINANCE Weight,BAJAJFINSV Weight,BRITANNIA Weight,DIVISLAB Weight,GRASIM Weight,HCLTECH Weight,HDFCBANK Weight,HINDALCO Weight,HINDUNILVR Weight,ICICIBANK Weight,INFY Weight,JSWSTEEL Weight,NESTLEIND Weight,POWERGRID Weight,RELIANCE Weight,TCS Weight,TATACONSUM Weight,TATASTEEL Weight,TECHM Weight,TITAN Weight,UPL Weight,WIPRO Weight
0,11.166025755700664,9.281460472731293,0.8173310415950403,3.3839084808848523,0.5640483294169333,6.870143135690859,5.511028042790749,6.979067433046364,6.676955715922335,1.3148386643627212,5.37292555628322,7.042308052347174,2.2220649307193523,3.4901191369870364,6.776801245594691,5.5485008250425905,4.3801533250606175,3.93739077520238,3.5805839440452294,1.0998124814637427,0.9123730084166617,6.970022347481184,4.557463727592816,6.757191019531305,1.9012809760860925,2.8726409214172075,1.2783779246138742
