,Returns,Standard Deviation,Sharpe Ratio,ADANIPORTS Weight,ASIANPAINT Weight,BAJFINANCE Weight,BAJAJFINSV Weight,BRITANNIA Weight,DIVISLAB Weight,GRASIM Weight,HCLTECH Weight,HDFCBANK Weight,HINDALCO Weight,HINDUNILVR Weight,ICICIBANK Weight,INFY Weight,JSWSTEEL Weight,NESTLEIND Weight,POWERGRID Weight,RELIANCE Weight,TCS Weight,TATACONSUM Weight,TATASTEEL Weight,TECHM Weight,TITAN Weight,UPL Weight,WIPRO Weight
0,-2.160511482419375,7.325413321556187,-0.7836433564133523,1.1050846792924973,2.488840975062802,7.693223719940931,5.306473771605449,7.817627575836335,8.260612356263053,8.306155816280421,0.9747429081933984,1.2791765297077762,6.26743863723134,8.260480032146356,5.3921321619488864,5.5364661431664075,2.2454961917194045,7.911548849606691,0.9940724976832613,2.7357847556803874,1.047992107835484,2.9411674851283056,3.06952341781025,2.5490429174302736,1.2146264048936226,0.8412093839844986,5.761080681552171
