,Returns,Standard Deviation,Sharpe Ratio,ADANIPORTS Weight,ASIANPAINT Weight,BAJFINANCE Weight,BAJAJFINSV Weight,BRITANNIA Weight,DIVISLAB Weight,GRASIM Weight,HCLTECH Weight,HDFCBANK Weight,HINDALCO Weight,HINDUNILVR Weight,ICICIBANK Weight,INFY Weight,JSWSTEEL Weight,NESTLEIND Weight,POWERGRID Weight,RELIANCE Weight,TCS Weight,TATACONSUM Weight,TATASTEEL Weight,TECHM Weight,TITAN Weight,UPL Weight,WIPRO Weight
0,0.07811139211928966,1.131920404266963,0.06031892969394861,3.9231161641533485,8.158582025969977,1.1698953831883474,5.583280075705675,0.5938385448806571,9.998658933989631,0.29030617724385466,3.1970960094180745,9.625515140706794,1.0862521816678647,0.8235733476636744,0.44972733000576093,3.8108477187625978,0.919484427416262,8.241727752229307,1.2377520618726747,7.2702842215337755,8.411443607428797,7.280085863683353,0.5848926004337441,1.3833728022130203,5.689308536208934,1.2185887324405422,9.05237036118334
