,Returns,Standard Deviation,Sharpe Ratio,ADANIPORTS Weight,ASIANPAINT Weight,BAJFINANCE Weight,BAJAJFINSV Weight,BRITANNIA Weight,DIVISLAB Weight,GRASIM Weight,HCLTECH Weight,HDFCBANK Weight,HINDALCO Weight,HINDUNILVR Weight,ICICIBANK Weight,INFY Weight,JSWSTEEL Weight,NESTLEIND Weight,POWERGRID Weight,RELIANCE Weight,TCS Weight,TATACONSUM Weight,TATASTEEL Weight,TECHM Weight,TITAN Weight,UPL Weight,WIPRO Weight
0,-0.0036045838496607877,0.9325568224603182,-0.014411720938750094,1.2278587453050624,1.5322252904738272,4.369970865010679,5.541258960196371,3.2237181429082646,8.750262086019287,0.1954584541574973,0.5781005647057416,4.2561862242345105,0.43567818117072266,5.929162989043835,2.30250289330584,7.416146304353635,1.1375241229473834,4.078438304830125,7.660374145597997,2.2107348122018418,8.665741449128658,7.819881666174901,0.05520894100242759,6.66381833244013,8.582219672252052,0.4524459755792588,6.915082876959939
