,Returns,Standard Deviation,Sharpe Ratio,ADANIPORTS Weight,ASIANPAINT Weight,BAJFINANCE Weight,BAJAJFINSV Weight,BRITANNIA Weight,DIVISLAB Weight,GRASIM Weight,HCLTECH Weight,HDFCBANK Weight,HINDALCO Weight,HINDUNILVR Weight,ICICIBANK Weight,INFY Weight,JSWSTEEL Weight,NESTLEIND Weight,POWERGRID Weight,RELIANCE Weight,TCS Weight,TATACONSUM Weight,TATASTEEL Weight,TECHM Weight,TITAN Weight,UPL Weight,WIPRO Weight
0,0.18224020724181422,0.8201531365371109,0.21021079445551602,1.2076564485252093,7.867110171128176,5.896004249484557,8.391685576121164,1.6794553763127409,7.76754027101859,2.2349304780906682,4.899014446798657,0.49801694846425165,0.17845501537265296,4.374946113580238,1.2487533816872034,2.926304300149299,3.3364717979903267,6.582331286670051,3.322725515670518,4.168313299086016,1.8227695485215838,8.229390944111442,1.269458241492681,1.9953766124478838,9.14847920347731,1.336408525918828,9.618402247879944
