,Returns,Standard Deviation,Sharpe Ratio,ADANIPORTS Weight,ASIANPAINT Weight,BAJFINANCE Weight,BAJAJFINSV Weight,BRITANNIA Weight,DIVISLAB Weight,GRASIM Weight,HCLTECH Weight,HDFCBANK Weight,HINDALCO Weight,HINDUNILVR Weight,ICICIBANK Weight,INFY Weight,JSWSTEEL Weight,NESTLEIND Weight,POWERGRID Weight,RELIANCE Weight,TCS Weight,TATACONSUM Weight,TATASTEEL Weight,TECHM Weight,TITAN Weight,UPL Weight,WIPRO Weight
0,0.24623023434858782,0.9799750567643386,0.2412255984289512,0.2179636701002196,3.500319264918741,9.847608427122251,1.0388433794868308,2.623790980199977,7.859914725064088,1.4724151576628237,1.9693615509009263,9.035676832809454,2.643610435798923,7.671153269092461,0.7134720891743704,0.3521165460486004,2.0574916929005442,5.855127450167571,7.9144119455049164,8.82358700675485,4.935138029306621,1.7572206316085952,1.074085011351403,4.923669154446544,10.014816263390815,1.0388673286749495,2.6593391575135334
