,Returns,Standard Deviation,Sharpe Ratio,ADANIPORTS Weight,ASIANPAINT Weight,BAJFINANCE Weight,BAJAJFINSV Weight,BRITANNIA Weight,DIVISLAB Weight,GRASIM Weight,HCLTECH Weight,HDFCBANK Weight,HINDALCO Weight,HINDUNILVR Weight,ICICIBANK Weight,INFY Weight,JSWSTEEL Weight,NESTLEIND Weight,POWERGRID Weight,RELIANCE Weight,TCS Weight,TATACONSUM Weight,TATASTEEL Weight,TECHM Weight,TITAN Weight,UPL Weight,WIPRO Weight
0,14.88918485763959,5.5606293074161,2.0337958587810836,2.6149974266938525,1.3252947756564266,1.5747001928533768,4.8660214879043355,3.8584513974103958,8.092768533610311,1.0012343273922364,4.617681914213747,1.0593146042165613,6.719494983423481,3.8534944144844014,0.6557282668764123,5.5716172929525625,2.719740521119406,6.181730187846807,3.6243542780463227,7.887697645648211,3.29375754354672,4.606989280856142,7.054793137205396,4.354365616817207,5.691574028273498,1.0759394677574021,7.698258675194794
