,Returns,Standard Deviation,Sharpe Ratio,ADANIPORTS Weight,ASIANPAINT Weight,BAJFINANCE Weight,BAJAJFINSV Weight,BRITANNIA Weight,DIVISLAB Weight,GRASIM Weight,HCLTECH Weight,HDFCBANK Weight,HINDALCO Weight,HINDUNILVR Weight,ICICIBANK Weight,INFY Weight,JSWSTEEL Weight,NESTLEIND Weight,POWERGRID Weight,RELIANCE Weight,TCS Weight,TATACONSUM Weight,TATASTEEL Weight,TECHM Weight,TITAN Weight,UPL Weight,WIPRO Weight
0,12.359116943899949,6.287289709692824,1.3963277261370015,0.10473395021325052,3.968000207316743,1.858723323407958,6.981997101398164,6.674594318196565,6.028579013862586,2.3931712320724245,5.893409471575901,2.154967659091306,5.556935243833194,3.146058105521135,0.27667149187387996,4.098823127662074,3.182357388323123,0.3856292872159839,6.9216832511382265,7.140997005115833,5.355890015247419,5.248400772809823,4.464454538909327,1.8786300184733489,6.672626574469154,6.260597829180227,3.352069073092359
