,Returns,Standard Deviation,Sharpe Ratio,ADANIPORTS Weight,ASIANPAINT Weight,BAJFINANCE Weight,BAJAJFINSV Weight,BRITANNIA Weight,DIVISLAB Weight,GRASIM Weight,HCLTECH Weight,HDFCBANK Weight,HINDALCO Weight,HINDUNILVR Weight,ICICIBANK Weight,INFY Weight,JSWSTEEL Weight,NESTLEIND Weight,POWERGRID Weight,RELIANCE Weight,TCS Weight,TATACONSUM Weight,TATASTEEL Weight,TECHM Weight,TITAN Weight,UPL Weight,WIPRO Weight
0,21.636539609952564,8.266845683491615,2.1842115241137705,1.3837805709405002,5.899195357980875,6.806560213502843,8.612216058770935,0.7272565459449516,4.802603738072765,6.928606948388411,5.617945768541845,6.262512723639553,3.6255054869106442,3.6919955999504297,8.294039640688347,3.2516364131623563,5.918723261678949,3.979755801918846,0.26685066085239395,0.4439482696406737,7.535365855936991,3.7569542994932084,4.1402896167857435,1.8977091454439974,2.7995532385861512,2.6953405053011696,0.6616542778674319
