,Returns,Standard Deviation,Sharpe Ratio,ADANIPORTS Weight,ASIANPAINT Weight,BAJFINANCE Weight,BAJAJFINSV Weight,BRITANNIA Weight,DIVISLAB Weight,GRASIM Weight,HCLTECH Weight,HDFCBANK Weight,HINDALCO Weight,HINDUNILVR Weight,ICICIBANK Weight,INFY Weight,JSWSTEEL Weight,NESTLEIND Weight,POWERGRID Weight,RELIANCE Weight,TCS Weight,TATACONSUM Weight,TATASTEEL Weight,TECHM Weight,TITAN Weight,UPL Weight,WIPRO Weight
0,0.20990255451851114,1.0036562445071637,0.1993385591713103,1.6219495817068952,2.823270873251363,5.529296084446351,8.13625685993921,1.5372960419055681,3.3400210188950674,1.834234118340547,3.4760457508386016,8.34273308396733,2.368620958325194,5.740142354895093,2.9166834111384077,2.188435116283274,1.4225435715567514,10.52201330774932,2.5866187888725114,9.857099998500786,1.1468830778526518,9.711656011312956,0.29460159327748814,4.037395894090627,7.959595987099223,1.766465312664588,0.8401412030901955
