,Returns,Standard Deviation,Sharpe Ratio,ADANIPORTS Weight,ASIANPAINT Weight,BAJFINANCE Weight,BAJAJFINSV Weight,BRITANNIA Weight,DIVISLAB Weight,GRASIM Weight,HCLTECH Weight,HDFCBANK Weight,HINDALCO Weight,HINDUNILVR Weight,ICICIBANK Weight,INFY Weight,JSWSTEEL Weight,NESTLEIND Weight,POWERGRID Weight,RELIANCE Weight,TCS Weight,TATACONSUM Weight,TATASTEEL Weight,TECHM Weight,TITAN Weight,UPL Weight,WIPRO Weight
0,0.2713404736891851,0.5631183785194709,0.4643878069502188,1.6287769650748674,7.024816938111847,9.504761702492386,0.8089785928957286,2.57222855823037,5.963583051385872,0.9080243452235639,8.031363608093784,1.819351000162322,0.13505819397464736,9.234010430944092,1.344851026070392,8.02205148514037,2.291122296847791,8.051186225712058,1.2886495848159716,0.009831179463181646,3.379070034560921,7.025028755099632,4.177485265556798,0.4708238410793025,6.094969829620044,0.5102299634882801,9.703747125955772
