,Returns,Standard Deviation,Sharpe Ratio,ADANIPORTS Weight,ASIANPAINT Weight,BAJFINANCE Weight,BAJAJFINSV Weight,BRITANNIA Weight,DIVISLAB Weight,GRASIM Weight,HCLTECH Weight,HDFCBANK Weight,HINDALCO Weight,HINDUNILVR Weight,ICICIBANK Weight,INFY Weight,JSWSTEEL Weight,NESTLEIND Weight,POWERGRID Weight,RELIANCE Weight,TCS Weight,TATACONSUM Weight,TATASTEEL Weight,TECHM Weight,TITAN Weight,UPL Weight,WIPRO Weight
0,0.12859367564227112,1.1721832431636996,0.10131394685917822,2.290015388510595,4.136821403628933,7.499069246730058,5.029660655235738,0.8770799600833984,7.381349520858796,0.7638268662629916,6.656060848857989,4.8615436606836315,2.168082501907769,2.4519775693743124,5.158383074029786,3.683425604498546,1.8619853042950152,7.4880146019894624,2.0607026598432885,7.095912163697463,3.2351893605784983,8.951366679173171,0.027485116111057074,2.681134606859758,7.396874521923548,2.1363846071520127,4.10765407771418
