,Returns,Standard Deviation,Sharpe Ratio,ADANIPORTS Weight,ASIANPAINT Weight,BAJFINANCE Weight,BAJAJFINSV Weight,BRITANNIA Weight,DIVISLAB Weight,GRASIM Weight,HCLTECH Weight,HDFCBANK Weight,HINDALCO Weight,HINDUNILVR Weight,ICICIBANK Weight,INFY Weight,JSWSTEEL Weight,NESTLEIND Weight,POWERGRID Weight,RELIANCE Weight,TCS Weight,TATACONSUM Weight,TATASTEEL Weight,TECHM Weight,TITAN Weight,UPL Weight,WIPRO Weight
0,14.138504233754892,9.207951382810313,1.146672456749265,6.4463211146827915,7.160501636117552,4.481164678613051,6.377129813222197,2.3900469302499374,1.3961072786934154,3.686140864532582,7.337148602482318,5.347056645711379,0.8326393988000079,6.78037560238383,0.029506437881970694,1.185525239776487,7.076524306315737,2.7686745404045725,7.006499605475473,1.2037323316001027,3.629310674650881,6.741284876292027,2.632545458503464,4.902447430972451,4.367256837255665,2.899894983333581,3.322164712048529
