,Returns,Standard Deviation,Sharpe Ratio,ADANIPORTS Weight,ASIANPAINT Weight,BAJFINANCE Weight,BAJAJFINSV Weight,BRITANNIA Weight,DIVISLAB Weight,GRASIM Weight,HCLTECH Weight,HDFCBANK Weight,HINDALCO Weight,HINDUNILVR Weight,ICICIBANK Weight,INFY Weight,JSWSTEEL Weight,NESTLEIND Weight,POWERGRID Weight,RELIANCE Weight,TCS Weight,TATACONSUM Weight,TATASTEEL Weight,TECHM Weight,TITAN Weight,UPL Weight,WIPRO Weight
0,13.249576787425235,8.121379532853567,1.1906322993906044,3.2829837619548643,0.3098796072218132,5.76260596996165,5.496696298761632,1.4437037701464905,5.368036212239539,2.7934729680718187,3.9722217210567146,0.13205775415599866,1.3473157739173087,1.2434831309998964,6.263315256277097,8.359888994682095,0.3157373065407362,6.477599639206522,6.024760093272724,3.190298057113399,8.830172926663096,5.884366440274537,7.94034641173616,4.697472753542222,1.455689262392123,7.5464145726664515,1.8614813171451274
