,Returns,Standard Deviation,Sharpe Ratio,ADANIPORTS Weight,ASIANPAINT Weight,BAJFINANCE Weight,BAJAJFINSV Weight,BRITANNIA Weight,DIVISLAB Weight,GRASIM Weight,HCLTECH Weight,HDFCBANK Weight,HINDALCO Weight,HINDUNILVR Weight,ICICIBANK Weight,INFY Weight,JSWSTEEL Weight,NESTLEIND Weight,POWERGRID Weight,RELIANCE Weight,TCS Weight,TATACONSUM Weight,TATASTEEL Weight,TECHM Weight,TITAN Weight,UPL Weight,WIPRO Weight
0,0.16867030111635603,0.6218381966359331,0.25542840105427655,7.569249270720836,5.520741513024129,8.132293736771615,1.024634101231404,8.178067737475049,6.982400857168098,0.0904110175395375,9.691643412590366,1.4203872038490386,0.6576151587303426,5.000802580654382,0.005079264725670224,0.6060729358005867,10.256890407819432,1.8515267748938202,4.8156565240020335,8.406709531211936,4.605244879152457,9.110128624473077,1.4807566012944617,0.06313162133772192,1.5299709540982156,0.04205437331575287,2.9585309181200445
