,Returns,Standard Deviation,Sharpe Ratio,ADANIPORTS Weight,ASIANPAINT Weight,BAJFINANCE Weight,BAJAJFINSV Weight,BRITANNIA Weight,DIVISLAB Weight,GRASIM Weight,HCLTECH Weight,HDFCBANK Weight,HINDALCO Weight,HINDUNILVR Weight,ICICIBANK Weight,INFY Weight,JSWSTEEL Weight,NESTLEIND Weight,POWERGRID Weight,RELIANCE Weight,TCS Weight,TATACONSUM Weight,TATASTEEL Weight,TECHM Weight,TITAN Weight,UPL Weight,WIPRO Weight
0,0.34347726806085394,0.9232635697251459,0.36137254210627395,0.36797859974603947,0.9752302056928052,8.920937142109452,2.4248019326721333,0.16241020342511975,8.766911409318876,1.2188671603692893,4.321752117531339,9.302032446792317,0.12297850083781418,8.327724989502263,0.5480199164528083,1.0932403305022915,0.25754654226951373,6.835004051796409,1.99655718539767,10.338457652043994,6.835786581195603,4.205413036260798,6.565516148099679,5.071824921280238,3.59699262020299,1.7854269513904077,5.958589355110138
