,Returns,Standard Deviation,Sharpe Ratio,ADANIPORTS Weight,ASIANPAINT Weight,BAJFINANCE Weight,BAJAJFINSV Weight,BRITANNIA Weight,DIVISLAB Weight,GRASIM Weight,HCLTECH Weight,HDFCBANK Weight,HINDALCO Weight,HINDUNILVR Weight,ICICIBANK Weight,INFY Weight,JSWSTEEL Weight,NESTLEIND Weight,POWERGRID Weight,RELIANCE Weight,TCS Weight,TATACONSUM Weight,TATASTEEL Weight,TECHM Weight,TITAN Weight,UPL Weight,WIPRO Weight
0,19.782335780829026,7.2185032438187315,2.244556140457959,6.978631513069307,2.3478434140396254,2.039677333198787,5.548639988661074,7.183668753178246,5.38482006800005,0.009207579840875751,1.6095835096024067,8.044070851552426,0.5202514803825007,4.608091373475279,0.135599560974381,7.098851045194173,5.220598762269234,0.13869568866881507,0.7548868896079365,4.178919714630079,4.6252447535779995,5.367136965901428,2.657028988443001,8.380752620663635,8.40827727159915,6.66004070204498,2.0994811714246118
