,Returns,Standard Deviation,Sharpe Ratio,ADANIPORTS Weight,ASIANPAINT Weight,BAJFINANCE Weight,BAJAJFINSV Weight,BRITANNIA Weight,DIVISLAB Weight,GRASIM Weight,HCLTECH Weight,HDFCBANK Weight,HINDALCO Weight,HINDUNILVR Weight,ICICIBANK Weight,INFY Weight,JSWSTEEL Weight,NESTLEIND Weight,POWERGRID Weight,RELIANCE Weight,TCS Weight,TATACONSUM Weight,TATASTEEL Weight,TECHM Weight,TITAN Weight,UPL Weight,WIPRO Weight
0,0.20247031675437052,0.7698315657347155,0.2502302587909053,0.1349827681569022,5.894457851210135,3.1363927854392855,4.216728205343155,1.6693088695364038,6.669530015625696,1.8415744036213482,1.4312318419766843,0.2898793116139115,0.27933905429063505,9.639989051511018,0.05451573317135168,8.045353813215682,6.105071064934532,4.874439279810408,1.7352639367484273,6.369622912462561,5.750937504688308,5.078451704972838,2.4747397592827856,6.459707736444097,8.53739659824152,4.165781401152072,5.145304396550243
