,Returns,Standard Deviation,Sharpe Ratio,ADANIPORTS Weight,ASIANPAINT Weight,BAJFINANCE Weight,BAJAJFINSV Weight,BRITANNIA Weight,DIVISLAB Weight,GRASIM Weight,HCLTECH Weight,HDFCBANK Weight,HINDALCO Weight,HINDUNILVR Weight,ICICIBANK Weight,INFY Weight,JSWSTEEL Weight,NESTLEIND Weight,POWERGRID Weight,RELIANCE Weight,TCS Weight,TATACONSUM Weight,TATASTEEL Weight,TECHM Weight,TITAN Weight,UPL Weight,WIPRO Weight
0,7.77739484595994,6.368650601511379,0.6590713023201231,2.9191292168257603,5.62725903772545,6.3475262975120845,5.999599109458786,3.7552608100326026,2.006131789430299,1.8366778164553577,9.14314517182158,4.161754731852494,5.02626687556398,7.12551078343792,5.532799713968397,9.489969167571177,3.681358046117062,0.6251422531432089,2.7593757048431184,7.321609846316483,5.424040146361684,3.411641547215326,0.9011948705171974,2.22677018811401,2.2392792222513567,0.6335175881337789,1.8050400653308603
