,Returns,Standard Deviation,Sharpe Ratio,ADANIPORTS Weight,ASIANPAINT Weight,BAJFINANCE Weight,BAJAJFINSV Weight,BRITANNIA Weight,DIVISLAB Weight,GRASIM Weight,HCLTECH Weight,HDFCBANK Weight,HINDALCO Weight,HINDUNILVR Weight,ICICIBANK Weight,INFY Weight,JSWSTEEL Weight,NESTLEIND Weight,POWERGRID Weight,RELIANCE Weight,TCS Weight,TATACONSUM Weight,TATASTEEL Weight,TECHM Weight,TITAN Weight,UPL Weight,WIPRO Weight
0,14.569190120972985,5.629941837007111,1.951918943236341,5.432102575608356,1.572676169058722,4.576005302375495,7.556094374950124,0.12580786606888966,2.4217045041220304,4.2648503965598685,0.04517511253465895,2.6454827845090807,5.280662987802379,1.6309024699351586,4.721296804804545,1.5523672338732557,6.705880225677915,7.112086176420536,6.218231957205992,4.834966889426022,6.731198011582257,2.586845558632938,6.994072929956667,3.1485251219659367,6.656549872322418,0.3314936005247042,6.855021074082028
