,Returns,Standard Deviation,Sharpe Ratio,ADANIPORTS Weight,ASIANPAINT Weight,BAJFINANCE Weight,BAJAJFINSV Weight,BRITANNIA Weight,DIVISLAB Weight,GRASIM Weight,HCLTECH Weight,HDFCBANK Weight,HINDALCO Weight,HINDUNILVR Weight,ICICIBANK Weight,INFY Weight,JSWSTEEL Weight,NESTLEIND Weight,POWERGRID Weight,RELIANCE Weight,TCS Weight,TATACONSUM Weight,TATASTEEL Weight,TECHM Weight,TITAN Weight,UPL Weight,WIPRO Weight
0,-0.08304440031798793,0.9959192299633699,-0.09326013833126699,0.48518942951740907,2.5973539412895086,8.163982147012067,5.355091325866632,2.269883220938366,7.770963556735801,2.071963595933437,1.940652140554467,4.477090461393207,0.6967499327759398,8.320472099333188,0.8928587760282782,2.5121394730728666,0.4524674483370216,8.195476771599388,1.151983829288229,7.656145823723076,3.7550170479168323,8.02228111657038,4.483060701153977,6.598367067766432,6.564460730983384,0.6773343306785153,4.889015031531595
