,Returns,Standard Deviation,Sharpe Ratio,ADANIPORTS Weight,ASIANPAINT Weight,BAJFINANCE Weight,BAJAJFINSV Weight,BRITANNIA Weight,DIVISLAB Weight,GRASIM Weight,HCLTECH Weight,HDFCBANK Weight,HINDALCO Weight,HINDUNILVR Weight,ICICIBANK Weight,INFY Weight,JSWSTEEL Weight,NESTLEIND Weight,POWERGRID Weight,RELIANCE Weight,TCS Weight,TATACONSUM Weight,TATASTEEL Weight,TECHM Weight,TITAN Weight,UPL Weight,WIPRO Weight
0,0.327519046993461,0.9408924703055038,0.3376410080688025,0.20726918882729584,6.105606453555083,7.543158895275012,3.0239561225499485,0.7430051741384499,9.2254832949826,0.3040684417081545,7.915384826195855,3.8009870237270946,1.2082441634741754,4.068343240740342,2.1499933733876992,8.101031367259596,1.294161099613261,5.416166341150295,6.684848427626944,9.086711807085283,8.996636378853555,6.699116472942719,1.2149364681208425,0.4193489007361325,0.06924279989852176,1.3454088248098417,4.376890913341306
