,Returns,Standard Deviation,Sharpe Ratio,ADANIPORTS Weight,ASIANPAINT Weight,BAJFINANCE Weight,BAJAJFINSV Weight,BRITANNIA Weight,DIVISLAB Weight,GRASIM Weight,HCLTECH Weight,HDFCBANK Weight,HINDALCO Weight,HINDUNILVR Weight,ICICIBANK Weight,INFY Weight,JSWSTEEL Weight,NESTLEIND Weight,POWERGRID Weight,RELIANCE Weight,TCS Weight,TATACONSUM Weight,TATASTEEL Weight,TECHM Weight,TITAN Weight,UPL Weight,WIPRO Weight
0,9.83217695212207,10.355580024330475,0.6037495666522356,4.3322712600949425,8.617221090340054,9.771515117308159,8.086898805283315,0.903194005662151,2.6295659003418166,1.9989785096234725,0.17441525585547055,4.3826438869711,0.6768942279707517,6.128986321054552,0.8131997750353004,0.478056356115468,4.365846448628888,6.372938554509256,6.800883538271761,4.760091015305276,6.195978373853757,2.9633175208998637,8.242791966530875,0.5347779135078318,7.0966572292403916,0.4606506163654606,3.2122263112301
