,Returns,Standard Deviation,Sharpe Ratio,ADANIPORTS Weight,ASIANPAINT Weight,BAJFINANCE Weight,BAJAJFINSV Weight,BRITANNIA Weight,DIVISLAB Weight,GRASIM Weight,HCLTECH Weight,HDFCBANK Weight,HINDALCO Weight,HINDUNILVR Weight,ICICIBANK Weight,INFY Weight,JSWSTEEL Weight,NESTLEIND Weight,POWERGRID Weight,RELIANCE Weight,TCS Weight,TATACONSUM Weight,TATASTEEL Weight,TECHM Weight,TITAN Weight,UPL Weight,WIPRO Weight
0,13.839791604470397,7.7639180112479975,1.321470884881383,1.5271218611693034,1.5429323750504322,7.235394650264706,4.787657491190928,6.582048456899528,5.371066937312228,3.0353715380457555,6.601554334222275,4.998902703391121,4.067186929208125,6.374901664716391,3.055644633836088,5.434657791198654,2.801558971307654,6.940312199834488,1.6476501730178186,0.4189754181860991,1.7523329041139406,6.040614234336747,0.5128155939295596,2.9204297011176505,6.5602265815471394,4.31087118697732,5.4797716691260305
