,Returns,Standard Deviation,Sharpe Ratio,ADANIPORTS Weight,ASIANPAINT Weight,BAJFINANCE Weight,BAJAJFINSV Weight,BRITANNIA Weight,DIVISLAB Weight,GRASIM Weight,HCLTECH Weight,HDFCBANK Weight,HINDALCO Weight,HINDUNILVR Weight,ICICIBANK Weight,INFY Weight,JSWSTEEL Weight,NESTLEIND Weight,POWERGRID Weight,RELIANCE Weight,TCS Weight,TATACONSUM Weight,TATASTEEL Weight,TECHM Weight,TITAN Weight,UPL Weight,WIPRO Weight
0,-4.802943379170248,7.899606699182106,-1.0611849043115253,1.1992994875331804,3.1158977691083205,6.534705173795122,1.0890040562445171,4.696454120642706,7.218666643042949,0.38390727912287137,4.3653286327386995,6.358917112409017,5.871349028791745,7.313369094558414,5.860844607712892,0.20820903626076365,5.240621181554494,1.042804676165989,2.843275539406985,7.46708315791836,6.220012996795112,5.147754191035795,5.338533436320118,1.6501695403646086,8.732398414711708,1.5689346937136073,0.5324601300520517
