,Returns,Standard Deviation,Sharpe Ratio,ADANIPORTS Weight,ASIANPAINT Weight,BAJFINANCE Weight,BAJAJFINSV Weight,BRITANNIA Weight,DIVISLAB Weight,GRASIM Weight,HCLTECH Weight,HDFCBANK Weight,HINDALCO Weight,HINDUNILVR Weight,ICICIBANK Weight,INFY Weight,JSWSTEEL Weight,NESTLEIND Weight,POWERGRID Weight,RELIANCE Weight,TCS Weight,TATACONSUM Weight,TATASTEEL Weight,TECHM Weight,TITAN Weight,UPL Weight,WIPRO Weight
0,0.21871935214283528,0.6243783418986093,0.3345474583126883,0.7802868770638999,4.408387059391011,6.437798332043894,0.6990499687670014,1.8443532744050355,8.418483024593847,0.7971410680945751,0.25636806650975325,1.5154304119541786,1.1829205749797032,6.236820151560015,0.3609408355974126,9.030760841008417,4.096929381421579,8.863512703220637,0.9303379128933235,6.877407489378435,6.697634938528889,8.13574406365991,1.9105944935115076,4.100215208550795,6.983565092128778,1.8862428682833183,7.549075362454097
