,Returns,Standard Deviation,Sharpe Ratio,ADANIPORTS Weight,ASIANPAINT Weight,BAJFINANCE Weight,BAJAJFINSV Weight,BRITANNIA Weight,DIVISLAB Weight,GRASIM Weight,HCLTECH Weight,HDFCBANK Weight,HINDALCO Weight,HINDUNILVR Weight,ICICIBANK Weight,INFY Weight,JSWSTEEL Weight,NESTLEIND Weight,POWERGRID Weight,RELIANCE Weight,TCS Weight,TATACONSUM Weight,TATASTEEL Weight,TECHM Weight,TITAN Weight,UPL Weight,WIPRO Weight
0,0.2712820380273563,0.5331827588710475,0.4903513267116417,1.8654175127939303,0.3535021584533471,6.9175313037897785,2.133218350130191,3.1740092279713252,8.277514809748721,0.783978797897033,6.562761885596122,2.2835499781430157,0.05113218329081122,8.124864115790507,1.7377655228588336,5.234638780081714,3.8134486901780527,6.758860259407093,0.12838844545196001,7.648481578888918,2.9318333005408768,6.207618973272338,1.75472587182791,4.649600020291969,8.321002725956737,2.2047343339791126,8.08142117365969
