,Returns,Standard Deviation,Sharpe Ratio,ADANIPORTS Weight,ASIANPAINT Weight,BAJFINANCE Weight,BAJAJFINSV Weight,BRITANNIA Weight,DIVISLAB Weight,GRASIM Weight,HCLTECH Weight,HDFCBANK Weight,HINDALCO Weight,HINDUNILVR Weight,ICICIBANK Weight,INFY Weight,JSWSTEEL Weight,NESTLEIND Weight,POWERGRID Weight,RELIANCE Weight,TCS Weight,TATACONSUM Weight,TATASTEEL Weight,TECHM Weight,TITAN Weight,UPL Weight,WIPRO Weight
0,22.524027088768367,7.167900770111038,2.6428975088162256,2.0831201951020315,5.660253071313482,7.76076417496406,2.847687822546847,3.351053435777092,6.880490123812343,5.950840765617027,3.5852851098794845,5.117274815692337,3.154114680074555,5.810399615282367,3.6874695873854932,5.471986613861022,3.457416734484601,4.580448445538488,1.6396390956265654,0.2184909961925586,3.8580537790124563,3.7459583677805712,1.2520994997186647,7.253241642016178,4.551474949269358,4.370143908683203,3.7122925703692147
