,Returns,Standard Deviation,Sharpe Ratio,ADANIPORTS Weight,ASIANPAINT Weight,BAJFINANCE Weight,BAJAJFINSV Weight,BRITANNIA Weight,DIVISLAB Weight,GRASIM Weight,HCLTECH Weight,HDFCBANK Weight,HINDALCO Weight,HINDUNILVR Weight,ICICIBANK Weight,INFY Weight,JSWSTEEL Weight,NESTLEIND Weight,POWERGRID Weight,RELIANCE Weight,TCS Weight,TATACONSUM Weight,TATASTEEL Weight,TECHM Weight,TITAN Weight,UPL Weight,WIPRO Weight
0,0.2976764373171688,0.9712867506259113,0.29635045705762475,0.4937097477532722,1.8963207254486107,8.759200537262242,4.265220943230419,5.203004451729002,1.879821129491842,0.3827579692626069,1.0925069915355847,8.015729286122493,3.3547523686762033,8.211991677969793,0.29423308219207467,7.365834513674742,0.6837637161883553,8.99313752229282,4.45635400507705,8.529907359060605,5.720478973732096,2.547348340389105,0.41096659330359175,3.979868554554502,8.434816215531637,2.7694977362067323,2.2587775593146233
