,Returns,Standard Deviation,Sharpe Ratio,ADANIPORTS Weight,ASIANPAINT Weight,BAJFINANCE Weight,BAJAJFINSV Weight,BRITANNIA Weight,DIVISLAB Weight,GRASIM Weight,HCLTECH Weight,HDFCBANK Weight,HINDALCO Weight,HINDUNILVR Weight,ICICIBANK Weight,INFY Weight,JSWSTEEL Weight,NESTLEIND Weight,POWERGRID Weight,RELIANCE Weight,TCS Weight,TATACONSUM Weight,TATASTEEL Weight,TECHM Weight,TITAN Weight,UPL Weight,WIPRO Weight
0,0.14472728363145548,0.9840907132025832,0.13707285008035838,3.681448887956712,0.2571959924100534,7.709434064659554,6.309139318208203,8.842984264837206,2.3180789015102694,1.250121054935927,7.58388586074058,3.9316597139491782,2.0454489844180834,2.986325551086963,0.4906590140201078,8.2474012584908,2.287210593083038,7.665104014571007,1.0037100331938564,6.690284868358766,4.758225831588962,8.713179081203954,0.8037664817011856,1.893720024835984,7.521224225754663,0.2271643724695977,2.7826276060153323
