,Returns,Standard Deviation,Sharpe Ratio,ADANIPORTS Weight,ASIANPAINT Weight,BAJFINANCE Weight,BAJAJFINSV Weight,BRITANNIA Weight,DIVISLAB Weight,GRASIM Weight,HCLTECH Weight,HDFCBANK Weight,HINDALCO Weight,HINDUNILVR Weight,ICICIBANK Weight,INFY Weight,JSWSTEEL Weight,NESTLEIND Weight,POWERGRID Weight,RELIANCE Weight,TCS Weight,TATACONSUM Weight,TATASTEEL Weight,TECHM Weight,TITAN Weight,UPL Weight,WIPRO Weight
0,13.9373087218187,5.7928957395490945,1.7879328728648738,3.0597045418502273,3.083401752446642,6.936441080293773,7.795597312639359,0.02230761629677882,5.693559401512413,1.3640162379430678,2.3919849656563117,4.0954867500016245,1.2322394660432359,1.5559541986793666,1.295506370964994,6.124376227277399,9.275905500973623,8.800596051356866,3.726184350026219,8.271385579604134,6.370246561406984,0.5757751906789094,2.606316815421578,4.411952164671104,2.9459627460916793,1.2945466249762847,7.07055249318741
