,Returns,Standard Deviation,Sharpe Ratio,ADANIPORTS Weight,ASIANPAINT Weight,BAJFINANCE Weight,BAJAJFINSV Weight,BRITANNIA Weight,DIVISLAB Weight,GRASIM Weight,HCLTECH Weight,HDFCBANK Weight,HINDALCO Weight,HINDUNILVR Weight,ICICIBANK Weight,INFY Weight,JSWSTEEL Weight,NESTLEIND Weight,POWERGRID Weight,RELIANCE Weight,TCS Weight,TATACONSUM Weight,TATASTEEL Weight,TECHM Weight,TITAN Weight,UPL Weight,WIPRO Weight
0,13.752957095519841,10.475230303876112,0.9711440035600534,6.369240753631493,6.628766325578097,4.588369133553982,7.730339485722987,0.7412739436075128,1.7840781987277083,0.38651388047482077,2.789198567621206,5.459076483486796,3.3115324782264524,1.3075027758749005,2.2778083049623428,6.0188286862437606,8.125293319520074,2.773560098669239,8.342513154622996,5.876526208234926,1.3766851864425942,4.470748978001525,8.44479701808264,4.9177085686026105,3.235764553264538,0.7521255898939664,2.2917483069528455
