,Returns,Standard Deviation,Sharpe Ratio,ADANIPORTS Weight,ASIANPAINT Weight,BAJFINANCE Weight,BAJAJFINSV Weight,BRITANNIA Weight,DIVISLAB Weight,GRASIM Weight,HCLTECH Weight,HDFCBANK Weight,HINDALCO Weight,HINDUNILVR Weight,ICICIBANK Weight,INFY Weight,JSWSTEEL Weight,NESTLEIND Weight,POWERGRID Weight,RELIANCE Weight,TCS Weight,TATACONSUM Weight,TATASTEEL Weight,TECHM Weight,TITAN Weight,UPL Weight,WIPRO Weight
0,0.24943194650941378,0.984570768006188,0.2433515085558005,0.4632295896352544,6.219890159260881,6.977688982465125,1.8230608400848558,6.0185926774816965,6.525868983856905,0.5986384034865756,4.521245900535843,5.098042710100669,3.176406618388143,5.287960362997328,1.2209687975829027,2.7474726790284763,0.6200135101720333,6.283763705094296,2.6975503492794997,7.46644055813874,7.610092830920381,6.8573024190978895,2.0311118965779325,5.584362259170311,3.2145827930138613,0.18927242450680695,6.766440549123573
