,Returns,Standard Deviation,Sharpe Ratio,ADANIPORTS Weight,ASIANPAINT Weight,BAJFINANCE Weight,BAJAJFINSV Weight,BRITANNIA Weight,DIVISLAB Weight,GRASIM Weight,HCLTECH Weight,HDFCBANK Weight,HINDALCO Weight,HINDUNILVR Weight,ICICIBANK Weight,INFY Weight,JSWSTEEL Weight,NESTLEIND Weight,POWERGRID Weight,RELIANCE Weight,TCS Weight,TATACONSUM Weight,TATASTEEL Weight,TECHM Weight,TITAN Weight,UPL Weight,WIPRO Weight
0,0.22540872066672035,0.5134560966371866,0.41984807901479065,1.4184666272667508,8.901075496366136,0.13428901836588408,1.9589876361469447,0.7406019674084524,7.110745639413177,0.9218508046954602,1.8396188505653526,3.9710033271406346,2.0799200971012866,3.1159111239386243,1.3235149599535017,9.968403755068826,2.930943470960067,9.79454743507464,1.5984230001043136,7.760028772943207,7.315925501747057,5.738016354466641,0.6975687274142669,0.8159534352931251,10.005066481114325,1.947641656662328,7.911495860789007
