,Returns,Standard Deviation,Sharpe Ratio,ADANIPORTS Weight,ASIANPAINT Weight,BAJFINANCE Weight,BAJAJFINSV Weight,BRITANNIA Weight,DIVISLAB Weight,GRASIM Weight,HCLTECH Weight,HDFCBANK Weight,HINDALCO Weight,HINDUNILVR Weight,ICICIBANK Weight,INFY Weight,JSWSTEEL Weight,NESTLEIND Weight,POWERGRID Weight,RELIANCE Weight,TCS Weight,TATACONSUM Weight,TATASTEEL Weight,TECHM Weight,TITAN Weight,UPL Weight,WIPRO Weight
0,15.594465309413192,8.383215762811796,1.4331571140885735,6.945635799415594,3.5636829733149784,6.562447149908154,5.7869120110346755,7.132240592003282,3.643132626316682,6.143254364460564,4.785051242572011,1.044691427886766,7.550957775843598,6.259151861317956,0.13989172512054962,0.18774984647229045,5.596692593404626,4.5468633634993125,5.142525959512623,0.6154712263948949,3.5899057402492813,4.839467795645964,1.841312053611184,0.0754200684126231,5.703472725045117,0.6455674284316754,7.6585016501255865
