,Returns,Standard Deviation,Sharpe Ratio,ADANIPORTS Weight,ASIANPAINT Weight,BAJFINANCE Weight,BAJAJFINSV Weight,BRITANNIA Weight,DIVISLAB Weight,GRASIM Weight,HCLTECH Weight,HDFCBANK Weight,HINDALCO Weight,HINDUNILVR Weight,ICICIBANK Weight,INFY Weight,JSWSTEEL Weight,NESTLEIND Weight,POWERGRID Weight,RELIANCE Weight,TCS Weight,TATACONSUM Weight,TATASTEEL Weight,TECHM Weight,TITAN Weight,UPL Weight,WIPRO Weight
0,12.072879316525354,4.461841427389501,1.9034471427852382,2.4943078332154456,0.11984912035271422,8.39466637324258,0.5692194106975589,4.260978376665895,1.7880369152977957,1.9988068837135455,0.11415397617708678,4.150695217377877,3.4506251803120556,8.45177329387894,8.582195981716701,0.7393231700676614,5.328112221267543,6.527142808369867,0.11989135707268495,7.694697291480236,6.662488265123027,3.9516030254706576,1.06002890792995,4.354785110881652,6.821508348033673,6.548566822981101,5.816544108673758
