,Returns,Standard Deviation,Sharpe Ratio,ADANIPORTS Weight,ASIANPAINT Weight,BAJFINANCE Weight,BAJAJFINSV Weight,BRITANNIA Weight,DIVISLAB Weight,GRASIM Weight,HCLTECH Weight,HDFCBANK Weight,HINDALCO Weight,HINDUNILVR Weight,ICICIBANK Weight,INFY Weight,JSWSTEEL Weight,NESTLEIND Weight,POWERGRID Weight,RELIANCE Weight,TCS Weight,TATACONSUM Weight,TATASTEEL Weight,TECHM Weight,TITAN Weight,UPL Weight,WIPRO Weight
0,16.689458504433166,4.57822408930599,2.863437492073574,4.553970144806853,1.0287285016847945,2.134185228045342,7.522686868953099,6.900244848867771,0.5076019343663687,2.673328225794668,6.513931691310145,2.4576279821729536,3.410370068048154,6.294826401243424,3.093164173294367,6.3474994044012565,0.09300905864430732,4.041936948804191,2.2366515002596286,2.2510688141441673,6.718240825712482,3.929683893620084,2.618060443573503,6.857735149713124,6.153986251379669,4.122575665557597,7.538885975602073
