,Returns,Standard Deviation,Sharpe Ratio,ADANIPORTS Weight,ASIANPAINT Weight,BAJFINANCE Weight,BAJAJFINSV Weight,BRITANNIA Weight,DIVISLAB Weight,GRASIM Weight,HCLTECH Weight,HDFCBANK Weight,HINDALCO Weight,HINDUNILVR Weight,ICICIBANK Weight,INFY Weight,JSWSTEEL Weight,NESTLEIND Weight,POWERGRID Weight,RELIANCE Weight,TCS Weight,TATACONSUM Weight,TATASTEEL Weight,TECHM Weight,TITAN Weight,UPL Weight,WIPRO Weight
0,21.5602978170325,9.155402224618312,1.963900370066166,3.1535253805449073,0.8294768760630735,3.2228898297973396,6.61955732628265,0.4552063364437635,7.8560179620144845,1.3888654105812603,5.568066341478567,4.1833971611152325,7.604208124053067,0.9358897843459051,4.627594151031901,5.79901021973096,6.46254114201348,4.247641518774414,1.1877008641057134,8.265627416641413,1.1544197189065843,2.382800737972798,7.063551085070012,4.1427822422937925,5.170624389462682,6.317717715444214,1.3608882658317922
