,Returns,Standard Deviation,Sharpe Ratio,ADANIPORTS Weight,ASIANPAINT Weight,BAJFINANCE Weight,BAJAJFINSV Weight,BRITANNIA Weight,DIVISLAB Weight,GRASIM Weight,HCLTECH Weight,HDFCBANK Weight,HINDALCO Weight,HINDUNILVR Weight,ICICIBANK Weight,INFY Weight,JSWSTEEL Weight,NESTLEIND Weight,POWERGRID Weight,RELIANCE Weight,TCS Weight,TATACONSUM Weight,TATASTEEL Weight,TECHM Weight,TITAN Weight,UPL Weight,WIPRO Weight
0,0.2727824660861743,0.6258062997636146,0.42017362457094537,3.770038602464585,4.2162118113089075,10.101777253252703,1.1884424628462118,2.022625943679448,8.542582676813254,0.045723100737498176,0.12456283912696427,2.779359327024803,1.5552339692301993,2.348176983671796,0.5478177739368506,9.404433936658153,5.348758764643248,2.057161955958353,1.4798324072868616,2.7906236391010415,6.0614630810883305,7.7735923706796894,7.574659180849546,1.9741628976108867,7.7472884083159625,0.20912813751240666,10.336342476202287
