,Returns,Standard Deviation,Sharpe Ratio,ADANIPORTS Weight,ASIANPAINT Weight,BAJFINANCE Weight,BAJAJFINSV Weight,BRITANNIA Weight,DIVISLAB Weight,GRASIM Weight,HCLTECH Weight,HDFCBANK Weight,HINDALCO Weight,HINDUNILVR Weight,ICICIBANK Weight,INFY Weight,JSWSTEEL Weight,NESTLEIND Weight,POWERGRID Weight,RELIANCE Weight,TCS Weight,TATACONSUM Weight,TATASTEEL Weight,TECHM Weight,TITAN Weight,UPL Weight,WIPRO Weight
0,10.443813481233292,6.017976125111357,1.1405517965736833,3.7363143931441605,4.01603277383889,7.2958099083476045,3.916670485833974,6.021857148970145,5.006500677613915,6.741977358408954,5.901680359508454,4.077578137037395,0.6357080598581323,6.539668765218557,3.56300119466172,7.25286875027227,4.251855187306281,1.313896787474094,5.851557414230165,6.267916341588544,3.4988358156512014,3.10581953808784,0.5708011943458247,1.4633856345363503,1.161777740316091,0.20746993027591595,7.601016403473509
