,Returns,Standard Deviation,Sharpe Ratio,ADANIPORTS Weight,ASIANPAINT Weight,BAJFINANCE Weight,BAJAJFINSV Weight,BRITANNIA Weight,DIVISLAB Weight,GRASIM Weight,HCLTECH Weight,HDFCBANK Weight,HINDALCO Weight,HINDUNILVR Weight,ICICIBANK Weight,INFY Weight,JSWSTEEL Weight,NESTLEIND Weight,POWERGRID Weight,RELIANCE Weight,TCS Weight,TATACONSUM Weight,TATASTEEL Weight,TECHM Weight,TITAN Weight,UPL Weight,WIPRO Weight
0,0.21019760109680977,1.2411872790849965,0.16142804525788576,3.740301006206803,1.1709253666518948,6.997504193436373,7.56426327264661,0.4984566425381744,10.573940564428435,1.8453770318866636,3.024842882397364,7.958711261513504,1.0511095991143748,9.107114739493422,0.7045967557434423,0.21033734446258348,3.034371343483479,9.339722528875033,1.0749367419314695,1.5364783139489135,5.948664016832886,4.645917189692518,1.4832817914802112,3.9219290235868627,10.350701330928887,0.001427974846656134,4.215089083873451
