,Returns,Standard Deviation,Sharpe Ratio,ADANIPORTS Weight,ASIANPAINT Weight,BAJFINANCE Weight,BAJAJFINSV Weight,BRITANNIA Weight,DIVISLAB Weight,GRASIM Weight,HCLTECH Weight,HDFCBANK Weight,HINDALCO Weight,HINDUNILVR Weight,ICICIBANK Weight,INFY Weight,JSWSTEEL Weight,NESTLEIND Weight,POWERGRID Weight,RELIANCE Weight,TCS Weight,TATACONSUM Weight,TATASTEEL Weight,TECHM Weight,TITAN Weight,UPL Weight,WIPRO Weight
0,0.2474497852734646,0.5509621088346988,0.431272163054664,4.546031230761956,3.6477959414358434,8.943246251957863,0.18590022650509,5.09628081516778,5.735540110065422,0.7007736534071403,7.841633790954891,1.6858779380959228,0.20368369527294905,8.18830679863687,1.9394207674464248,5.664262790981593,1.2213958257334714,8.742233772250712,1.5114499483192323,0.7367663522288034,8.903575189392065,6.661679203600078,1.0579552410458297,2.469780563533072,9.05251020788558,0.4376892568465563,4.826210428474869
