,Returns,Standard Deviation,Sharpe Ratio,ADANIPORTS Weight,ASIANPAINT Weight,BAJFINANCE Weight,BAJAJFINSV Weight,BRITANNIA Weight,DIVISLAB Weight,GRASIM Weight,HCLTECH Weight,HDFCBANK Weight,HINDALCO Weight,HINDUNILVR Weight,ICICIBANK Weight,INFY Weight,JSWSTEEL Weight,NESTLEIND Weight,POWERGRID Weight,RELIANCE Weight,TCS Weight,TATACONSUM Weight,TATASTEEL Weight,TECHM Weight,TITAN Weight,UPL Weight,WIPRO Weight
0,15.03429438589175,7.638474021880286,1.49955270556411,1.032597522093991,5.507078323905593,2.7609460494968303,0.4191570466670988,8.581745164670892,8.432497180555924,1.317908245626097,0.23436675404554566,1.979921516800719,1.340176069823584,4.6972782867555765,2.6241927000500436,1.1066679457428619,10.164300715496989,5.957827021915515,1.0886326690170594,3.6190041064435805,9.190081939979326,8.634785925687778,4.512791493307516,2.593382826556728,5.632145010206939,1.709414815617452,6.8631006695363554
