,Returns,Standard Deviation,Sharpe Ratio,ADANIPORTS Weight,ASIANPAINT Weight,BAJFINANCE Weight,BAJAJFINSV Weight,BRITANNIA Weight,DIVISLAB Weight,GRASIM Weight,HCLTECH Weight,HDFCBANK Weight,HINDALCO Weight,HINDUNILVR Weight,ICICIBANK Weight,INFY Weight,JSWSTEEL Weight,NESTLEIND Weight,POWERGRID Weight,RELIANCE Weight,TCS Weight,TATACONSUM Weight,TATASTEEL Weight,TECHM Weight,TITAN Weight,UPL Weight,WIPRO Weight
0,24.499000282376755,7.14363355597303,2.9283417351224132,1.7921874736560643,4.748488283710619,8.269142715515645,3.2498896751290056,2.346525898090755,6.264263005519206,5.598861144606133,7.433475046913039,4.656265803829449,0.3874138771842212,5.345365679473302,4.232487670560435,2.462637675638111,7.800684937758017,7.407677269279582,1.092857192748862,1.8160912882687614,0.13536732793707182,0.16165734735871548,3.6777261725970045,4.895532960823605,8.091699331742145,7.115380356180065,1.0183218654801793
