,Returns,Standard Deviation,Sharpe Ratio,ADANIPORTS Weight,ASIANPAINT Weight,BAJFINANCE Weight,BAJAJFINSV Weight,BRITANNIA Weight,DIVISLAB Weight,GRASIM Weight,HCLTECH Weight,HDFCBANK Weight,HINDALCO Weight,HINDUNILVR Weight,ICICIBANK Weight,INFY Weight,JSWSTEEL Weight,NESTLEIND Weight,POWERGRID Weight,RELIANCE Weight,TCS Weight,TATACONSUM Weight,TATASTEEL Weight,TECHM Weight,TITAN Weight,UPL Weight,WIPRO Weight
0,0.27779497399831676,0.49653413833960414,0.539660394870737,0.24854591273602095,7.601621745264274,5.356164185028423,3.452591759961964,1.4223213677643871,9.145294927306127,0.3477183096946886,8.88210444083854,4.16611169076481,0.6871643289236058,6.789957183310682,3.6298150474784436,8.037996758877426,0.18924327856368175,9.009735777825565,0.025757142662650348,3.4764865431725522,5.67928729774602,7.8766840844459365,5.05659303368936,1.5467565391105844,2.1855970001603513,0.7391207283719189,4.447330916301978
