,Returns,Standard Deviation,Sharpe Ratio,ADANIPORTS Weight,ASIANPAINT Weight,BAJFINANCE Weight,BAJAJFINSV Weight,BRITANNIA Weight,DIVISLAB Weight,GRASIM Weight,HCLTECH Weight,HDFCBANK Weight,HINDALCO Weight,HINDUNILVR Weight,ICICIBANK Weight,INFY Weight,JSWSTEEL Weight,NESTLEIND Weight,POWERGRID Weight,RELIANCE Weight,TCS Weight,TATACONSUM Weight,TATASTEEL Weight,TECHM Weight,TITAN Weight,UPL Weight,WIPRO Weight
0,12.089779248578528,4.1015186191480115,2.074787423577812,1.3371520160767276,5.274380306715147,7.471084857418098,2.0828264958621796,5.350958688645167,0.5032523200626509,3.082291359782784,4.577945549616382,4.2405467728994,0.7883666089825502,2.393957105378387,7.169491774973767,1.7797552432517687,6.584840600901592,5.293053402950046,1.2322861880083809,5.871722447246075,5.983266565415933,5.326267806506505,1.4310641936342992,2.149259725856522,6.703564001177874,6.2579337338070005,7.114732234830766
