,Returns,Standard Deviation,Sharpe Ratio,ADANIPORTS Weight,ASIANPAINT Weight,BAJFINANCE Weight,BAJAJFINSV Weight,BRITANNIA Weight,DIVISLAB Weight,GRASIM Weight,HCLTECH Weight,HDFCBANK Weight,HINDALCO Weight,HINDUNILVR Weight,ICICIBANK Weight,INFY Weight,JSWSTEEL Weight,NESTLEIND Weight,POWERGRID Weight,RELIANCE Weight,TCS Weight,TATACONSUM Weight,TATASTEEL Weight,TECHM Weight,TITAN Weight,UPL Weight,WIPRO Weight
0,0.19575001322311747,0.7759702142169068,0.23959018655835146,1.4873575805199668,0.7958949811784726,8.292384031927453,4.695367904297528,5.4505320990833726,7.647951767622427,0.6565992672663722,6.318673378054323,2.483929029568478,0.14704640681150782,7.4493241485313835,2.734051032847638,1.8642304064627702,0.04748517230706837,0.8368877824179564,3.167771771002639,7.096972660043463,6.2638391986285455,8.431135108524082,0.7675915779743504,7.847066085379812,6.928148119981406,0.08621551975546853,8.503544969813529
