,Returns,Standard Deviation,Sharpe Ratio,ADANIPORTS Weight,ASIANPAINT Weight,BAJFINANCE Weight,BAJAJFINSV Weight,BRITANNIA Weight,DIVISLAB Weight,GRASIM Weight,HCLTECH Weight,HDFCBANK Weight,HINDALCO Weight,HINDUNILVR Weight,ICICIBANK Weight,INFY Weight,JSWSTEEL Weight,NESTLEIND Weight,POWERGRID Weight,RELIANCE Weight,TCS Weight,TATACONSUM Weight,TATASTEEL Weight,TECHM Weight,TITAN Weight,UPL Weight,WIPRO Weight
0,0.1307937826214864,1.167211974913255,0.10363037767438167,4.2850147590662235,2.5816464912884918,8.803298936783449,4.698875243527329,1.719403114226597,7.702379431232813,0.4593527084933327,9.472691048853472,6.407577417138002,3.138877815864447,4.933452755122833,1.2760090917749272,1.5068809267981553,1.9219022487841673,6.205180218273187,0.6830695227696594,1.1612086308487162,9.079976044846445,8.636603965193586,3.332050750692412,2.6127038346919993,7.276669136320971,0.8208884667204132,1.2842874406883606
