,Returns,Standard Deviation,Sharpe Ratio,ADANIPORTS Weight,ASIANPAINT Weight,BAJFINANCE Weight,BAJAJFINSV Weight,BRITANNIA Weight,DIVISLAB Weight,GRASIM Weight,HCLTECH Weight,HDFCBANK Weight,HINDALCO Weight,HINDUNILVR Weight,ICICIBANK Weight,INFY Weight,JSWSTEEL Weight,NESTLEIND Weight,POWERGRID Weight,RELIANCE Weight,TCS Weight,TATACONSUM Weight,TATASTEEL Weight,TECHM Weight,TITAN Weight,UPL Weight,WIPRO Weight
0,0.2269149470992009,0.6453001854316246,0.3364012395546377,0.261664203028885,2.6273525669595634,6.0373632234128305,6.017311539086588,4.699429947657013,5.838586031488516,0.39440864224138705,5.564581196720378,3.9863016010466468,0.7186242854130042,4.8323411799048905,1.3044651853233724,8.5065177221206,4.517887104030162,6.704771163924528,2.1706911321420908,1.576108614762301,8.420056403875842,7.389410969201918,4.934200047168643,0.5268373827367887,7.596371317861574,0.49161517573543206,4.8831033641570425
