,Returns,Standard Deviation,Sharpe Ratio,ADANIPORTS Weight,ASIANPAINT Weight,BAJFINANCE Weight,BAJAJFINSV Weight,BRITANNIA Weight,DIVISLAB Weight,GRASIM Weight,HCLTECH Weight,HDFCBANK Weight,HINDALCO Weight,HINDUNILVR Weight,ICICIBANK Weight,INFY Weight,JSWSTEEL Weight,NESTLEIND Weight,POWERGRID Weight,RELIANCE Weight,TCS Weight,TATACONSUM Weight,TATASTEEL Weight,TECHM Weight,TITAN Weight,UPL Weight,WIPRO Weight
0,12.533337066848599,9.486312522520413,0.9438163718086944,8.794664511818644,0.8607056733545645,7.014186537223707,5.844546138452269,2.171751408188742,8.060950770189928,9.117223076697774,1.511166175696017,0.8763741781661881,4.2201303196522595,0.4676011380116218,4.65975989219369,7.649099101286532,2.439188933684935,9.509054500418562,2.58833389396128,1.8542216399699094,8.94408896312755,2.2546482590897514,1.571800012026487,0.9056810363464984,3.9817572543342394,1.6528814243583305,3.0501851617505307
