,Returns,Standard Deviation,Sharpe Ratio,ADANIPORTS Weight,ASIANPAINT Weight,BAJFINANCE Weight,BAJAJFINSV Weight,BRITANNIA Weight,DIVISLAB Weight,GRASIM Weight,HCLTECH Weight,HDFCBANK Weight,HINDALCO Weight,HINDUNILVR Weight,ICICIBANK Weight,INFY Weight,JSWSTEEL Weight,NESTLEIND Weight,POWERGRID Weight,RELIANCE Weight,TCS Weight,TATACONSUM Weight,TATASTEEL Weight,TECHM Weight,TITAN Weight,UPL Weight,WIPRO Weight
0,11.55023401627963,4.861405249914911,1.6394917943570189,8.084209458951488,1.7040612462128089,5.364127219596808,0.3216713778735298,0.9613238190787682,7.545260590279527,4.183295746857317,1.7448062421802444,2.141968707626792,4.004124124955739,6.92382725318465,0.15357417018399735,4.743247433036442,4.012048133109496,6.801764874959669,2.8324837277228294,3.400442760140997,3.274117326765078,8.759819108836696,4.555081409783135,8.844668596878277,2.37180353346985,3.0668130938320055,4.20546004448385
