,Returns,Standard Deviation,Sharpe Ratio,ADANIPORTS Weight,ASIANPAINT Weight,BAJFINANCE Weight,BAJAJFINSV Weight,BRITANNIA Weight,DIVISLAB Weight,GRASIM Weight,HCLTECH Weight,HDFCBANK Weight,HINDALCO Weight,HINDUNILVR Weight,ICICIBANK Weight,INFY Weight,JSWSTEEL Weight,NESTLEIND Weight,POWERGRID Weight,RELIANCE Weight,TCS Weight,TATACONSUM Weight,TATASTEEL Weight,TECHM Weight,TITAN Weight,UPL Weight,WIPRO Weight
0,16.71816945398218,5.273656046743882,2.491282961484394,1.3296303486349947,5.0437311179729045,6.705428018483807,5.657319137164357,0.36946376817382576,6.776021967628411,5.876307097479644,5.4602296216339905,5.791961623183789,6.433381455689966,6.484305337257284,5.088447714005851,6.679404089897655,0.6541343863015336,5.242780297774205,0.5275716405866379,6.742824577832556,3.541874746787587,5.842861591297145,2.4600956901467512,0.052819589893321084,3.523243032896526,0.5264413608328921,3.1897217884443796
