,Returns,Standard Deviation,Sharpe Ratio,ADANIPORTS Weight,ASIANPAINT Weight,BAJFINANCE Weight,BAJAJFINSV Weight,BRITANNIA Weight,DIVISLAB Weight,GRASIM Weight,HCLTECH Weight,HDFCBANK Weight,HINDALCO Weight,HINDUNILVR Weight,ICICIBANK Weight,INFY Weight,JSWSTEEL Weight,NESTLEIND Weight,POWERGRID Weight,RELIANCE Weight,TCS Weight,TATACONSUM Weight,TATASTEEL Weight,TECHM Weight,TITAN Weight,UPL Weight,WIPRO Weight
0,0.1321794005533113,1.1700700881592654,0.1045614591435427,6.629213963733559,5.104702272894247,8.2796619396875,2.0305623320718715,0.578404224064802,6.017240543124583,2.627124386248183,6.182961235769473,3.5898862706469177,1.3402806792198938,6.407247327990477,0.6225157612153697,4.888665996689066,2.163360608274872,7.711587470273855,2.7172473524896037,3.9276125659398664,4.192512737408912,7.301549275397824,0.0507162649766561,3.952542518378373,6.603289907545555,1.4062729801747262,5.6748413857838065
