,Returns,Standard Deviation,Sharpe Ratio,ADANIPORTS Weight,ASIANPAINT Weight,BAJFINANCE Weight,BAJAJFINSV Weight,BRITANNIA Weight,DIVISLAB Weight,GRASIM Weight,HCLTECH Weight,HDFCBANK Weight,HINDALCO Weight,HINDUNILVR Weight,ICICIBANK Weight,INFY Weight,JSWSTEEL Weight,NESTLEIND Weight,POWERGRID Weight,RELIANCE Weight,TCS Weight,TATACONSUM Weight,TATASTEEL Weight,TECHM Weight,TITAN Weight,UPL Weight,WIPRO Weight
0,13.559198431099514,5.001276327766246,1.9953303471149317,4.5252428388582535,3.672613810444218,5.676329434389869,4.30026777394965,0.09458613552569027,6.022329099224652,3.3791523708327027,6.790204944837567,3.242253489471947,5.2852208973773624,0.4661191939079703,0.10185195118908014,5.094284118402902,6.039394032220682,3.4726814290369723,3.0225329578807525,5.667973306803136,7.285641463453263,3.79456116019692,7.298202865058262,0.9719656625509601,6.85770068458328,5.6461926289056645,1.2926977508982387
