,Returns,Standard Deviation,Sharpe Ratio,ADANIPORTS Weight,ASIANPAINT Weight,BAJFINANCE Weight,BAJAJFINSV Weight,BRITANNIA Weight,DIVISLAB Weight,GRASIM Weight,HCLTECH Weight,HDFCBANK Weight,HINDALCO Weight,HINDUNILVR Weight,ICICIBANK Weight,INFY Weight,JSWSTEEL Weight,NESTLEIND Weight,POWERGRID Weight,RELIANCE Weight,TCS Weight,TATACONSUM Weight,TATASTEEL Weight,TECHM Weight,TITAN Weight,UPL Weight,WIPRO Weight
0,0.09549161321953593,1.207094189727538,0.0709608654513574,0.00827219707721855,5.4582541713010775,5.447660616119273,6.065260681200356,2.2217390099596463,5.699649832364567,0.5622008073060771,8.267939497071513,3.8594633351079453,0.6969344786193206,5.214557707054985,0.2720454490320436,3.375151296205845,1.8209201351908793,7.587683769970885,5.569601888431988,7.412303634862977,7.702072557844965,4.686090794181308,0.3579337122987894,0.5014376047793339,9.47730148468894,0.451843141593354,7.2836821977367014
