,Returns,Standard Deviation,Sharpe Ratio,ADANIPORTS Weight,ASIANPAINT Weight,BAJFINANCE Weight,BAJAJFINSV Weight,BRITANNIA Weight,DIVISLAB Weight,GRASIM Weight,HCLTECH Weight,HDFCBANK Weight,HINDALCO Weight,HINDUNILVR Weight,ICICIBANK Weight,INFY Weight,JSWSTEEL Weight,NESTLEIND Weight,POWERGRID Weight,RELIANCE Weight,TCS Weight,TATACONSUM Weight,TATASTEEL Weight,TECHM Weight,TITAN Weight,UPL Weight,WIPRO Weight
0,15.528227186868312,10.398773472682251,1.1490035068324644,4.431710260124203,5.690022568131571,5.4639006364803056,2.9972053184199803,0.7580211698659237,6.670821485368152,0.495239597874976,0.9322552489045255,2.5348446062481393,4.564748032691554,5.081386579996795,3.8535500801831333,4.329790292997266,7.038729503369513,4.595027795968791,5.6912207739937735,3.441444658481142,6.897866156813831,4.6667843225134975,3.8631999062399434,6.02330984552599,1.0800161965952915,4.671106748628618,4.227798214583078
