,Returns,Standard Deviation,Sharpe Ratio,ADANIPORTS Weight,ASIANPAINT Weight,BAJFINANCE Weight,BAJAJFINSV Weight,BRITANNIA Weight,DIVISLAB Weight,GRASIM Weight,HCLTECH Weight,HDFCBANK Weight,HINDALCO Weight,HINDUNILVR Weight,ICICIBANK Weight,INFY Weight,JSWSTEEL Weight,NESTLEIND Weight,POWERGRID Weight,RELIANCE Weight,TCS Weight,TATACONSUM Weight,TATASTEEL Weight,TECHM Weight,TITAN Weight,UPL Weight,WIPRO Weight
0,16.67772104851019,5.807899760583131,2.255156181826929,0.9899636946107311,5.897993143171606,5.982632603541323,3.112247849217162,5.550906274029561,6.208864335252715,0.1758488457889939,7.655180404748023,5.353027495156275,7.892911079195149,2.53092458978524,0.6117999117548729,0.9627322195638756,5.728306226810278,6.452515605994261,3.58229792767049,2.9690018977448895,3.275647896295318,4.846718931396445,5.866453976989921,1.42718844490803,7.846513523421052,4.515885150973877,0.5644379719799013
