,Returns,Standard Deviation,Sharpe Ratio,ADANIPORTS Weight,ASIANPAINT Weight,BAJFINANCE Weight,BAJAJFINSV Weight,BRITANNIA Weight,DIVISLAB Weight,GRASIM Weight,HCLTECH Weight,HDFCBANK Weight,HINDALCO Weight,HINDUNILVR Weight,ICICIBANK Weight,INFY Weight,JSWSTEEL Weight,NESTLEIND Weight,POWERGRID Weight,RELIANCE Weight,TCS Weight,TATACONSUM Weight,TATASTEEL Weight,TECHM Weight,TITAN Weight,UPL Weight,WIPRO Weight
0,0.13278768257725232,1.0909659070236537,0.11270060498730296,0.5657804868417006,1.0944389767816884,5.363589056213781,5.059212702161468,7.206301852450368,7.8291402508043815,0.547184729151915,5.673644327687776,7.926367017033181,1.8609285359215837,5.693663541098587,1.7237785246897726,4.768346203363034,2.245548082089805,8.920308553950854,1.8467914847399631,5.374729237508308,3.957033630875337,8.429648016519032,2.313519755402421,4.633786168233013,5.69489022650465,1.0458313765507428,0.2255372634266503
