,Returns,Standard Deviation,Sharpe Ratio,ADANIPORTS Weight,ASIANPAINT Weight,BAJFINANCE Weight,BAJAJFINSV Weight,BRITANNIA Weight,DIVISLAB Weight,GRASIM Weight,HCLTECH Weight,HDFCBANK Weight,HINDALCO Weight,HINDUNILVR Weight,ICICIBANK Weight,INFY Weight,JSWSTEEL Weight,NESTLEIND Weight,POWERGRID Weight,RELIANCE Weight,TCS Weight,TATACONSUM Weight,TATASTEEL Weight,TECHM Weight,TITAN Weight,UPL Weight,WIPRO Weight
0,16.343496891424845,4.934418761987832,2.586626208085158,1.5785482776500535,2.2463983291036014,5.665703161944761,4.233659355997252,3.049751887953738,6.083533150191017,1.693032880618563,2.12274454234082,0.5595866578338998,7.526312383686232,5.100938618613005,5.145747342222999,7.2879474165466505,5.41034720844979,6.72279726150198,5.187823470015767,6.980859923445736,5.613443851478883,2.897678560555516,1.915729531241959,3.9063362448938723,0.31128288641045115,1.450219307080934,7.30957775022251
