,Returns,Standard Deviation,Sharpe Ratio,ADANIPORTS Weight,ASIANPAINT Weight,BAJFINANCE Weight,BAJAJFINSV Weight,BRITANNIA Weight,DIVISLAB Weight,GRASIM Weight,HCLTECH Weight,HDFCBANK Weight,HINDALCO Weight,HINDUNILVR Weight,ICICIBANK Weight,INFY Weight,JSWSTEEL Weight,NESTLEIND Weight,POWERGRID Weight,RELIANCE Weight,TCS Weight,TATACONSUM Weight,TATASTEEL Weight,TECHM Weight,TITAN Weight,UPL Weight,WIPRO Weight
0,0.18199565326447537,0.5849848917878199,0.29429903378043976,7.842359259207505,2.211409279428819,6.177775883737303,2.1459311815592805,4.572420046638975,8.957199080746495,1.2205406617107641,1.1974371126674246,5.234951858481207,0.8759859566919418,5.735044596316886,1.3495565605643003,7.4494904190920845,1.8401841111819897,5.164515668473728,0.9749535915810223,3.844089533638966,5.888462236196975,8.10652517706251,2.5488540139886813,3.6690731241932575,6.922399458717439,0.1149237653329102,5.955917422789534
