,Returns,Standard Deviation,Sharpe Ratio,ADANIPORTS Weight,ASIANPAINT Weight,BAJFINANCE Weight,BAJAJFINSV Weight,BRITANNIA Weight,DIVISLAB Weight,GRASIM Weight,HCLTECH Weight,HDFCBANK Weight,HINDALCO Weight,HINDUNILVR Weight,ICICIBANK Weight,INFY Weight,JSWSTEEL Weight,NESTLEIND Weight,POWERGRID Weight,RELIANCE Weight,TCS Weight,TATACONSUM Weight,TATASTEEL Weight,TECHM Weight,TITAN Weight,UPL Weight,WIPRO Weight
0,0.2602659294726749,0.5569231943518349,0.4496684052259116,5.022237070164717,1.8617279832747187,6.261924483206249,1.5126436553647125,0.02302519129047235,6.608399490473923,0.12062511032936808,5.350542388358445,2.4030604723801576,2.01897796663252,7.814351709567548,2.0776005100732844,7.17482941216208,4.749076624712575,7.419294350694135,4.38764470585994,5.337212463610566,5.2920546764061305,6.5432833298568855,0.4454415772645634,3.9807238989201505,5.2895893481355465,0.5681520488132173,7.737581532448106
