,Returns,Standard Deviation,Sharpe Ratio,ADANIPORTS Weight,ASIANPAINT Weight,BAJFINANCE Weight,BAJAJFINSV Weight,BRITANNIA Weight,DIVISLAB Weight,GRASIM Weight,HCLTECH Weight,HDFCBANK Weight,HINDALCO Weight,HINDUNILVR Weight,ICICIBANK Weight,INFY Weight,JSWSTEEL Weight,NESTLEIND Weight,POWERGRID Weight,RELIANCE Weight,TCS Weight,TATACONSUM Weight,TATASTEEL Weight,TECHM Weight,TITAN Weight,UPL Weight,WIPRO Weight
0,0.022296997655496635,0.9618773322901574,0.012955740198868306,0.5883921150403324,6.257082190977805,8.104574579703149,1.059078618635542,1.0528738055788296,9.268395578596143,1.0596184396459052,2.53173711492098,3.1633685910221856,3.712080530962124,6.807789659239689,3.450350372635901,5.440043399802093,2.9838085114861426,9.058058077720494,0.4313017755065468,1.5533559721173593,0.9108748298823464,7.634346958997554,0.4183885964496008,8.056424880523034,5.8742675897249494,1.2030801394980262,9.380707671333262
