,Returns,Standard Deviation,Sharpe Ratio,ADANIPORTS Weight,ASIANPAINT Weight,BAJFINANCE Weight,BAJAJFINSV Weight,BRITANNIA Weight,DIVISLAB Weight,GRASIM Weight,HCLTECH Weight,HDFCBANK Weight,HINDALCO Weight,HINDUNILVR Weight,ICICIBANK Weight,INFY Weight,JSWSTEEL Weight,NESTLEIND Weight,POWERGRID Weight,RELIANCE Weight,TCS Weight,TATACONSUM Weight,TATASTEEL Weight,TECHM Weight,TITAN Weight,UPL Weight,WIPRO Weight
0,17.094016369762087,7.9284410719001315,1.7044985574349887,3.7307798743247593,2.2416685623886146,2.0077487881964737,4.5114692671871595,4.706262236696447,1.4204980337979756,2.270940432904873,1.672974182279454,4.499749400867058,1.5392615666589395,4.357009025822258,9.285591141082412,1.5109843898158926,9.085751953986506,8.773613355623922,1.1217014435437533,9.088224020779153,5.830746408597279,6.1160720449486226,9.64866309354421,2.966661024430764,1.921464286139118,0.400869653483418,1.2912958129009366
