,Returns,Standard Deviation,Sharpe Ratio,ADANIPORTS Weight,ASIANPAINT Weight,BAJFINANCE Weight,BAJAJFINSV Weight,BRITANNIA Weight,DIVISLAB Weight,GRASIM Weight,HCLTECH Weight,HDFCBANK Weight,HINDALCO Weight,HINDUNILVR Weight,ICICIBANK Weight,INFY Weight,JSWSTEEL Weight,NESTLEIND Weight,POWERGRID Weight,RELIANCE Weight,TCS Weight,TATACONSUM Weight,TATASTEEL Weight,TECHM Weight,TITAN Weight,UPL Weight,WIPRO Weight
0,0.22245476995154206,0.9471149542922288,0.22449186780633834,5.801072707607189,7.203121453551726,6.318164832001173,3.7998713591100195,2.9320870372283085,7.625681187778357,1.2272467394413336,6.854454935712158,2.858412534393076,0.9144236749066762,6.527168299783201,0.635913771959206,2.9262349634790135,3.7596257866877583,4.902872520927253,4.412866796539255,6.806755781826292,6.54180643345051,6.583068558033145,1.8222387681913297,0.14038752623977682,6.004616671470196,2.232711547407893,1.169196112275161
