,Returns,Standard Deviation,Sharpe Ratio,ADANIPORTS Weight,ASIANPAINT Weight,BAJFINANCE Weight,BAJAJFINSV Weight,BRITANNIA Weight,DIVISLAB Weight,GRASIM Weight,HCLTECH Weight,HDFCBANK Weight,HINDALCO Weight,HINDUNILVR Weight,ICICIBANK Weight,INFY Weight,JSWSTEEL Weight,NESTLEIND Weight,POWERGRID Weight,RELIANCE Weight,TCS Weight,TATACONSUM Weight,TATASTEEL Weight,TECHM Weight,TITAN Weight,UPL Weight,WIPRO Weight
0,14.71215228950468,4.187619275442285,2.658348707769986,0.4429294217948214,5.905776566933624,3.3550130139992502,7.095072539997973,7.402856199836147,7.846341435296071,5.728304802329389,6.862151970210567,0.5281615239998281,2.7285440774804472,3.288683093140541,4.906730577740729,4.657448143647555,4.135071667617444,0.5232608033874866,5.015488465206511,7.466974880735227,0.5497401413732208,7.972719282391043,4.229513921835045,2.9204169657122843,1.4957803215678778,1.4614664065188225,3.48155377724813
