,Returns,Standard Deviation,Sharpe Ratio,ADANIPORTS Weight,ASIANPAINT Weight,BAJFINANCE Weight,BAJAJFINSV Weight,BRITANNIA Weight,DIVISLAB Weight,GRASIM Weight,HCLTECH Weight,HDFCBANK Weight,HINDALCO Weight,HINDUNILVR Weight,ICICIBANK Weight,INFY Weight,JSWSTEEL Weight,NESTLEIND Weight,POWERGRID Weight,RELIANCE Weight,TCS Weight,TATACONSUM Weight,TATASTEEL Weight,TECHM Weight,TITAN Weight,UPL Weight,WIPRO Weight
0,0.16479426895213953,0.7873049112753981,0.19682222465238788,1.5434673024925147,7.382207316803326,4.051020177057011,1.5504028273147037,3.4989637786407632,6.927877924318346,1.053373893519141,2.039225455198787,5.151704512152951,0.026098688742092552,3.5091287287756465,0.26325547144315786,8.344897981188195,7.765154277390135,5.1435222849092535,2.066504434971546,6.984629383890228,2.409177913016792,8.199688236708841,2.1516986249968695,5.733369330187514,9.524118174848056,0.021296062973935832,4.659217218460202
