,Returns,Standard Deviation,Sharpe Ratio,ADANIPORTS Weight,ASIANPAINT Weight,BAJFINANCE Weight,BAJAJFINSV Weight,BRITANNIA Weight,DIVISLAB Weight,GRASIM Weight,HCLTECH Weight,HDFCBANK Weight,HINDALCO Weight,HINDUNILVR Weight,ICICIBANK Weight,INFY Weight,JSWSTEEL Weight,NESTLEIND Weight,POWERGRID Weight,RELIANCE Weight,TCS Weight,TATACONSUM Weight,TATASTEEL Weight,TECHM Weight,TITAN Weight,UPL Weight,WIPRO Weight
0,13.341199238256483,4.4085043863898825,2.2141747819037363,4.125390901399798,3.806685306535488,2.63097842223191,4.814507708436253,3.39906550407518,3.9930236435711643,2.0540038468182664,3.812462405149448,5.561405357785862,3.033448192797711,1.0092227379798926,6.459121175542617,3.761971177191691,4.848121752695991,3.990900241249699,6.227079159311655,6.348671024930823,6.187179085071512,4.1084056365679436,3.7468031081890882,2.059735831176857,5.928921455809712,6.4351010092052405,1.6577953162762176
