,Returns,Standard Deviation,Sharpe Ratio,ADANIPORTS Weight,ASIANPAINT Weight,BAJFINANCE Weight,BAJAJFINSV Weight,BRITANNIA Weight,DIVISLAB Weight,GRASIM Weight,HCLTECH Weight,HDFCBANK Weight,HINDALCO Weight,HINDUNILVR Weight,ICICIBANK Weight,INFY Weight,JSWSTEEL Weight,NESTLEIND Weight,POWERGRID Weight,RELIANCE Weight,TCS Weight,TATACONSUM Weight,TATASTEEL Weight,TECHM Weight,TITAN Weight,UPL Weight,WIPRO Weight
0,16.938955718987486,7.4689908817373265,1.7885891053437895,5.7512093389589145,3.6079452837568313,3.2844650108310733,5.348410134204054,6.665749060890855,0.3677263168667896,3.310061994858223,0.918098667905247,4.439637586198325,0.2145505564844518,7.683212080827327,1.8311130430020046,6.8537763217031715,3.4668814414588986,8.586359723548046,2.009529698523146,1.8027002662549345,6.870943266732435,3.312697944231366,3.5070791966191375,9.083387544834265,7.112963890925409,1.341829862662414,2.6296717677226753
