,Returns,Standard Deviation,Sharpe Ratio,ADANIPORTS Weight,ASIANPAINT Weight,BAJFINANCE Weight,BAJAJFINSV Weight,BRITANNIA Weight,DIVISLAB Weight,GRASIM Weight,HCLTECH Weight,HDFCBANK Weight,HINDALCO Weight,HINDUNILVR Weight,ICICIBANK Weight,INFY Weight,JSWSTEEL Weight,NESTLEIND Weight,POWERGRID Weight,RELIANCE Weight,TCS Weight,TATACONSUM Weight,TATASTEEL Weight,TECHM Weight,TITAN Weight,UPL Weight,WIPRO Weight
0,-0.041809936798263794,0.9393030400765988,-0.05498236397618499,0.035346802203110886,9.470404929046312,3.250689813914983,0.042342065944353954,0.9304901436256455,7.322015659071571,0.14664684129867098,8.639830341989226,6.506998985897074,0.8709161882750758,8.006343746516213,1.0009779085080321,0.17570985884895063,1.086627543884422,0.6526968809226105,5.0836900682134205,8.869015885881659,3.1848155187298675,8.384075430926211,5.470038309781215,2.6571144090185994,10.027794843356626,0.475690255196001,7.70972756895013
