,Returns,Standard Deviation,Sharpe Ratio,ADANIPORTS Weight,ASIANPAINT Weight,BAJFINANCE Weight,BAJAJFINSV Weight,BRITANNIA Weight,DIVISLAB Weight,GRASIM Weight,HCLTECH Weight,HDFCBANK Weight,HINDALCO Weight,HINDUNILVR Weight,ICICIBANK Weight,INFY Weight,JSWSTEEL Weight,NESTLEIND Weight,POWERGRID Weight,RELIANCE Weight,TCS Weight,TATACONSUM Weight,TATASTEEL Weight,TECHM Weight,TITAN Weight,UPL Weight,WIPRO Weight
0,9.733268289017388,9.784432009439719,0.6288835451133908,1.8672428882053358,0.8143931948912047,4.152308928568953,6.233550696309251,7.541627575483948,1.0465248791704633,2.5273961673358643,8.51310447726124,1.325680793187808,1.9135374261642486,7.797742221428021,5.278425610196738,4.1943146050053945,3.226836985105439,2.7048014543907466,1.4623186989195698,6.801091089271691,2.464849411470534,7.8743371316180255,6.9695709808037885,1.8653938681584843,5.308856324865093,0.1307733077847689,7.9853212844034
