,Returns,Standard Deviation,Sharpe Ratio,ADANIPORTS Weight,ASIANPAINT Weight,BAJFINANCE Weight,BAJAJFINSV Weight,BRITANNIA Weight,DIVISLAB Weight,GRASIM Weight,HCLTECH Weight,HDFCBANK Weight,HINDALCO Weight,HINDUNILVR Weight,ICICIBANK Weight,INFY Weight,JSWSTEEL Weight,NESTLEIND Weight,POWERGRID Weight,RELIANCE Weight,TCS Weight,TATACONSUM Weight,TATASTEEL Weight,TECHM Weight,TITAN Weight,UPL Weight,WIPRO Weight
0,0.22757770719131865,0.9612615599416263,0.22651747602325475,0.24883266699817982,8.811024819655898,4.297004369055779,0.6413358690844017,5.13279411789012,8.734140054909338,1.6234270707867555,0.9470440287204637,7.559968459106694,1.6827600720539566,6.34068745171034,1.0209826062823284,2.57545248711082,2.713225816348795,8.056412514716046,2.4728207196198,5.953038606249102,4.805578469702015,3.658200924955525,1.4024391781464882,5.961427699006471,8.178263180865805,0.11609972794368056,7.067039089081209
