,Returns,Standard Deviation,Sharpe Ratio,ADANIPORTS Weight,ASIANPAINT Weight,BAJFINANCE Weight,BAJAJFINSV Weight,BRITANNIA Weight,DIVISLAB Weight,GRASIM Weight,HCLTECH Weight,HDFCBANK Weight,HINDALCO Weight,HINDUNILVR Weight,ICICIBANK Weight,INFY Weight,JSWSTEEL Weight,NESTLEIND Weight,POWERGRID Weight,RELIANCE Weight,TCS Weight,TATACONSUM Weight,TATASTEEL Weight,TECHM Weight,TITAN Weight,UPL Weight,WIPRO Weight
0,0.2636554500001796,0.6768647334855448,0.37499410533321187,1.11572687818982,0.0909773953802303,1.1980203061067773,9.27447266418073,0.5475920685985134,7.191728999896179,1.041225481828882,0.46562483113216846,2.4481337911187158,4.279368161159956,7.099036923818355,0.39196104853148017,8.73509940389653,1.7418988734093532,7.946348633819049,0.6136784196741394,8.007352235830366,8.329961153845508,6.422705834241133,0.8626681706708701,4.651945725984389,9.835211286661085,1.7262173251784123,5.983044386847369
