,Returns,Standard Deviation,Sharpe Ratio,ADANIPORTS Weight,ASIANPAINT Weight,BAJFINANCE Weight,BAJAJFINSV Weight,BRITANNIA Weight,DIVISLAB Weight,GRASIM Weight,HCLTECH Weight,HDFCBANK Weight,HINDALCO Weight,HINDUNILVR Weight,ICICIBANK Weight,INFY Weight,JSWSTEEL Weight,NESTLEIND Weight,POWERGRID Weight,RELIANCE Weight,TCS Weight,TATACONSUM Weight,TATASTEEL Weight,TECHM Weight,TITAN Weight,UPL Weight,WIPRO Weight
0,10.43040522266581,9.021353862066984,0.7593544524919273,2.9567827824757007,2.3936915901100675,2.297920210874667,5.910533993066631,6.550060796263716,1.3637047698346112,1.929721068761244,7.7164601389152025,3.8786464107045058,1.2836942128917233,5.510644357411718,2.602538508971139,2.182731422412575,6.4537831306429965,3.874292292632141,6.500423667253517,5.692358697491342,4.9595913283456925,7.504456519905449,3.3211440761606306,2.475885759535006,7.163410948392402,0.8083262586316156,4.669197058315714
