,Returns,Standard Deviation,Sharpe Ratio,ADANIPORTS Weight,ASIANPAINT Weight,BAJFINANCE Weight,BAJAJFINSV Weight,BRITANNIA Weight,DIVISLAB Weight,GRASIM Weight,HCLTECH Weight,HDFCBANK Weight,HINDALCO Weight,HINDUNILVR Weight,ICICIBANK Weight,INFY Weight,JSWSTEEL Weight,NESTLEIND Weight,POWERGRID Weight,RELIANCE Weight,TCS Weight,TATACONSUM Weight,TATASTEEL Weight,TECHM Weight,TITAN Weight,UPL Weight,WIPRO Weight
0,-1.1164651349473194,7.609202103390955,-0.6172086207112822,4.666873170631999,4.75260015539947,0.24363751971815778,4.872264274137795,7.82361134296229,4.805128025516668,0.5684920708321355,5.33218388329842,3.761501101177956,0.09392909306764205,2.976107814004199,4.915920261352672,1.5377367617920528,7.4712367857601185,0.38044517667132105,5.296133728570286,6.849910053253912,7.736107903719058,3.9945521946918445,3.81222841019316,5.387659173018568,2.27964576914138,2.2638269254369265,8.178268405651968
