,Returns,Standard Deviation,Sharpe Ratio,ADANIPORTS Weight,ASIANPAINT Weight,BAJFINANCE Weight,BAJAJFINSV Weight,BRITANNIA Weight,DIVISLAB Weight,GRASIM Weight,HCLTECH Weight,HDFCBANK Weight,HINDALCO Weight,HINDUNILVR Weight,ICICIBANK Weight,INFY Weight,JSWSTEEL Weight,NESTLEIND Weight,POWERGRID Weight,RELIANCE Weight,TCS Weight,TATACONSUM Weight,TATASTEEL Weight,TECHM Weight,TITAN Weight,UPL Weight,WIPRO Weight
0,3.0706739981599815,6.75284208047931,-0.07542394680194667,5.3833289728949225,1.3107989458646019,2.376249395192468,3.868814707028406,3.038181698410859,7.56811757624076,2.4014666149846606,4.15792446428033,1.8144721521321634,5.142347512275347,4.014609798626837,2.9005823560593265,5.381775603979153,3.0965377757155617,6.048749013790149,5.267357118815797,4.552055789636709,3.6669611500987154,6.452611696748516,4.006748908984918,2.0867089853764087,6.340045856888048,2.4601239036190217,6.663430002356336
