,Returns,Standard Deviation,Sharpe Ratio,ADANIPORTS Weight,ASIANPAINT Weight,BAJFINANCE Weight,BAJAJFINSV Weight,BRITANNIA Weight,DIVISLAB Weight,GRASIM Weight,HCLTECH Weight,HDFCBANK Weight,HINDALCO Weight,HINDUNILVR Weight,ICICIBANK Weight,INFY Weight,JSWSTEEL Weight,NESTLEIND Weight,POWERGRID Weight,RELIANCE Weight,TCS Weight,TATACONSUM Weight,TATASTEEL Weight,TECHM Weight,TITAN Weight,UPL Weight,WIPRO Weight
0,0.08202844188016117,1.2899933069619554,0.055964071019110696,1.7786046231340151,7.606712404088449,8.12184615110903,3.0380688605884347,1.958650701429395,8.284959362302038,1.5157081630136104,6.693771878580505,7.770882650449078,1.4683703517136115,7.4620204521235305,0.6934892589843836,0.024581266090495435,3.2683776649837024,3.486052803410686,1.8852526370208245,6.9535950594967675,2.3953330659442296,8.678854069190702,2.063763187854578,5.802999750111845,4.147609856902557,0.44696951370644405,4.453526267771084
