,Returns,Standard Deviation,Sharpe Ratio,ADANIPORTS Weight,ASIANPAINT Weight,BAJFINANCE Weight,BAJAJFINSV Weight,BRITANNIA Weight,DIVISLAB Weight,GRASIM Weight,HCLTECH Weight,HDFCBANK Weight,HINDALCO Weight,HINDUNILVR Weight,ICICIBANK Weight,INFY Weight,JSWSTEEL Weight,NESTLEIND Weight,POWERGRID Weight,RELIANCE Weight,TCS Weight,TATACONSUM Weight,TATASTEEL Weight,TECHM Weight,TITAN Weight,UPL Weight,WIPRO Weight
0,-0.08832652179202737,0.9725537398311692,-0.10093188952646731,0.8347283041705985,7.3109557274929795,6.95952316527569,7.597293799400602,8.123477280443284,8.111980451189408,0.17130779303239624,8.190096274004114,1.8496994514598648,1.4823632490664196,5.217591325683406,0.2158719912742604,7.517263453364799,4.31558960960682,6.759593513882985,0.012424790584877074,0.14444070774937048,2.9392876053635097,5.539054297017321,0.5050870403207103,2.389966528677091,7.484948277417415,0.0073631389865080445,6.32009222453557
