,Returns,Standard Deviation,Sharpe Ratio,ADANIPORTS Weight,ASIANPAINT Weight,BAJFINANCE Weight,BAJAJFINSV Weight,BRITANNIA Weight,DIVISLAB Weight,GRASIM Weight,HCLTECH Weight,HDFCBANK Weight,HINDALCO Weight,HINDUNILVR Weight,ICICIBANK Weight,INFY Weight,JSWSTEEL Weight,NESTLEIND Weight,POWERGRID Weight,RELIANCE Weight,TCS Weight,TATACONSUM Weight,TATASTEEL Weight,TECHM Weight,TITAN Weight,UPL Weight,WIPRO Weight
0,0.17215525055657924,0.7343962640501458,0.22102520623706617,0.15358698189021397,1.6892966290638796,8.7710852853403,3.0237838739110616,3.8134322560730647,10.348667553343944,0.37258336951460813,3.0949473619693704,2.2126059511145697,0.861450938419646,5.271743404695396,1.0787541037293717,10.93259024677146,0.9359643128779405,10.489323600297165,1.933279635966168,9.879979634003922,6.08682387226735,1.8020510676510475,0.007653877509010068,5.385262801532564,6.9011748549783105,1.7524613454709757,3.201497041608666
