,Returns,Standard Deviation,Sharpe Ratio,ADANIPORTS Weight,ASIANPAINT Weight,BAJFINANCE Weight,BAJAJFINSV Weight,BRITANNIA Weight,DIVISLAB Weight,GRASIM Weight,HCLTECH Weight,HDFCBANK Weight,HINDALCO Weight,HINDUNILVR Weight,ICICIBANK Weight,INFY Weight,JSWSTEEL Weight,NESTLEIND Weight,POWERGRID Weight,RELIANCE Weight,TCS Weight,TATACONSUM Weight,TATASTEEL Weight,TECHM Weight,TITAN Weight,UPL Weight,WIPRO Weight
0,20.026809718900733,7.8173224896694995,2.1038929557575496,3.269598255565927,5.53907558494034,8.229881405883813,4.167395926708448,7.765011740657895,3.6061203645687954,0.46184367456030734,3.367026478328429,6.760850062538848,1.277756881075426,4.8913202672451295,1.1785622675464678,3.085687363416947,2.5394449686172162,4.562392082539882,0.678862041339998,2.9803650351251503,5.9563325791821535,0.5325905634517815,5.980019459910466,5.029545354996476,8.472804713671183,7.945806511108675,1.7217064170202574
