,Returns,Standard Deviation,Sharpe Ratio,ADANIPORTS Weight,ASIANPAINT Weight,BAJFINANCE Weight,BAJAJFINSV Weight,BRITANNIA Weight,DIVISLAB Weight,GRASIM Weight,HCLTECH Weight,HDFCBANK Weight,HINDALCO Weight,HINDUNILVR Weight,ICICIBANK Weight,INFY Weight,JSWSTEEL Weight,NESTLEIND Weight,POWERGRID Weight,RELIANCE Weight,TCS Weight,TATACONSUM Weight,TATASTEEL Weight,TECHM Weight,TITAN Weight,UPL Weight,WIPRO Weight
0,0.2672348730405419,0.9963632939571091,0.25833921197869564,3.1018418239180696,6.476860679540483,6.481045203315537,1.1604363822730466,1.0907513411048306,8.036483667673105,0.06610090237109421,4.77075017613994,7.028761220340943,2.1763522603859498,7.289547375674313,0.8293373435204606,8.38070452090491,0.9735606437514175,7.683890501363239,1.175930879940437,7.121293484940424,5.119398033995173,7.47521802707209,1.674550150986258,2.8208147252214903,3.6105092150700497,0.7690804877014625,4.686780952795279
