,Returns,Standard Deviation,Sharpe Ratio,ADANIPORTS Weight,ASIANPAINT Weight,BAJFINANCE Weight,BAJAJFINSV Weight,BRITANNIA Weight,DIVISLAB Weight,GRASIM Weight,HCLTECH Weight,HDFCBANK Weight,HINDALCO Weight,HINDUNILVR Weight,ICICIBANK Weight,INFY Weight,JSWSTEEL Weight,NESTLEIND Weight,POWERGRID Weight,RELIANCE Weight,TCS Weight,TATACONSUM Weight,TATASTEEL Weight,TECHM Weight,TITAN Weight,UPL Weight,WIPRO Weight
0,0.11101292424975079,1.2393182283599558,0.08163985415471449,2.4164214674575546,3.0306086306307427,9.090251186410224,7.629696779732918,0.30893874380976477,6.415065579579263,1.0777557061876597,2.8266434236236315,6.9879854299391395,0.36314836548997326,5.546331471908424,0.19323671540707693,9.023669853151388,7.719658820230888,8.54583517829601,0.5204247056826878,6.653894409947069,3.855207095929538,3.4973543126665834,1.9817706735266443,5.039402872832705,6.873285019548978,0.25838819788151696,0.14502536012963405
