,Returns,Standard Deviation,Sharpe Ratio,ADANIPORTS Weight,ASIANPAINT Weight,BAJFINANCE Weight,BAJAJFINSV Weight,BRITANNIA Weight,DIVISLAB Weight,GRASIM Weight,HCLTECH Weight,HDFCBANK Weight,HINDALCO Weight,HINDUNILVR Weight,ICICIBANK Weight,INFY Weight,JSWSTEEL Weight,NESTLEIND Weight,POWERGRID Weight,RELIANCE Weight,TCS Weight,TATACONSUM Weight,TATASTEEL Weight,TECHM Weight,TITAN Weight,UPL Weight,WIPRO Weight
0,13.28684463273326,4.915587040415713,1.9747071006828005,4.245465252985923,6.218506140334475,4.374045779359425,4.099266411062627,4.267640455914566,6.693597023749173,1.5640058813726259,1.3435069879858195,2.710289132910076,4.444638144422878,5.677989291643788,4.480547607183507,2.9658932586559077,2.1023678827825703,4.124398880477788,1.307063315986428,4.8136505710929205,5.890100234365346,6.272116815384826,6.356510505366048,1.008092464412198,6.601755703435846,4.377748799111162,4.060803460004067
