,Returns,Standard Deviation,Sharpe Ratio,ADANIPORTS Weight,ASIANPAINT Weight,BAJFINANCE Weight,BAJAJFINSV Weight,BRITANNIA Weight,DIVISLAB Weight,GRASIM Weight,HCLTECH Weight,HDFCBANK Weight,HINDALCO Weight,HINDUNILVR Weight,ICICIBANK Weight,INFY Weight,JSWSTEEL Weight,NESTLEIND Weight,POWERGRID Weight,RELIANCE Weight,TCS Weight,TATACONSUM Weight,TATASTEEL Weight,TECHM Weight,TITAN Weight,UPL Weight,WIPRO Weight
0,0.2739114336001491,0.9641982908923112,0.27388170178210597,0.17771548988369162,3.273217467439343,7.41931578902701,1.9163945713882937,6.032502120692596,2.372799358430442,0.6757540995905039,2.428754127716827,7.367023300057555,1.3185127955563478,6.820952161872341,0.5703416054519918,4.86931451710295,7.533179794941486,7.510702019846077,4.577283154519061,7.667174814481722,5.328165095154839,7.48782893953471,2.832204807125775,3.1606314050504984,6.181719455601767,1.5057507801268886,0.9727623294072806
