,Returns,Standard Deviation,Sharpe Ratio,ADANIPORTS Weight,ASIANPAINT Weight,BAJFINANCE Weight,BAJAJFINSV Weight,BRITANNIA Weight,DIVISLAB Weight,GRASIM Weight,HCLTECH Weight,HDFCBANK Weight,HINDALCO Weight,HINDUNILVR Weight,ICICIBANK Weight,INFY Weight,JSWSTEEL Weight,NESTLEIND Weight,POWERGRID Weight,RELIANCE Weight,TCS Weight,TATACONSUM Weight,TATASTEEL Weight,TECHM Weight,TITAN Weight,UPL Weight,WIPRO Weight
0,0.19331811056885617,1.10517751591495,0.166021243729149,1.969345018395476,4.516676899452973,7.067206272393535,10.567145000158815,2.5541724900392544,5.609760975496469,0.20745931963758948,0.14840135305347443,5.31870800687642,0.4378471605207009,11.155898676737483,0.8665338073639793,8.575033770478473,0.5700926112888757,6.990644893048331,2.0670514899661057,8.362652222744082,5.934332786450025,10.16113410154805,0.4785896446744196,0.4895420457317768,0.6515221008580098,4.201455976291619,1.0987933767940625
