,Returns,Standard Deviation,Sharpe Ratio,ADANIPORTS Weight,ASIANPAINT Weight,BAJFINANCE Weight,BAJAJFINSV Weight,BRITANNIA Weight,DIVISLAB Weight,GRASIM Weight,HCLTECH Weight,HDFCBANK Weight,HINDALCO Weight,HINDUNILVR Weight,ICICIBANK Weight,INFY Weight,JSWSTEEL Weight,NESTLEIND Weight,POWERGRID Weight,RELIANCE Weight,TCS Weight,TATACONSUM Weight,TATASTEEL Weight,TECHM Weight,TITAN Weight,UPL Weight,WIPRO Weight
0,0.12885208474477747,1.179614677753814,0.10089474313446235,0.008474222290948638,5.545371228968834,3.7944788263238585,7.365584776607337,1.8677404900221832,5.206774868232937,0.26503081119431643,4.967233999322192,6.979123653466254,0.30119871403735526,1.1641126379180862,3.374239139687458,2.4288431651934452,10.69681290381332,10.100029978683416,0.5614351451562593,9.40349084960148,5.731655081061386,6.351798347268778,1.146803444043266,1.6965595513710463,7.8208489803571855,1.9823892063220279,1.2399699790566054
