,Returns,Standard Deviation,Sharpe Ratio,ADANIPORTS Weight,ASIANPAINT Weight,BAJFINANCE Weight,BAJAJFINSV Weight,BRITANNIA Weight,DIVISLAB Weight,GRASIM Weight,HCLTECH Weight,HDFCBANK Weight,HINDALCO Weight,HINDUNILVR Weight,ICICIBANK Weight,INFY Weight,JSWSTEEL Weight,NESTLEIND Weight,POWERGRID Weight,RELIANCE Weight,TCS Weight,TATACONSUM Weight,TATASTEEL Weight,TECHM Weight,TITAN Weight,UPL Weight,WIPRO Weight
0,4.865492417965165,6.29822847269851,0.20410380848162368,6.378353057210054,5.6106343539308545,8.438977942173272,1.711692366704865,7.0833879059193,0.2425594282031753,3.672747789654073,7.250219072388335,2.073131303127755,4.363640705427846,3.7159670885630143,4.2796247802231475,1.9562910038508778,8.272292770895758,4.523520953513377,4.088286320537496,1.5153164606877563,5.351186631467568,6.807163175557253,2.360453437755242,6.2244578928211345,1.4670122034420385,1.3012142325009373,1.3118691234448743
