,Returns,Standard Deviation,Sharpe Ratio,ADANIPORTS Weight,ASIANPAINT Weight,BAJFINANCE Weight,BAJAJFINSV Weight,BRITANNIA Weight,DIVISLAB Weight,GRASIM Weight,HCLTECH Weight,HDFCBANK Weight,HINDALCO Weight,HINDUNILVR Weight,ICICIBANK Weight,INFY Weight,JSWSTEEL Weight,NESTLEIND Weight,POWERGRID Weight,RELIANCE Weight,TCS Weight,TATACONSUM Weight,TATASTEEL Weight,TECHM Weight,TITAN Weight,UPL Weight,WIPRO Weight
0,0.16516283757483835,1.126904100782274,0.1378357507367736,0.006149311062778046,0.531590843773703,10.11862908851108,7.526193754262592,0.2590512179970077,5.171388221386721,0.4507970570238102,1.842537252440394,2.2993654526592806,0.16368783181682534,6.686724697932959,1.8271096632467245,2.4875234708575347,2.135473891997915,8.151118414730348,9.317202458757428,9.508127495206558,6.479252076398268,6.9345162593180545,3.340307109059002,2.392146049726285,5.440811845882629,2.060242164967491,4.870054370984625
