,Returns,Standard Deviation,Sharpe Ratio,ADANIPORTS Weight,ASIANPAINT Weight,BAJFINANCE Weight,BAJAJFINSV Weight,BRITANNIA Weight,DIVISLAB Weight,GRASIM Weight,HCLTECH Weight,HDFCBANK Weight,HINDALCO Weight,HINDUNILVR Weight,ICICIBANK Weight,INFY Weight,JSWSTEEL Weight,NESTLEIND Weight,POWERGRID Weight,RELIANCE Weight,TCS Weight,TATACONSUM Weight,TATASTEEL Weight,TECHM Weight,TITAN Weight,UPL Weight,WIPRO Weight
0,16.364402909513302,8.539439405786647,1.4971009573356895,2.5322445837287986,5.774870499323154,5.8638842770269335,4.934057050279242,8.272923425415144,8.05854673282516,1.0779042061434694,1.8478755080046538,1.60882399858855,6.8616074175871695,4.739422605213382,3.821510785705055,3.0945975504340937,4.209141618725789,2.6870869283030174,2.2376562108387064,1.5625431091490987,7.077605964295191,4.826655570047458,5.12949436740254,5.3142356364594425,3.6203702362962926,2.9248093108436772,1.9221324073639567
