,Returns,Standard Deviation,Sharpe Ratio,ADANIPORTS Weight,ASIANPAINT Weight,BAJFINANCE Weight,BAJAJFINSV Weight,BRITANNIA Weight,DIVISLAB Weight,GRASIM Weight,HCLTECH Weight,HDFCBANK Weight,HINDALCO Weight,HINDUNILVR Weight,ICICIBANK Weight,INFY Weight,JSWSTEEL Weight,NESTLEIND Weight,POWERGRID Weight,RELIANCE Weight,TCS Weight,TATACONSUM Weight,TATASTEEL Weight,TECHM Weight,TITAN Weight,UPL Weight,WIPRO Weight
0,13.13286477849254,5.0785562295349145,1.881019791203016,0.7949188191231469,2.4106613695642345,4.4152025572830835,3.26266764012167,0.31079119330737154,0.775277111411068,2.4003876159982873,9.208516587166708,8.347176709948858,0.550275513065279,0.25738656336975513,4.155177552826975,0.07966667068574082,7.270471107131528,1.934462530415653,8.45086471386185,6.883102435087725,9.093986800873614,7.815066605480247,5.970898040386346,2.8385396553587428,0.4018846208116934,7.546728636627778,4.825888950092647
