,Returns,Standard Deviation,Sharpe Ratio,ADANIPORTS Weight,ASIANPAINT Weight,BAJFINANCE Weight,BAJAJFINSV Weight,BRITANNIA Weight,DIVISLAB Weight,GRASIM Weight,HCLTECH Weight,HDFCBANK Weight,HINDALCO Weight,HINDUNILVR Weight,ICICIBANK Weight,INFY Weight,JSWSTEEL Weight,NESTLEIND Weight,POWERGRID Weight,RELIANCE Weight,TCS Weight,TATACONSUM Weight,TATASTEEL Weight,TECHM Weight,TITAN Weight,UPL Weight,WIPRO Weight
0,8.838771987786705,6.898878175410253,0.762264799301806,4.1352908947307805,4.640868898954193,6.862696744019524,5.602168414657344,4.154747028229125,7.635527866412796,1.6076568924744843,0.40132910860505205,6.279123535276441,4.652185611652449,0.3118768304370062,1.3168836232612389,7.05285479506496,5.183193473654657,2.092617120187523,5.12686451806493,3.8145581151820784,0.22233998958752638,6.894784553822792,4.698350942700377,3.2564079157945103,6.733699032852429,1.7758671538324378,5.548106940545354
