,Returns,Standard Deviation,Sharpe Ratio,ADANIPORTS Weight,ASIANPAINT Weight,BAJFINANCE Weight,BAJAJFINSV Weight,BRITANNIA Weight,DIVISLAB Weight,GRASIM Weight,HCLTECH Weight,HDFCBANK Weight,HINDALCO Weight,HINDUNILVR Weight,ICICIBANK Weight,INFY Weight,JSWSTEEL Weight,NESTLEIND Weight,POWERGRID Weight,RELIANCE Weight,TCS Weight,TATACONSUM Weight,TATASTEEL Weight,TECHM Weight,TITAN Weight,UPL Weight,WIPRO Weight
0,0.16774590056159744,1.1455354387454295,0.137848843768093,2.544565950128124,2.9773732489459173,5.302231168148745,3.924213975968835,0.11382495418741856,8.130040276148755,2.5865803613101526,1.0698068875715636,4.597141940160115,0.9185281278118577,4.339323913619123,6.170828596546106,8.743554103292919,0.013831287631567797,8.830355432587991,3.9535639459178302,8.052660894376174,4.120998651885353,9.28437029587253,0.11262394105054008,0.05521194597848593,9.19167197150233,2.0539568510571744,2.912741278300378
