,Returns,Standard Deviation,Sharpe Ratio,ADANIPORTS Weight,ASIANPAINT Weight,BAJFINANCE Weight,BAJAJFINSV Weight,BRITANNIA Weight,DIVISLAB Weight,GRASIM Weight,HCLTECH Weight,HDFCBANK Weight,HINDALCO Weight,HINDUNILVR Weight,ICICIBANK Weight,INFY Weight,JSWSTEEL Weight,NESTLEIND Weight,POWERGRID Weight,RELIANCE Weight,TCS Weight,TATACONSUM Weight,TATASTEEL Weight,TECHM Weight,TITAN Weight,UPL Weight,WIPRO Weight
0,0.25204598807248046,0.6249237169407295,0.38758462300493546,1.8910339914049026,3.5644375477533443,5.149407336204317,3.016800986074514,1.5426484829407132,7.78257691364566,1.6903234547394852,0.7418835178051373,9.741112577144568,1.0489697955513329,9.149457192328102,0.21998983384103935,5.356077406466931,6.110875043553184,2.9367106247922954,1.3980724339574149,7.878085133005569,8.555302656665743,9.348353067909276,0.4232695595131004,2.8942748287161706,1.18596183549127,0.20282390023141006,8.171551880264499
