,Returns,Standard Deviation,Sharpe Ratio,ADANIPORTS Weight,ASIANPAINT Weight,BAJFINANCE Weight,BAJAJFINSV Weight,BRITANNIA Weight,DIVISLAB Weight,GRASIM Weight,HCLTECH Weight,HDFCBANK Weight,HINDALCO Weight,HINDUNILVR Weight,ICICIBANK Weight,INFY Weight,JSWSTEEL Weight,NESTLEIND Weight,POWERGRID Weight,RELIANCE Weight,TCS Weight,TATACONSUM Weight,TATASTEEL Weight,TECHM Weight,TITAN Weight,UPL Weight,WIPRO Weight
0,0.3132742012965689,0.8802422761906409,0.3447221800963419,0.2714185283359181,5.934988869178573,7.583718433681076,1.11012387342791,5.323510166632872,9.229855689894768,4.685195389189785,3.190943161150581,4.834576644462139,1.5972963183527504,5.865458566681178,0.6011239813270501,3.1495880663229023,0.9271179031894891,7.628783659592959,7.237890300005375,9.147327688908073,2.8838228431536006,6.971914190108921,0.8005128061445275,1.4762253054550674,5.3434548678517695,2.6865365460606787,1.5186162008920308
