,Returns,Standard Deviation,Sharpe Ratio,ADANIPORTS Weight,ASIANPAINT Weight,BAJFINANCE Weight,BAJAJFINSV Weight,BRITANNIA Weight,DIVISLAB Weight,GRASIM Weight,HCLTECH Weight,HDFCBANK Weight,HINDALCO Weight,HINDUNILVR Weight,ICICIBANK Weight,INFY Weight,JSWSTEEL Weight,NESTLEIND Weight,POWERGRID Weight,RELIANCE Weight,TCS Weight,TATACONSUM Weight,TATASTEEL Weight,TECHM Weight,TITAN Weight,UPL Weight,WIPRO Weight
0,16.86813196559739,8.047347716067812,1.651243668651911,0.4492510875935004,7.041954704798815,5.373940206433514,2.2922545641937813,2.632501174497291,4.400423262037595,5.861109648708423,1.5366774205080986,3.14678508659965,3.8701910358289577,5.143446741346651,0.7708698590412468,4.896402084341159,6.7428329010251336,5.741342364741188,0.8527016074908621,6.777215935408666,5.986101811416764,6.154707892551751,2.7619477995791555,0.36583902015140574,4.472447768249498,6.960842467761317,5.768213555695563
