,Returns,Standard Deviation,Sharpe Ratio,ADANIPORTS Weight,ASIANPAINT Weight,BAJFINANCE Weight,BAJAJFINSV Weight,BRITANNIA Weight,DIVISLAB Weight,GRASIM Weight,HCLTECH Weight,HDFCBANK Weight,HINDALCO Weight,HINDUNILVR Weight,ICICIBANK Weight,INFY Weight,JSWSTEEL Weight,NESTLEIND Weight,POWERGRID Weight,RELIANCE Weight,TCS Weight,TATACONSUM Weight,TATASTEEL Weight,TECHM Weight,TITAN Weight,UPL Weight,WIPRO Weight
0,7.5345338991239,9.004939460781692,0.439151636315456,0.9041776701268964,3.17012095822218,2.58015445881869,5.3611085002167345,3.428182497028217,7.4097531011439415,7.576831007329192,4.4736753548327215,4.728083628358857,0.9635337723049148,2.8072947952942893,2.6448012007514574,2.7892953384462413,3.964988589795747,7.422310696700049,1.5567716501589464,6.043480040517511,6.817851183802509,5.4865654155917225,3.9945731650889447,0.9259247569650866,6.995772055312534,5.245558478322748,2.7091916848698685
