,Returns,Standard Deviation,Sharpe Ratio,ADANIPORTS Weight,ASIANPAINT Weight,BAJFINANCE Weight,BAJAJFINSV Weight,BRITANNIA Weight,DIVISLAB Weight,GRASIM Weight,HCLTECH Weight,HDFCBANK Weight,HINDALCO Weight,HINDUNILVR Weight,ICICIBANK Weight,INFY Weight,JSWSTEEL Weight,NESTLEIND Weight,POWERGRID Weight,RELIANCE Weight,TCS Weight,TATACONSUM Weight,TATASTEEL Weight,TECHM Weight,TITAN Weight,UPL Weight,WIPRO Weight
0,13.60919374628188,7.033469303117002,1.4259241512346224,1.0051224147318099,4.452831058163647,6.54727267655098,8.727441998410221,7.983432672010545,1.89608822301,0.2437448540712906,0.9664341772626697,2.531060918629894,7.801818751448081,2.3428361525376173,0.4793542483144949,4.392575165749473,6.583939532513004,1.941981791604492,5.86345088244374,5.426258724893143,6.478784908275773,3.1947045484790686,1.4063704973733968,8.293789994356054,6.99695698255615,3.696683057897471,0.7470657687169748
