,Returns,Standard Deviation,Sharpe Ratio,ADANIPORTS Weight,ASIANPAINT Weight,BAJFINANCE Weight,BAJAJFINSV Weight,BRITANNIA Weight,DIVISLAB Weight,GRASIM Weight,HCLTECH Weight,HDFCBANK Weight,HINDALCO Weight,HINDUNILVR Weight,ICICIBANK Weight,INFY Weight,JSWSTEEL Weight,NESTLEIND Weight,POWERGRID Weight,RELIANCE Weight,TCS Weight,TATACONSUM Weight,TATASTEEL Weight,TECHM Weight,TITAN Weight,UPL Weight,WIPRO Weight
0,-2.914924730029658,7.899281871608929,-0.8222171123394498,6.804317328829075,7.515702149030772,7.630426963253008,4.395575662047201,5.714423594989902,1.4346515076929183,1.0254074195433194,6.859502790207488,0.9036750396268556,2.483158644090789,4.521492350067895,3.189763270294147,6.0419752795198844,1.0258822740850355,3.2334847140653036,3.08381578804633,2.151534338462385,0.37841710526645533,6.41917712758299,5.766072067550392,5.465116859076917,3.076539182813837,4.388681338618602,6.491207205238517
