,Returns,Standard Deviation,Sharpe Ratio,ADANIPORTS Weight,ASIANPAINT Weight,BAJFINANCE Weight,BAJAJFINSV Weight,BRITANNIA Weight,DIVISLAB Weight,GRASIM Weight,HCLTECH Weight,HDFCBANK Weight,HINDALCO Weight,HINDUNILVR Weight,ICICIBANK Weight,INFY Weight,JSWSTEEL Weight,NESTLEIND Weight,POWERGRID Weight,RELIANCE Weight,TCS Weight,TATACONSUM Weight,TATASTEEL Weight,TECHM Weight,TITAN Weight,UPL Weight,WIPRO Weight
0,-0.024451553670261354,0.8190120713130546,-0.04186350812932112,0.07677506785538404,4.084279353759567,9.232858268321488,1.5256910823385563,5.092926899300308,8.165411420389937,0.8274475220895222,5.017820864378305,3.087958208682434,0.02992039853766764,8.562707561393784,0.4095647761544508,3.5285962118919767,1.1838650286181798,6.884480393551233,4.4846901817216756,3.176300089167334,3.3312898668773787,4.573268714270522,1.7833474383095647,4.531973834057658,8.07496717758665,4.396928132233969,7.936931508512453
