,Returns,Standard Deviation,Sharpe Ratio,ADANIPORTS Weight,ASIANPAINT Weight,BAJFINANCE Weight,BAJAJFINSV Weight,BRITANNIA Weight,DIVISLAB Weight,GRASIM Weight,HCLTECH Weight,HDFCBANK Weight,HINDALCO Weight,HINDUNILVR Weight,ICICIBANK Weight,INFY Weight,JSWSTEEL Weight,NESTLEIND Weight,POWERGRID Weight,RELIANCE Weight,TCS Weight,TATACONSUM Weight,TATASTEEL Weight,TECHM Weight,TITAN Weight,UPL Weight,WIPRO Weight
0,19.01310956419531,8.150065123107545,1.8936179442834693,3.8376690072718658,1.5693736593293446,3.183571558990797,6.980315997014911,8.062402494284814,3.847498164328923,6.857732652835223,4.688387549691192,7.480064591801678,4.136723374869928,2.943938601777187,0.4765995440685072,4.3890571429280785,6.396480536402126,0.32749164571538325,3.678664415204053,6.688870983049014,0.3682874481289784,7.562467077343769,0.1599670129780316,2.1010624012225754,4.4375087693903,3.433525347405592,6.3923400239677175
