,Returns,Standard Deviation,Sharpe Ratio,ADANIPORTS Weight,ASIANPAINT Weight,BAJFINANCE Weight,BAJAJFINSV Weight,BRITANNIA Weight,DIVISLAB Weight,GRASIM Weight,HCLTECH Weight,HDFCBANK Weight,HINDALCO Weight,HINDUNILVR Weight,ICICIBANK Weight,INFY Weight,JSWSTEEL Weight,NESTLEIND Weight,POWERGRID Weight,RELIANCE Weight,TCS Weight,TATACONSUM Weight,TATASTEEL Weight,TECHM Weight,TITAN Weight,UPL Weight,WIPRO Weight
0,19.96133055274599,7.72731776973683,2.1199245379686116,0.1381375305419621,0.3678727688023188,7.535104884452927,2.436856756301942,7.194201186257187,2.394280483020194,4.972718192691527,7.304444314880543,0.4326043590836062,7.184303164128036,0.47982220344126164,5.971413112243056,7.873985780246389,6.059379935562932,4.689228792514933,4.094553332598023,1.6532137885815874,7.110958654965614,5.809512100100892,1.634027270121265,4.427141183218256,1.4874058134520518,0.6231269225038307,8.125707470289667
