,Returns,Standard Deviation,Sharpe Ratio,ADANIPORTS Weight,ASIANPAINT Weight,BAJFINANCE Weight,BAJAJFINSV Weight,BRITANNIA Weight,DIVISLAB Weight,GRASIM Weight,HCLTECH Weight,HDFCBANK Weight,HINDALCO Weight,HINDUNILVR Weight,ICICIBANK Weight,INFY Weight,JSWSTEEL Weight,NESTLEIND Weight,POWERGRID Weight,RELIANCE Weight,TCS Weight,TATACONSUM Weight,TATASTEEL Weight,TECHM Weight,TITAN Weight,UPL Weight,WIPRO Weight
0,13.966598820508363,9.477432128110754,1.0959296442441362,2.22497723504298,5.789355073192613,4.210661250522357,1.4462199650274137,4.106202149725306,8.458981759789836,3.972711491173358,4.50716989352134,0.33217332095642416,7.460728229985008,2.599623383108818,5.532160880812926,1.857989518107507,6.79411989343793,6.753593087814188,0.274863671583117,6.411114461295267,3.9718177219033173,0.43487260225549135,0.5861141959277336,6.734785455159945,4.480191880712759,3.470804152183064,7.588768726761281
