,Returns,Standard Deviation,Sharpe Ratio,ADANIPORTS Weight,ASIANPAINT Weight,BAJFINANCE Weight,BAJAJFINSV Weight,BRITANNIA Weight,DIVISLAB Weight,GRASIM Weight,HCLTECH Weight,HDFCBANK Weight,HINDALCO Weight,HINDUNILVR Weight,ICICIBANK Weight,INFY Weight,JSWSTEEL Weight,NESTLEIND Weight,POWERGRID Weight,RELIANCE Weight,TCS Weight,TATACONSUM Weight,TATASTEEL Weight,TECHM Weight,TITAN Weight,UPL Weight,WIPRO Weight
0,17.720270111102174,9.071658294705406,1.558730460488687,4.651042198220959,2.879112572043992,6.67549562982574,3.8642488571811393,1.4569175946005315,5.790865178997124,5.80310279791046,6.107427798157654,2.7714043179688295,8.147369314470167,1.4774183098062843,7.781484634057562,1.6362867521677962,0.409952939174715,0.7959757891292653,8.045019281535943,5.380095406499663,0.4795326595903126,5.58663324079422,0.8125443970760658,2.6426192974814224,8.427319114511706,4.159989407128969,4.218142511669478
