,Returns,Standard Deviation,Sharpe Ratio,ADANIPORTS Weight,ASIANPAINT Weight,BAJFINANCE Weight,BAJAJFINSV Weight,BRITANNIA Weight,DIVISLAB Weight,GRASIM Weight,HCLTECH Weight,HDFCBANK Weight,HINDALCO Weight,HINDUNILVR Weight,ICICIBANK Weight,INFY Weight,JSWSTEEL Weight,NESTLEIND Weight,POWERGRID Weight,RELIANCE Weight,TCS Weight,TATACONSUM Weight,TATASTEEL Weight,TECHM Weight,TITAN Weight,UPL Weight,WIPRO Weight
0,11.617206788837239,5.348908714626882,1.5025881385597515,5.747723582746053,2.706327895658222,5.407132057175024,5.44139719535374,3.667821799449515,1.348814440098521,2.9501881073699443,3.858121370043087,2.5480355638418257,7.246366166060736,3.7490297012415783,3.7221354865686687,1.5082681189882465,4.576006554869578,8.28797682791947,0.5786871155323444,3.9197462216268124,6.090872477472878,8.351729468106242,2.1154002271267744,6.6058735056273115,5.615717430299078,0.7051741161228967,3.2514545707014344
