,Returns,Standard Deviation,Sharpe Ratio,ADANIPORTS Weight,ASIANPAINT Weight,BAJFINANCE Weight,BAJAJFINSV Weight,BRITANNIA Weight,DIVISLAB Weight,GRASIM Weight,HCLTECH Weight,HDFCBANK Weight,HINDALCO Weight,HINDUNILVR Weight,ICICIBANK Weight,INFY Weight,JSWSTEEL Weight,NESTLEIND Weight,POWERGRID Weight,RELIANCE Weight,TCS Weight,TATACONSUM Weight,TATASTEEL Weight,TECHM Weight,TITAN Weight,UPL Weight,WIPRO Weight
0,5.743089939337109,8.808584428470837,0.2455661243758572,1.4497995750587458,8.319756134630877,5.529992696362874,1.8123600963580404,6.937499125514517,7.947715179831344,1.2067044205455675,5.42777438005007,5.357237515834194,1.5878326999995782,0.9033483301561981,4.4200984882917815,0.053103957212406856,1.3282304347465064,6.4879292635522345,5.211805654045506,6.584712697932401,3.4140640879255146,6.292595232752253,6.591565256000939,2.249661213171441,2.0920101560882864,2.141926173805431,6.652277230133315
