,Returns,Standard Deviation,Sharpe Ratio,ADANIPORTS Weight,ASIANPAINT Weight,BAJFINANCE Weight,BAJAJFINSV Weight,BRITANNIA Weight,DIVISLAB Weight,GRASIM Weight,HCLTECH Weight,HDFCBANK Weight,HINDALCO Weight,HINDUNILVR Weight,ICICIBANK Weight,INFY Weight,JSWSTEEL Weight,NESTLEIND Weight,POWERGRID Weight,RELIANCE Weight,TCS Weight,TATACONSUM Weight,TATASTEEL Weight,TECHM Weight,TITAN Weight,UPL Weight,WIPRO Weight
0,0.3428959775107003,0.8186262701288303,0.4068533161330387,0.13044491305109787,8.58711926746745,7.410806225774076,3.375382811109409,5.9732074841072915,2.793388892330083,0.22302662221883104,0.7342790389774813,3.971603117540934,0.5378747727168673,5.777329641954406,3.430532494016651,7.42782222595041,1.986665564949738,8.788566934480835,3.5328919760306525,8.68752624429459,3.462844847456264,8.667938919238532,0.20797054378092547,3.391175079761049,5.729425431713932,0.033504902586132354,5.138672048492332
