,Returns,Standard Deviation,Sharpe Ratio,ADANIPORTS Weight,ASIANPAINT Weight,BAJFINANCE Weight,BAJAJFINSV Weight,BRITANNIA Weight,DIVISLAB Weight,GRASIM Weight,HCLTECH Weight,HDFCBANK Weight,HINDALCO Weight,HINDUNILVR Weight,ICICIBANK Weight,INFY Weight,JSWSTEEL Weight,NESTLEIND Weight,POWERGRID Weight,RELIANCE Weight,TCS Weight,TATACONSUM Weight,TATASTEEL Weight,TECHM Weight,TITAN Weight,UPL Weight,WIPRO Weight
0,0.2136723024369031,0.9668549608177198,0.2108249384471716,3.9728905728759325,4.395633583292609,5.722069552071366,3.6942779574553635,5.043496945405999,6.847009960503571,1.8643038002658052,7.08581466796499,3.0235633268577944,1.777525561270193,6.518182615213165,0.37406778270738783,5.917832986423729,1.047053406003508,7.034327731703313,3.094545020576244,5.854801078086956,6.675275438537261,6.999900547032589,4.725719836992025,0.5424622394939411,6.907162712339924,0.3862952440659058,0.4957874328604305
