,Returns,Standard Deviation,Sharpe Ratio,ADANIPORTS Weight,ASIANPAINT Weight,BAJFINANCE Weight,BAJAJFINSV Weight,BRITANNIA Weight,DIVISLAB Weight,GRASIM Weight,HCLTECH Weight,HDFCBANK Weight,HINDALCO Weight,HINDUNILVR Weight,ICICIBANK Weight,INFY Weight,JSWSTEEL Weight,NESTLEIND Weight,POWERGRID Weight,RELIANCE Weight,TCS Weight,TATACONSUM Weight,TATASTEEL Weight,TECHM Weight,TITAN Weight,UPL Weight,WIPRO Weight
0,0.43720916322072334,7.4239768953836,-0.4233298245760351,5.006933379594412,1.9420997763937329,6.445081213138846,7.724798848702001,0.7822758326131953,4.644796704371395,0.20687005012628365,2.0755212945996604,4.343579294031319,7.294113216872919,7.249456388013592,5.797933901649126,2.6571411179746915,4.772858588761466,5.966967295445179,3.0303429274278275,3.609583328346308,0.13388544860115625,5.352082905821954,1.5825076827926876,3.641126686046721,6.483930130838508,5.56726017535663,3.6888538124804096
