,Returns,Standard Deviation,Sharpe Ratio,ADANIPORTS Weight,ASIANPAINT Weight,BAJFINANCE Weight,BAJAJFINSV Weight,BRITANNIA Weight,DIVISLAB Weight,GRASIM Weight,HCLTECH Weight,HDFCBANK Weight,HINDALCO Weight,HINDUNILVR Weight,ICICIBANK Weight,INFY Weight,JSWSTEEL Weight,NESTLEIND Weight,POWERGRID Weight,RELIANCE Weight,TCS Weight,TATACONSUM Weight,TATASTEEL Weight,TECHM Weight,TITAN Weight,UPL Weight,WIPRO Weight
0,0.06156299104527059,1.1853535230012848,0.04363915507597448,2.686810115383477,8.93578223145441,7.565737017589889,7.074398614072459,5.3236961355617245,7.629253351526821,0.7145289280332302,8.202688382792921,6.615307102298011,1.383086802351666,5.737997405001361,0.3751825274854909,1.800395735693129,5.98103661143677,9.1016828195602,3.089280397758181,1.061816838645876,3.246667743925655,2.603701219638268,1.543605261463713,0.4826817311922286,7.3347199176396165,0.10679601920098479,1.4031470902939025
