,Returns,Standard Deviation,Sharpe Ratio,ADANIPORTS Weight,ASIANPAINT Weight,BAJFINANCE Weight,BAJAJFINSV Weight,BRITANNIA Weight,DIVISLAB Weight,GRASIM Weight,HCLTECH Weight,HDFCBANK Weight,HINDALCO Weight,HINDUNILVR Weight,ICICIBANK Weight,INFY Weight,JSWSTEEL Weight,NESTLEIND Weight,POWERGRID Weight,RELIANCE Weight,TCS Weight,TATACONSUM Weight,TATASTEEL Weight,TECHM Weight,TITAN Weight,UPL Weight,WIPRO Weight
0,0.16994724478895107,0.7806375375681499,0.20510425421325373,1.9210527721563428,9.312841517510039,8.448160547586024,1.5755614835082694,0.79363104501601,7.1523945970018055,0.17849348024867898,2.1287351296392236,5.086179370082361,0.3689721737068727,3.0928368564062403,0.13384085332477436,7.749006116483266,3.462028494560269,2.586284461763639,8.770076249819008,6.025435215308374,4.990094249588332,7.947532581386241,1.295827314254386,4.4561113397550605,8.046941703736993,0.15291153258144358,4.325050914576352
