,Returns,Standard Deviation,Sharpe Ratio,ADANIPORTS Weight,ASIANPAINT Weight,BAJFINANCE Weight,BAJAJFINSV Weight,BRITANNIA Weight,DIVISLAB Weight,GRASIM Weight,HCLTECH Weight,HDFCBANK Weight,HINDALCO Weight,HINDUNILVR Weight,ICICIBANK Weight,INFY Weight,JSWSTEEL Weight,NESTLEIND Weight,POWERGRID Weight,RELIANCE Weight,TCS Weight,TATACONSUM Weight,TATASTEEL Weight,TECHM Weight,TITAN Weight,UPL Weight,WIPRO Weight
0,14.316974795204384,4.878485187023425,2.2008829346790493,1.9916983989277857,1.9573607030976863,8.260094420035124,1.2744646504754598,8.834880005017338,1.5009971566973952,4.261254562567522,7.977939561353015,3.9161445053627557,0.3865425060252064,0.42429657410908717,5.895772611116669,6.269168225193866,5.7038755901789475,5.737822866988267,7.039207232496268,2.3307698821338105,4.311053086893297,0.9685838445570268,1.852640514788045,1.3569471606555465,6.058572225126002,2.87006897786582,8.819844738338041
