,Returns,Standard Deviation,Sharpe Ratio,ADANIPORTS Weight,ASIANPAINT Weight,BAJFINANCE Weight,BAJAJFINSV Weight,BRITANNIA Weight,DIVISLAB Weight,GRASIM Weight,HCLTECH Weight,HDFCBANK Weight,HINDALCO Weight,HINDUNILVR Weight,ICICIBANK Weight,INFY Weight,JSWSTEEL Weight,NESTLEIND Weight,POWERGRID Weight,RELIANCE Weight,TCS Weight,TATACONSUM Weight,TATASTEEL Weight,TECHM Weight,TITAN Weight,UPL Weight,WIPRO Weight
0,16.390437810687548,8.339714755319179,1.5360762551880907,6.093822330745585,4.227109356300615,6.485149690128032,4.264552378057488,0.9748309712263913,3.402701697349119,5.053024545688194,2.319627200487375,2.6152282180075725,5.620431542949355,0.41201555826653535,3.977790222718716,5.207427027148826,5.327127419692514,5.282431361166114,3.380604654236472,6.249267621061165,3.568975662527539,4.414690832067857,1.6139540253979636,6.085715043700531,5.1189268860912955,4.337488255881918,3.9671074991028377
