,Returns,Standard Deviation,Sharpe Ratio,ADANIPORTS Weight,ASIANPAINT Weight,BAJFINANCE Weight,BAJAJFINSV Weight,BRITANNIA Weight,DIVISLAB Weight,GRASIM Weight,HCLTECH Weight,HDFCBANK Weight,HINDALCO Weight,HINDUNILVR Weight,ICICIBANK Weight,INFY Weight,JSWSTEEL Weight,NESTLEIND Weight,POWERGRID Weight,RELIANCE Weight,TCS Weight,TATACONSUM Weight,TATASTEEL Weight,TECHM Weight,TITAN Weight,UPL Weight,WIPRO Weight
0,14.18642079152418,9.06677846402799,1.1698113981283038,2.5303493123899434,7.063563950357025,6.9115473285984415,4.771068691887927,0.9089763671515063,8.918828284579746,3.325738357594771,7.822301603368322,0.9423177140454865,0.9918201294525284,7.775639552124996,3.4206084705260977,6.979989649510345,6.144972826577788,5.754370325459035,5.501966384635643,3.6091445055523588,1.1806407004865744,4.053087519561057,0.05622850680265569,2.296243596939099,3.0596698726718747,4.226600907836757,1.7543254418900038
