,Returns,Standard Deviation,Sharpe Ratio,ADANIPORTS Weight,ASIANPAINT Weight,BAJFINANCE Weight,BAJAJFINSV Weight,BRITANNIA Weight,DIVISLAB Weight,GRASIM Weight,HCLTECH Weight,HDFCBANK Weight,HINDALCO Weight,HINDUNILVR Weight,ICICIBANK Weight,INFY Weight,JSWSTEEL Weight,NESTLEIND Weight,POWERGRID Weight,RELIANCE Weight,TCS Weight,TATACONSUM Weight,TATASTEEL Weight,TECHM Weight,TITAN Weight,UPL Weight,WIPRO Weight
0,9.963637913151551,9.595053214573046,0.6653051077878368,1.4540688372614081,4.543060427595924,4.989553936930874,4.294728246151565,2.6828773679107254,5.566694930110924,6.4172601552908475,2.3000643696315293,6.3817986656863415,6.63235475236163,7.446038758349781,1.4145222256999552,0.48925663416180865,3.8565202719980025,3.019282535427069,3.2062755876657674,1.9720863231736645,7.412942278035119,5.198478057535618,3.4032536428792235,4.302720787101929,6.249912127885155,4.640662137078742,2.1255869440764084
