,Returns,Standard Deviation,Sharpe Ratio,ADANIPORTS Weight,ASIANPAINT Weight,BAJFINANCE Weight,BAJAJFINSV Weight,BRITANNIA Weight,DIVISLAB Weight,GRASIM Weight,HCLTECH Weight,HDFCBANK Weight,HINDALCO Weight,HINDUNILVR Weight,ICICIBANK Weight,INFY Weight,JSWSTEEL Weight,NESTLEIND Weight,POWERGRID Weight,RELIANCE Weight,TCS Weight,TATACONSUM Weight,TATASTEEL Weight,TECHM Weight,TITAN Weight,UPL Weight,WIPRO Weight
0,0.25509826310094724,0.5234899590235045,0.46851538226881295,5.886790729362325,4.398924536010773,1.8219980503377606,6.281171660965318,4.3387992466500025,5.472512650186211,0.5555529273035817,4.591470828405445,1.6152250047941252,0.2829514566633441,6.383716364584766,3.1129570524922583,7.195520486386651,0.18775002349410444,8.585592020931749,2.204680592881612,7.484145375368266,6.149080885660673,7.344603071683007,2.388546528937058,0.4536195937214649,4.89891978382418,1.069502417689993,7.295968711665339
