,Returns,Standard Deviation,Sharpe Ratio,ADANIPORTS Weight,ASIANPAINT Weight,BAJFINANCE Weight,BAJAJFINSV Weight,BRITANNIA Weight,DIVISLAB Weight,GRASIM Weight,HCLTECH Weight,HDFCBANK Weight,HINDALCO Weight,HINDUNILVR Weight,ICICIBANK Weight,INFY Weight,JSWSTEEL Weight,NESTLEIND Weight,POWERGRID Weight,RELIANCE Weight,TCS Weight,TATACONSUM Weight,TATASTEEL Weight,TECHM Weight,TITAN Weight,UPL Weight,WIPRO Weight
0,12.916096448652544,5.2870512623291015,1.7658418625848011,1.9612508251113943,4.547578858337087,6.508820187981391,6.674772907666281,4.085836640990899,2.218510317403037,1.856573945827698,6.978714421547001,0.2123973976629594,1.1449031358345936,6.6866558070986235,5.898799316958381,7.149117166290912,5.016326635553113,2.132274174588892,6.965485941265162,4.174371731720507,2.7146587546210377,2.8164662716556284,5.1192383355330735,1.766779778455112,4.87281120430849,3.906400865553999,4.5912553780347105
