,Returns,Standard Deviation,Sharpe Ratio,ADANIPORTS Weight,ASIANPAINT Weight,BAJFINANCE Weight,BAJAJFINSV Weight,BRITANNIA Weight,DIVISLAB Weight,GRASIM Weight,HCLTECH Weight,HDFCBANK Weight,HINDALCO Weight,HINDUNILVR Weight,ICICIBANK Weight,INFY Weight,JSWSTEEL Weight,NESTLEIND Weight,POWERGRID Weight,RELIANCE Weight,TCS Weight,TATACONSUM Weight,TATASTEEL Weight,TECHM Weight,TITAN Weight,UPL Weight,WIPRO Weight
0,-0.03665272646373302,0.9137583741312121,-0.05087547497783301,0.743246732403053,0.8218469889991636,6.332146576371872,4.048695872634881,7.123514768494754,9.642067673263497,0.8930463734626304,3.1226353179443094,8.495351826354955,3.309456004893964,7.133925358758236,0.687309568512728,5.296560212663983,0.5880430248025483,8.730185767856726,0.3190311856576858,1.2484998231138844,9.84447758604993,4.661045800954067,2.8516371250972705,2.29294500152175,6.653706070736977,1.4168721917503544,3.7437531477007657
