,Returns,Standard Deviation,Sharpe Ratio,ADANIPORTS Weight,ASIANPAINT Weight,BAJFINANCE Weight,BAJAJFINSV Weight,BRITANNIA Weight,DIVISLAB Weight,GRASIM Weight,HCLTECH Weight,HDFCBANK Weight,HINDALCO Weight,HINDUNILVR Weight,ICICIBANK Weight,INFY Weight,JSWSTEEL Weight,NESTLEIND Weight,POWERGRID Weight,RELIANCE Weight,TCS Weight,TATACONSUM Weight,TATASTEEL Weight,TECHM Weight,TITAN Weight,UPL Weight,WIPRO Weight
0,0.22812485312963598,0.519799227247542,0.419950005409523,1.7950836840690776,1.7241445073962054,5.641113763954477,3.0388639350768254,4.621035832328739,7.624303256453055,2.002301692696858,0.835773160365295,0.053588842788912086,1.5106838163356993,8.563221245512565,0.06399469181159932,7.63189845861724,2.415642020624041,1.9183837469962242,7.59057727227581,6.873745601234877,8.863354242436722,9.407035462538024,1.4648429676324706,1.2068211829512736,6.446819755901075,1.8686115968564683,6.838159263146448
