,Returns,Standard Deviation,Sharpe Ratio,ADANIPORTS Weight,ASIANPAINT Weight,BAJFINANCE Weight,BAJAJFINSV Weight,BRITANNIA Weight,DIVISLAB Weight,GRASIM Weight,HCLTECH Weight,HDFCBANK Weight,HINDALCO Weight,HINDUNILVR Weight,ICICIBANK Weight,INFY Weight,JSWSTEEL Weight,NESTLEIND Weight,POWERGRID Weight,RELIANCE Weight,TCS Weight,TATACONSUM Weight,TATASTEEL Weight,TECHM Weight,TITAN Weight,UPL Weight,WIPRO Weight
0,16.049667148485156,5.291775565934595,2.3564240382297568,0.6853918538505258,2.0033865552915655,5.139982575850237,7.526982225640209,4.113391479776881,7.129599710825868,2.1748372598156185,1.1651474189718758,3.015543200935841,6.701822519901696,3.366464254341702,1.9402232736370821,7.207400440519909,7.818457879883301,6.1807106945421815,0.26844504335506636,2.1688873081507687,1.902736905222852,7.0080819269268835,1.3872789764863227,6.977534308371708,7.40858228100639,6.1320308499512866,0.5770810567442172
