,Returns,Standard Deviation,Sharpe Ratio,ADANIPORTS Weight,ASIANPAINT Weight,BAJFINANCE Weight,BAJAJFINSV Weight,BRITANNIA Weight,DIVISLAB Weight,GRASIM Weight,HCLTECH Weight,HDFCBANK Weight,HINDALCO Weight,HINDUNILVR Weight,ICICIBANK Weight,INFY Weight,JSWSTEEL Weight,NESTLEIND Weight,POWERGRID Weight,RELIANCE Weight,TCS Weight,TATACONSUM Weight,TATASTEEL Weight,TECHM Weight,TITAN Weight,UPL Weight,WIPRO Weight
0,0.2934540088129273,0.8770276271891447,0.3233864420973316,1.8116279539999847,6.405642145973902,6.099714042021748,0.665625004493805,2.2387230653184784,8.333186288232373,1.088179716100935,0.31910616870214903,5.694713192041931,0.16180169454073368,9.4922353471096,2.359381045399585,4.216530230801379,7.379884954976629,5.57076239193393,1.2850878377696,9.126642432890558,0.6489459825842856,6.012066300887698,0.5802564423848128,0.4126717231609861,8.560984191589242,3.194344084248467,8.341887762837207
