,Returns,Standard Deviation,Sharpe Ratio,ADANIPORTS Weight,ASIANPAINT Weight,BAJFINANCE Weight,BAJAJFINSV Weight,BRITANNIA Weight,DIVISLAB Weight,GRASIM Weight,HCLTECH Weight,HDFCBANK Weight,HINDALCO Weight,HINDUNILVR Weight,ICICIBANK Weight,INFY Weight,JSWSTEEL Weight,NESTLEIND Weight,POWERGRID Weight,RELIANCE Weight,TCS Weight,TATACONSUM Weight,TATASTEEL Weight,TECHM Weight,TITAN Weight,UPL Weight,WIPRO Weight
0,9.501172050181463,6.678769028540714,0.8865663754620389,4.790684716716278,0.49184905565643894,0.9154663373230572,3.5629219203641362,5.963590596525028,7.711969245233574,2.093748023158395,5.902920291542645,2.5157235998366256,3.673768261574919,0.9444511291938452,6.671715333487695,2.7651463030037338,5.032823545495389,2.561241255814574,5.036938796514851,6.384831976607856,6.639409392396719,3.571402767009179,5.443025783858944,4.954706587520726,4.577116097190555,0.2894693446769074,7.505079639297947
