,Returns,Standard Deviation,Sharpe Ratio,ADANIPORTS Weight,ASIANPAINT Weight,BAJFINANCE Weight,BAJAJFINSV Weight,BRITANNIA Weight,DIVISLAB Weight,GRASIM Weight,HCLTECH Weight,HDFCBANK Weight,HINDALCO Weight,HINDUNILVR Weight,ICICIBANK Weight,INFY Weight,JSWSTEEL Weight,NESTLEIND Weight,POWERGRID Weight,RELIANCE Weight,TCS Weight,TATACONSUM Weight,TATASTEEL Weight,TECHM Weight,TITAN Weight,UPL Weight,WIPRO Weight
0,0.18592009745065394,0.569586314569094,0.30914530091668657,3.8068392818545704,4.41011986387648,6.444301699516976,2.7553707032214456,6.026134000374079,8.713522753900886,1.5723475460359337,5.521391943218496,1.5257411082301884,1.2709627956972451,8.518241142638699,2.081729898774273,3.1689635185994636,5.963049022530675,8.442422683927923,0.12750850403075803,8.095827229940395,5.687362190034393,5.711821149043152,2.0708311104215382,1.6891858292575908,2.3915076858036994,0.19303615026112145,3.8117821888100276
