,Returns,Standard Deviation,Sharpe Ratio,ADANIPORTS Weight,ASIANPAINT Weight,BAJFINANCE Weight,BAJAJFINSV Weight,BRITANNIA Weight,DIVISLAB Weight,GRASIM Weight,HCLTECH Weight,HDFCBANK Weight,HINDALCO Weight,HINDUNILVR Weight,ICICIBANK Weight,INFY Weight,JSWSTEEL Weight,NESTLEIND Weight,POWERGRID Weight,RELIANCE Weight,TCS Weight,TATACONSUM Weight,TATASTEEL Weight,TECHM Weight,TITAN Weight,UPL Weight,WIPRO Weight
0,0.2773328519556187,0.8331815216984095,0.32105571253569065,0.8551657966433275,1.3556501428732024,9.316496446882322,0.29480300459002157,8.172165167910993,3.69017084250082,0.09074560091020119,6.423830930038994,9.512435639546387,2.197661382967743,10.544072020141662,2.6268019141364025,8.18334407713152,2.9512847411082115,6.803958983862516,0.13894252172425814,3.899584761375167,10.447009517561431,1.4674169639387726,1.9232893609228672,1.5273041929283417,4.4776902362678745,0.142133848327867,2.9580419057090803
