,Returns,Standard Deviation,Sharpe Ratio,ADANIPORTS Weight,ASIANPAINT Weight,BAJFINANCE Weight,BAJAJFINSV Weight,BRITANNIA Weight,DIVISLAB Weight,GRASIM Weight,HCLTECH Weight,HDFCBANK Weight,HINDALCO Weight,HINDUNILVR Weight,ICICIBANK Weight,INFY Weight,JSWSTEEL Weight,NESTLEIND Weight,POWERGRID Weight,RELIANCE Weight,TCS Weight,TATACONSUM Weight,TATASTEEL Weight,TECHM Weight,TITAN Weight,UPL Weight,WIPRO Weight
0,12.64753737380295,4.831314750797799,1.8768260487076776,3.7991788909289608,4.555736793079308,5.585456706888501,5.911360785476546,1.495686564716601,3.095028085742922,2.522534853100313,3.922843451484531,6.464509367396793,2.8388928679276053,3.7193018186756124,0.49620058715945414,4.820126284617482,3.041854601448127,5.745130484936417,4.611739545102698,5.75746743397199,1.6018622770926902,5.975254985225273,4.795078466156441,6.210484024432427,5.470949024809185,0.8905933134369368,6.672728786193169
