,Returns,Standard Deviation,Sharpe Ratio,ADANIPORTS Weight,ASIANPAINT Weight,BAJFINANCE Weight,BAJAJFINSV Weight,BRITANNIA Weight,DIVISLAB Weight,GRASIM Weight,HCLTECH Weight,HDFCBANK Weight,HINDALCO Weight,HINDUNILVR Weight,ICICIBANK Weight,INFY Weight,JSWSTEEL Weight,NESTLEIND Weight,POWERGRID Weight,RELIANCE Weight,TCS Weight,TATACONSUM Weight,TATASTEEL Weight,TECHM Weight,TITAN Weight,UPL Weight,WIPRO Weight
0,7.958544274369832,10.636454878479155,0.4116544773981963,0.7283717134916167,3.6326980837137772,4.666363100830517,4.491793782864298,1.4406600475297222,3.376589807453805,4.058686928585276,4.853767590295603,6.705639208916871,5.083859884251199,4.543445339982861,6.600420497257403,3.169674649668103,4.781814679346624,5.5910313537396155,3.328052823405351,4.887011093919674,2.2202935215090305,6.884829184414164,3.2041262700392608,5.747660948885597,5.4612576565656115,2.3307123883644563,2.2112394449695634
