,Returns,Standard Deviation,Sharpe Ratio,ADANIPORTS Weight,ASIANPAINT Weight,BAJFINANCE Weight,BAJAJFINSV Weight,BRITANNIA Weight,DIVISLAB Weight,GRASIM Weight,HCLTECH Weight,HDFCBANK Weight,HINDALCO Weight,HINDUNILVR Weight,ICICIBANK Weight,INFY Weight,JSWSTEEL Weight,NESTLEIND Weight,POWERGRID Weight,RELIANCE Weight,TCS Weight,TATACONSUM Weight,TATASTEEL Weight,TECHM Weight,TITAN Weight,UPL Weight,WIPRO Weight
0,-0.08948378039865072,0.9285178072733549,-0.1069650409026309,5.929988802838006,4.136918205513355,6.940441599557599,1.9773734318631861,5.845579848722168,6.5047270049425805,0.22490710578800935,1.7948628887909066,1.1139182871015512,0.4902443916714943,9.365295217346013,0.7947836616913627,5.13152631170051,3.024815436729337,10.589613281606148,1.5256098319903018,5.805335674139862,5.061734647525264,10.936981855102884,0.12299734954798983,0.4387053305431403,4.62497888541705,3.6732584910157704,3.9454024588555
