,Returns,Standard Deviation,Sharpe Ratio,ADANIPORTS Weight,ASIANPAINT Weight,BAJFINANCE Weight,BAJAJFINSV Weight,BRITANNIA Weight,DIVISLAB Weight,GRASIM Weight,HCLTECH Weight,HDFCBANK Weight,HINDALCO Weight,HINDUNILVR Weight,ICICIBANK Weight,INFY Weight,JSWSTEEL Weight,NESTLEIND Weight,POWERGRID Weight,RELIANCE Weight,TCS Weight,TATACONSUM Weight,TATASTEEL Weight,TECHM Weight,TITAN Weight,UPL Weight,WIPRO Weight
0,14.841590998751162,6.104368888470029,1.8448411628632284,7.69030081050267,0.12664426398092513,7.1942886480999615,8.035022207517827,1.5651172083821034,4.770201296714333,0.9579913458360518,7.002583899764668,0.10378640486598248,3.5383886316770945,5.045020025969162,2.912067791766307,2.059605525243092,7.3660448222884725,4.728948353780702,4.033053390595432,3.5141642858305113,3.7139106679973435,7.131980411229991,7.4029946624381875,1.5828025902947942,5.625764932535876,1.0238800668323882,2.875437755856126
