,Returns,Standard Deviation,Sharpe Ratio,ADANIPORTS Weight,ASIANPAINT Weight,BAJFINANCE Weight,BAJAJFINSV Weight,BRITANNIA Weight,DIVISLAB Weight,GRASIM Weight,HCLTECH Weight,HDFCBANK Weight,HINDALCO Weight,HINDUNILVR Weight,ICICIBANK Weight,INFY Weight,JSWSTEEL Weight,NESTLEIND Weight,POWERGRID Weight,RELIANCE Weight,TCS Weight,TATACONSUM Weight,TATASTEEL Weight,TECHM Weight,TITAN Weight,UPL Weight,WIPRO Weight
0,0.2355476348413217,0.5032953098827514,0.4484692497109485,2.271299878877668,8.25933847600627,3.7504397481462926,4.988815049428273,0.7390223619197821,8.771135302100074,0.4061456850111788,5.919686573272713,9.503194361283226,1.090841791229822,7.6710714089809215,2.4032356055530486,6.366772950562403,2.71799603319317,1.2985882775932676,0.11508908968889722,3.782068355958797,1.7114329124959966,5.653206794833429,0.5386157359776097,0.9337686054528982,10.395107117357078,1.0741171311973001,9.63901075387988
