,Returns,Standard Deviation,Sharpe Ratio,ADANIPORTS Weight,ASIANPAINT Weight,BAJFINANCE Weight,BAJAJFINSV Weight,BRITANNIA Weight,DIVISLAB Weight,GRASIM Weight,HCLTECH Weight,HDFCBANK Weight,HINDALCO Weight,HINDUNILVR Weight,ICICIBANK Weight,INFY Weight,JSWSTEEL Weight,NESTLEIND Weight,POWERGRID Weight,RELIANCE Weight,TCS Weight,TATACONSUM Weight,TATASTEEL Weight,TECHM Weight,TITAN Weight,UPL Weight,WIPRO Weight
0,-0.001452215524947012,0.8431502204777653,-0.01338715223690024,1.316842499061921,5.501580820244494,4.728507204298594,5.563094990203277,3.987885819026267,9.514282030014844,2.3139967224286946,1.233444431306476,8.684576609335428,0.5321348735658218,6.233423711604626,0.6282726810275086,8.558430459155772,0.6024487909145396,2.736212859462006,1.0887808572329556,2.2416413267946647,6.963050231478405,7.51343341058937,1.2389084860543282,2.0666992996226505,5.176364814431775,1.1779396899397783,10.398047382205784
