,Returns,Standard Deviation,Sharpe Ratio,ADANIPORTS Weight,ASIANPAINT Weight,BAJFINANCE Weight,BAJAJFINSV Weight,BRITANNIA Weight,DIVISLAB Weight,GRASIM Weight,HCLTECH Weight,HDFCBANK Weight,HINDALCO Weight,HINDUNILVR Weight,ICICIBANK Weight,INFY Weight,JSWSTEEL Weight,NESTLEIND Weight,POWERGRID Weight,RELIANCE Weight,TCS Weight,TATACONSUM Weight,TATASTEEL Weight,TECHM Weight,TITAN Weight,UPL Weight,WIPRO Weight
0,0.20043491654522996,0.6178939544279732,0.3084667690049118,2.0961867220068555,5.6246258904826485,5.004283732196334,0.9227980920297911,1.277980528965833,8.853578401310527,0.4957540388067826,0.27275281937099,3.046098953622524,0.009413625011792399,7.0185079565861,1.4750807779131991,6.402704489274377,5.837195437012947,8.622116086142858,2.4204377389279492,6.328734065121224,6.0481202225990875,8.647786227471551,1.4472123391124636,5.182455877324377,7.2763486320293325,2.9404283738946777,2.7493989727858033
