,Returns,Standard Deviation,Sharpe Ratio,ADANIPORTS Weight,ASIANPAINT Weight,BAJFINANCE Weight,BAJAJFINSV Weight,BRITANNIA Weight,DIVISLAB Weight,GRASIM Weight,HCLTECH Weight,HDFCBANK Weight,HINDALCO Weight,HINDUNILVR Weight,ICICIBANK Weight,INFY Weight,JSWSTEEL Weight,NESTLEIND Weight,POWERGRID Weight,RELIANCE Weight,TCS Weight,TATACONSUM Weight,TATASTEEL Weight,TECHM Weight,TITAN Weight,UPL Weight,WIPRO Weight
0,14.46606829322853,7.632815361347641,1.4262192622076604,1.6930077944798938,6.9196984458717266,5.74354620176446,7.832979382412083,1.0898231220032801,6.618921031252996,3.310045993025433,7.734276236082932,4.571847008297018,1.2796308148181006,6.633855437232236,7.4672100824445105,0.20937471913076092,1.5586413755747186,0.4296489913436616,4.9041481788911625,1.9395225523410962,1.9580509375313353,7.7758797324443645,3.356787602853238,6.53671899150323,0.9225345725529889,4.657663027516731,4.85618776863203
