,Returns,Standard Deviation,Sharpe Ratio,ADANIPORTS Weight,ASIANPAINT Weight,BAJFINANCE Weight,BAJAJFINSV Weight,BRITANNIA Weight,DIVISLAB Weight,GRASIM Weight,HCLTECH Weight,HDFCBANK Weight,HINDALCO Weight,HINDUNILVR Weight,ICICIBANK Weight,INFY Weight,JSWSTEEL Weight,NESTLEIND Weight,POWERGRID Weight,RELIANCE Weight,TCS Weight,TATACONSUM Weight,TATASTEEL Weight,TECHM Weight,TITAN Weight,UPL Weight,WIPRO Weight
0,24.048436831300556,7.432681777609039,2.7538427506693135,6.649547374565129,7.5722929615781105,6.462137382008912,2.0794775085897457,3.595483222682292,7.568149026601327,7.639840706062459,2.674261982408144,7.205698930187382,2.748586522416699,0.17645212586190456,5.144402743751566,0.10162949068531008,2.569081547798965,0.7243667150311446,2.884449831937659,4.8101725836879075,5.916533244993972,7.770679105431643,3.5305207713118896,0.9031645072680967,5.914033737190191,2.3982663373863833,2.960771640563162
