,Returns,Standard Deviation,Sharpe Ratio,ADANIPORTS Weight,ASIANPAINT Weight,BAJFINANCE Weight,BAJAJFINSV Weight,BRITANNIA Weight,DIVISLAB Weight,GRASIM Weight,HCLTECH Weight,HDFCBANK Weight,HINDALCO Weight,HINDUNILVR Weight,ICICIBANK Weight,INFY Weight,JSWSTEEL Weight,NESTLEIND Weight,POWERGRID Weight,RELIANCE Weight,TCS Weight,TATACONSUM Weight,TATASTEEL Weight,TECHM Weight,TITAN Weight,UPL Weight,WIPRO Weight
0,-0.02959511474310025,1.4886052097357143,-0.026488070389909156,1.2228277488121184,3.190535792028295,5.885102647566737,2.5523025529847763,0.673602677709387,9.788737543810969,3.2767661354092357,2.023690065259932,0.996328220075358,0.485288775585531,2.495121931486321,0.3282428982839515,8.912515755688952,8.225645082160954,3.8711387146094123,1.8775168802130957,8.254618669024957,0.3835685025280533,10.779707218410225,1.7001924752558282,10.469940037444864,8.436972277038143,1.8413208201740094,2.3283165784388973
