,Returns,Standard Deviation,Sharpe Ratio,ADANIPORTS Weight,ASIANPAINT Weight,BAJFINANCE Weight,BAJAJFINSV Weight,BRITANNIA Weight,DIVISLAB Weight,GRASIM Weight,HCLTECH Weight,HDFCBANK Weight,HINDALCO Weight,HINDUNILVR Weight,ICICIBANK Weight,INFY Weight,JSWSTEEL Weight,NESTLEIND Weight,POWERGRID Weight,RELIANCE Weight,TCS Weight,TATACONSUM Weight,TATASTEEL Weight,TECHM Weight,TITAN Weight,UPL Weight,WIPRO Weight
0,-0.6992742436830647,10.418241436465133,-0.41074823133826366,0.3277934421460435,7.198937631898349,4.113244293384374,6.848784635775629,4.979965926800975,6.819054123652292,1.731798353728754,5.474276316624106,1.945890936914224,6.2017734306570125,6.07407307605377,5.0910100624834,6.842374586051202,3.41100971046778,3.355566559085674,2.235355913251931,6.037082515535178,5.368993750847413,4.795570507812011,3.4692985497284687,0.04682282740431021,4.272162296163843,3.2882667214231436,0.07089383211011918
