,Returns,Standard Deviation,Sharpe Ratio,ADANIPORTS Weight,ASIANPAINT Weight,BAJFINANCE Weight,BAJAJFINSV Weight,BRITANNIA Weight,DIVISLAB Weight,GRASIM Weight,HCLTECH Weight,HDFCBANK Weight,HINDALCO Weight,HINDUNILVR Weight,ICICIBANK Weight,INFY Weight,JSWSTEEL Weight,NESTLEIND Weight,POWERGRID Weight,RELIANCE Weight,TCS Weight,TATACONSUM Weight,TATASTEEL Weight,TECHM Weight,TITAN Weight,UPL Weight,WIPRO Weight
0,-3.6730103703607844,8.536051786223886,-0.8496914676720018,4.113967904442325,1.0393620503484702,6.063466828744517,1.9809944582369616,2.774459164982529,1.976057123247062,2.2525782493398023,7.350585567590053,0.35795151760261174,2.735351633062789,6.474345628763095,4.907828010476237,5.259918467391428,1.8734510605081645,4.8454050223386815,3.3145713049625156,6.961315092216401,3.384503942452459,6.747357833888853,4.10837245459885,4.1207131358352305,7.046361546727143,3.6405722713551865,6.670509730888635
