,Returns,Standard Deviation,Sharpe Ratio,ADANIPORTS Weight,ASIANPAINT Weight,BAJFINANCE Weight,BAJAJFINSV Weight,BRITANNIA Weight,DIVISLAB Weight,GRASIM Weight,HCLTECH Weight,HDFCBANK Weight,HINDALCO Weight,HINDUNILVR Weight,ICICIBANK Weight,INFY Weight,JSWSTEEL Weight,NESTLEIND Weight,POWERGRID Weight,RELIANCE Weight,TCS Weight,TATACONSUM Weight,TATASTEEL Weight,TECHM Weight,TITAN Weight,UPL Weight,WIPRO Weight
0,-0.009035125452294384,1.104523840751063,-0.017084547740162537,0.05284762007809819,9.160822940518704,4.048934047863064,1.4032683734747642,4.3068658439414005,7.870535045886055,0.8726026993379656,9.125643534878265,3.9957856564878784,0.5034855922228998,2.693088792369117,2.016133952334972,8.435014600426168,1.8799723109605986,7.194978579303267,3.979491633640252,1.924236972710923,9.358265937180533,7.759863445135987,2.601922524544374,1.9023956164168445,5.26553638081908,2.06718258437295,1.581125315095832
