,Returns,Standard Deviation,Sharpe Ratio,ADANIPORTS Weight,ASIANPAINT Weight,BAJFINANCE Weight,BAJAJFINSV Weight,BRITANNIA Weight,DIVISLAB Weight,GRASIM Weight,HCLTECH Weight,HDFCBANK Weight,HINDALCO Weight,HINDUNILVR Weight,ICICIBANK Weight,INFY Weight,JSWSTEEL Weight,NESTLEIND Weight,POWERGRID Weight,RELIANCE Weight,TCS Weight,TATACONSUM Weight,TATASTEEL Weight,TECHM Weight,TITAN Weight,UPL Weight,WIPRO Weight
0,-6.956324223362732,10.523082044503921,-1.0012583935773578,3.4037062172187,3.4916504162715647,7.8392572889455305,7.089745497688667,5.013532557586443,0.6265731601102998,5.369383771875545,1.8404216850967388,2.499521692729862,4.475635680283023,5.002028625666256,5.4554959543814086,2.8631562141041127,4.3894749173177185,6.7611361742085245,3.814154880346626,6.034903317399426,7.009881343671301,5.054167772184455,1.921187679635027,0.9376656790591699,0.6805886219396793,1.6558162649419366,6.770914587337998
