,Returns,Standard Deviation,Sharpe Ratio,ADANIPORTS Weight,ASIANPAINT Weight,BAJFINANCE Weight,BAJAJFINSV Weight,BRITANNIA Weight,DIVISLAB Weight,GRASIM Weight,HCLTECH Weight,HDFCBANK Weight,HINDALCO Weight,HINDUNILVR Weight,ICICIBANK Weight,INFY Weight,JSWSTEEL Weight,NESTLEIND Weight,POWERGRID Weight,RELIANCE Weight,TCS Weight,TATACONSUM Weight,TATASTEEL Weight,TECHM Weight,TITAN Weight,UPL Weight,WIPRO Weight
0,-0.0011067232958015204,0.9101854068081344,-0.012021603564638219,0.9613880041593347,1.1153886078318034,5.298437222052862,0.9227967402388815,3.473176995780864,9.104890333898274,2.113121016273839,1.493655089063134,4.352975821750669,0.4045505545069661,7.10231447441091,3.589913632885422,2.511071271027325,3.417419880135817,4.099219784685366,7.923458021095592,9.584908106607175,9.728028154254579,6.933173160996911,0.15451265943810805,3.5970838877585343,6.667840440119425,1.5487002966329972,3.9019758443951975
