,Returns,Standard Deviation,Sharpe Ratio,ADANIPORTS Weight,ASIANPAINT Weight,BAJFINANCE Weight,BAJAJFINSV Weight,BRITANNIA Weight,DIVISLAB Weight,GRASIM Weight,HCLTECH Weight,HDFCBANK Weight,HINDALCO Weight,HINDUNILVR Weight,ICICIBANK Weight,INFY Weight,JSWSTEEL Weight,NESTLEIND Weight,POWERGRID Weight,RELIANCE Weight,TCS Weight,TATACONSUM Weight,TATASTEEL Weight,TECHM Weight,TITAN Weight,UPL Weight,WIPRO Weight
0,2.7066770050111466,11.07333413823129,-0.07886721235780814,0.927937259550605,3.4849377967041755,8.71332079511175,0.7315720541915276,4.75831522608124,4.2615530465218505,8.90497644344016,4.937117092216284,2.47262355299416,5.2766581498942235,7.878199061503824,4.620316059371538,0.2519132035507484,1.0896107112198854,3.844812326132003,0.8977441117703014,8.855372737869887,5.821444271663153,2.3628264780161206,2.244000808792903,5.39571998218739,5.186883949224326,3.2316856257938653,3.8504592561980835
