,Returns,Standard Deviation,Sharpe Ratio,ADANIPORTS Weight,ASIANPAINT Weight,BAJFINANCE Weight,BAJAJFINSV Weight,BRITANNIA Weight,DIVISLAB Weight,GRASIM Weight,HCLTECH Weight,HDFCBANK Weight,HINDALCO Weight,HINDUNILVR Weight,ICICIBANK Weight,INFY Weight,JSWSTEEL Weight,NESTLEIND Weight,POWERGRID Weight,RELIANCE Weight,TCS Weight,TATACONSUM Weight,TATASTEEL Weight,TECHM Weight,TITAN Weight,UPL Weight,WIPRO Weight
0,-0.06918842988775556,1.3459591518823086,-0.05871173327393093,1.9943482821393885,7.061566359835343,2.471421169248832,7.648194466598743,1.8183256378733792,8.508623325700002,0.9228687513144732,2.3943240561836956,0.888333423793515,0.16427163147194024,7.580594033812998,2.9685936890353983,5.49272204520238,3.151841695427351,3.0305078662504608,2.265127037692293,2.423610457840172,7.273893935170399,9.10542482927757,0.17293350621467832,2.9983145447368913,8.79740918832086,3.1904035336943775,7.676346533164881
