,Returns,Standard Deviation,Sharpe Ratio,ADANIPORTS Weight,ASIANPAINT Weight,BAJFINANCE Weight,BAJAJFINSV Weight,BRITANNIA Weight,DIVISLAB Weight,GRASIM Weight,HCLTECH Weight,HDFCBANK Weight,HINDALCO Weight,HINDUNILVR Weight,ICICIBANK Weight,INFY Weight,JSWSTEEL Weight,NESTLEIND Weight,POWERGRID Weight,RELIANCE Weight,TCS Weight,TATACONSUM Weight,TATASTEEL Weight,TECHM Weight,TITAN Weight,UPL Weight,WIPRO Weight
0,-0.10788410448612469,1.1361291606599366,-0.10361433664189258,0.7132109844060059,6.962075305911142,8.641738186613473,2.115160606233223,8.596332703271473,8.932002026677607,0.12771335861815272,0.4002170973878615,0.8550222152503199,0.785594515539672,1.0172761603922327,2.2821930977834244,9.543696814493103,0.2053367237039963,9.310066213347392,2.123666022033368,9.352606668994595,2.80107710661586,4.255821129212708,4.244035820281038,2.1376475073166303,8.469401395355543,2.202629828698386,3.925478511862789
