,Returns,Standard Deviation,Sharpe Ratio,ADANIPORTS Weight,ASIANPAINT Weight,BAJFINANCE Weight,BAJAJFINSV Weight,BRITANNIA Weight,DIVISLAB Weight,GRASIM Weight,HCLTECH Weight,HDFCBANK Weight,HINDALCO Weight,HINDUNILVR Weight,ICICIBANK Weight,INFY Weight,JSWSTEEL Weight,NESTLEIND Weight,POWERGRID Weight,RELIANCE Weight,TCS Weight,TATACONSUM Weight,TATASTEEL Weight,TECHM Weight,TITAN Weight,UPL Weight,WIPRO Weight
0,3.298023389997258,10.777584878292046,-0.026163246514596453,5.667257338944078,3.8621479309751474,2.53471748762673,0.7282905711115696,6.631552457837266,7.860820142612044,4.708830228648576,6.859732069226045,1.9244051433945035,1.6249446029541166,4.870150448160633,2.685765718943877,4.961953408117028,7.6850602903548015,7.239788585730134,5.493698315124429,5.285671010458052,0.8360588428295488,6.6095389344597955,4.0751684408749735,0.011847228305745127,3.453806653598689,1.622191504627058,2.7666026450851686
