,Returns,Standard Deviation,Sharpe Ratio,ADANIPORTS Weight,ASIANPAINT Weight,BAJFINANCE Weight,BAJAJFINSV Weight,BRITANNIA Weight,DIVISLAB Weight,GRASIM Weight,HCLTECH Weight,HDFCBANK Weight,HINDALCO Weight,HINDUNILVR Weight,ICICIBANK Weight,INFY Weight,JSWSTEEL Weight,NESTLEIND Weight,POWERGRID Weight,RELIANCE Weight,TCS Weight,TATACONSUM Weight,TATASTEEL Weight,TECHM Weight,TITAN Weight,UPL Weight,WIPRO Weight
0,-4.797676631000513,8.03169596757299,-1.043076912376213,1.5833458108310872,3.901511096017287,3.4747567187999464,9.718447914221512,3.764101077703055,8.463605810621337,7.636155451509956,2.38583961871638,9.86332034745313,0.5113018919344893,2.3261945445485837,2.5906878399839064,5.046733911793449,0.07396121857807582,9.61747669303606,6.811098931945303,0.4698607367173879,1.615807843269443,0.648927662209261,4.637963778779142,4.368968585769452,6.21547291331078,2.8191821113339954,1.4552774909169663
