,Returns,Standard Deviation,Sharpe Ratio,ADANIPORTS Weight,ASIANPAINT Weight,BAJFINANCE Weight,BAJAJFINSV Weight,BRITANNIA Weight,DIVISLAB Weight,GRASIM Weight,HCLTECH Weight,HDFCBANK Weight,HINDALCO Weight,HINDUNILVR Weight,ICICIBANK Weight,INFY Weight,JSWSTEEL Weight,NESTLEIND Weight,POWERGRID Weight,RELIANCE Weight,TCS Weight,TATACONSUM Weight,TATASTEEL Weight,TECHM Weight,TITAN Weight,UPL Weight,WIPRO Weight
0,-4.704772575087081,8.562060055701018,-0.9676143966743954,2.3304114558839455,6.957084979924663,6.738786690559465,3.6986040059186385,2.604403041553864,7.0637600809311865,0.14940658529485604,3.1668710984937274,7.070164532615246,1.7166104609139117,6.71610676940039,1.9417760052679887,5.5868979237458944,2.8854401364601547,3.488141638672869,4.0259099647562016,6.236066750387449,2.51118529956324,2.9757907682045954,3.9134512714917773,7.03677779843347,3.609986322992504,2.0559420662116725,5.52042435232229
