,Returns,Standard Deviation,Sharpe Ratio,ADANIPORTS Weight,ASIANPAINT Weight,BAJFINANCE Weight,BAJAJFINSV Weight,BRITANNIA Weight,DIVISLAB Weight,GRASIM Weight,HCLTECH Weight,HDFCBANK Weight,HINDALCO Weight,HINDUNILVR Weight,ICICIBANK Weight,INFY Weight,JSWSTEEL Weight,NESTLEIND Weight,POWERGRID Weight,RELIANCE Weight,TCS Weight,TATACONSUM Weight,TATASTEEL Weight,TECHM Weight,TITAN Weight,UPL Weight,WIPRO Weight
0,0.008374891958111837,1.4142354034049116,-0.0010325529070600603,5.067556734957863,8.04259377510543,4.69863782073219,3.0337116504112194,2.023090537583607,11.362177888761137,0.4398406394502591,1.411566858955516,0.2758360272158119,0.25105157992919686,2.985889781955255,3.0378583439229043,3.706502551296336,1.7422592939641077,7.609217547102036,1.3445851169242231,1.9138267312295392,8.401547115093239,0.4666236817513114,2.4708905708796114,9.956307338664352,7.93530056787725,0.6804249674402545,11.142702878797326
