,Returns,Standard Deviation,Sharpe Ratio,ADANIPORTS Weight,ASIANPAINT Weight,BAJFINANCE Weight,BAJAJFINSV Weight,BRITANNIA Weight,DIVISLAB Weight,GRASIM Weight,HCLTECH Weight,HDFCBANK Weight,HINDALCO Weight,HINDUNILVR Weight,ICICIBANK Weight,INFY Weight,JSWSTEEL Weight,NESTLEIND Weight,POWERGRID Weight,RELIANCE Weight,TCS Weight,TATACONSUM Weight,TATASTEEL Weight,TECHM Weight,TITAN Weight,UPL Weight,WIPRO Weight
0,1.184843451220891,7.532141477811054,-0.3179914445095069,2.1753361155823807,3.2225500568645273,1.0147354380094868,0.027657099550839517,7.485828401196082,4.8389374937086505,3.781192151179389,4.149518643793504,4.746428349087119,3.9074681893937693,0.723524186255377,7.628904759554882,7.494864442249324,3.704281197502753,4.08220570451213,1.3940630935721292,7.57648970589462,4.197685471198998,6.2939618727745135,0.7286034422597649,7.290568130261935,4.024716660720054,7.0976572079094415,2.412822186968339
