,Returns,Standard Deviation,Sharpe Ratio,ADANIPORTS Weight,ASIANPAINT Weight,BAJFINANCE Weight,BAJAJFINSV Weight,BRITANNIA Weight,DIVISLAB Weight,GRASIM Weight,HCLTECH Weight,HDFCBANK Weight,HINDALCO Weight,HINDUNILVR Weight,ICICIBANK Weight,INFY Weight,JSWSTEEL Weight,NESTLEIND Weight,POWERGRID Weight,RELIANCE Weight,TCS Weight,TATACONSUM Weight,TATASTEEL Weight,TECHM Weight,TITAN Weight,UPL Weight,WIPRO Weight
0,0.04124604034160455,0.9362669562533399,0.03354905916164833,2.7584055512770678,3.800513725021825,5.908569431473955,0.1778176840066445,5.718755294982532,8.121132683759493,2.2021743329396055,7.313434024355768,1.724582699675022,0.4766839946213343,6.27105873065275,0.8702169641005566,7.9413571456569505,2.394983384604229,11.394003277144824,1.1461499606384287,1.7402994087402819,2.61856645068082,6.669364657466657,0.16878533572377596,2.754694990205227,8.88704652270857,0.15780813185343215,8.783595617710251
