,Returns,Standard Deviation,Sharpe Ratio,ADANIPORTS Weight,ASIANPAINT Weight,BAJFINANCE Weight,BAJAJFINSV Weight,BRITANNIA Weight,DIVISLAB Weight,GRASIM Weight,HCLTECH Weight,HDFCBANK Weight,HINDALCO Weight,HINDUNILVR Weight,ICICIBANK Weight,INFY Weight,JSWSTEEL Weight,NESTLEIND Weight,POWERGRID Weight,RELIANCE Weight,TCS Weight,TATACONSUM Weight,TATASTEEL Weight,TECHM Weight,TITAN Weight,UPL Weight,WIPRO Weight
0,-0.11387687671781951,1.0593351517139764,-0.11678272108012418,1.3048845101378264,1.9604473539752805,6.202355769435439,3.3120537624807316,4.529166015866952,10.716610172529254,3.421392528049041,5.283842764136181,0.47587984542498746,0.7686935642980387,1.5393054966156794,2.290617255496565,8.111502183259562,5.944090607151861,8.350157974328438,1.5090547903296494,6.258243055807909,1.2609542483329215,10.49552704690662,1.5213615104357392,0.056794368564809454,7.295346357622103,2.2227667570082894,5.168952061806143
