,Returns,Standard Deviation,Sharpe Ratio,ADANIPORTS Weight,ASIANPAINT Weight,BAJFINANCE Weight,BAJAJFINSV Weight,BRITANNIA Weight,DIVISLAB Weight,GRASIM Weight,HCLTECH Weight,HDFCBANK Weight,HINDALCO Weight,HINDUNILVR Weight,ICICIBANK Weight,INFY Weight,JSWSTEEL Weight,NESTLEIND Weight,POWERGRID Weight,RELIANCE Weight,TCS Weight,TATACONSUM Weight,TATASTEEL Weight,TECHM Weight,TITAN Weight,UPL Weight,WIPRO Weight
0,-1.1620493642538965,8.56776146364802,-0.5534758856643991,0.0473242356053865,7.04407220300725,6.30178617785921,5.814534047412334,6.800718603460912,4.4449726220203525,5.28282278264276,5.414888711372965,0.4084506727614021,2.473477168016149,4.736392697982785,5.769670841204365,4.99172527726508,1.1139655304243783,1.495233286863672,5.118856721483123,3.6175765694337203,6.870643618046676,5.123413192237409,3.337480368692379,4.630739701453401,2.8193323165832602,2.6820725019068794,3.659850152264135
