,Returns,Standard Deviation,Sharpe Ratio,ADANIPORTS Weight,ASIANPAINT Weight,BAJFINANCE Weight,BAJAJFINSV Weight,BRITANNIA Weight,DIVISLAB Weight,GRASIM Weight,HCLTECH Weight,HDFCBANK Weight,HINDALCO Weight,HINDUNILVR Weight,ICICIBANK Weight,INFY Weight,JSWSTEEL Weight,NESTLEIND Weight,POWERGRID Weight,RELIANCE Weight,TCS Weight,TATACONSUM Weight,TATASTEEL Weight,TECHM Weight,TITAN Weight,UPL Weight,WIPRO Weight
0,2.0442391413834864,7.696741445742762,-0.19953390268371,2.798608641359379,7.042351649416368,4.2671901771416465,5.831633447652123,5.917138989314083,7.705412080784556,0.8481727457301234,1.1228316345428186,2.9024354607706053,4.820251069922517,6.414847468008386,4.0200496051345604,4.992970660457336,5.364233722707315,6.099667365361928,1.3347111450679532,0.7572347770531507,0.12475980466086617,3.997770502121035,5.812071739223164,6.018025273454132,3.0367037310946774,1.711381312004268,7.059546997017025
