,Returns,Standard Deviation,Sharpe Ratio,ADANIPORTS Weight,ASIANPAINT Weight,BAJFINANCE Weight,BAJAJFINSV Weight,BRITANNIA Weight,DIVISLAB Weight,GRASIM Weight,HCLTECH Weight,HDFCBANK Weight,HINDALCO Weight,HINDUNILVR Weight,ICICIBANK Weight,INFY Weight,JSWSTEEL Weight,NESTLEIND Weight,POWERGRID Weight,RELIANCE Weight,TCS Weight,TATACONSUM Weight,TATASTEEL Weight,TECHM Weight,TITAN Weight,UPL Weight,WIPRO Weight
0,-2.4350102604794586,8.921653379931728,-0.6742035365338849,5.859188229644684,5.586578775638658,7.937252768973413,0.42790858218287225,6.133669617648974,7.6892309570355435,0.9283833872377658,0.991682559266982,4.865877369807479,7.132045903645981,3.246083204126678,4.484678183525527,1.5722483253436226,5.440048844381617,4.8192674003350975,0.9992405824621883,0.4831368894407742,1.261175392860535,8.933560046699904,2.0884996349631244,2.2258423174454642,5.043051655974388,5.342436454961777,6.508912916396945
