,Returns,Standard Deviation,Sharpe Ratio,ADANIPORTS Weight,ASIANPAINT Weight,BAJFINANCE Weight,BAJAJFINSV Weight,BRITANNIA Weight,DIVISLAB Weight,GRASIM Weight,HCLTECH Weight,HDFCBANK Weight,HINDALCO Weight,HINDUNILVR Weight,ICICIBANK Weight,INFY Weight,JSWSTEEL Weight,NESTLEIND Weight,POWERGRID Weight,RELIANCE Weight,TCS Weight,TATACONSUM Weight,TATASTEEL Weight,TECHM Weight,TITAN Weight,UPL Weight,WIPRO Weight
0,0.06816497454644323,10.9365577395685,-0.32110972292019513,4.00945938312975,1.800842341174121,3.9752495813173234,6.635871218567653,6.67844948414313,4.686961676094294,3.434078241656334,3.3877672896075595,1.8388029682287126,2.271733709203279,4.653673398287775,6.658954996050735,6.6554722834747375,2.5349103584141837,2.2181902404496014,6.613397153450159,1.6775926924600548,1.1888539371880387,2.2643706186725088,5.298854442708337,6.5640758375792165,7.199285956217258,1.315280744638052,6.43787144728721
