,Returns,Standard Deviation,Sharpe Ratio,ADANIPORTS Weight,ASIANPAINT Weight,BAJFINANCE Weight,BAJAJFINSV Weight,BRITANNIA Weight,DIVISLAB Weight,GRASIM Weight,HCLTECH Weight,HDFCBANK Weight,HINDALCO Weight,HINDUNILVR Weight,ICICIBANK Weight,INFY Weight,JSWSTEEL Weight,NESTLEIND Weight,POWERGRID Weight,RELIANCE Weight,TCS Weight,TATACONSUM Weight,TATASTEEL Weight,TECHM Weight,TITAN Weight,UPL Weight,WIPRO Weight
0,1.0997707694941965,10.843245517419001,-0.22873495085225812,4.800455633778586,7.614079811892953,7.001569042573501,4.934753554333975,7.926483332635483,8.906366534820696,4.158345705344744,5.037081279433063,0.8043692454035604,1.1084568517475337,5.252657625040755,0.9150070860682256,5.219443964411318,1.1066152851360838,2.496382597330109,7.236237520078419,8.89499118674846,3.0728452742494476,2.9465381706643745,3.8865493174254166,3.4325360553651505,0.37012755624527266,2.322605397802455,0.5555019714704346
