,Returns,Standard Deviation,Sharpe Ratio,ADANIPORTS Weight,ASIANPAINT Weight,BAJFINANCE Weight,BAJAJFINSV Weight,BRITANNIA Weight,DIVISLAB Weight,GRASIM Weight,HCLTECH Weight,HDFCBANK Weight,HINDALCO Weight,HINDUNILVR Weight,ICICIBANK Weight,INFY Weight,JSWSTEEL Weight,NESTLEIND Weight,POWERGRID Weight,RELIANCE Weight,TCS Weight,TATACONSUM Weight,TATASTEEL Weight,TECHM Weight,TITAN Weight,UPL Weight,WIPRO Weight
0,-0.061991133497652284,1.125965886615674,-0.0637908298880227,1.6382265980260258,4.734862444683512,4.491699326719111,3.665003055272603,3.283769683946665,11.653334423381871,1.7994285552876454,2.9393301823890865,4.886469995951483,2.0096666847812226,3.82253157173081,0.7727793936080217,1.3365753478868414,0.16981872166505094,4.976318851526532,3.5613767830651093,7.1747505745920135,2.506591065350262,4.675038740662741,2.173742402042498,7.394190723697344,11.798013252122544,1.1514515418814368,7.385030079729561
