,Returns,Standard Deviation,Sharpe Ratio,ADANIPORTS Weight,ASIANPAINT Weight,BAJFINANCE Weight,BAJAJFINSV Weight,BRITANNIA Weight,DIVISLAB Weight,GRASIM Weight,HCLTECH Weight,HDFCBANK Weight,HINDALCO Weight,HINDUNILVR Weight,ICICIBANK Weight,INFY Weight,JSWSTEEL Weight,NESTLEIND Weight,POWERGRID Weight,RELIANCE Weight,TCS Weight,TATACONSUM Weight,TATASTEEL Weight,TECHM Weight,TITAN Weight,UPL Weight,WIPRO Weight
0,1.1799228988916828,10.803928350592553,-0.22214855774906003,7.923021817747723,0.007004734510549159,2.6711820364797783,6.947222695104488,0.5579733273208212,6.760345440902758,1.3265615076464985,5.361270262984434,7.9755286082420955,4.217711228753227,0.6649069911183372,0.038261511195780536,3.7074299342553343,4.74002430164814,8.111423180811029,3.346139816073538,4.536942981219724,6.3473073143365335,5.765100510219929,1.192795835010536,6.00366260839706,4.4499651425372395,0.7371027468880079,6.611115466596449
