,Returns,Standard Deviation,Sharpe Ratio,ADANIPORTS Weight,ASIANPAINT Weight,BAJFINANCE Weight,BAJAJFINSV Weight,BRITANNIA Weight,DIVISLAB Weight,GRASIM Weight,HCLTECH Weight,HDFCBANK Weight,HINDALCO Weight,HINDUNILVR Weight,ICICIBANK Weight,INFY Weight,JSWSTEEL Weight,NESTLEIND Weight,POWERGRID Weight,RELIANCE Weight,TCS Weight,TATACONSUM Weight,TATASTEEL Weight,TECHM Weight,TITAN Weight,UPL Weight,WIPRO Weight
0,-0.09650819779792183,1.3344975393437537,-0.07968794208896149,1.8050513869068907,1.4071827370759598,6.351983044621838,2.451943598562446,4.384805143699058,5.520972355640132,0.18175287004695323,3.9278520365602283,0.4269853211846462,1.028213988735093,6.56635944408535,1.4043082196951022,7.027727765905182,7.293986647055288,6.954670716799914,2.9981579527564253,7.604397180154445,4.2743247016191015,7.412376000581335,0.8222454672751109,6.127140107160364,7.208292922824435,1.1640409938321004,5.655229397222587
