,Returns,Standard Deviation,Sharpe Ratio,ADANIPORTS Weight,ASIANPAINT Weight,BAJFINANCE Weight,BAJAJFINSV Weight,BRITANNIA Weight,DIVISLAB Weight,GRASIM Weight,HCLTECH Weight,HDFCBANK Weight,HINDALCO Weight,HINDUNILVR Weight,ICICIBANK Weight,INFY Weight,JSWSTEEL Weight,NESTLEIND Weight,POWERGRID Weight,RELIANCE Weight,TCS Weight,TATACONSUM Weight,TATASTEEL Weight,TECHM Weight,TITAN Weight,UPL Weight,WIPRO Weight
0,-0.07716391423011436,1.0352820032238648,-0.08403418469012727,2.1557366744472954,10.017977622800474,2.926135070571628,3.7257026266370903,0.5140414003809731,9.451388337194416,0.5047586771167651,1.2583199481825555,5.863789163061018,2.398885308810113,2.0670071105599317,2.7019758180749824,9.155150408100287,4.415251096508474,1.866923080087088,1.6670068414041692,3.8364758474800755,6.816195631859277,6.195139118734992,1.7516123042657237,1.3360786980620631,9.668334223018848,1.2631985306465114,8.442916461995253
