,Returns,Standard Deviation,Sharpe Ratio,ADANIPORTS Weight,ASIANPAINT Weight,BAJFINANCE Weight,BAJAJFINSV Weight,BRITANNIA Weight,DIVISLAB Weight,GRASIM Weight,HCLTECH Weight,HDFCBANK Weight,HINDALCO Weight,HINDUNILVR Weight,ICICIBANK Weight,INFY Weight,JSWSTEEL Weight,NESTLEIND Weight,POWERGRID Weight,RELIANCE Weight,TCS Weight,TATACONSUM Weight,TATASTEEL Weight,TECHM Weight,TITAN Weight,UPL Weight,WIPRO Weight
0,0.9556492045066478,7.685037904984197,-0.34148833459771316,5.856086132141272,3.74094654736553,6.2858019163492,1.763997475218108,5.4981639338139665,4.968297485597669,1.3333277266089094,6.243938439386127,5.641003756484695,4.4529680430701015,2.489768888525702,2.4307352440390684,3.7470857927377996,6.077447024050028,5.099041719422637,6.400233293697258,2.5855717336735955,0.7866147608171498,6.296350065411425,0.0686214750623675,6.085929274583849,6.108890168087171,4.222343793563342,1.8168353102930535
