,Returns,Standard Deviation,Sharpe Ratio,ADANIPORTS Weight,ASIANPAINT Weight,BAJFINANCE Weight,BAJAJFINSV Weight,BRITANNIA Weight,DIVISLAB Weight,GRASIM Weight,HCLTECH Weight,HDFCBANK Weight,HINDALCO Weight,HINDUNILVR Weight,ICICIBANK Weight,INFY Weight,JSWSTEEL Weight,NESTLEIND Weight,POWERGRID Weight,RELIANCE Weight,TCS Weight,TATACONSUM Weight,TATASTEEL Weight,TECHM Weight,TITAN Weight,UPL Weight,WIPRO Weight
0,-0.012847091046112782,1.0406516603478018,-0.021796203999421723,3.794919606755439,4.452941351134875,5.605135149539677,0.3417243047557234,2.9371326573781538,6.844490167320997,0.7478970374167431,0.9061430738733575,3.4559998532940908,0.48023148578450636,8.429940495732827,0.6162100509853395,7.925333530643429,1.7508689660907035,7.739109021718462,3.382576496698033,6.656920528797857,10.914771305422473,2.1482407113198256,2.3952042764551638,7.155292144138933,9.630592939810908,0.1502660346659987,1.5380588102664656
