,Returns,Standard Deviation,Sharpe Ratio,ADANIPORTS Weight,ASIANPAINT Weight,BAJFINANCE Weight,BAJAJFINSV Weight,BRITANNIA Weight,DIVISLAB Weight,GRASIM Weight,HCLTECH Weight,HDFCBANK Weight,HINDALCO Weight,HINDUNILVR Weight,ICICIBANK Weight,INFY Weight,JSWSTEEL Weight,NESTLEIND Weight,POWERGRID Weight,RELIANCE Weight,TCS Weight,TATACONSUM Weight,TATASTEEL Weight,TECHM Weight,TITAN Weight,UPL Weight,WIPRO Weight
0,-0.007786609774043627,0.9169724604602504,-0.019217343343510745,0.9082227195697321,6.483094237208816,1.0934598899018413,7.979105786229397,1.1589148740226758,7.248080180580047,0.841947536638579,3.9819737700426057,2.8515550216924104,0.32844079862698883,5.1608377030870916,0.6516420356112085,4.780188087642189,1.3682196576997077,8.681404410850543,3.816749691758617,6.044747802918529,3.7174551543936287,6.640852837359182,1.4045592242150349,4.291428502769847,9.063860491447643,2.74658977904383,8.756669806689873
