,Returns,Standard Deviation,Sharpe Ratio,ADANIPORTS Weight,ASIANPAINT Weight,BAJFINANCE Weight,BAJAJFINSV Weight,BRITANNIA Weight,DIVISLAB Weight,GRASIM Weight,HCLTECH Weight,HDFCBANK Weight,HINDALCO Weight,HINDUNILVR Weight,ICICIBANK Weight,INFY Weight,JSWSTEEL Weight,NESTLEIND Weight,POWERGRID Weight,RELIANCE Weight,TCS Weight,TATACONSUM Weight,TATASTEEL Weight,TECHM Weight,TITAN Weight,UPL Weight,WIPRO Weight
0,-2.441773331456596,10.478914368739508,-0.5746562210128018,8.445286474154907,0.1430128326540026,8.244826209534347,5.846705447727942,0.14426740109308103,6.913021829300941,1.2492238225746422,4.9851037022462705,3.83515730633516,7.050224138166156,1.2563941035195916,2.3873878290858874,1.172019491867924,4.419759170669259,0.004482810802441434,4.436622223786337,1.033348979171782,4.322662699694887,7.891659270839373,6.382067320689434,4.775476388009144,4.565573936279715,4.079077347014109,6.416639264782678
