,Returns,Standard Deviation,Sharpe Ratio,ADANIPORTS Weight,ASIANPAINT Weight,BAJFINANCE Weight,BAJAJFINSV Weight,BRITANNIA Weight,DIVISLAB Weight,GRASIM Weight,HCLTECH Weight,HDFCBANK Weight,HINDALCO Weight,HINDUNILVR Weight,ICICIBANK Weight,INFY Weight,JSWSTEEL Weight,NESTLEIND Weight,POWERGRID Weight,RELIANCE Weight,TCS Weight,TATACONSUM Weight,TATASTEEL Weight,TECHM Weight,TITAN Weight,UPL Weight,WIPRO Weight
0,-0.2648674978969498,7.538102555876,-0.5100577326186483,2.6384998173503305,4.3969419481930085,3.7589200154025186,4.018203979990404,6.389535688187582,5.160186959216269,5.231546610431754,5.136734444531588,0.9336444692050767,1.7476083777255962,6.879995657372256,3.2225897304518263,0.6067960304932405,5.16012089001503,7.144218785632689,6.601444523973793,5.1557763499443725,3.7997190040916307,5.814295578304876,5.628037414561937,0.5078400274165471,3.8051848889702997,0.6272573817560901,5.634901426781285
