,Returns,Standard Deviation,Sharpe Ratio,ADANIPORTS Weight,ASIANPAINT Weight,BAJFINANCE Weight,BAJAJFINSV Weight,BRITANNIA Weight,DIVISLAB Weight,GRASIM Weight,HCLTECH Weight,HDFCBANK Weight,HINDALCO Weight,HINDUNILVR Weight,ICICIBANK Weight,INFY Weight,JSWSTEEL Weight,NESTLEIND Weight,POWERGRID Weight,RELIANCE Weight,TCS Weight,TATACONSUM Weight,TATASTEEL Weight,TECHM Weight,TITAN Weight,UPL Weight,WIPRO Weight
0,-1.5916724324243525,11.084675943543635,-0.4665605434714253,2.5369892798739304,2.249191087942961,6.963785732732901,6.681634252624388,4.103259608492975,5.602666933040256,1.23297315744053,3.044049690631577,5.759127973188609,0.3543581131635497,5.305160019149835,4.542751628773635,2.306883983357701,5.33290755828189,3.3523748861527256,4.564897368878987,6.513870599737068,4.658445021922257,5.176037414498205,5.028995969206915,2.2487910434498364,2.3683205859968797,5.379577217272539,4.692950874189828
