,Returns,Standard Deviation,Sharpe Ratio,ADANIPORTS Weight,ASIANPAINT Weight,BAJFINANCE Weight,BAJAJFINSV Weight,BRITANNIA Weight,DIVISLAB Weight,GRASIM Weight,HCLTECH Weight,HDFCBANK Weight,HINDALCO Weight,HINDUNILVR Weight,ICICIBANK Weight,INFY Weight,JSWSTEEL Weight,NESTLEIND Weight,POWERGRID Weight,RELIANCE Weight,TCS Weight,TATACONSUM Weight,TATASTEEL Weight,TECHM Weight,TITAN Weight,UPL Weight,WIPRO Weight
0,-3.002693516344356,8.749007062186214,-0.7523932109730707,1.0862782863885174,7.080178100613795,7.0128249361386,5.553989150420498,3.44734720785788,7.974695694850942,6.32806874598356,8.219841541278006,4.333383242908636,2.3065460800034208,5.354831862644793,2.9152457515449233,0.37471718198603476,1.9197271387306567,5.602815391153959,6.362663451331986,6.139014518981351,0.16051676007755514,1.7986733327476998,3.6231715085608567,1.4880613682833232,6.994327498357526,1.2669721528561848,2.6561090962992906
