,Returns,Standard Deviation,Sharpe Ratio,ADANIPORTS Weight,ASIANPAINT Weight,BAJFINANCE Weight,BAJAJFINSV Weight,BRITANNIA Weight,DIVISLAB Weight,GRASIM Weight,HCLTECH Weight,HDFCBANK Weight,HINDALCO Weight,HINDUNILVR Weight,ICICIBANK Weight,INFY Weight,JSWSTEEL Weight,NESTLEIND Weight,POWERGRID Weight,RELIANCE Weight,TCS Weight,TATACONSUM Weight,TATASTEEL Weight,TECHM Weight,TITAN Weight,UPL Weight,WIPRO Weight
0,-4.711776628287478,10.140256250601718,-0.8177087859880708,1.186125369524857,5.006349315634698,6.887731323541449,6.31860708659626,3.6933229390038838,2.9659993825974755,2.798656730302613,5.603566126713553,4.033847037332458,2.4796479962297475,3.228591557030689,4.4822811835685705,6.063084322809124,4.972059159628843,6.500793096521982,6.252921807541215,5.824461072299883,1.155596254202934,6.425580990625185,0.5444023296934797,3.6345137186737784,2.3291720354066925,2.8926615635887503,4.720027600931881
