,Returns,Standard Deviation,Sharpe Ratio,ADANIPORTS Weight,ASIANPAINT Weight,BAJFINANCE Weight,BAJAJFINSV Weight,BRITANNIA Weight,DIVISLAB Weight,GRASIM Weight,HCLTECH Weight,HDFCBANK Weight,HINDALCO Weight,HINDUNILVR Weight,ICICIBANK Weight,INFY Weight,JSWSTEEL Weight,NESTLEIND Weight,POWERGRID Weight,RELIANCE Weight,TCS Weight,TATACONSUM Weight,TATASTEEL Weight,TECHM Weight,TITAN Weight,UPL Weight,WIPRO Weight
0,-1.4484747558731919,9.844771499846892,-0.510776177583339,0.7601519657424992,0.9856391769457554,6.251720916632811,7.110190851541148,7.21088601588646,2.7004211393531787,4.88011926805564,5.757312476031457,4.6605052025248295,0.5433330796148449,6.180052519361808,5.750150360832231,7.268807159930343,6.06605389749776,0.7042413427947539,6.446771157745953,1.901927446009815,3.1203748196606527,3.328967703047166,6.284652960902239,5.625442865158154,3.6660731345966244,0.15696007683153573,2.6392444633023193
