,Returns,Standard Deviation,Sharpe Ratio,ADANIPORTS Weight,ASIANPAINT Weight,BAJFINANCE Weight,BAJAJFINSV Weight,BRITANNIA Weight,DIVISLAB Weight,GRASIM Weight,HCLTECH Weight,HDFCBANK Weight,HINDALCO Weight,HINDUNILVR Weight,ICICIBANK Weight,INFY Weight,JSWSTEEL Weight,NESTLEIND Weight,POWERGRID Weight,RELIANCE Weight,TCS Weight,TATACONSUM Weight,TATASTEEL Weight,TECHM Weight,TITAN Weight,UPL Weight,WIPRO Weight
0,2.856378064333518,7.403994784024956,-0.09773398776938452,3.5349881470077484,4.772273849561689,2.344240545840875,1.897813362268467,4.355352143687852,6.009232883255031,1.415410416662116,0.039330259831917395,6.192956112072875,3.8829710455874094,6.858490191292047,2.9273413150839804,8.360268763169909,1.1583480133939146,6.780107271991723,2.1574109226862075,2.1385562009153873,6.694021285570575,8.420329073467672,3.1598802406532602,1.4489913335793625,7.927934598980807,1.2032760416842823,6.320475981754903
