,Returns,Standard Deviation,Sharpe Ratio,ADANIPORTS Weight,ASIANPAINT Weight,BAJFINANCE Weight,BAJAJFINSV Weight,BRITANNIA Weight,DIVISLAB Weight,GRASIM Weight,HCLTECH Weight,HDFCBANK Weight,HINDALCO Weight,HINDUNILVR Weight,ICICIBANK Weight,INFY Weight,JSWSTEEL Weight,NESTLEIND Weight,POWERGRID Weight,RELIANCE Weight,TCS Weight,TATACONSUM Weight,TATASTEEL Weight,TECHM Weight,TITAN Weight,UPL Weight,WIPRO Weight
0,-0.10110544996272969,1.162882965040084,-0.09540135863463309,0.7061493134419942,2.898382340160322,4.981642819890221,8.407616711556672,7.3245882061001995,8.77075704080691,2.383283431235546,2.6392268023500858,1.9091299212701602,0.350366491648417,3.6273142389962416,0.8073835064080668,6.495101569741873,3.082542718323117,0.6290715559463702,0.5326593879597882,4.994902721412609,12.43463176044675,9.190227914177074,4.123827035327976,0.7934291516705043,4.836030845781288,0.12496270792582814,7.956771807421986
