,Returns,Standard Deviation,Sharpe Ratio,ADANIPORTS Weight,ASIANPAINT Weight,BAJFINANCE Weight,BAJAJFINSV Weight,BRITANNIA Weight,DIVISLAB Weight,GRASIM Weight,HCLTECH Weight,HDFCBANK Weight,HINDALCO Weight,HINDUNILVR Weight,ICICIBANK Weight,INFY Weight,JSWSTEEL Weight,NESTLEIND Weight,POWERGRID Weight,RELIANCE Weight,TCS Weight,TATACONSUM Weight,TATASTEEL Weight,TECHM Weight,TITAN Weight,UPL Weight,WIPRO Weight
0,-0.05001124880621514,1.3027517548596608,-0.04593846327063819,2.5539103829678154,6.781933908953465,9.209361063607515,0.34304310311649555,6.982671548548011,7.7174097383404945,0.861614786931216,4.829040551281807,2.4813054125899643,0.3512267202474721,2.4995283065687026,3.4034716072068196,7.553163344306618,3.099752592364597,5.463819120715714,7.139734885429165,1.8826624953652555,8.57208999088257,6.478517402206735,1.433407279188542,2.2588486950213196,6.8376147985172535,0.4913963333255467,0.7744759323169152
