,Returns,Standard Deviation,Sharpe Ratio,ADANIPORTS Weight,ASIANPAINT Weight,BAJFINANCE Weight,BAJAJFINSV Weight,BRITANNIA Weight,DIVISLAB Weight,GRASIM Weight,HCLTECH Weight,HDFCBANK Weight,HINDALCO Weight,HINDUNILVR Weight,ICICIBANK Weight,INFY Weight,JSWSTEEL Weight,NESTLEIND Weight,POWERGRID Weight,RELIANCE Weight,TCS Weight,TATACONSUM Weight,TATASTEEL Weight,TECHM Weight,TITAN Weight,UPL Weight,WIPRO Weight
0,-0.49826702779554244,10.03211209456512,-0.40652127780798397,3.7197543290794846,1.6769220178720063,7.3966420332987255,5.727288379003681,2.2827130206214563,6.795639989412214,1.748091990621254,5.714765499096307,5.279388866721016,6.614878398453844,1.4910671698090014,0.11797521429456899,2.1303564389751806,7.419957456607518,1.6659658658098246,6.298066983641315,6.380807537174428,3.7502297471344397,6.17102196325568,4.3281606328797535,2.6825018107092355,5.9099207548421235,4.642049683681644,0.05583421700528651
