,Returns,Standard Deviation,Sharpe Ratio,ADANIPORTS Weight,ASIANPAINT Weight,BAJFINANCE Weight,BAJAJFINSV Weight,BRITANNIA Weight,DIVISLAB Weight,GRASIM Weight,HCLTECH Weight,HDFCBANK Weight,HINDALCO Weight,HINDUNILVR Weight,ICICIBANK Weight,INFY Weight,JSWSTEEL Weight,NESTLEIND Weight,POWERGRID Weight,RELIANCE Weight,TCS Weight,TATACONSUM Weight,TATASTEEL Weight,TECHM Weight,TITAN Weight,UPL Weight,WIPRO Weight
0,-0.002241848522712378,0.9208947933150965,-0.013114433315885738,0.1979023589778356,2.3910385313512146,7.869912161359756,7.079376841043783,5.350818635963749,8.179601083165794,0.3969445325394191,5.52418238053746,1.6059450519593474,0.32059961699244094,7.22360869933535,1.3423309529932812,6.886763711072367,4.592704608878017,4.539920377105816,4.841670404934693,5.902993677230194,6.810865626232368,7.2408819310587695,0.5013005875303117,0.5234828369478913,7.276108712481857,0.7798255297556388,2.621221150552658
