,Returns,Standard Deviation,Sharpe Ratio,ADANIPORTS Weight,ASIANPAINT Weight,BAJFINANCE Weight,BAJAJFINSV Weight,BRITANNIA Weight,DIVISLAB Weight,GRASIM Weight,HCLTECH Weight,HDFCBANK Weight,HINDALCO Weight,HINDUNILVR Weight,ICICIBANK Weight,INFY Weight,JSWSTEEL Weight,NESTLEIND Weight,POWERGRID Weight,RELIANCE Weight,TCS Weight,TATACONSUM Weight,TATASTEEL Weight,TECHM Weight,TITAN Weight,UPL Weight,WIPRO Weight
0,-0.3355309096160454,8.184882217851346,-0.4783857367032376,7.6225409107451165,5.037876402636928,4.678318614996744,5.454759690195299,1.8498635331387379,7.207794042040104,2.661516243558441,8.972036817761035,1.1604363571629754,6.678877707093853,0.7340818139520008,1.6450657936217798,0.8859480174410763,0.0058649969461271505,5.395776835654832,0.24840590808670415,0.6158042324876789,3.827205805275316,6.80832219027006,4.013269404332991,6.406607490729669,6.676651351805181,3.198699121635223,8.214276718432128
