,Returns,Standard Deviation,Sharpe Ratio,ADANIPORTS Weight,ASIANPAINT Weight,BAJFINANCE Weight,BAJAJFINSV Weight,BRITANNIA Weight,DIVISLAB Weight,GRASIM Weight,HCLTECH Weight,HDFCBANK Weight,HINDALCO Weight,HINDUNILVR Weight,ICICIBANK Weight,INFY Weight,JSWSTEEL Weight,NESTLEIND Weight,POWERGRID Weight,RELIANCE Weight,TCS Weight,TATACONSUM Weight,TATASTEEL Weight,TECHM Weight,TITAN Weight,UPL Weight,WIPRO Weight
0,-0.290188264542034,8.595181871899058,-0.4502741561752359,5.080380604736153,0.3261599808211768,2.99463399818642,2.693983832286164,4.342200178311383,4.851736677343418,6.88549703754205,6.538986364760708,4.313199574784424,3.3501378699552093,4.481414946347373,6.165936996408472,5.127247758330283,1.1541643311401202,5.880234820310666,6.192049269193769,4.5019373088807,6.54230174237709,2.4047325723466724,0.8405276791135414,4.218084102999752,5.776663990510174,0.6034918141409962,4.734296549173278
