,Returns,Standard Deviation,Sharpe Ratio,ADANIPORTS Weight,ASIANPAINT Weight,BAJFINANCE Weight,BAJAJFINSV Weight,BRITANNIA Weight,DIVISLAB Weight,GRASIM Weight,HCLTECH Weight,HDFCBANK Weight,HINDALCO Weight,HINDUNILVR Weight,ICICIBANK Weight,INFY Weight,JSWSTEEL Weight,NESTLEIND Weight,POWERGRID Weight,RELIANCE Weight,TCS Weight,TATACONSUM Weight,TATASTEEL Weight,TECHM Weight,TITAN Weight,UPL Weight,WIPRO Weight
0,-3.368270483536531,10.274588486653748,-0.676257788091663,4.173955541613124,2.0343921690589597,6.225324089967476,9.426121219762651,2.9383489275204724,2.0394243476604315,5.549879532745744,0.5960088412712649,1.626218281545813,0.2509986604438972,6.358960736440529,2.1926897360391795,5.436257772277041,2.3375042093177685,4.289999814997792,3.4668082566485516,3.165814536661256,5.167066982707245,1.7363631901999639,2.6126666181657834,7.680406877171583,9.64846433545246,3.4493123376782857,7.597012984652715
