,Returns,Standard Deviation,Sharpe Ratio,ADANIPORTS Weight,ASIANPAINT Weight,BAJFINANCE Weight,BAJAJFINSV Weight,BRITANNIA Weight,DIVISLAB Weight,GRASIM Weight,HCLTECH Weight,HDFCBANK Weight,HINDALCO Weight,HINDUNILVR Weight,ICICIBANK Weight,INFY Weight,JSWSTEEL Weight,NESTLEIND Weight,POWERGRID Weight,RELIANCE Weight,TCS Weight,TATACONSUM Weight,TATASTEEL Weight,TECHM Weight,TITAN Weight,UPL Weight,WIPRO Weight
0,-3.2517716496980986,8.794810572007513,-0.7767957699330721,0.0328471427282538,8.203750596519564,4.097229956613854,5.5034948928937055,2.939095814539551,6.83611346206671,0.8786812799856414,0.9287636130869812,6.198462454905865,3.1835161710174336,0.6917158491779481,5.472352821415933,5.430387835745943,5.3878621448957995,7.221592359322952,2.6684796543623497,3.2569250730878028,0.5693442338829618,1.0322777242258865,7.318214273408316,0.5209760959644061,5.081209424272623,7.538030756129205,9.008676369750317
