,Returns,Standard Deviation,Sharpe Ratio,ADANIPORTS Weight,ASIANPAINT Weight,BAJFINANCE Weight,BAJAJFINSV Weight,BRITANNIA Weight,DIVISLAB Weight,GRASIM Weight,HCLTECH Weight,HDFCBANK Weight,HINDALCO Weight,HINDUNILVR Weight,ICICIBANK Weight,INFY Weight,JSWSTEEL Weight,NESTLEIND Weight,POWERGRID Weight,RELIANCE Weight,TCS Weight,TATACONSUM Weight,TATASTEEL Weight,TECHM Weight,TITAN Weight,UPL Weight,WIPRO Weight
0,-3.7219689467963306,11.001875027962997,-0.6637022260512164,0.22937897969312787,3.7112869884101554,7.213264111070301,6.756952883042651,6.388147159644999,8.038160074413781,2.9795855973706002,5.751396996585253,4.661907969216057,0.1730354813049037,7.436920963871524,7.185514513623207,1.8176384310480422,3.626256562423151,1.5440419954833569,5.115761683942761,0.8740427967021448,4.63142715771148,0.47481096307478277,4.921375475284813,1.7319728090182476,7.120158910353644,1.8232403552338141,5.793721141477178
