,Returns,Standard Deviation,Sharpe Ratio,ADANIPORTS Weight,ASIANPAINT Weight,BAJFINANCE Weight,BAJAJFINSV Weight,BRITANNIA Weight,DIVISLAB Weight,GRASIM Weight,HCLTECH Weight,HDFCBANK Weight,HINDALCO Weight,HINDUNILVR Weight,ICICIBANK Weight,INFY Weight,JSWSTEEL Weight,NESTLEIND Weight,POWERGRID Weight,RELIANCE Weight,TCS Weight,TATACONSUM Weight,TATASTEEL Weight,TECHM Weight,TITAN Weight,UPL Weight,WIPRO Weight
0,0.0007992706567391795,1.3714241310367588,-0.006588694171215121,2.1383327725714696,5.596573834411311,4.794597260501231,4.362670885307711,0.1178128521746306,7.437978128068376,0.08860218593423043,8.370504469634724,0.5732587366210293,1.8180603510451376,1.6600697753113582,0.3793705650113975,8.280240894551042,3.9895290981733114,7.434344890734694,3.755369739378421,6.297264847596863,7.462635695189086,4.009109679057139,0.3704263851772318,6.970638232270851,7.6532092227282,1.9346019493667332,4.50479754918384
