,Returns,Standard Deviation,Sharpe Ratio,ADANIPORTS Weight,ASIANPAINT Weight,BAJFINANCE Weight,BAJAJFINSV Weight,BRITANNIA Weight,DIVISLAB Weight,GRASIM Weight,HCLTECH Weight,HDFCBANK Weight,HINDALCO Weight,HINDUNILVR Weight,ICICIBANK Weight,INFY Weight,JSWSTEEL Weight,NESTLEIND Weight,POWERGRID Weight,RELIANCE Weight,TCS Weight,TATACONSUM Weight,TATASTEEL Weight,TECHM Weight,TITAN Weight,UPL Weight,WIPRO Weight
0,-1.635296813067135,9.44676267994304,-0.5520723860397202,5.6652497694359525,0.8122499290423899,11.669927596820349,2.573302704573103,1.0937553677505103,3.304688931270366,0.03171079782827747,7.401084968735564,4.224669278053374,4.832486758542433,0.8297847207269301,0.09494761071481152,8.941341148275681,5.474193631110319,0.4681885454394432,9.141788923299066,3.621261132793129,3.6451687203757475,6.628917115830352,8.47557430351377,0.039955240133349994,3.981870613760602,4.280012754929659,2.7678694370447907
