,Returns,Standard Deviation,Sharpe Ratio,ADANIPORTS Weight,ASIANPAINT Weight,BAJFINANCE Weight,BAJAJFINSV Weight,BRITANNIA Weight,DIVISLAB Weight,GRASIM Weight,HCLTECH Weight,HDFCBANK Weight,HINDALCO Weight,HINDUNILVR Weight,ICICIBANK Weight,INFY Weight,JSWSTEEL Weight,NESTLEIND Weight,POWERGRID Weight,RELIANCE Weight,TCS Weight,TATACONSUM Weight,TATASTEEL Weight,TECHM Weight,TITAN Weight,UPL Weight,WIPRO Weight
0,-1.728758417695686,11.544493964999468,-0.45985198084825113,7.495125045498774,6.635559790737315,5.0206904720908465,8.057663399299662,1.1069562538377082,7.490856226652125,5.177162601029681,3.247607732264583,0.5700579540865878,5.26999508778397,1.3570561661669025,5.3338901512358,7.880867082833546,0.9094961685400751,2.4467097218713785,1.5721873179965165,4.658545002346716,1.2126705776314575,2.8915749707643794,4.215475781795651,4.934498301083661,2.221287547396934,2.668575226684648,7.625491420371095
