,Returns,Standard Deviation,Sharpe Ratio,ADANIPORTS Weight,ASIANPAINT Weight,BAJFINANCE Weight,BAJAJFINSV Weight,BRITANNIA Weight,DIVISLAB Weight,GRASIM Weight,HCLTECH Weight,HDFCBANK Weight,HINDALCO Weight,HINDUNILVR Weight,ICICIBANK Weight,INFY Weight,JSWSTEEL Weight,NESTLEIND Weight,POWERGRID Weight,RELIANCE Weight,TCS Weight,TATACONSUM Weight,TATASTEEL Weight,TECHM Weight,TITAN Weight,UPL Weight,WIPRO Weight
0,-0.059011789890471456,1.385292624284807,-0.049698492230968394,2.8185964719461896,3.13651796338117,8.834287056141056,2.324483755158099,6.377879403975085,9.921707265139307,1.2594818931929719,1.416802288924885,6.447999332551427,1.9827760062149893,0.07158129946393585,2.1899471661516463,6.268384016091382,0.6404925161256211,6.11979174293635,0.5008544619036074,3.8727836377001417,5.334824998815091,5.428396341221969,0.7369858119164374,7.714057003851026,6.787443476148044,0.6055712275381643,9.208354863511405
