,Returns,Standard Deviation,Sharpe Ratio,ADANIPORTS Weight,ASIANPAINT Weight,BAJFINANCE Weight,BAJAJFINSV Weight,BRITANNIA Weight,DIVISLAB Weight,GRASIM Weight,HCLTECH Weight,HDFCBANK Weight,HINDALCO Weight,HINDUNILVR Weight,ICICIBANK Weight,INFY Weight,JSWSTEEL Weight,NESTLEIND Weight,POWERGRID Weight,RELIANCE Weight,TCS Weight,TATACONSUM Weight,TATASTEEL Weight,TECHM Weight,TITAN Weight,UPL Weight,WIPRO Weight
0,-0.08184420026237091,1.1304832772866111,-0.08109749780428846,2.566859399519445,3.6479221724467235,5.24086214215942,5.408346674063159,1.0046066901075272,8.531115631647031,0.8902844311939386,6.189016276422342,2.637114932210172,1.3075589353564439,7.698458600568977,2.3783171694144163,1.6134809235263514,1.5678738546945952,7.48025928751738,2.439117410839607,4.268148627486057,3.5348946190280452,6.861196041589074,1.065103148633781,7.090789081364542,8.91561354176513,0.1968197120844572,7.466240696361369
