,Returns,Standard Deviation,Sharpe Ratio,ADANIPORTS Weight,ASIANPAINT Weight,BAJFINANCE Weight,BAJAJFINSV Weight,BRITANNIA Weight,DIVISLAB Weight,GRASIM Weight,HCLTECH Weight,HDFCBANK Weight,HINDALCO Weight,HINDUNILVR Weight,ICICIBANK Weight,INFY Weight,JSWSTEEL Weight,NESTLEIND Weight,POWERGRID Weight,RELIANCE Weight,TCS Weight,TATACONSUM Weight,TATASTEEL Weight,TECHM Weight,TITAN Weight,UPL Weight,WIPRO Weight
0,-0.03288482271685756,0.9624529711829101,-0.04438657142854167,1.0905716411203523,5.318115901445757,8.088914889473601,7.098016325852208,1.1096127221996879,9.62029692628121,0.5733527057203279,7.480138796820111,0.7241907183656617,1.5981175861452028,10.241319812772097,1.5811091476308066,5.581750411483486,3.747561995343702,2.6144864559726715,0.9754352076240902,7.865339701260441,3.1754798589160056,2.142900661965354,4.398129744460586,0.16221459820088527,6.33299306714201,0.39883280373639,8.08111832006735
