,Returns,Standard Deviation,Sharpe Ratio,ADANIPORTS Weight,ASIANPAINT Weight,BAJFINANCE Weight,BAJAJFINSV Weight,BRITANNIA Weight,DIVISLAB Weight,GRASIM Weight,HCLTECH Weight,HDFCBANK Weight,HINDALCO Weight,HINDUNILVR Weight,ICICIBANK Weight,INFY Weight,JSWSTEEL Weight,NESTLEIND Weight,POWERGRID Weight,RELIANCE Weight,TCS Weight,TATACONSUM Weight,TATASTEEL Weight,TECHM Weight,TITAN Weight,UPL Weight,WIPRO Weight
0,-0.037127553563034925,1.094179908785898,-0.04292047223779642,2.5852798492132187,3.8876603876576183,6.946576135331574,5.432160840155334,3.014330735731658,7.38458753552949,2.1922422786068196,0.10233253432124913,4.6019100694866495,1.502379075807819,5.025908521313821,1.191816873547967,4.814961411644058,0.23379952280220148,5.099008737470093,5.317657983189259,7.038977329466441,8.520860962344209,5.785299621006024,0.5747309143116079,7.4903036787517365,4.8176780528801455,0.24476769126238504,6.194769258168653
