,Returns,Standard Deviation,Sharpe Ratio,ADANIPORTS Weight,ASIANPAINT Weight,BAJFINANCE Weight,BAJAJFINSV Weight,BRITANNIA Weight,DIVISLAB Weight,GRASIM Weight,HCLTECH Weight,HDFCBANK Weight,HINDALCO Weight,HINDUNILVR Weight,ICICIBANK Weight,INFY Weight,JSWSTEEL Weight,NESTLEIND Weight,POWERGRID Weight,RELIANCE Weight,TCS Weight,TATACONSUM Weight,TATASTEEL Weight,TECHM Weight,TITAN Weight,UPL Weight,WIPRO Weight
0,-0.008023644528568437,0.9855889933333443,-0.018119935880506626,0.4608357395487732,0.4156419163309857,5.20749136081675,7.227338950062066,0.30089775599535906,8.012940840373485,2.0056271464856956,7.170010966044667,5.667128818656772,2.2647094468615574,6.0208918508229035,1.0682367368115482,6.642655989851527,4.38842581880822,7.2910065557846755,1.361778738556093,7.121906957185025,5.806223619127247,7.907320738961318,0.5542626888026186,4.882834902546594,6.967633139510737,0.9515927123576139,0.30260660969776554
