,Returns,Standard Deviation,Sharpe Ratio,ADANIPORTS Weight,ASIANPAINT Weight,BAJFINANCE Weight,BAJAJFINSV Weight,BRITANNIA Weight,DIVISLAB Weight,GRASIM Weight,HCLTECH Weight,HDFCBANK Weight,HINDALCO Weight,HINDUNILVR Weight,ICICIBANK Weight,INFY Weight,JSWSTEEL Weight,NESTLEIND Weight,POWERGRID Weight,RELIANCE Weight,TCS Weight,TATACONSUM Weight,TATASTEEL Weight,TECHM Weight,TITAN Weight,UPL Weight,WIPRO Weight
0,-0.062087399161278166,1.4358850345254814,-0.05008936110279283,1.010456277882118,2.0801173468524228,0.513805144928571,9.680582556960143,0.1389508701474281,12.394446557096083,3.9901437061921423,0.8554364805111854,2.1489752632465597,0.08923018311670938,1.4855030686021613,1.716728001587011,11.437005254249968,5.1132699638932,5.308251044347359,3.670631231805104,1.071114403441736,6.035374399128111,7.372269936437055,0.1325867123291856,12.746947682877044,3.005270811312511,0.08095483806376746,7.921948264992422
