,Returns,Standard Deviation,Sharpe Ratio,ADANIPORTS Weight,ASIANPAINT Weight,BAJFINANCE Weight,BAJAJFINSV Weight,BRITANNIA Weight,DIVISLAB Weight,GRASIM Weight,HCLTECH Weight,HDFCBANK Weight,HINDALCO Weight,HINDUNILVR Weight,ICICIBANK Weight,INFY Weight,JSWSTEEL Weight,NESTLEIND Weight,POWERGRID Weight,RELIANCE Weight,TCS Weight,TATACONSUM Weight,TATASTEEL Weight,TECHM Weight,TITAN Weight,UPL Weight,WIPRO Weight
0,-0.09928348056986964,1.3026237593224153,-0.08376835185456363,2.4751550653036007,7.245943554722195,4.360528549327341,6.874322140301981,0.18866419050870178,11.411262875774778,3.56688408889402,9.52747092909596,0.2677327269186823,0.9699567545063875,6.2428831815414,1.8643543916442369,4.046242949763612,0.18181587200381905,5.631967880069253,4.170165987130482,3.3964566059705645,5.030608010315329,5.149840468886311,0.1976400214624671,3.034626807319257,7.1595289192108655,1.5195828670632536,5.486365162265548
