,Returns,Standard Deviation,Sharpe Ratio,ADANIPORTS Weight,ASIANPAINT Weight,BAJFINANCE Weight,BAJAJFINSV Weight,BRITANNIA Weight,DIVISLAB Weight,GRASIM Weight,HCLTECH Weight,HDFCBANK Weight,HINDALCO Weight,HINDUNILVR Weight,ICICIBANK Weight,INFY Weight,JSWSTEEL Weight,NESTLEIND Weight,POWERGRID Weight,RELIANCE Weight,TCS Weight,TATACONSUM Weight,TATASTEEL Weight,TECHM Weight,TITAN Weight,UPL Weight,WIPRO Weight
0,0.32516457786378955,7.733305930162786,-0.42088538220648103,0.09482445982997123,4.206865454867841,1.4678680826112296,6.940148059044709,1.893853322663756,6.678211642231205,7.6502413632692665,4.976633638606513,8.233618683204009,0.9662630008359063,2.5074821408684205,7.340530942027179,0.36586959435489347,7.793737067828387,0.7134161439073321,0.958525895716099,8.530887948535955,9.282405996114761,8.706064174437651,2.031365431793626,2.7381947092346386,0.4039935893386474,4.403701272105797,1.115297386572188
