,Returns,Standard Deviation,Sharpe Ratio,ADANIPORTS Weight,ASIANPAINT Weight,BAJFINANCE Weight,BAJAJFINSV Weight,BRITANNIA Weight,DIVISLAB Weight,GRASIM Weight,HCLTECH Weight,HDFCBANK Weight,HINDALCO Weight,HINDUNILVR Weight,ICICIBANK Weight,INFY Weight,JSWSTEEL Weight,NESTLEIND Weight,POWERGRID Weight,RELIANCE Weight,TCS Weight,TATACONSUM Weight,TATASTEEL Weight,TECHM Weight,TITAN Weight,UPL Weight,WIPRO Weight
0,-0.020990029369120367,1.3160821599564307,-0.0234219375827613,3.767884568481899,4.631641240850985,9.900192940267424,0.7675230820670683,5.906703872888778,10.632635512209955,0.950285559190082,9.277224720695333,1.1497173968190473,1.2864235570427107,0.6182860049555894,1.2185269512095283,7.755559457580969,0.04945058478436414,9.15072444246478,5.844567353829685,0.02839043204753552,9.579338951585205,0.05562470647300075,0.15870938216205976,3.709163270900415,7.233371786469167,0.647961722015684,5.680092503008717
