,Returns,Standard Deviation,Sharpe Ratio,ADANIPORTS Weight,ASIANPAINT Weight,BAJFINANCE Weight,BAJAJFINSV Weight,BRITANNIA Weight,DIVISLAB Weight,GRASIM Weight,HCLTECH Weight,HDFCBANK Weight,HINDALCO Weight,HINDUNILVR Weight,ICICIBANK Weight,INFY Weight,JSWSTEEL Weight,NESTLEIND Weight,POWERGRID Weight,RELIANCE Weight,TCS Weight,TATACONSUM Weight,TATASTEEL Weight,TECHM Weight,TITAN Weight,UPL Weight,WIPRO Weight
0,-4.25019055682668,8.69915876721269,-0.9001089376985313,5.854798397779004,6.824763782663587,0.787585861622934,4.12384357389103,0.9910531209482416,4.725137735431989,1.1833115132521228,6.60370325539561,2.5377858981811308,4.556236891307623,3.962521036885141,6.420894016840645,5.8738855430242545,7.3555193764822615,3.606654857028731,0.9702926655536952,5.969770822976226,5.533994237889794,2.1767880772018615,3.844142992172287,6.859613742584332,6.5796087532965135,0.024869608467355427,2.6332242391236558
