,Returns,Standard Deviation,Sharpe Ratio,ADANIPORTS Weight,ASIANPAINT Weight,BAJFINANCE Weight,BAJAJFINSV Weight,BRITANNIA Weight,DIVISLAB Weight,GRASIM Weight,HCLTECH Weight,HDFCBANK Weight,HINDALCO Weight,HINDUNILVR Weight,ICICIBANK Weight,INFY Weight,JSWSTEEL Weight,NESTLEIND Weight,POWERGRID Weight,RELIANCE Weight,TCS Weight,TATACONSUM Weight,TATASTEEL Weight,TECHM Weight,TITAN Weight,UPL Weight,WIPRO Weight
0,-0.04059274666482243,1.0855780559647217,-0.04645258922001095,3.24115911006235,4.90920354581515,3.296763727599319,1.5903621067803049,1.0256558932122624,9.813637733234565,0.5448230393876726,6.502562344760088,3.7169744952497528,2.072978326545764,7.76219453151084,0.20617340401632717,9.215300339724813,2.6854212405151165,7.4952565051800715,0.5668974875037852,5.418074947547023,7.459611567218759,6.891860357657095,0.07538929130730183,3.568682002659284,3.914303301073817,0.8915850824477642,7.135129618990771
