,Returns,Standard Deviation,Sharpe Ratio,ADANIPORTS Weight,ASIANPAINT Weight,BAJFINANCE Weight,BAJAJFINSV Weight,BRITANNIA Weight,DIVISLAB Weight,GRASIM Weight,HCLTECH Weight,HDFCBANK Weight,HINDALCO Weight,HINDUNILVR Weight,ICICIBANK Weight,INFY Weight,JSWSTEEL Weight,NESTLEIND Weight,POWERGRID Weight,RELIANCE Weight,TCS Weight,TATACONSUM Weight,TATASTEEL Weight,TECHM Weight,TITAN Weight,UPL Weight,WIPRO Weight
0,-0.04090389262401367,1.1498587412953514,-0.04412633972936484,1.9870024227608658,4.720661821230781,4.465445266767632,0.8806907528336176,7.11451274895516,7.457348486675711,0.6795409751396732,7.159215314165886,0.5333153439116352,0.8991588979226426,1.7192082524982584,2.953996624299381,8.396048753468154,0.027104598194462926,5.789772778079719,3.706939254393816,6.67221944468076,5.362172366340343,7.621493484083018,1.788241219668071,3.095525033773225,7.387465566027752,1.7951833962907917,7.787737197838653
