,Returns,Standard Deviation,Sharpe Ratio,ADANIPORTS Weight,ASIANPAINT Weight,BAJFINANCE Weight,BAJAJFINSV Weight,BRITANNIA Weight,DIVISLAB Weight,GRASIM Weight,HCLTECH Weight,HDFCBANK Weight,HINDALCO Weight,HINDUNILVR Weight,ICICIBANK Weight,INFY Weight,JSWSTEEL Weight,NESTLEIND Weight,POWERGRID Weight,RELIANCE Weight,TCS Weight,TATACONSUM Weight,TATASTEEL Weight,TECHM Weight,TITAN Weight,UPL Weight,WIPRO Weight
0,-0.6052449314583418,8.361690294028799,-0.5005261836170952,2.905574197701452,5.002821656661514,4.305498477996799,4.589875491598832,5.205957223685273,2.587513121617932,6.073896945220791,2.629482312398453,5.274960994188726,4.3182508821864705,7.42558555024879,1.3619062707870566,1.4669411696304404,4.619931245895781,7.682148145940689,2.1831738542799495,1.7273074936647248,7.77179963298532,5.051209605755533,0.28277929326443807,6.36513812217179,1.6510674029514494,3.8169382466206736,5.700242662547131
