,Returns,Standard Deviation,Sharpe Ratio,ADANIPORTS Weight,ASIANPAINT Weight,BAJFINANCE Weight,BAJAJFINSV Weight,BRITANNIA Weight,DIVISLAB Weight,GRASIM Weight,HCLTECH Weight,HDFCBANK Weight,HINDALCO Weight,HINDUNILVR Weight,ICICIBANK Weight,INFY Weight,JSWSTEEL Weight,NESTLEIND Weight,POWERGRID Weight,RELIANCE Weight,TCS Weight,TATACONSUM Weight,TATASTEEL Weight,TECHM Weight,TITAN Weight,UPL Weight,WIPRO Weight
0,-0.020475294587502905,1.1347206230340194,-0.026711825631249696,0.31558113232644563,8.945756507619935,5.886723747003622,2.872641417175539,0.07997362046582993,8.597503486816361,1.4981831719796808,3.1771579927088776,6.633147303963527,0.38203819112697623,2.7798907156347408,0.5802285056026696,4.268250656615699,0.05662807035846055,10.058514712487122,4.155031582723391,7.313232294993735,5.6176652017309,6.564526738951017,3.7228042583074856,4.597561467490744,5.530271760277109,1.1665081606288745,5.200179303011257
