,Returns,Standard Deviation,Sharpe Ratio,ADANIPORTS Weight,ASIANPAINT Weight,BAJFINANCE Weight,BAJAJFINSV Weight,BRITANNIA Weight,DIVISLAB Weight,GRASIM Weight,HCLTECH Weight,HDFCBANK Weight,HINDALCO Weight,HINDUNILVR Weight,ICICIBANK Weight,INFY Weight,JSWSTEEL Weight,NESTLEIND Weight,POWERGRID Weight,RELIANCE Weight,TCS Weight,TATACONSUM Weight,TATASTEEL Weight,TECHM Weight,TITAN Weight,UPL Weight,WIPRO Weight
0,1.2667234153677613,7.697222784462346,-0.30053392624958586,0.8036954295408673,7.627286596796316,3.8333721600108985,2.104836564114683,5.091631881601113,2.6430101029758193,3.7702733880969728,6.805602664686234,4.031680844129391,2.359134916660235,2.2271009205205656,2.6339423392157704,3.482722903467022,1.612290450810256,8.174434594584424,0.025647131651948433,6.726294135743825,3.430725029069014,5.377674100895222,7.268762977019283,3.653147616090771,7.518185707888591,4.468048856935,4.330498687495773
