,Returns,Standard Deviation,Sharpe Ratio,ADANIPORTS Weight,ASIANPAINT Weight,BAJFINANCE Weight,BAJAJFINSV Weight,BRITANNIA Weight,DIVISLAB Weight,GRASIM Weight,HCLTECH Weight,HDFCBANK Weight,HINDALCO Weight,HINDUNILVR Weight,ICICIBANK Weight,INFY Weight,JSWSTEEL Weight,NESTLEIND Weight,POWERGRID Weight,RELIANCE Weight,TCS Weight,TATACONSUM Weight,TATASTEEL Weight,TECHM Weight,TITAN Weight,UPL Weight,WIPRO Weight
0,-0.0621325017147817,11.127174598709624,-0.3273187159422434,4.4595840069669,7.226321403995108,5.954946547572593,1.9169449788257142,5.149756189023031,5.621873090763902,9.723262405209725,0.3746189917374681,2.4502000305918807,1.2267647218235995,3.6331768503675304,5.1180420522813,2.525564845259404,0.7336599895495394,4.055664723323785,4.682659203278612,0.1313280212476888,4.015443895149313,7.545347866361212,1.1454940483671163,6.426601342860301,6.526344497084717,5.982917638602123,3.3734826597574514
