,Returns,Standard Deviation,Sharpe Ratio,ADANIPORTS Weight,ASIANPAINT Weight,BAJFINANCE Weight,BAJAJFINSV Weight,BRITANNIA Weight,DIVISLAB Weight,GRASIM Weight,HCLTECH Weight,HDFCBANK Weight,HINDALCO Weight,HINDUNILVR Weight,ICICIBANK Weight,INFY Weight,JSWSTEEL Weight,NESTLEIND Weight,POWERGRID Weight,RELIANCE Weight,TCS Weight,TATACONSUM Weight,TATASTEEL Weight,TECHM Weight,TITAN Weight,UPL Weight,WIPRO Weight
0,0.006128127659572592,1.3809639958881892,-0.0026843836527454157,1.0725521591657075,9.803786369868037,8.08983016365816,1.4869147544911314,0.5350481163233661,9.375525823264313,0.5640349349913862,1.845356914791348,3.102724398752419,2.4536625287481884,9.427055031950896,1.409170427572582,3.5565130810708188,2.31490015466652,4.385520648998743,4.180685685164971,2.200068238407781,8.004472106494916,8.595683270654247,2.8572396427135414,3.0152152424251684,2.0904477945448483,0.673497733701518,8.96009477757939
