,Returns,Standard Deviation,Sharpe Ratio,ADANIPORTS Weight,ASIANPAINT Weight,BAJFINANCE Weight,BAJAJFINSV Weight,BRITANNIA Weight,DIVISLAB Weight,GRASIM Weight,HCLTECH Weight,HDFCBANK Weight,HINDALCO Weight,HINDUNILVR Weight,ICICIBANK Weight,INFY Weight,JSWSTEEL Weight,NESTLEIND Weight,POWERGRID Weight,RELIANCE Weight,TCS Weight,TATACONSUM Weight,TATASTEEL Weight,TECHM Weight,TITAN Weight,UPL Weight,WIPRO Weight
0,-0.02155500536766229,1.0854496763606687,-0.02891904699633162,0.13271767177734176,6.257707410375851,10.093858213323788,1.797178976507167,3.4652843657419483,11.27623001623129,1.7190957764103048,0.45075373057900764,0.7466034563895316,5.292838353107288,2.3600841145558737,0.6124242817844798,6.394207684120019,0.45721232496305203,6.092136930737654,4.420464335964488,4.431323722157774,4.8338166002361005,9.759822110787509,0.03034754469415156,2.9109051788534135,9.265371424116076,2.5587033240418373,4.6409124525440495
