,Returns,Standard Deviation,Sharpe Ratio,ADANIPORTS Weight,ASIANPAINT Weight,BAJFINANCE Weight,BAJAJFINSV Weight,BRITANNIA Weight,DIVISLAB Weight,GRASIM Weight,HCLTECH Weight,HDFCBANK Weight,HINDALCO Weight,HINDUNILVR Weight,ICICIBANK Weight,INFY Weight,JSWSTEEL Weight,NESTLEIND Weight,POWERGRID Weight,RELIANCE Weight,TCS Weight,TATACONSUM Weight,TATASTEEL Weight,TECHM Weight,TITAN Weight,UPL Weight,WIPRO Weight
0,-0.012996170725371214,1.3211222280872985,-0.017281773839799005,0.9253878090737615,3.9374550758698015,0.26455023994970983,1.286099211970257,3.710663514555309,7.980082389510451,1.6462462831001612,3.570978952341122,3.403887074583024,0.5176568345605124,6.497930647617369,3.2369472224387983,6.588194669215806,3.6874700981058357,5.546522777027811,6.050974752684225,4.454314142607486,6.3082657147139205,7.413520100170616,1.5581087836035648,7.941271237762539,5.631688740829112,1.2362605810153673,6.6055231466934465
