,Returns,Semi Deviation,Sortino Ratio,ADANIPORTS Weight,ASIANPAINT Weight,BAJFINANCE Weight,BAJAJFINSV Weight,BRITANNIA Weight,DIVISLAB Weight,GRASIM Weight,HCLTECH Weight,HDFCBANK Weight,HINDALCO Weight,HINDUNILVR Weight,ICICIBANK Weight,INFY Weight,JSWSTEEL Weight,NESTLEIND Weight,POWERGRID Weight,RELIANCE Weight,TCS Weight,TATACONSUM Weight,TATASTEEL Weight,TECHM Weight,TITAN Weight,UPL Weight,WIPRO Weight
0,0.22870449871026516,0.36667682417035397,0.5968998296260363,3.6536782764145666,7.4555849018842535,6.360758773273618,5.595978299742858,3.131314829529937,3.306518966261464,0.5281070220945774,0.7016798759515586,5.525398404121275,4.582743534620031,5.715036740157979,6.330199608161564,2.91939762194837,4.896055243553867,5.353845321581591,4.9907438821001815,1.7255059769805126,4.008098770881338,4.221511658501023,2.3272576073498445,4.712954034774855,2.919212616511885,6.764631670550705,2.2737863630521398
