,Returns,Semi Deviation,Sortino Ratio,ADANIPORTS Weight,ASIANPAINT Weight,BAJFINANCE Weight,BAJAJFINSV Weight,BRITANNIA Weight,DIVISLAB Weight,GRASIM Weight,HCLTECH Weight,HDFCBANK Weight,HINDALCO Weight,HINDUNILVR Weight,ICICIBANK Weight,INFY Weight,JSWSTEEL Weight,NESTLEIND Weight,POWERGRID Weight,RELIANCE Weight,TCS Weight,TATACONSUM Weight,TATASTEEL Weight,TECHM Weight,TITAN Weight,UPL Weight,WIPRO Weight
0,-0.048638727413543165,0.6003123540245224,-0.09740577860291606,4.4364324539330005,3.5550984199044864,2.8553586957691865,5.942679672313836,2.9873402466039805,3.8736741095273723,1.8586829141198593,5.290108788168533,5.058206531202196,6.853039634987562,2.6642972064324466,3.1126860967769487,7.545203148207882,2.947659422278953,5.059982637304106,1.7691940633906853,1.9385297954608867,6.159676855809572,5.712139289223724,3.6694746558237874,4.302442709786624,2.8536755102987192,4.473704830240818,5.080712312434826
