,Returns,Semi Deviation,Sortino Ratio,ADANIPORTS Weight,ASIANPAINT Weight,BAJFINANCE Weight,BAJAJFINSV Weight,BRITANNIA Weight,DIVISLAB Weight,GRASIM Weight,HCLTECH Weight,HDFCBANK Weight,HINDALCO Weight,HINDUNILVR Weight,ICICIBANK Weight,INFY Weight,JSWSTEEL Weight,NESTLEIND Weight,POWERGRID Weight,RELIANCE Weight,TCS Weight,TATACONSUM Weight,TATASTEEL Weight,TECHM Weight,TITAN Weight,UPL Weight,WIPRO Weight
0,0.2563496939186799,0.7323926244028695,0.3365879459593166,3.372748826068847,1.9107363435473428,6.843777949831933,1.975214590828566,4.217221704463787,5.630147666098654,4.881535306902196,5.1854088086906005,4.355817422195029,7.139265828639655,3.40031922445567,5.651012535204422,1.847155425892794,6.589629406247488,0.7713811697912697,3.6405104666716745,5.434203559880899,3.7474549028092516,4.036942100237361,4.721818996175893,1.1198415996594036,1.889436300743266,6.142807229195922,5.495612635768067
