,Returns,Semi Deviation,Sortino Ratio,ADANIPORTS Weight,ASIANPAINT Weight,BAJFINANCE Weight,BAJAJFINSV Weight,BRITANNIA Weight,DIVISLAB Weight,GRASIM Weight,HCLTECH Weight,HDFCBANK Weight,HINDALCO Weight,HINDUNILVR Weight,ICICIBANK Weight,INFY Weight,JSWSTEEL Weight,NESTLEIND Weight,POWERGRID Weight,RELIANCE Weight,TCS Weight,TATACONSUM Weight,TATASTEEL Weight,TECHM Weight,TITAN Weight,UPL Weight,WIPRO Weight
0,0.2298123916275055,0.3925776169717587,0.5603407257122491,2.8879533240118604,3.9645400407288514,3.0814952282368315,3.3552366792941464,5.65644711428178,3.1152575621904393,3.9457167815780054,4.961647935988587,7.000492631423243,4.6794028351888315,0.9530286573079277,4.587637105616044,5.939644181701024,4.259666451895935,5.775203801693811,5.10486950483522,1.5210350682468354,4.248831287723101,6.140820944906018,3.9998238523508145,2.5508216979550853,2.21533341865762,6.126211003877799,3.9288828903101787
