,Returns,Semi Deviation,Sortino Ratio,ADANIPORTS Weight,ASIANPAINT Weight,BAJFINANCE Weight,BAJAJFINSV Weight,BRITANNIA Weight,DIVISLAB Weight,GRASIM Weight,HCLTECH Weight,HDFCBANK Weight,HINDALCO Weight,HINDUNILVR Weight,ICICIBANK Weight,INFY Weight,JSWSTEEL Weight,NESTLEIND Weight,POWERGRID Weight,RELIANCE Weight,TCS Weight,TATACONSUM Weight,TATASTEEL Weight,TECHM Weight,TITAN Weight,UPL Weight,WIPRO Weight
0,0.3454207874029075,0.546487463010704,0.6140774405307254,5.026747828975976,1.246002663476896,3.8400612455163663,1.078023243117173,4.649372098524138,7.378477372678048,4.510300278874815,4.657028517348945,6.2745401305213235,3.8937035756859846,6.658227057317598,4.778368356686926,5.678000832963181,2.6235780541307077,4.468885599869138,3.6460278244152065,2.0425789408373483,3.370217762518251,2.5728655171478536,1.9686605137423527,6.095970475807142,6.023284796735657,2.339732782037391,5.179344531071553
