,Returns,Semi Deviation,Sortino Ratio,ADANIPORTS Weight,ASIANPAINT Weight,BAJFINANCE Weight,BAJAJFINSV Weight,BRITANNIA Weight,DIVISLAB Weight,GRASIM Weight,HCLTECH Weight,HDFCBANK Weight,HINDALCO Weight,HINDUNILVR Weight,ICICIBANK Weight,INFY Weight,JSWSTEEL Weight,NESTLEIND Weight,POWERGRID Weight,RELIANCE Weight,TCS Weight,TATACONSUM Weight,TATASTEEL Weight,TECHM Weight,TITAN Weight,UPL Weight,WIPRO Weight
0,0.3906996933049408,0.6183909674667836,0.6158960083617874,3.0544387531851833,2.7827790254248237,6.19934191466358,1.5451954645597905,4.06899588381702,3.3802608140592674,0.5932315235379684,5.922953638033638,4.3707423218244426,4.628681056281707,2.2979933988354984,5.375799915666562,6.641478054889031,5.145994195786714,2.5987196663091607,2.5195620281115767,3.2761180155768566,4.538872201837667,7.355084205000741,5.827320809235982,2.6618639066006446,4.437960128262584,3.493874577768883,7.282738500730673
