,Returns,Semi Deviation,Sortino Ratio,ADANIPORTS Weight,ASIANPAINT Weight,BAJFINANCE Weight,BAJAJFINSV Weight,BRITANNIA Weight,DIVISLAB Weight,GRASIM Weight,HCLTECH Weight,HDFCBANK Weight,HINDALCO Weight,HINDUNILVR Weight,ICICIBANK Weight,INFY Weight,JSWSTEEL Weight,NESTLEIND Weight,POWERGRID Weight,RELIANCE Weight,TCS Weight,TATACONSUM Weight,TATASTEEL Weight,TECHM Weight,TITAN Weight,UPL Weight,WIPRO Weight
0,0.22708299347978436,0.6938630147282693,0.3130990181537463,1.2454800776535315,4.6715966984570745,6.848153426634586,6.891311872761308,1.2916584502877178,6.035886000513975,1.1176346833818878,3.889721778335322,4.098752021680734,4.716738777259973,7.644355422259527,2.538010061305919,1.7298168892703878,0.9402320580371265,3.4171868044842597,4.279389252591416,4.337397498769007,5.979632703055108,6.681236760560225,4.867475293722782,4.858822274972397,5.454190019062951,4.261347725832102,2.2039734491106886
