,Returns,Semi Deviation,Sortino Ratio,ADANIPORTS Weight,ASIANPAINT Weight,BAJFINANCE Weight,BAJAJFINSV Weight,BRITANNIA Weight,DIVISLAB Weight,GRASIM Weight,HCLTECH Weight,HDFCBANK Weight,HINDALCO Weight,HINDUNILVR Weight,ICICIBANK Weight,INFY Weight,JSWSTEEL Weight,NESTLEIND Weight,POWERGRID Weight,RELIANCE Weight,TCS Weight,TATACONSUM Weight,TATASTEEL Weight,TECHM Weight,TITAN Weight,UPL Weight,WIPRO Weight
0,0.035482760447943594,0.643021348198134,0.03988607172164364,6.732056526596568,1.3454596937135719,2.37048290929668,3.126535689709866,1.0986057416232085,2.3854036892916723,6.808571738431146,0.6180132468278017,2.221385952260254,3.3788725596663562,4.689466166241383,4.305824130012724,4.932384159718977,5.415827051679393,2.1083145210151604,6.612536731239384,7.1299558654104604,0.8497769887236674,6.600624029285308,2.2305172453135116,6.5130633719308575,6.829898103983812,6.508929879299735,5.187494008728502
