,Returns,Semi Deviation,Sortino Ratio,ADANIPORTS Weight,ASIANPAINT Weight,BAJFINANCE Weight,BAJAJFINSV Weight,BRITANNIA Weight,DIVISLAB Weight,GRASIM Weight,HCLTECH Weight,HDFCBANK Weight,HINDALCO Weight,HINDUNILVR Weight,ICICIBANK Weight,INFY Weight,JSWSTEEL Weight,NESTLEIND Weight,POWERGRID Weight,RELIANCE Weight,TCS Weight,TATACONSUM Weight,TATASTEEL Weight,TECHM Weight,TITAN Weight,UPL Weight,WIPRO Weight
0,0.20073390035683222,0.27991608161215115,0.6819855951905425,3.4593956288049266,6.446700839656784,3.8717412840843535,2.075848744615503,6.19791383479589,5.7646874639172765,3.5386840571090863,5.102829100860606,5.168754987964622,6.13488938974448,4.218358609394738,4.544766591553101,5.304166878205619,1.5173871185696857,3.7902055650773177,3.6163093387392307,2.4539048669364267,3.981064206194092,3.16452039436259,4.594318283149504,1.8045706103074628,4.584146021160071,5.5925044360712555,3.0723317487253645
