,Returns,Semi Deviation,Sortino Ratio,ADANIPORTS Weight,ASIANPAINT Weight,BAJFINANCE Weight,BAJAJFINSV Weight,BRITANNIA Weight,DIVISLAB Weight,GRASIM Weight,HCLTECH Weight,HDFCBANK Weight,HINDALCO Weight,HINDUNILVR Weight,ICICIBANK Weight,INFY Weight,JSWSTEEL Weight,NESTLEIND Weight,POWERGRID Weight,RELIANCE Weight,TCS Weight,TATACONSUM Weight,TATASTEEL Weight,TECHM Weight,TITAN Weight,UPL Weight,WIPRO Weight
0,0.17281507193465284,0.3310097492615652,0.49237192397828944,7.9171903706286475,3.9674675195024713,3.6722096341242447,2.905231386453934,5.698883790866348,2.6430581754122393,7.9797540785773045,4.716243081640742,0.6084934868942898,2.449135447059033,3.9618210445145166,3.682028208485602,9.359487696735608,8.27768897173125,5.445512731866239,4.6641628735843375,4.043951113406401,2.350858355615335,2.923629107908235,1.7380571260694726,0.9003088860738478,1.4727762144615932,6.163025204131552,2.4590254942567604
