,Returns,Semi Deviation,Sortino Ratio,ADANIPORTS Weight,ASIANPAINT Weight,BAJFINANCE Weight,BAJAJFINSV Weight,BRITANNIA Weight,DIVISLAB Weight,GRASIM Weight,HCLTECH Weight,HDFCBANK Weight,HINDALCO Weight,HINDUNILVR Weight,ICICIBANK Weight,INFY Weight,JSWSTEEL Weight,NESTLEIND Weight,POWERGRID Weight,RELIANCE Weight,TCS Weight,TATACONSUM Weight,TATASTEEL Weight,TECHM Weight,TITAN Weight,UPL Weight,WIPRO Weight
0,0.20458511603930468,0.5392657908934488,0.36113907926827804,4.323599330851077,4.776222809715427,3.5398319284097446,5.048682808745351,3.2096190608986177,2.4726746643899093,6.364692755605525,5.12610150188452,3.1032628095772337,3.408331267423301,1.1238481346642146,3.0344686670377787,3.878376686986969,3.0866407650080427,6.870295944467069,3.9780173864117896,5.908343548588563,3.93326542618977,0.8819868832457445,2.99162333692212,7.411328204411614,5.751980886699482,1.9165125371812635,7.860292654684875
