,Returns,Semi Deviation,Sortino Ratio,ADANIPORTS Weight,ASIANPAINT Weight,BAJFINANCE Weight,BAJAJFINSV Weight,BRITANNIA Weight,DIVISLAB Weight,GRASIM Weight,HCLTECH Weight,HDFCBANK Weight,HINDALCO Weight,HINDUNILVR Weight,ICICIBANK Weight,INFY Weight,JSWSTEEL Weight,NESTLEIND Weight,POWERGRID Weight,RELIANCE Weight,TCS Weight,TATACONSUM Weight,TATASTEEL Weight,TECHM Weight,TITAN Weight,UPL Weight,WIPRO Weight
0,0.24534719946375966,0.7102836659030597,0.3315746172047518,3.5982035316203023,4.741839992919302,1.596358567599197,4.184914164142623,3.3983627327110466,5.511801908611189,5.600750469690344,2.3417127344813755,2.1968076981753595,5.317383042668332,4.881325221538376,7.5894232526595955,4.563613649932451,4.280992132362144,3.955913923769963,4.329629562552691,4.154185272837898,3.002784469513819,4.183837496339993,5.140689941304792,3.797547106532791,2.25737375771304,3.748169059307734,5.626380311015622
