,Returns,Semi Deviation,Sortino Ratio,ADANIPORTS Weight,ASIANPAINT Weight,BAJFINANCE Weight,BAJAJFINSV Weight,BRITANNIA Weight,DIVISLAB Weight,GRASIM Weight,HCLTECH Weight,HDFCBANK Weight,HINDALCO Weight,HINDUNILVR Weight,ICICIBANK Weight,INFY Weight,JSWSTEEL Weight,NESTLEIND Weight,POWERGRID Weight,RELIANCE Weight,TCS Weight,TATACONSUM Weight,TATASTEEL Weight,TECHM Weight,TITAN Weight,UPL Weight,WIPRO Weight
0,0.20976361885896422,0.5781005480559671,0.34583681800011695,3.907766818012855,3.711614457837378,4.644029704832783,8.425297630000395,1.130000163190546,3.7456190326889884,5.202480854181313,5.62046633366629,5.33136183003543,4.994622293050967,1.1435962917288314,0.8685105555401041,3.6172279450036813,4.105843602441139,2.4639728310973448,5.813443541088156,5.287135867882989,4.873819220420577,2.9483686008824845,3.183171230685526,4.311358659737401,8.037936037464037,5.044482092409079,1.5878744061217296
