,Returns,Semi Deviation,Sortino Ratio,ADANIPORTS Weight,ASIANPAINT Weight,BAJFINANCE Weight,BAJAJFINSV Weight,BRITANNIA Weight,DIVISLAB Weight,GRASIM Weight,HCLTECH Weight,HDFCBANK Weight,HINDALCO Weight,HINDUNILVR Weight,ICICIBANK Weight,INFY Weight,JSWSTEEL Weight,NESTLEIND Weight,POWERGRID Weight,RELIANCE Weight,TCS Weight,TATACONSUM Weight,TATASTEEL Weight,TECHM Weight,TITAN Weight,UPL Weight,WIPRO Weight
0,0.2318314637431149,0.733888448170013,0.30249324602602584,2.0019423576563042,6.194230481881904,3.693195225195541,7.3392154338154505,2.5171580069367865,1.6037753281110643,1.3718079000615646,6.191602111281662,5.790867626388436,8.316994783091056,0.33687394535209136,4.447707619659249,4.6648961128676545,3.6254422019358246,4.467013652752762,4.33155353865814,5.835088727501437,2.3239041588048814,2.5340984107997984,7.724034531721951,2.8575642043995986,7.397436170092562,1.4558481133955423,2.9777493576387397
