,Returns,Semi Deviation,Sortino Ratio,ADANIPORTS Weight,ASIANPAINT Weight,BAJFINANCE Weight,BAJAJFINSV Weight,BRITANNIA Weight,DIVISLAB Weight,GRASIM Weight,HCLTECH Weight,HDFCBANK Weight,HINDALCO Weight,HINDUNILVR Weight,ICICIBANK Weight,INFY Weight,JSWSTEEL Weight,NESTLEIND Weight,POWERGRID Weight,RELIANCE Weight,TCS Weight,TATACONSUM Weight,TATASTEEL Weight,TECHM Weight,TITAN Weight,UPL Weight,WIPRO Weight
0,0.3687822641163011,0.5863128654631414,0.6122108526436582,5.954659705018563,2.0167561921980317,7.28690843663613,5.390792467578455,4.1399361881009895,5.166931084907891,3.1974609549343085,6.445421981282349,1.2399594713260942,6.226721005650189,1.4785207512923024,1.1260025445017028,5.904064086447363,3.898629524673572,1.9861312823129376,6.926513885368571,1.0625523160670178,6.953896292026372,3.5229534471073958,2.1871582123279847,7.423035072494648,3.0695117839012007,4.297123681423149,3.098359632422768
