,Returns,Semi Deviation,Sortino Ratio,ADANIPORTS Weight,ASIANPAINT Weight,BAJFINANCE Weight,BAJAJFINSV Weight,BRITANNIA Weight,DIVISLAB Weight,GRASIM Weight,HCLTECH Weight,HDFCBANK Weight,HINDALCO Weight,HINDUNILVR Weight,ICICIBANK Weight,INFY Weight,JSWSTEEL Weight,NESTLEIND Weight,POWERGRID Weight,RELIANCE Weight,TCS Weight,TATACONSUM Weight,TATASTEEL Weight,TECHM Weight,TITAN Weight,UPL Weight,WIPRO Weight
0,-0.03408105290299304,0.6089678600548168,-0.07211582189937694,5.3970530900125855,5.996971092664184,1.9257019544420773,3.5665705543865966,4.189026096476482,1.8254047949372039,5.18521276964483,4.66849509019519,3.3224515915322947,3.6652162067284872,0.7922433704425987,4.73083320456227,5.04011388434915,2.7565405138711383,2.789953775324379,4.082593607752807,4.610704092172586,5.092801671609569,7.3706739686134295,4.997133385272997,3.622042066060574,5.1821108166372705,6.914627531111403,2.2755248711998832
