,Returns,Semi Deviation,Sortino Ratio,ADANIPORTS Weight,ASIANPAINT Weight,BAJFINANCE Weight,BAJAJFINSV Weight,BRITANNIA Weight,DIVISLAB Weight,GRASIM Weight,HCLTECH Weight,HDFCBANK Weight,HINDALCO Weight,HINDUNILVR Weight,ICICIBANK Weight,INFY Weight,JSWSTEEL Weight,NESTLEIND Weight,POWERGRID Weight,RELIANCE Weight,TCS Weight,TATACONSUM Weight,TATASTEEL Weight,TECHM Weight,TITAN Weight,UPL Weight,WIPRO Weight
0,0.12449437900365719,0.6528397276769713,0.1756314901001649,3.257234761674046,4.2861524720165205,1.1260312733262485,7.966928250797762,5.761599240635946,3.154415350868777,3.8638733668533645,4.94156438052377,1.4593751341395402,2.362819641492553,9.356677152951537,4.738632668734317,3.4266829981547064,4.486261787857204,2.999701295472402,4.142842829362286,3.5245464851813195,1.921469863197377,1.7714414242104817,6.118490652782006,6.14149748257707,4.094681465641516,4.583309120298345,4.513770901250915
