,Returns,Semi Deviation,Sortino Ratio,ADANIPORTS Weight,ASIANPAINT Weight,BAJFINANCE Weight,BAJAJFINSV Weight,BRITANNIA Weight,DIVISLAB Weight,GRASIM Weight,HCLTECH Weight,HDFCBANK Weight,HINDALCO Weight,HINDUNILVR Weight,ICICIBANK Weight,INFY Weight,JSWSTEEL Weight,NESTLEIND Weight,POWERGRID Weight,RELIANCE Weight,TCS Weight,TATACONSUM Weight,TATASTEEL Weight,TECHM Weight,TITAN Weight,UPL Weight,WIPRO Weight
0,-0.03708355462703587,0.6025200618064427,-0.07787080038717976,2.7567666514599534,1.7989735048903825,1.5804834735404343,4.746887697225387,6.280692214162023,6.400788188471951,5.799195635292225,3.304165307711817,3.6118802365279876,1.9603144593630248,3.878421955331239,3.2412105919754928,6.761685006166522,4.303469734874442,2.70065248457586,7.29690005357991,5.59969808976155,1.1183595770156507,3.4186331192793094,7.924145798276156,5.061262672659128,6.272139097038605,1.3305976489513012,2.85267680186964
