,Returns,Semi Deviation,Sortino Ratio,ADANIPORTS Weight,ASIANPAINT Weight,BAJFINANCE Weight,BAJAJFINSV Weight,BRITANNIA Weight,DIVISLAB Weight,GRASIM Weight,HCLTECH Weight,HDFCBANK Weight,HINDALCO Weight,HINDUNILVR Weight,ICICIBANK Weight,INFY Weight,JSWSTEEL Weight,NESTLEIND Weight,POWERGRID Weight,RELIANCE Weight,TCS Weight,TATACONSUM Weight,TATASTEEL Weight,TECHM Weight,TITAN Weight,UPL Weight,WIPRO Weight
0,0.2052356068271436,0.32869108990037077,0.5944804955047803,6.191275430140672,8.393222621752393,2.6662970966900574,4.80540336077912,4.947151054346087,3.1148662472625053,2.1705236559466234,5.226242368188434,2.319248340371145,0.8012476642612126,1.0662909656981312,7.09388262938723,3.870690297794914,5.1953651593285795,7.3601341228019,3.0080944997366217,2.398501887127245,1.5892568612611715,7.031803213430172,7.924913736419663,0.8686916656606276,1.5587211089671016,7.4795727200656374,2.9186032925827705
