,Returns,Semi Deviation,Sortino Ratio,ADANIPORTS Weight,ASIANPAINT Weight,BAJFINANCE Weight,BAJAJFINSV Weight,BRITANNIA Weight,DIVISLAB Weight,GRASIM Weight,HCLTECH Weight,HDFCBANK Weight,HINDALCO Weight,HINDUNILVR Weight,ICICIBANK Weight,INFY Weight,JSWSTEEL Weight,NESTLEIND Weight,POWERGRID Weight,RELIANCE Weight,TCS Weight,TATACONSUM Weight,TATASTEEL Weight,TECHM Weight,TITAN Weight,UPL Weight,WIPRO Weight
0,0.22593962292152145,0.7102276018023366,0.30427493600354416,4.267454543322661,4.109960745313057,1.5591449812362106,5.089774986094687,3.933179755826708,3.995786172194148,5.398116885265942,4.3020420485803195,5.047433846484379,3.409166705272826,1.6198460051454506,3.7301199442012987,5.2724518152639215,2.3251762166150023,3.8233686217501326,4.083369702095574,4.378023791263491,3.398675451552945,1.519556799917143,6.71907571681065,2.546612217185742,6.812575709009414,5.556184011059179,7.102903328539114
