,Returns,Semi Deviation,Sortino Ratio,ADANIPORTS Weight,ASIANPAINT Weight,BAJFINANCE Weight,BAJAJFINSV Weight,BRITANNIA Weight,DIVISLAB Weight,GRASIM Weight,HCLTECH Weight,HDFCBANK Weight,HINDALCO Weight,HINDUNILVR Weight,ICICIBANK Weight,INFY Weight,JSWSTEEL Weight,NESTLEIND Weight,POWERGRID Weight,RELIANCE Weight,TCS Weight,TATACONSUM Weight,TATASTEEL Weight,TECHM Weight,TITAN Weight,UPL Weight,WIPRO Weight
0,-0.0033514969478110343,0.6256128372940428,-0.021077991046366647,8.082571931058675,3.3954330370353225,4.126995382658957,3.1006038600004002,1.285369781003217,2.7093089348966917,3.807785435896098,5.71894535211922,1.554250444754484,6.6138336122786034,3.3551592545720044,1.3091673164646314,8.540205272048679,9.549206149079975,3.4616742731525427,5.597621193647645,4.456447219349164,7.4863536616598685,2.853071416799661,4.645478414099405,2.2461491962205273,0.6585824844559421,0.5317490001512998,4.914037376596996
