,Returns,Semi Deviation,Sortino Ratio,ADANIPORTS Weight,ASIANPAINT Weight,BAJFINANCE Weight,BAJAJFINSV Weight,BRITANNIA Weight,DIVISLAB Weight,GRASIM Weight,HCLTECH Weight,HDFCBANK Weight,HINDALCO Weight,HINDUNILVR Weight,ICICIBANK Weight,INFY Weight,JSWSTEEL Weight,NESTLEIND Weight,POWERGRID Weight,RELIANCE Weight,TCS Weight,TATACONSUM Weight,TATASTEEL Weight,TECHM Weight,TITAN Weight,UPL Weight,WIPRO Weight
0,0.229890153652794,0.42086058787985725,0.5228690810089541,6.987020705630329,0.6346021242456987,5.7214148783785825,6.018244354267327,5.401936805991634,2.474008557646708,5.818056261059732,2.63465081280241,1.3192974559749144,1.5036542107633475,4.566237210551271,7.331992059772957,3.1100506801746843,7.312058567296533,1.3948702280188914,1.5572734008957074,3.058659025462985,5.422152344486931,9.254395768673755,5.7897401039088425,5.173110803744589,0.8424723405596234,4.889952433487597,1.7841488662049474
