,Returns,Semi Deviation,Sortino Ratio,ADANIPORTS Weight,ASIANPAINT Weight,BAJFINANCE Weight,BAJAJFINSV Weight,BRITANNIA Weight,DIVISLAB Weight,GRASIM Weight,HCLTECH Weight,HDFCBANK Weight,HINDALCO Weight,HINDUNILVR Weight,ICICIBANK Weight,INFY Weight,JSWSTEEL Weight,NESTLEIND Weight,POWERGRID Weight,RELIANCE Weight,TCS Weight,TATACONSUM Weight,TATASTEEL Weight,TECHM Weight,TITAN Weight,UPL Weight,WIPRO Weight
0,0.23241891627375255,0.7156769545561026,0.3110114836332056,2.0576791837301545,1.941719892028781,5.472314976836662,4.287225069356775,6.51847536652173,1.0642457326135115,5.484640184659955,3.9242222121237633,4.964000862119565,4.123507449957736,5.167203946623513,5.082708436481679,4.150271602154352,4.000384087162005,6.1510248203670645,7.774208202310559,5.889544896557159,0.5834813472024202,5.6823470702627565,0.5187449818762156,5.9621969641365995,1.4179714673545372,4.4197409915125165,3.362140256049976
