,Returns,Semi Deviation,Sortino Ratio,ADANIPORTS Weight,ASIANPAINT Weight,BAJFINANCE Weight,BAJAJFINSV Weight,BRITANNIA Weight,DIVISLAB Weight,GRASIM Weight,HCLTECH Weight,HDFCBANK Weight,HINDALCO Weight,HINDUNILVR Weight,ICICIBANK Weight,INFY Weight,JSWSTEEL Weight,NESTLEIND Weight,POWERGRID Weight,RELIANCE Weight,TCS Weight,TATACONSUM Weight,TATASTEEL Weight,TECHM Weight,TITAN Weight,UPL Weight,WIPRO Weight
0,-0.008458607092062956,0.594917544938721,-0.03075009651818577,7.630170780212123,6.920655054095938,4.635579303668056,4.551341234543957,0.7889669903949758,6.554812031479226,1.3684662937290049,7.496413176067921,2.198902907039391,3.513105063112455,6.866214767953201,6.5358604485147564,3.535922902813154,5.127431240617818,2.4146785235080013,0.9884212770772999,6.72141656326821,2.4507006973108036,5.955612385550635,0.8143539496623645,3.5603953714136187,3.0575827666175033,3.345395567481354,2.9676007038682246
