,Returns,Semi Deviation,Sortino Ratio,ADANIPORTS Weight,ASIANPAINT Weight,BAJFINANCE Weight,BAJAJFINSV Weight,BRITANNIA Weight,DIVISLAB Weight,GRASIM Weight,HCLTECH Weight,HDFCBANK Weight,HINDALCO Weight,HINDUNILVR Weight,ICICIBANK Weight,INFY Weight,JSWSTEEL Weight,NESTLEIND Weight,POWERGRID Weight,RELIANCE Weight,TCS Weight,TATACONSUM Weight,TATASTEEL Weight,TECHM Weight,TITAN Weight,UPL Weight,WIPRO Weight
0,0.19011893353201711,0.726621888819017,0.2481122182953621,4.96439557214021,4.8364296846173005,5.796269092625211,4.48376966896003,7.464616608120054,3.89912825299624,3.0289799134646884,5.960438441965867,5.823308484066995,7.477929858197309,4.6590721781477775,3.5992050288591315,4.599211542152689,5.737837631689713,2.4663015841147655,0.35840514670509066,2.327576139381909,1.0543061086532448,1.6283609216536648,4.7711796476413255,4.409227528850064,4.21239766531065,0.6733312833983102,5.768322016287722
