,Returns,Semi Deviation,Sortino Ratio,ADANIPORTS Weight,ASIANPAINT Weight,BAJFINANCE Weight,BAJAJFINSV Weight,BRITANNIA Weight,DIVISLAB Weight,GRASIM Weight,HCLTECH Weight,HDFCBANK Weight,HINDALCO Weight,HINDUNILVR Weight,ICICIBANK Weight,INFY Weight,JSWSTEEL Weight,NESTLEIND Weight,POWERGRID Weight,RELIANCE Weight,TCS Weight,TATACONSUM Weight,TATASTEEL Weight,TECHM Weight,TITAN Weight,UPL Weight,WIPRO Weight
0,0.008296003539853276,0.6361971769166056,-0.0024193148777730514,6.8308513102154285,3.4610956001361437,2.4335465423752516,1.5470885941240013,5.663094930947818,3.342658538138197,4.726410117201375,2.200669820505886,3.5782547021817055,6.101274279711269,1.5151633656234282,5.94858794773599,1.0212742340755014,5.5871805852251075,4.445731075565954,2.1486940503134453,3.3229085907459703,4.848222384743111,5.2993257082219,3.4290120159698447,6.711563486941206,6.513135267100643,6.446032887946812,2.878223964254019
