,Returns,Semi Deviation,Sortino Ratio,ADANIPORTS Weight,ASIANPAINT Weight,BAJFINANCE Weight,BAJAJFINSV Weight,BRITANNIA Weight,DIVISLAB Weight,GRASIM Weight,HCLTECH Weight,HDFCBANK Weight,HINDALCO Weight,HINDUNILVR Weight,ICICIBANK Weight,INFY Weight,JSWSTEEL Weight,NESTLEIND Weight,POWERGRID Weight,RELIANCE Weight,TCS Weight,TATACONSUM Weight,TATASTEEL Weight,TECHM Weight,TITAN Weight,UPL Weight,WIPRO Weight
0,0.19643523079436193,0.3013951830285898,0.6191209298175696,6.230141781099009,3.7389784787034546,5.4247968756329605,1.4724310686829518,6.953228857525808,4.251580251660345,4.055930959731141,1.075415413046684,5.042463374189507,1.8547662542618841,3.0282244679768904,2.9720745255729444,6.364758531284874,5.039537447014906,6.031440268867025,5.33688950713237,2.6479628578475247,3.0969298718180602,1.953059518237343,3.8537465422839223,3.620370699182768,4.062575173456445,6.902825274607776,4.989872000183403
