,Returns,Semi Deviation,Sortino Ratio,ADANIPORTS Weight,ASIANPAINT Weight,BAJFINANCE Weight,BAJAJFINSV Weight,BRITANNIA Weight,DIVISLAB Weight,GRASIM Weight,HCLTECH Weight,HDFCBANK Weight,HINDALCO Weight,HINDUNILVR Weight,ICICIBANK Weight,INFY Weight,JSWSTEEL Weight,NESTLEIND Weight,POWERGRID Weight,RELIANCE Weight,TCS Weight,TATACONSUM Weight,TATASTEEL Weight,TECHM Weight,TITAN Weight,UPL Weight,WIPRO Weight
0,0.18275772553923675,0.38080083610978566,0.45410236613613414,6.812544547739822,4.4165833925965226,1.6788437386950967,6.066651131730243,6.6185032222763045,1.9551332141094346,3.5641921193259694,4.0656618246734135,3.0233308145409263,4.302360439589421,6.99210339636742,8.247483365899114,4.404331341250202,2.567472053073084,4.701915925245088,3.6948789406087377,6.9656715364032,2.208646844116368,1.6102071156161155,3.3469507607171933,4.145523945885924,5.7871008010096165,1.2991701882791948,1.5247393402515999
