,Returns,Semi Deviation,Sortino Ratio,ADANIPORTS Weight,ASIANPAINT Weight,BAJFINANCE Weight,BAJAJFINSV Weight,BRITANNIA Weight,DIVISLAB Weight,GRASIM Weight,HCLTECH Weight,HDFCBANK Weight,HINDALCO Weight,HINDUNILVR Weight,ICICIBANK Weight,INFY Weight,JSWSTEEL Weight,NESTLEIND Weight,POWERGRID Weight,RELIANCE Weight,TCS Weight,TATACONSUM Weight,TATASTEEL Weight,TECHM Weight,TITAN Weight,UPL Weight,WIPRO Weight
0,0.28610575157987467,0.5872042748602763,0.47048463128175927,5.18081094678865,7.41988391228408,1.087872547402585,1.6992044202744996,5.628280511422907,6.591785203791349,6.819113155833283,8.301498086158976,7.361672028564327,3.8168718252951392,6.465166970200026,0.14883860764885673,3.813623387922253,3.8976143591690153,0.5078495376584766,6.810376406611389,0.9576106975853461,2.652372045104205,2.4053179836098977,4.998361991336668,7.165386730009478,2.1985444987033405,2.2277035647273813,1.8442405818978977
