,Returns,Semi Deviation,Sortino Ratio,ADANIPORTS Weight,ASIANPAINT Weight,BAJFINANCE Weight,BAJAJFINSV Weight,BRITANNIA Weight,DIVISLAB Weight,GRASIM Weight,HCLTECH Weight,HDFCBANK Weight,HINDALCO Weight,HINDUNILVR Weight,ICICIBANK Weight,INFY Weight,JSWSTEEL Weight,NESTLEIND Weight,POWERGRID Weight,RELIANCE Weight,TCS Weight,TATACONSUM Weight,TATASTEEL Weight,TECHM Weight,TITAN Weight,UPL Weight,WIPRO Weight
0,0.4250110835629832,0.572722673677936,0.724916155425842,1.379127362183715,3.201069148566946,2.306285641575457,6.644271803349024,1.5345435438465254,5.812152430923955,3.78128354041657,3.1981856513282834,6.933709399116715,7.941207323063396,4.33697856698229,6.018785622213032,5.770054416206572,5.401267207424836,2.215088100746036,0.887591498407931,3.164943408731692,5.886939253228003,1.5312596646945085,7.47056863680665,1.8451680007403066,5.734359215788017,4.287090932609244,2.7180696310502905
