,Returns,Semi Deviation,Sortino Ratio,ADANIPORTS Weight,ASIANPAINT Weight,BAJFINANCE Weight,BAJAJFINSV Weight,BRITANNIA Weight,DIVISLAB Weight,GRASIM Weight,HCLTECH Weight,HDFCBANK Weight,HINDALCO Weight,HINDUNILVR Weight,ICICIBANK Weight,INFY Weight,JSWSTEEL Weight,NESTLEIND Weight,POWERGRID Weight,RELIANCE Weight,TCS Weight,TATACONSUM Weight,TATASTEEL Weight,TECHM Weight,TITAN Weight,UPL Weight,WIPRO Weight
0,-0.01131654962446976,0.5654100402144588,-0.03740951337123726,6.374343100386971,4.663425976062855,6.012058567881084,3.027672573372096,3.5090911614110243,6.144946962554621,3.8868918599492384,4.137051782412979,1.9961983965894987,4.288901298612154,5.428234562475585,4.106000438939075,5.390701940033928,3.153054911557661,4.023927217343686,5.859615696730751,1.6640146963489137,4.817453339256727,3.75472134934529,2.7418947395331754,4.479466417830187,4.3632423291522695,2.528064353086962,3.649026329133241
