,Returns,Semi Deviation,Sortino Ratio,ADANIPORTS Weight,ASIANPAINT Weight,BAJFINANCE Weight,BAJAJFINSV Weight,BRITANNIA Weight,DIVISLAB Weight,GRASIM Weight,HCLTECH Weight,HDFCBANK Weight,HINDALCO Weight,HINDUNILVR Weight,ICICIBANK Weight,INFY Weight,JSWSTEEL Weight,NESTLEIND Weight,POWERGRID Weight,RELIANCE Weight,TCS Weight,TATACONSUM Weight,TATASTEEL Weight,TECHM Weight,TITAN Weight,UPL Weight,WIPRO Weight
0,0.23489714836376802,0.38636191612308723,0.5825159627195319,6.443241515939803,8.395075013471633,2.4636477031409942,1.395152969249065,1.5419715321718703,5.921612990534071,3.4584814463423186,5.696191670211318,1.6335492245976226,5.069162584852479,6.61442432140489,2.4432243866746046,4.007011498202427,4.802771967652079,5.446328317917459,5.964775315779586,6.002924475907693,3.1980112931491,0.8981470729247631,6.869853912215136,3.12944979336395,4.354991987878535,1.2354843011520351,3.0145147052665724
