,Returns,Semi Deviation,Sortino Ratio,ADANIPORTS Weight,ASIANPAINT Weight,BAJFINANCE Weight,BAJAJFINSV Weight,BRITANNIA Weight,DIVISLAB Weight,GRASIM Weight,HCLTECH Weight,HDFCBANK Weight,HINDALCO Weight,HINDUNILVR Weight,ICICIBANK Weight,INFY Weight,JSWSTEEL Weight,NESTLEIND Weight,POWERGRID Weight,RELIANCE Weight,TCS Weight,TATACONSUM Weight,TATASTEEL Weight,TECHM Weight,TITAN Weight,UPL Weight,WIPRO Weight
0,0.21621766797921887,0.3427278730477599,0.6021760101061117,7.291200165906678,1.5286280688343021,6.5149451874122635,5.929884263385206,3.748435106984845,1.627284571319677,4.576624959251204,6.412205451183304,3.4885419035962664,3.1349942528849852,7.016629785765979,4.28675838542085,3.847549535262053,1.6045664305319582,2.3935658017373607,7.44248702661506,1.3742847925656252,1.7405399416458107,2.0972997785793295,6.189645808484667,1.8129152625174993,2.9314021963592287,7.273712988155161,5.735898335600695
