,Returns,Semi Deviation,Sortino Ratio,ADANIPORTS Weight,ASIANPAINT Weight,BAJFINANCE Weight,BAJAJFINSV Weight,BRITANNIA Weight,DIVISLAB Weight,GRASIM Weight,HCLTECH Weight,HDFCBANK Weight,HINDALCO Weight,HINDUNILVR Weight,ICICIBANK Weight,INFY Weight,JSWSTEEL Weight,NESTLEIND Weight,POWERGRID Weight,RELIANCE Weight,TCS Weight,TATACONSUM Weight,TATASTEEL Weight,TECHM Weight,TITAN Weight,UPL Weight,WIPRO Weight
0,-0.02104544361575426,0.5924070909442231,-0.052127344393699364,5.529078531409206,2.2907885282591014,2.9214008239069016,6.81013342717261,6.216579291141862,0.46730947412654217,6.442726175766003,0.6587018552450619,2.003052100784614,6.747562776492547,3.8232815008806065,3.4391156478351057,3.7511489521711643,1.299214043546425,5.658832267357229,4.536365473550223,6.002400186085702,5.881652290618724,1.9011641967738622,4.237537256408353,4.337536812548507,4.2450037827891025,7.1406246045798705,3.658790000550688
