,Returns,Semi Deviation,Sortino Ratio,ADANIPORTS Weight,ASIANPAINT Weight,BAJFINANCE Weight,BAJAJFINSV Weight,BRITANNIA Weight,DIVISLAB Weight,GRASIM Weight,HCLTECH Weight,HDFCBANK Weight,HINDALCO Weight,HINDUNILVR Weight,ICICIBANK Weight,INFY Weight,JSWSTEEL Weight,NESTLEIND Weight,POWERGRID Weight,RELIANCE Weight,TCS Weight,TATACONSUM Weight,TATASTEEL Weight,TECHM Weight,TITAN Weight,UPL Weight,WIPRO Weight
0,0.3167643149282613,0.5882379683880402,0.5217771830237009,4.2022985697629345,4.668708390627993,1.4378825981187018,5.103128620038486,5.908806231321993,2.20828426122104,5.853734540527152,2.70687300577364,3.2517057369409983,4.025907432750159,3.704108148789288,5.587280004963984,5.0689411413344345,4.124321191972713,3.7993160464387428,3.982027953096029,3.2833082770068502,4.800268048482064,5.672705169022323,5.517727977223288,1.82026793919954,3.2233947102311666,4.115892793713124,5.9331112114433715
