,Returns,Semi Deviation,Sortino Ratio,ADANIPORTS Weight,ASIANPAINT Weight,BAJFINANCE Weight,BAJAJFINSV Weight,BRITANNIA Weight,DIVISLAB Weight,GRASIM Weight,HCLTECH Weight,HDFCBANK Weight,HINDALCO Weight,HINDUNILVR Weight,ICICIBANK Weight,INFY Weight,JSWSTEEL Weight,NESTLEIND Weight,POWERGRID Weight,RELIANCE Weight,TCS Weight,TATACONSUM Weight,TATASTEEL Weight,TECHM Weight,TITAN Weight,UPL Weight,WIPRO Weight
0,0.000768225731073496,0.5723952236136922,-0.01584034724617232,2.21060560621179,4.894986510053394,3.435592282117113,1.9182138070736512,3.9787197842514077,2.229791201118227,7.711641882539643,6.715836142128468,4.264097453048229,4.837221271478111,0.8080690672518626,4.993472183477761,8.01067723335216,3.2782208230142302,1.702883489352379,5.4248727028832775,3.5579142263081445,8.403543932144009,1.0590036370795046,1.7518480694337626,5.943663272888093,3.767977938099212,5.769330758005411,3.331816726690177
