,Returns,Semi Deviation,Sortino Ratio,ADANIPORTS Weight,ASIANPAINT Weight,BAJFINANCE Weight,BAJAJFINSV Weight,BRITANNIA Weight,DIVISLAB Weight,GRASIM Weight,HCLTECH Weight,HDFCBANK Weight,HINDALCO Weight,HINDUNILVR Weight,ICICIBANK Weight,INFY Weight,JSWSTEEL Weight,NESTLEIND Weight,POWERGRID Weight,RELIANCE Weight,TCS Weight,TATACONSUM Weight,TATASTEEL Weight,TECHM Weight,TITAN Weight,UPL Weight,WIPRO Weight
0,0.3347216938827491,0.5956367826621946,0.5454440331832867,4.658697308761068,4.096745993017467,3.551106491640553,1.4312898186933198,7.116868774063769,3.6622784267993094,0.6807426553499725,2.962711620919228,1.5294555102402376,7.410559350655715,4.705080303074217,3.4722084930173676,4.3444961072306745,3.593232231201595,6.3042028030645865,6.450286467995138,1.3419147164348064,0.9369336786968,7.592010475906323,7.984858620842601,1.6947908082166452,4.491411302026187,3.931852370475416,6.056265671677011
