,Returns,Semi Deviation,Sortino Ratio,ADANIPORTS Weight,ASIANPAINT Weight,BAJFINANCE Weight,BAJAJFINSV Weight,BRITANNIA Weight,DIVISLAB Weight,GRASIM Weight,HCLTECH Weight,HDFCBANK Weight,HINDALCO Weight,HINDUNILVR Weight,ICICIBANK Weight,INFY Weight,JSWSTEEL Weight,NESTLEIND Weight,POWERGRID Weight,RELIANCE Weight,TCS Weight,TATACONSUM Weight,TATASTEEL Weight,TECHM Weight,TITAN Weight,UPL Weight,WIPRO Weight
0,0.05019824682725216,0.43488118737922915,0.09281404476319535,3.557347556827413,3.806925219288324,2.0607292144026412,2.3950146198084616,6.710729299925731,4.050927218251237,2.048101904907444,5.292349576480743,4.6207557450620484,2.086939398326248,6.9532678698579815,7.563578665293083,2.48601307205222,5.759080907056723,6.2921588292232515,4.777710094607073,2.1836392506545876,2.4406771669127676,4.9565110513779675,1.1656340610187705,7.160489767562341,4.498704126640836,6.67696984090527,0.45574554355684893
