,Returns,Semi Deviation,Sortino Ratio,ADANIPORTS Weight,ASIANPAINT Weight,BAJFINANCE Weight,BAJAJFINSV Weight,BRITANNIA Weight,DIVISLAB Weight,GRASIM Weight,HCLTECH Weight,HDFCBANK Weight,HINDALCO Weight,HINDUNILVR Weight,ICICIBANK Weight,INFY Weight,JSWSTEEL Weight,NESTLEIND Weight,POWERGRID Weight,RELIANCE Weight,TCS Weight,TATACONSUM Weight,TATASTEEL Weight,TECHM Weight,TITAN Weight,UPL Weight,WIPRO Weight
0,0.11831967673996409,0.717529228159516,0.15119176703514262,4.682585180753122,1.2158526762953656,1.4966215929542912,1.5588398925384443,3.077763799447749,5.133856569914839,0.5030996613603358,8.068955879280768,1.1544857726848416,4.173979252628489,8.14366397909749,4.57816138783501,6.537422437867274,3.1909548192054937,7.002077486412245,5.204152220494096,5.735836083588778,4.982244402822976,4.55361617720125,5.0492721855660765,4.908044295076342,1.6763388195519056,5.835032122912627,1.5371433045101852
