,Returns,Semi Deviation,Sortino Ratio,ADANIPORTS Weight,ASIANPAINT Weight,BAJFINANCE Weight,BAJAJFINSV Weight,BRITANNIA Weight,DIVISLAB Weight,GRASIM Weight,HCLTECH Weight,HDFCBANK Weight,HINDALCO Weight,HINDUNILVR Weight,ICICIBANK Weight,INFY Weight,JSWSTEEL Weight,NESTLEIND Weight,POWERGRID Weight,RELIANCE Weight,TCS Weight,TATACONSUM Weight,TATASTEEL Weight,TECHM Weight,TITAN Weight,UPL Weight,WIPRO Weight
0,0.20131623428426682,0.6863742798879169,0.2789747154866734,6.031797517033912,6.4923096184548275,0.9957334669966795,1.6412636322325198,6.64580631926856,5.408445688997468,1.3940074924875807,2.3596929846127845,5.318667129367697,3.9376365215864038,6.264845400800234,7.121171838567049,6.286706118986915,1.4229751173166807,4.211914108482126,5.577374976848528,2.8854736450381004,1.045447258202209,4.963137797167891,4.6578813520729065,3.992034612728927,0.9483856674568839,5.305870112059489,5.091421623233627
