,Returns,Semi Deviation,Sortino Ratio,ADANIPORTS Weight,ASIANPAINT Weight,BAJFINANCE Weight,BAJAJFINSV Weight,BRITANNIA Weight,DIVISLAB Weight,GRASIM Weight,HCLTECH Weight,HDFCBANK Weight,HINDALCO Weight,HINDUNILVR Weight,ICICIBANK Weight,INFY Weight,JSWSTEEL Weight,NESTLEIND Weight,POWERGRID Weight,RELIANCE Weight,TCS Weight,TATACONSUM Weight,TATASTEEL Weight,TECHM Weight,TITAN Weight,UPL Weight,WIPRO Weight
0,0.18202062526345203,0.33602639032086556,0.5124164809313649,6.712121548331315,2.842326922209297,3.106801457320643,6.6046594836074615,6.396773667883276,1.0407736651145356,6.6333291488141395,2.5028117571343005,6.360872839446065,6.954297684918255,0.3314677352864013,7.114516093624737,1.1765687837915606,6.046458246499074,4.971892929671919,1.0971445923438836,2.3824228296663077,0.63612584154187,5.86007823469015,0.4498699999056042,5.220127258458306,3.315776483325631,6.162687606303756,6.0800951901115114
