,Returns,Semi Deviation,Sortino Ratio,ADANIPORTS Weight,ASIANPAINT Weight,BAJFINANCE Weight,BAJAJFINSV Weight,BRITANNIA Weight,DIVISLAB Weight,GRASIM Weight,HCLTECH Weight,HDFCBANK Weight,HINDALCO Weight,HINDUNILVR Weight,ICICIBANK Weight,INFY Weight,JSWSTEEL Weight,NESTLEIND Weight,POWERGRID Weight,RELIANCE Weight,TCS Weight,TATACONSUM Weight,TATASTEEL Weight,TECHM Weight,TITAN Weight,UPL Weight,WIPRO Weight
0,0.2238281307021337,0.28251781505694223,0.7574494579176821,4.172930727221067,3.832927948732808,3.9088382653130416,3.9250650201677755,5.851711383197716,2.0827278187831437,6.678484765392658,2.4400885854052006,5.677897530870273,6.718412485711828,4.460096609452532,3.2630814331111195,3.6615634743551615,4.445787724679525,5.048941212781154,5.798427648912872,3.81510829365532,2.433450244651583,4.657692279060816,5.161161101998546,4.071188188934278,1.006235018325761,5.529847065322065,1.3583351739637315
