,Returns,Semi Deviation,Sortino Ratio,ADANIPORTS Weight,ASIANPAINT Weight,BAJFINANCE Weight,BAJAJFINSV Weight,BRITANNIA Weight,DIVISLAB Weight,GRASIM Weight,HCLTECH Weight,HDFCBANK Weight,HINDALCO Weight,HINDUNILVR Weight,ICICIBANK Weight,INFY Weight,JSWSTEEL Weight,NESTLEIND Weight,POWERGRID Weight,RELIANCE Weight,TCS Weight,TATACONSUM Weight,TATASTEEL Weight,TECHM Weight,TITAN Weight,UPL Weight,WIPRO Weight
0,0.27451319745463115,0.5683845715439401,0.4656671659832428,2.7548069180494115,4.112651024758559,1.8984821165415549,3.5911199993161196,2.5600839816526504,1.455343090132635,4.324404642286223,3.821180641522733,3.643567616006264,4.132001054756454,4.281805498353427,4.069759204765346,6.855390555911645,5.084137138618374,5.843505043346953,4.575593829800421,4.995005123048333,4.119808291592161,3.6373358508543756,3.704531206008795,6.933524605014556,5.034212728399623,4.388048302722232,4.1837015365411565
