,Returns,Semi Deviation,Sortino Ratio,ADANIPORTS Weight,ASIANPAINT Weight,BAJFINANCE Weight,BAJAJFINSV Weight,BRITANNIA Weight,DIVISLAB Weight,GRASIM Weight,HCLTECH Weight,HDFCBANK Weight,HINDALCO Weight,HINDUNILVR Weight,ICICIBANK Weight,INFY Weight,JSWSTEEL Weight,NESTLEIND Weight,POWERGRID Weight,RELIANCE Weight,TCS Weight,TATACONSUM Weight,TATASTEEL Weight,TECHM Weight,TITAN Weight,UPL Weight,WIPRO Weight
0,0.21369250785340357,0.3725824619943065,0.5471469105847335,4.986142538793571,4.042696904896009,4.55089563866862,1.2791622376220388,4.932415959256891,1.0055731926940739,8.085868602558763,3.1541011123199554,3.4369023283117195,7.972968771890268,6.893059179147308,3.40507804190218,2.2130182370718248,1.3817346809208775,4.0346154087293,1.454188448499303,3.4615089304407105,2.84517444781316,8.255108699806184,4.957863655108352,7.059595130405376,2.9047580912619755,2.500649591193645,5.186920170687895
