,Returns,Semi Deviation,Sortino Ratio,ADANIPORTS Weight,ASIANPAINT Weight,BAJFINANCE Weight,BAJAJFINSV Weight,BRITANNIA Weight,DIVISLAB Weight,GRASIM Weight,HCLTECH Weight,HDFCBANK Weight,HINDALCO Weight,HINDUNILVR Weight,ICICIBANK Weight,INFY Weight,JSWSTEEL Weight,NESTLEIND Weight,POWERGRID Weight,RELIANCE Weight,TCS Weight,TATACONSUM Weight,TATASTEEL Weight,TECHM Weight,TITAN Weight,UPL Weight,WIPRO Weight
0,0.20934903093184884,0.6440037280628754,0.3098023464814555,5.966393805622841,5.878723454116562,0.9977911581597588,3.1417561334165045,1.069326417736431,0.937227472165932,5.8790773901456514,8.787369098627202,1.6419270496148022,5.474614414575103,6.796516449430198,6.683827666681677,4.721807866665242,3.793040086280137,1.2725003370325676,6.725332599679391,3.668198108315136,3.694068269472676,6.960859721602749,1.2230800108527702,1.679048757820308,3.2874075312866755,4.98865155996289,4.731454640736789
