,Returns,Semi Deviation,Sortino Ratio,ADANIPORTS Weight,ASIANPAINT Weight,BAJFINANCE Weight,BAJAJFINSV Weight,BRITANNIA Weight,DIVISLAB Weight,GRASIM Weight,HCLTECH Weight,HDFCBANK Weight,HINDALCO Weight,HINDUNILVR Weight,ICICIBANK Weight,INFY Weight,JSWSTEEL Weight,NESTLEIND Weight,POWERGRID Weight,RELIANCE Weight,TCS Weight,TATACONSUM Weight,TATASTEEL Weight,TECHM Weight,TITAN Weight,UPL Weight,WIPRO Weight
0,0.15580087602518813,0.31276572275472997,0.46669344039496685,5.953123920760765,6.481638978939492,3.167828861481358,2.9575292098249215,5.8158214250751605,5.234437836061699,3.939104344122377,4.760665647164668,4.510467992691006,4.572934740738115,5.551446033599996,1.4200674637710442,1.689832988272411,2.6894070344297685,5.245541000475044,5.927961820646703,5.465541553232461,1.7425599769547755,2.0718548036805586,1.973121235646041,6.314268087041504,5.283789116755672,1.3721639541273418,5.858891974507084
