,Returns,Semi Deviation,Sortino Ratio,ADANIPORTS Weight,ASIANPAINT Weight,BAJFINANCE Weight,BAJAJFINSV Weight,BRITANNIA Weight,DIVISLAB Weight,GRASIM Weight,HCLTECH Weight,HDFCBANK Weight,HINDALCO Weight,HINDUNILVR Weight,ICICIBANK Weight,INFY Weight,JSWSTEEL Weight,NESTLEIND Weight,POWERGRID Weight,RELIANCE Weight,TCS Weight,TATACONSUM Weight,TATASTEEL Weight,TECHM Weight,TITAN Weight,UPL Weight,WIPRO Weight
0,0.19845456740811163,0.39355198055576884,0.47927443359980304,4.942465594676507,5.344614146927803,2.0462065394863083,4.172736092118239,4.290865117868857,1.4598483070897683,5.433664955504489,5.455278341559687,5.446597325060062,6.475456646268691,7.179076218192412,5.563816843489571,4.2592763449873985,4.996621668339305,2.7474794443939228,2.186145366508607,2.8486614285749936,5.567039763062103,2.5991893644767865,3.7076598470119793,4.142489147215961,3.3163340201522082,2.9834485216719617,2.8350289553623953
