,Returns,Semi Deviation,Sortino Ratio,ADANIPORTS Weight,ASIANPAINT Weight,BAJFINANCE Weight,BAJAJFINSV Weight,BRITANNIA Weight,DIVISLAB Weight,GRASIM Weight,HCLTECH Weight,HDFCBANK Weight,HINDALCO Weight,HINDUNILVR Weight,ICICIBANK Weight,INFY Weight,JSWSTEEL Weight,NESTLEIND Weight,POWERGRID Weight,RELIANCE Weight,TCS Weight,TATACONSUM Weight,TATASTEEL Weight,TECHM Weight,TITAN Weight,UPL Weight,WIPRO Weight
0,-0.04301125206666102,0.5413697459735459,-0.09761612519885476,3.387050502339233,4.151981124489406,0.2138187157933364,6.5541623241143085,6.744172524610495,5.7948777914095375,3.383670029402751,0.8378801433510866,6.457603232728011,5.219214298198622,7.008747763556158,1.6922732202549813,2.0662241596839355,1.791310150030248,5.587274081928113,4.897215216272109,3.6863134406146054,4.803742805471225,4.984966269873674,5.8378015385832605,4.040944773483382,2.4243141717591663,4.404580190231116,4.02986153182125
