,Returns,Semi Deviation,Sortino Ratio,ADANIPORTS Weight,ASIANPAINT Weight,BAJFINANCE Weight,BAJAJFINSV Weight,BRITANNIA Weight,DIVISLAB Weight,GRASIM Weight,HCLTECH Weight,HDFCBANK Weight,HINDALCO Weight,HINDUNILVR Weight,ICICIBANK Weight,INFY Weight,JSWSTEEL Weight,NESTLEIND Weight,POWERGRID Weight,RELIANCE Weight,TCS Weight,TATACONSUM Weight,TATASTEEL Weight,TECHM Weight,TITAN Weight,UPL Weight,WIPRO Weight
0,0.15509742105097507,0.7475369865181754,0.19432116247839779,6.530470900337253,1.8282679436576397,4.6280099050002494,1.9276572725094316,3.0456409197507908,2.9892155048989504,5.529418806848804,1.2524028894520918,4.578981395936013,1.9987611498282816,7.0938059735951535,4.736142985319906,4.599283378342344,6.040138682292044,2.353331754458748,4.857998676898814,6.745613494691238,4.961723458920489,3.829027302287085,1.774444000350904,6.75718582439691,5.936462236777752,3.326792198234849,2.679223345214243
