,Returns,Semi Deviation,Sortino Ratio,ADANIPORTS Weight,ASIANPAINT Weight,BAJFINANCE Weight,BAJAJFINSV Weight,BRITANNIA Weight,DIVISLAB Weight,GRASIM Weight,HCLTECH Weight,HDFCBANK Weight,HINDALCO Weight,HINDUNILVR Weight,ICICIBANK Weight,INFY Weight,JSWSTEEL Weight,NESTLEIND Weight,POWERGRID Weight,RELIANCE Weight,TCS Weight,TATACONSUM Weight,TATASTEEL Weight,TECHM Weight,TITAN Weight,UPL Weight,WIPRO Weight
0,0.25208099335374573,0.5872916324878027,0.41247961850301357,3.697998920811011,4.921486005462359,5.092952746798622,4.019789836253149,1.9076734923124168,5.681277051125395,6.958831201989435,2.985362397490663,5.319880852442313,2.5054487683790545,6.463682064512515,4.473063785777665,4.44440117351147,5.304861719289912,4.783981189787187,4.941972551766464,2.48763034342818,4.4800102049844766,1.3609337401490884,1.8126130737078243,4.327804925464055,3.7187618426531537,4.671992579884625,3.6375895320189873
