,Returns,Semi Deviation,Sortino Ratio,ADANIPORTS Weight,ASIANPAINT Weight,BAJFINANCE Weight,BAJAJFINSV Weight,BRITANNIA Weight,DIVISLAB Weight,GRASIM Weight,HCLTECH Weight,HDFCBANK Weight,HINDALCO Weight,HINDUNILVR Weight,ICICIBANK Weight,INFY Weight,JSWSTEEL Weight,NESTLEIND Weight,POWERGRID Weight,RELIANCE Weight,TCS Weight,TATACONSUM Weight,TATASTEEL Weight,TECHM Weight,TITAN Weight,UPL Weight,WIPRO Weight
0,0.22471887622984235,0.624853627213878,0.34389447709987614,3.5350334875313942,2.4130103188090866,4.077505282351746,1.2772088328383868,5.034879466813045,2.7147682185106685,6.6105110362886785,1.9701869501734168,7.162272122311306,5.536996437992222,5.542473719106744,5.033195154762074,6.508495215719194,2.895104100744565,4.931706810270741,6.907979998068739,1.6676451877248835,5.48106070222886,1.2452232259112346,4.292507717604692,2.0573490195231745,0.9407903339047957,5.219251365544889,6.944845295265448
