,Returns,Semi Deviation,Sortino Ratio,ADANIPORTS Weight,ASIANPAINT Weight,BAJFINANCE Weight,BAJAJFINSV Weight,BRITANNIA Weight,DIVISLAB Weight,GRASIM Weight,HCLTECH Weight,HDFCBANK Weight,HINDALCO Weight,HINDUNILVR Weight,ICICIBANK Weight,INFY Weight,JSWSTEEL Weight,NESTLEIND Weight,POWERGRID Weight,RELIANCE Weight,TCS Weight,TATACONSUM Weight,TATASTEEL Weight,TECHM Weight,TITAN Weight,UPL Weight,WIPRO Weight
0,-0.010031300075949684,0.5921028101830779,-0.03355239085079129,6.604695369440751,3.9910565033452263,2.9806303483651586,2.841366141174531,6.163606740150634,0.7112546733937364,4.555570238286308,6.748160479449426,1.6480960220403147,4.885380373384648,5.325783249151531,2.4066788253073743,4.474108794414185,4.534897253708669,1.351063983264007,6.934124917995439,3.910431554041853,1.6426571893194024,6.26750852008994,5.36080633234509,2.639712892488397,6.149301279766727,2.1234668829932914,5.749641436083362
