,Returns,Semi Deviation,Sortino Ratio,ADANIPORTS Weight,ASIANPAINT Weight,BAJFINANCE Weight,BAJAJFINSV Weight,BRITANNIA Weight,DIVISLAB Weight,GRASIM Weight,HCLTECH Weight,HDFCBANK Weight,HINDALCO Weight,HINDUNILVR Weight,ICICIBANK Weight,INFY Weight,JSWSTEEL Weight,NESTLEIND Weight,POWERGRID Weight,RELIANCE Weight,TCS Weight,TATACONSUM Weight,TATASTEEL Weight,TECHM Weight,TITAN Weight,UPL Weight,WIPRO Weight
0,0.1881631285768653,0.6612549093165212,0.2696811187776613,5.00230029627607,4.852816558379276,4.131116779812108,5.810280713895712,1.3414069177348595,3.8678913186312065,7.047618318654707,5.354262193752392,6.360921141212023,2.9900905501842585,4.442352169547868,4.980087494935578,4.403071987389273,3.5387277069940355,5.067913581034582,5.2018265176767216,6.1129857495606625,2.0413485874774135,1.3315260147235612,2.6934541958329996,5.132699608908834,3.4315803043056667,3.639888663225841,1.223832629854359
