,Returns,Semi Deviation,Sortino Ratio,ADANIPORTS Weight,ASIANPAINT Weight,BAJFINANCE Weight,BAJAJFINSV Weight,BRITANNIA Weight,DIVISLAB Weight,GRASIM Weight,HCLTECH Weight,HDFCBANK Weight,HINDALCO Weight,HINDUNILVR Weight,ICICIBANK Weight,INFY Weight,JSWSTEEL Weight,NESTLEIND Weight,POWERGRID Weight,RELIANCE Weight,TCS Weight,TATACONSUM Weight,TATASTEEL Weight,TECHM Weight,TITAN Weight,UPL Weight,WIPRO Weight
0,0.23150815459987498,0.36799574334419816,0.6023792225155505,7.1016775215962795,4.072493205228037,1.5091130951615475,7.8653279376590195,1.6366833881876264,3.2810602423902853,6.305863345028731,5.756194801401845,7.204079789052795,7.174293294174919,7.476663253047806,1.469187630382565,1.6521988148211513,7.570887961537808,3.675250614935682,1.3283814298976582,4.273249054815725,3.8521558382005807,1.2610242125878917,4.001045099035215,1.7917068632639803,1.8386124617023725,2.7941176592204755,5.108732486670036
