,Returns,Semi Deviation,Sortino Ratio,ADANIPORTS Weight,ASIANPAINT Weight,BAJFINANCE Weight,BAJAJFINSV Weight,BRITANNIA Weight,DIVISLAB Weight,GRASIM Weight,HCLTECH Weight,HDFCBANK Weight,HINDALCO Weight,HINDUNILVR Weight,ICICIBANK Weight,INFY Weight,JSWSTEEL Weight,NESTLEIND Weight,POWERGRID Weight,RELIANCE Weight,TCS Weight,TATACONSUM Weight,TATASTEEL Weight,TECHM Weight,TITAN Weight,UPL Weight,WIPRO Weight
0,0.2363982217061993,0.3263985906428496,0.6941300096449966,5.8943610349911095,2.814167128145911,4.941758749561645,5.5339744243586875,1.9362547293532861,5.673992701309685,4.7935166452522475,3.469085962203796,6.823730025296114,2.9008745501078286,2.3081237324155794,5.708317814977821,2.977916763526347,4.983177003040352,1.421561018153696,2.160241069899668,3.223289827616199,5.179253760764739,7.047083979740442,3.2799693355315185,3.093551131831776,6.4431127144397315,2.482420353210496,4.910265544271341
