,Returns,Semi Deviation,Sortino Ratio,ADANIPORTS Weight,ASIANPAINT Weight,BAJFINANCE Weight,BAJAJFINSV Weight,BRITANNIA Weight,DIVISLAB Weight,GRASIM Weight,HCLTECH Weight,HDFCBANK Weight,HINDALCO Weight,HINDUNILVR Weight,ICICIBANK Weight,INFY Weight,JSWSTEEL Weight,NESTLEIND Weight,POWERGRID Weight,RELIANCE Weight,TCS Weight,TATACONSUM Weight,TATASTEEL Weight,TECHM Weight,TITAN Weight,UPL Weight,WIPRO Weight
0,0.20045302695262582,0.41477403107499655,0.4595703873345793,3.934401426628816,0.7409821881116949,4.207435783621596,6.39714466916062,2.4982084095331296,5.174748207758731,5.847514787059124,7.20143345799341,3.6583907843262287,1.3628796711039841,3.1999643273699343,4.779218667865328,2.3314606887724443,2.8435912046194085,5.365424543213384,4.270539704706783,2.579012254714072,2.9922927775743897,9.181105642189543,0.6192628135273892,4.767879347860929,8.684659613631503,5.191710990295727,2.170738038361825
