,Returns,Semi Deviation,Sortino Ratio,ADANIPORTS Weight,ASIANPAINT Weight,BAJFINANCE Weight,BAJAJFINSV Weight,BRITANNIA Weight,DIVISLAB Weight,GRASIM Weight,HCLTECH Weight,HDFCBANK Weight,HINDALCO Weight,HINDUNILVR Weight,ICICIBANK Weight,INFY Weight,JSWSTEEL Weight,NESTLEIND Weight,POWERGRID Weight,RELIANCE Weight,TCS Weight,TATACONSUM Weight,TATASTEEL Weight,TECHM Weight,TITAN Weight,UPL Weight,WIPRO Weight
0,0.22817295084359007,0.6580866822587669,0.33177663656559525,4.6972504041065894,0.5064068147340064,0.33677976888149236,3.5895969727459986,5.234930847376141,5.966350295119476,2.0001655485019603,2.907694282702704,7.516364886856774,3.755834249917036,6.984676812952218,5.210419294441037,4.706064025362642,1.4264704027517427,2.682128748092638,4.167335867803082,6.093087072832388,5.295178655768586,4.787510778970653,3.2229632171695743,6.6165488985158225,6.846112384904915,4.589957610411634,0.8601721590808983
