,Returns,Semi Deviation,Sortino Ratio,ADANIPORTS Weight,ASIANPAINT Weight,BAJFINANCE Weight,BAJAJFINSV Weight,BRITANNIA Weight,DIVISLAB Weight,GRASIM Weight,HCLTECH Weight,HDFCBANK Weight,HINDALCO Weight,HINDUNILVR Weight,ICICIBANK Weight,INFY Weight,JSWSTEEL Weight,NESTLEIND Weight,POWERGRID Weight,RELIANCE Weight,TCS Weight,TATACONSUM Weight,TATASTEEL Weight,TECHM Weight,TITAN Weight,UPL Weight,WIPRO Weight
0,0.223917596890062,0.5993312368743353,0.35720219284980276,7.325376227860343,0.9055071809704005,1.8969965801720512,3.2326076108518738,6.553216555846541,7.659105239889576,2.5876377285803267,4.213295188518072,2.3639280813473347,4.43300975642669,1.6650828388408798,5.596496302388723,7.231638568526873,1.610893655598926,6.683054472068026,0.33540238176439524,6.719214950797814,6.625866285355865,1.9607736657899297,5.261814391920394,4.075017327573645,5.969204565025821,0.8357716186223902,4.259088825263123
