,Returns,Semi Deviation,Sortino Ratio,ADANIPORTS Weight,ASIANPAINT Weight,BAJFINANCE Weight,BAJAJFINSV Weight,BRITANNIA Weight,DIVISLAB Weight,GRASIM Weight,HCLTECH Weight,HDFCBANK Weight,HINDALCO Weight,HINDUNILVR Weight,ICICIBANK Weight,INFY Weight,JSWSTEEL Weight,NESTLEIND Weight,POWERGRID Weight,RELIANCE Weight,TCS Weight,TATACONSUM Weight,TATASTEEL Weight,TECHM Weight,TITAN Weight,UPL Weight,WIPRO Weight
0,0.239520888589281,0.3526972538077338,0.6512262890465401,7.146100433120467,4.578000199469491,4.738858520345097,6.278309717787635,4.546113353971913,1.843159253031081,4.445979737827297,1.3922921156258234,3.719059536442874,5.94127691509053,1.9252892700547384,3.6186478315679165,6.56964463791866,3.6861354861322173,2.8239234372201962,2.7889430073264263,1.9459281072344923,4.447660672751305,4.629492223216771,6.2639600635209876,4.029184615199328,4.068263878702192,4.380114296604876,4.193662689837687
