,Returns,Semi Deviation,Sortino Ratio,ADANIPORTS Weight,ASIANPAINT Weight,BAJFINANCE Weight,BAJAJFINSV Weight,BRITANNIA Weight,DIVISLAB Weight,GRASIM Weight,HCLTECH Weight,HDFCBANK Weight,HINDALCO Weight,HINDUNILVR Weight,ICICIBANK Weight,INFY Weight,JSWSTEEL Weight,NESTLEIND Weight,POWERGRID Weight,RELIANCE Weight,TCS Weight,TATACONSUM Weight,TATASTEEL Weight,TECHM Weight,TITAN Weight,UPL Weight,WIPRO Weight
0,0.19347729111152456,0.36157148641970527,0.5078999123929574,6.666941815139111,5.352238379722292,2.577606980588889,2.037424104266233,5.828620979962029,2.3479283768359753,5.464322728664714,2.955793735918107,7.279576374434724,0.8083421740397088,4.402230417214255,5.4193920840441185,4.567426845408659,2.5995131927529105,1.059848035522183,2.5688808875969125,6.696461570051332,0.5121170247502144,1.4681977016900876,7.057675088905728,3.2821875816469053,6.399240055260792,6.1294886040246865,6.518545261559437
