,Returns,Semi Deviation,Sortino Ratio,ADANIPORTS Weight,ASIANPAINT Weight,BAJFINANCE Weight,BAJAJFINSV Weight,BRITANNIA Weight,DIVISLAB Weight,GRASIM Weight,HCLTECH Weight,HDFCBANK Weight,HINDALCO Weight,HINDUNILVR Weight,ICICIBANK Weight,INFY Weight,JSWSTEEL Weight,NESTLEIND Weight,POWERGRID Weight,RELIANCE Weight,TCS Weight,TATACONSUM Weight,TATASTEEL Weight,TECHM Weight,TITAN Weight,UPL Weight,WIPRO Weight
0,0.20628712730846482,0.4039612207691945,0.48631391423966386,6.746483257029724,5.443430064432668,6.00445881927109,4.5729690323292935,1.5272199440602257,2.041901589660006,4.282639858050417,5.682370623161049,3.937430861537029,1.2414416319609642,4.549504464195778,0.4384780444563747,3.002983539634931,6.926670620955093,4.897083791342066,5.5719040692984105,1.3088198607322001,5.16856723084478,3.88677465139912,0.9065186462653863,5.744225327017164,6.495303406097863,3.640832173328922,5.981988492939464
