,Returns,Semi Deviation,Sortino Ratio,ADANIPORTS Weight,ASIANPAINT Weight,BAJFINANCE Weight,BAJAJFINSV Weight,BRITANNIA Weight,DIVISLAB Weight,GRASIM Weight,HCLTECH Weight,HDFCBANK Weight,HINDALCO Weight,HINDUNILVR Weight,ICICIBANK Weight,INFY Weight,JSWSTEEL Weight,NESTLEIND Weight,POWERGRID Weight,RELIANCE Weight,TCS Weight,TATACONSUM Weight,TATASTEEL Weight,TECHM Weight,TITAN Weight,UPL Weight,WIPRO Weight
0,0.3411358765931446,0.570042026954177,0.5811864671244871,8.099886318866798,0.023432109883954066,86.97430074686086,0.0007026125543895777,0.8393089306134774,0.0017762036518038865,0.16302037948180398,0.12669279553390556,0.016966272207619315,0.00013899846532425768,0.293300488124579,0.37006619041610167,0.09829771685446265,0.03322442742573105,0.22806567157652122,0.032402046756339675,0.18088243467336246,0.1163884179999565,0.5368025641526915,0.019699684184730958,1.589114661075991,0.046409971612327794,0.09390322692919063,0.11521713009808895
