,Returns,Semi Deviation,Sortino Ratio,ADANIPORTS Weight,ASIANPAINT Weight,BAJFINANCE Weight,BAJAJFINSV Weight,BRITANNIA Weight,DIVISLAB Weight,GRASIM Weight,HCLTECH Weight,HDFCBANK Weight,HINDALCO Weight,HINDUNILVR Weight,ICICIBANK Weight,INFY Weight,JSWSTEEL Weight,NESTLEIND Weight,POWERGRID Weight,RELIANCE Weight,TCS Weight,TATACONSUM Weight,TATASTEEL Weight,TECHM Weight,TITAN Weight,UPL Weight,WIPRO Weight
0,0.178883732579287,0.36120149240565463,0.4680173567895139,3.7681108002599384,1.273719608327208,5.560556929552128,2.4640051688648636,6.740312071073771,0.8340275645001641,5.866421753306675,3.92995662847007,5.479282875321881,0.5701755985173109,4.984434545290004,6.548439518584602,2.4615006023722814,7.736649480495574,2.253221536909961,4.026365797685215,3.3342190762164714,6.460837410942616,5.993323115238507,5.388244576995174,1.0617185409841585,1.712963108984044,5.5118195329490876,6.03969415815829
