,Returns,Semi Deviation,Sortino Ratio,ADANIPORTS Weight,ASIANPAINT Weight,BAJFINANCE Weight,BAJAJFINSV Weight,BRITANNIA Weight,DIVISLAB Weight,GRASIM Weight,HCLTECH Weight,HDFCBANK Weight,HINDALCO Weight,HINDUNILVR Weight,ICICIBANK Weight,INFY Weight,JSWSTEEL Weight,NESTLEIND Weight,POWERGRID Weight,RELIANCE Weight,TCS Weight,TATACONSUM Weight,TATASTEEL Weight,TECHM Weight,TITAN Weight,UPL Weight,WIPRO Weight
0,0.30111618187883255,0.5793103621597689,0.5028065024725638,6.446659968535477,6.129952303968381,1.7406302522453436,5.0359199388917615,5.986370802008569,4.400189613807064,6.423020601290827,4.931446739800658,3.166176466761983,0.5114014899841187,4.4483289848612575,2.8062351435329913,5.874705351532923,5.257762317045556,2.9497399966463096,1.769903747802278,5.854604712752159,2.345011714318401,5.620493886025247,4.186310412397265,1.8132859734680458,0.4527962366822441,5.543539669254256,6.305513676386878
