,Returns,Semi Deviation,Sortino Ratio,ADANIPORTS Weight,ASIANPAINT Weight,BAJFINANCE Weight,BAJAJFINSV Weight,BRITANNIA Weight,DIVISLAB Weight,GRASIM Weight,HCLTECH Weight,HDFCBANK Weight,HINDALCO Weight,HINDUNILVR Weight,ICICIBANK Weight,INFY Weight,JSWSTEEL Weight,NESTLEIND Weight,POWERGRID Weight,RELIANCE Weight,TCS Weight,TATACONSUM Weight,TATASTEEL Weight,TECHM Weight,TITAN Weight,UPL Weight,WIPRO Weight
0,0.388270496801507,0.5288453708656254,0.715587868996397,7.168045525228209,2.954170849808726,5.192729918421859,4.468009175457642,1.6787770591968791,1.7356562985889112,1.740334659009869,5.364618506698549,3.3527825490630057,5.281788884942147,5.315080220383385,1.678413096871945,3.7770497505432368,2.6747399447471425,5.148459470223561,4.8246231205008305,3.771800257813868,4.728069551692622,5.966687778816785,6.110724104513098,1.702408980921625,6.6944797771576,3.492043935659983,5.178506583738534
