,Returns,Semi Deviation,Sortino Ratio,ADANIPORTS Weight,ASIANPAINT Weight,BAJFINANCE Weight,BAJAJFINSV Weight,BRITANNIA Weight,DIVISLAB Weight,GRASIM Weight,HCLTECH Weight,HDFCBANK Weight,HINDALCO Weight,HINDUNILVR Weight,ICICIBANK Weight,INFY Weight,JSWSTEEL Weight,NESTLEIND Weight,POWERGRID Weight,RELIANCE Weight,TCS Weight,TATACONSUM Weight,TATASTEEL Weight,TECHM Weight,TITAN Weight,UPL Weight,WIPRO Weight
0,0.2295011768269177,0.5379030555952333,0.4083747242310692,2.5395411818913445,1.5892684424780725,5.374859509196464,5.429682435398667,3.987001614347261,2.3619106688511375,7.303979832734537,1.4847857058841931,3.848923677593093,2.6928337390263453,7.847478151687534,1.8024758526268103,6.464380381002703,5.144003935517311,5.093067854360827,4.266622977501789,3.8731172340533746,0.12059615157071384,4.219477764961119,4.3059439722689685,5.180250784728741,4.511413700504431,7.138019789960169,3.420364641854362
