,Returns,Semi Deviation,Sortino Ratio,ADANIPORTS Weight,ASIANPAINT Weight,BAJFINANCE Weight,BAJAJFINSV Weight,BRITANNIA Weight,DIVISLAB Weight,GRASIM Weight,HCLTECH Weight,HDFCBANK Weight,HINDALCO Weight,HINDUNILVR Weight,ICICIBANK Weight,INFY Weight,JSWSTEEL Weight,NESTLEIND Weight,POWERGRID Weight,RELIANCE Weight,TCS Weight,TATACONSUM Weight,TATASTEEL Weight,TECHM Weight,TITAN Weight,UPL Weight,WIPRO Weight
0,0.2644401000685595,0.5343451594922886,0.47648028752671623,2.446562490186528,1.0185716257226074,1.911413535375039,2.9072750365259012,3.083549358321652,4.586441626100099,2.539981101960005,5.899875249813793,7.080323318017924,4.342204010055403,4.867321133710766,3.044834225692031,4.292313361653634,4.435349640751933,7.144815473702244,7.437212951393783,3.9907674449946104,1.6834014036442757,3.8887654212929825,7.061250556646286,2.8221574315998823,7.217464409093094,2.639882653311984,3.658266540433513
