,Returns,Semi Deviation,Sortino Ratio,ADANIPORTS Weight,ASIANPAINT Weight,BAJFINANCE Weight,BAJAJFINSV Weight,BRITANNIA Weight,DIVISLAB Weight,GRASIM Weight,HCLTECH Weight,HDFCBANK Weight,HINDALCO Weight,HINDUNILVR Weight,ICICIBANK Weight,INFY Weight,JSWSTEEL Weight,NESTLEIND Weight,POWERGRID Weight,RELIANCE Weight,TCS Weight,TATACONSUM Weight,TATASTEEL Weight,TECHM Weight,TITAN Weight,UPL Weight,WIPRO Weight
0,0.3483902941458956,0.5784607639135066,0.5852689593331738,4.887976568898831,3.3451578856909885,6.257362157187933,5.626098110942533,1.388140509110078,5.4313956876049225,7.765668255734695,5.830644705956578,2.107413446480512,4.131207845073703,4.723585908007869,2.6611966260485933,2.804877506411628,2.3430830388390325,5.604967361786852,3.6246574888087886,4.261963932704772,4.793527588632088,2.8888337715951886,3.710305478085595,3.5553053397690833,4.561520975811654,3.0135817649682966,4.681528045849797
