,Returns,Semi Deviation,Sortino Ratio,ADANIPORTS Weight,ASIANPAINT Weight,BAJFINANCE Weight,BAJAJFINSV Weight,BRITANNIA Weight,DIVISLAB Weight,GRASIM Weight,HCLTECH Weight,HDFCBANK Weight,HINDALCO Weight,HINDUNILVR Weight,ICICIBANK Weight,INFY Weight,JSWSTEEL Weight,NESTLEIND Weight,POWERGRID Weight,RELIANCE Weight,TCS Weight,TATACONSUM Weight,TATASTEEL Weight,TECHM Weight,TITAN Weight,UPL Weight,WIPRO Weight
0,0.021850030602907786,0.5478049696828603,0.021932743280329667,2.1338154422599196,3.0001863436503986,2.4726442637709027,4.948775415567557,6.359169672370421,5.0356431370653025,6.418720274582272,4.289837915162775,3.2918966714704077,4.452198435379686,3.7151703960470703,5.176474121174464,5.104216562708729,4.080007222915789,4.923002079226037,1.8608862360137928,4.179566542797425,2.951149500881423,1.5305515748035947,4.562564498846641,3.7185084856826425,7.101154821650257,2.9007825841988675,5.793077801773617
