,Returns,Semi Deviation,Sortino Ratio,ADANIPORTS Weight,ASIANPAINT Weight,BAJFINANCE Weight,BAJAJFINSV Weight,BRITANNIA Weight,DIVISLAB Weight,GRASIM Weight,HCLTECH Weight,HDFCBANK Weight,HINDALCO Weight,HINDUNILVR Weight,ICICIBANK Weight,INFY Weight,JSWSTEEL Weight,NESTLEIND Weight,POWERGRID Weight,RELIANCE Weight,TCS Weight,TATACONSUM Weight,TATASTEEL Weight,TECHM Weight,TITAN Weight,UPL Weight,WIPRO Weight
0,0.20016109300370166,0.7150238588549318,0.266181227117837,3.6958961298454462,4.673836344619912,3.6404837994085315,3.6436190254251426,1.5141124347874428,6.240409053531471,5.24752167792201,4.505151007848475,4.033659160621193,1.4777467287453707,3.1881971565543594,5.2945872949021995,4.588154360992303,0.7934221061169083,6.5497973475337545,4.09317526400709,4.527447036230956,1.2393037748338336,3.0546067078605184,6.503136927486993,5.592896395444902,5.288220333452104,6.364185023923362,4.250434907905726
