,Returns,Semi Deviation,Sortino Ratio,ADANIPORTS Weight,ASIANPAINT Weight,BAJFINANCE Weight,BAJAJFINSV Weight,BRITANNIA Weight,DIVISLAB Weight,GRASIM Weight,HCLTECH Weight,HDFCBANK Weight,HINDALCO Weight,HINDUNILVR Weight,ICICIBANK Weight,INFY Weight,JSWSTEEL Weight,NESTLEIND Weight,POWERGRID Weight,RELIANCE Weight,TCS Weight,TATACONSUM Weight,TATASTEEL Weight,TECHM Weight,TITAN Weight,UPL Weight,WIPRO Weight
0,0.23662940322734094,0.27215893183191164,0.8333154339841645,6.366535623897747,5.2545289467189376,6.366594999659656,0.625018044361982,0.8439634530871426,3.17472680490995,7.351791180669173,3.3959296270074226,6.062197383999704,0.9430068195345319,1.6028296757621217,2.603649218857554,6.727292569878476,2.212281430079632,6.216811563644957,4.547497577332091,3.7790287492625274,4.022247029904498,5.273992905070094,5.849724807145646,5.159289812098409,1.9449836329851655,3.313477362539357,6.3626007815932235
