,Returns,Semi Deviation,Sortino Ratio,ADANIPORTS Weight,ASIANPAINT Weight,BAJFINANCE Weight,BAJAJFINSV Weight,BRITANNIA Weight,DIVISLAB Weight,GRASIM Weight,HCLTECH Weight,HDFCBANK Weight,HINDALCO Weight,HINDUNILVR Weight,ICICIBANK Weight,INFY Weight,JSWSTEEL Weight,NESTLEIND Weight,POWERGRID Weight,RELIANCE Weight,TCS Weight,TATACONSUM Weight,TATASTEEL Weight,TECHM Weight,TITAN Weight,UPL Weight,WIPRO Weight
0,0.1854713081361647,0.7146029788092965,0.2457814318009878,4.4296849332690025,2.4725463739177913,4.188187501283223,3.367841372804243,3.0695360013702024,4.856171675939962,5.275832994369738,4.589318424613676,4.690368064901632,1.5895904061859905,4.719088533726492,4.417369531119512,3.2661741167313076,5.15419679717192,4.1019235881862866,3.7670154716448065,5.564023548172978,4.6809399736674875,2.4267183655116438,3.9918121831428572,4.7861664784125635,6.604652523336692,2.9754039413037385,5.015437199216239
