,Returns,Semi Deviation,Sortino Ratio,ADANIPORTS Weight,ASIANPAINT Weight,BAJFINANCE Weight,BAJAJFINSV Weight,BRITANNIA Weight,DIVISLAB Weight,GRASIM Weight,HCLTECH Weight,HDFCBANK Weight,HINDALCO Weight,HINDUNILVR Weight,ICICIBANK Weight,INFY Weight,JSWSTEEL Weight,NESTLEIND Weight,POWERGRID Weight,RELIANCE Weight,TCS Weight,TATACONSUM Weight,TATASTEEL Weight,TECHM Weight,TITAN Weight,UPL Weight,WIPRO Weight
0,0.19793297751400382,0.6689727095300867,0.2811741196602272,2.4960050035774075,6.320573199084671,4.923906423499006,5.996838596791464,1.995674354977478,4.00249400491539,5.339772199365516,4.477972243637886,4.469808109338919,3.687066920287816,5.966098528269342,3.1247184353956405,3.848150059265802,6.389346823262497,3.474394309195647,3.024173670262305,3.7369816283473307,2.4083341939419745,4.939415232640974,4.63633298398375,3.4960308375976723,2.796252817303583,4.6627620084538925,3.786897416604022
