,Returns,Semi Deviation,Sortino Ratio,ADANIPORTS Weight,ASIANPAINT Weight,BAJFINANCE Weight,BAJAJFINSV Weight,BRITANNIA Weight,DIVISLAB Weight,GRASIM Weight,HCLTECH Weight,HDFCBANK Weight,HINDALCO Weight,HINDUNILVR Weight,ICICIBANK Weight,INFY Weight,JSWSTEEL Weight,NESTLEIND Weight,POWERGRID Weight,RELIANCE Weight,TCS Weight,TATACONSUM Weight,TATASTEEL Weight,TECHM Weight,TITAN Weight,UPL Weight,WIPRO Weight
0,0.1793423486749176,0.6484086039548573,0.2614203186167992,5.784793956540735,3.7718729224960854,6.290940657287669,4.311964442699139,0.9092628478354714,0.7093501560908269,3.7300032258988347,5.546592744139894,5.099865426564483,2.1940642488925355,5.999961076565464,3.94550474393509,3.0108815090562264,0.5082076378193916,5.699497681646694,6.815250839649398,4.652709012644278,6.488607693937139,5.930894917640886,1.131222060177097,3.0679823510712985,5.653104687540496,2.32942103437437,6.418044125496511
