,Returns,Semi Deviation,Sortino Ratio,ADANIPORTS Weight,ASIANPAINT Weight,BAJFINANCE Weight,BAJAJFINSV Weight,BRITANNIA Weight,DIVISLAB Weight,GRASIM Weight,HCLTECH Weight,HDFCBANK Weight,HINDALCO Weight,HINDUNILVR Weight,ICICIBANK Weight,INFY Weight,JSWSTEEL Weight,NESTLEIND Weight,POWERGRID Weight,RELIANCE Weight,TCS Weight,TATACONSUM Weight,TATASTEEL Weight,TECHM Weight,TITAN Weight,UPL Weight,WIPRO Weight
0,0.18561574587475238,0.5625547776858618,0.3124683817684076,6.481936505858445,3.573620350423057,3.1102178950679016,6.363123528164803,4.444299587806396,6.332464137648697,3.6842967552184613,3.303534895902306,7.101415011240116,3.2651728236122786,2.848326404588599,4.9004861995427005,2.4620041376754735,6.262594446286101,5.132461768213095,1.9042616145882683,8.280872344838967,5.088328220477684,0.9709742775822453,4.102915660151861,1.1464944357854767,1.028218312374245,5.673650029261563,2.538330657691282
