,Returns,Semi Deviation,Sortino Ratio,ADANIPORTS Weight,ASIANPAINT Weight,BAJFINANCE Weight,BAJAJFINSV Weight,BRITANNIA Weight,DIVISLAB Weight,GRASIM Weight,HCLTECH Weight,HDFCBANK Weight,HINDALCO Weight,HINDUNILVR Weight,ICICIBANK Weight,INFY Weight,JSWSTEEL Weight,NESTLEIND Weight,POWERGRID Weight,RELIANCE Weight,TCS Weight,TATACONSUM Weight,TATASTEEL Weight,TECHM Weight,TITAN Weight,UPL Weight,WIPRO Weight
0,0.22412516009248834,0.6389721730851197,0.33536670966855575,7.984939267125422,4.197302382705427,3.5298284425066226,4.575808871100861,2.54392696710034,1.4897954370537267,4.670550003560619,3.9098936971382074,6.714070091669103,1.504706086719176,2.8008802962288732,2.99687360748592,7.569662348319574,4.435473166532826,6.616226590895735,4.2992471251437046,1.5341496591124693,4.738302216068579,2.6357665076735213,2.3679329492705277,5.061779078840994,8.870798617151667,2.923193653628227,2.0288929369678894
