,Returns,Semi Deviation,Sortino Ratio,ADANIPORTS Weight,ASIANPAINT Weight,BAJFINANCE Weight,BAJAJFINSV Weight,BRITANNIA Weight,DIVISLAB Weight,GRASIM Weight,HCLTECH Weight,HDFCBANK Weight,HINDALCO Weight,HINDUNILVR Weight,ICICIBANK Weight,INFY Weight,JSWSTEEL Weight,NESTLEIND Weight,POWERGRID Weight,RELIANCE Weight,TCS Weight,TATACONSUM Weight,TATASTEEL Weight,TECHM Weight,TITAN Weight,UPL Weight,WIPRO Weight
0,0.007964931515285373,0.5856708993529224,-0.0031933178205469765,6.197802408107251,5.722013292101241,2.021071724733534,4.026213314097634,5.821109191961222,5.480208755307152,1.9600617603898824,1.5856675954485917,3.996277155193069,6.015489304565808,5.185652465699757,2.6980322479050223,4.74365163480773,4.600306203084376,5.767955121332873,3.768042193019143,3.737176742677277,3.674210579816667,2.739208014202349,1.058305715872438,2.352739755357963,6.0739477359678915,6.552733349970007,4.2221237383811046
