,Returns,Semi Deviation,Sortino Ratio,ADANIPORTS Weight,ASIANPAINT Weight,BAJFINANCE Weight,BAJAJFINSV Weight,BRITANNIA Weight,DIVISLAB Weight,GRASIM Weight,HCLTECH Weight,HDFCBANK Weight,HINDALCO Weight,HINDUNILVR Weight,ICICIBANK Weight,INFY Weight,JSWSTEEL Weight,NESTLEIND Weight,POWERGRID Weight,RELIANCE Weight,TCS Weight,TATACONSUM Weight,TATASTEEL Weight,TECHM Weight,TITAN Weight,UPL Weight,WIPRO Weight
0,0.06107557305893033,0.47384649969461096,0.10813714622095848,5.741385506709849,0.9434016785527025,5.759843433436791,6.850225118932346,6.202952135727153,4.8201925466177835,5.624896110209366,5.639687996332737,4.335826322119223,2.5844803995262007,3.5161286208628137,5.138158335889614,2.8797270633375467,0.8388397363117658,2.4566230235489646,5.840834338082187,0.3330758874940278,5.82026380447099,1.040276810454064,5.400639648925018,1.3631750598181673,6.791357967001075,5.358361733507548,4.719646722132052
