,Returns,Semi Deviation,Sortino Ratio,ADANIPORTS Weight,ASIANPAINT Weight,BAJFINANCE Weight,BAJAJFINSV Weight,BRITANNIA Weight,DIVISLAB Weight,GRASIM Weight,HCLTECH Weight,HDFCBANK Weight,HINDALCO Weight,HINDUNILVR Weight,ICICIBANK Weight,INFY Weight,JSWSTEEL Weight,NESTLEIND Weight,POWERGRID Weight,RELIANCE Weight,TCS Weight,TATACONSUM Weight,TATASTEEL Weight,TECHM Weight,TITAN Weight,UPL Weight,WIPRO Weight
0,0.228299005107756,0.6335759187128313,0.3448108329565633,6.848702008537588,6.003406366065782,5.06450154055627,1.6339718144313033,7.012359583195282,4.323195057662165,1.6775331841090684,4.597232109723148,6.614084010171606,3.9276505096513668,0.9716907726673059,2.6362212949772172,2.026915807807421,5.061924922821936,5.09542567435649,5.193500550347194,5.952224271653321,1.9560841464763372,4.996530783311026,6.354264677546325,1.4721466135246644,2.6663859188435133,3.5948917893726846,4.319156592190984
