,Returns,Semi Deviation,Sortino Ratio,ADANIPORTS Weight,ASIANPAINT Weight,BAJFINANCE Weight,BAJAJFINSV Weight,BRITANNIA Weight,DIVISLAB Weight,GRASIM Weight,HCLTECH Weight,HDFCBANK Weight,HINDALCO Weight,HINDUNILVR Weight,ICICIBANK Weight,INFY Weight,JSWSTEEL Weight,NESTLEIND Weight,POWERGRID Weight,RELIANCE Weight,TCS Weight,TATACONSUM Weight,TATASTEEL Weight,TECHM Weight,TITAN Weight,UPL Weight,WIPRO Weight
0,0.22993437121858398,0.3601897914548701,0.6110645321023664,4.29416426796713,2.440197623210871,5.367105369271781,1.4366558601059263,6.236070168716449,3.4658996499440113,7.752415422468956,3.1872269982539274,2.316910875166677,0.7420671062493521,4.713743599248412,3.225643974290303,2.265035665532499,1.14325064995346,4.680843850904495,5.6185635234334415,6.033809465248917,6.661162296762353,3.712795156904293,1.4853415951088937,7.744488166194323,4.229456557576105,3.1974924283992907,8.049659729088143
