,Returns,Semi Deviation,Sortino Ratio,ADANIPORTS Weight,ASIANPAINT Weight,BAJFINANCE Weight,BAJAJFINSV Weight,BRITANNIA Weight,DIVISLAB Weight,GRASIM Weight,HCLTECH Weight,HDFCBANK Weight,HINDALCO Weight,HINDUNILVR Weight,ICICIBANK Weight,INFY Weight,JSWSTEEL Weight,NESTLEIND Weight,POWERGRID Weight,RELIANCE Weight,TCS Weight,TATACONSUM Weight,TATASTEEL Weight,TECHM Weight,TITAN Weight,UPL Weight,WIPRO Weight
0,0.04887810401738148,0.45963298345470005,0.08494372812142753,6.684286751766953,4.004009504181265,1.3814107048631215,4.077727463294562,7.800991644605728,7.412719963396637,2.6578622538852197,4.122942334617014,8.41011334648836,5.472028692320303,7.410413234886414,7.282229787353005,5.361214990539293,1.6027771453212953,0.6187785116987156,5.515504176711567,1.4735718110372225,3.0494965411276698,2.630611885833043,4.853176109419924,4.111993710523087,0.18146123318196203,1.062286922761815,2.8223912801858155
