,Returns,Semi Deviation,Sortino Ratio,ADANIPORTS Weight,ASIANPAINT Weight,BAJFINANCE Weight,BAJAJFINSV Weight,BRITANNIA Weight,DIVISLAB Weight,GRASIM Weight,HCLTECH Weight,HDFCBANK Weight,HINDALCO Weight,HINDUNILVR Weight,ICICIBANK Weight,INFY Weight,JSWSTEEL Weight,NESTLEIND Weight,POWERGRID Weight,RELIANCE Weight,TCS Weight,TATACONSUM Weight,TATASTEEL Weight,TECHM Weight,TITAN Weight,UPL Weight,WIPRO Weight
0,0.2017396867551167,0.6642060837583207,0.28892316197118517,3.7090176669452903,4.893839050056478,5.4641860728257905,3.603627713575258,4.572688246880798,4.1882202451960335,3.6053402523604796,2.4941588615512216,3.7999455852665327,2.9742775629404816,5.260801332250688,1.66635777958012,4.72693374733354,7.06979964185723,6.005932588113803,3.3674977001384705,6.8088396079054,3.6372957306640497,3.158269770815743,3.154074099560284,4.090276994703455,5.505462426300756,2.967911305644627,3.2752460175334814
