,Returns,Semi Deviation,Sortino Ratio,ADANIPORTS Weight,ASIANPAINT Weight,BAJFINANCE Weight,BAJAJFINSV Weight,BRITANNIA Weight,DIVISLAB Weight,GRASIM Weight,HCLTECH Weight,HDFCBANK Weight,HINDALCO Weight,HINDUNILVR Weight,ICICIBANK Weight,INFY Weight,JSWSTEEL Weight,NESTLEIND Weight,POWERGRID Weight,RELIANCE Weight,TCS Weight,TATACONSUM Weight,TATASTEEL Weight,TECHM Weight,TITAN Weight,UPL Weight,WIPRO Weight
0,-0.051371575880028574,0.950836385650653,-0.06437147509170037,6.4612472324480414,3.4801136639582806,2.104463051296051,3.6931887661319074,3.0573888131417344,4.594060491551414,7.230046811121708,6.221659796167187,4.901885883366498,1.4419760060125155,6.364383444120339,3.6879347226439907,5.735710369366166,4.82339567568725,1.0637030651631103,3.285084578385194,4.069637416063551,4.536586017094441,5.724528436303468,3.2409136157711878,2.0779681722658947,1.7360319886466729,5.30325921981291,5.164832763480496
