,Returns,Semi Deviation,Sortino Ratio,ADANIPORTS Weight,ASIANPAINT Weight,BAJFINANCE Weight,BAJAJFINSV Weight,BRITANNIA Weight,DIVISLAB Weight,GRASIM Weight,HCLTECH Weight,HDFCBANK Weight,HINDALCO Weight,HINDUNILVR Weight,ICICIBANK Weight,INFY Weight,JSWSTEEL Weight,NESTLEIND Weight,POWERGRID Weight,RELIANCE Weight,TCS Weight,TATACONSUM Weight,TATASTEEL Weight,TECHM Weight,TITAN Weight,UPL Weight,WIPRO Weight
0,0.07383851167618778,0.8949429131055641,0.07151668101256124,7.7582876016974085,2.6718173729738766,0.9370434319947862,7.419508839843895,0.4195413369257238,5.371526113930229,1.0361624254105197,1.4161008509250939,3.5928932293080535,4.728802321188446,3.6186053958990243,5.327793377272575,1.428829011084436,2.626627739929925,3.747295734877803,7.607980349531402,4.392047927301093,7.369337186692776,5.536623201722882,3.2738999994258937,5.114903879235831,7.35725585670256,4.241400712480151,3.0057161036456415
