,Returns,Semi Deviation,Sortino Ratio,ADANIPORTS Weight,ASIANPAINT Weight,BAJFINANCE Weight,BAJAJFINSV Weight,BRITANNIA Weight,DIVISLAB Weight,GRASIM Weight,HCLTECH Weight,HDFCBANK Weight,HINDALCO Weight,HINDUNILVR Weight,ICICIBANK Weight,INFY Weight,JSWSTEEL Weight,NESTLEIND Weight,POWERGRID Weight,RELIANCE Weight,TCS Weight,TATACONSUM Weight,TATASTEEL Weight,TECHM Weight,TITAN Weight,UPL Weight,WIPRO Weight
0,-0.08606297926452727,0.8572699145006903,-0.11186458602778236,5.565679921641879,5.774571926695388,4.517273756261253,5.958358206835322,1.4720230254926485,2.146434178155231,3.1994942772568686,2.1114057692413373,2.1296875779595297,6.410400457357857,0.49485310404064115,5.359153531303829,0.6282178448841417,6.485209061842355,6.3030622070798685,1.2588674785797196,2.0337911975323704,4.637446219631829,6.557820559227635,5.972512836752743,2.346489383183369,4.665536934109818,6.604304171189057,7.367406373745313
