,Returns,Semi Deviation,Sortino Ratio,ADANIPORTS Weight,ASIANPAINT Weight,BAJFINANCE Weight,BAJAJFINSV Weight,BRITANNIA Weight,DIVISLAB Weight,GRASIM Weight,HCLTECH Weight,HDFCBANK Weight,HINDALCO Weight,HINDUNILVR Weight,ICICIBANK Weight,INFY Weight,JSWSTEEL Weight,NESTLEIND Weight,POWERGRID Weight,RELIANCE Weight,TCS Weight,TATACONSUM Weight,TATASTEEL Weight,TECHM Weight,TITAN Weight,UPL Weight,WIPRO Weight
0,0.021557036541202064,0.6313018573031354,0.0185677763663044,5.26145888395854,6.29381256551479,3.435288510554118,7.353321374454066,3.5053444089808643,5.81462999150912,2.2616963650729667,4.96477378967015,5.570538084919245,5.487249737937422,3.870054305508403,3.821341790199705,3.574698421376214,5.640250596904184,1.9252122622977492,1.509361253917812,4.345524308002394,2.236957659550556,5.459436390863263,4.568741800635321,2.7984949343466914,4.140661586197063,0.45919550604442844,5.70195547158494
