,Returns,Semi Deviation,Sortino Ratio,ADANIPORTS Weight,ASIANPAINT Weight,BAJFINANCE Weight,BAJAJFINSV Weight,BRITANNIA Weight,DIVISLAB Weight,GRASIM Weight,HCLTECH Weight,HDFCBANK Weight,HINDALCO Weight,HINDUNILVR Weight,ICICIBANK Weight,INFY Weight,JSWSTEEL Weight,NESTLEIND Weight,POWERGRID Weight,RELIANCE Weight,TCS Weight,TATACONSUM Weight,TATASTEEL Weight,TECHM Weight,TITAN Weight,UPL Weight,WIPRO Weight
0,0.03618070901615127,0.6124132088726443,0.043019229172872354,6.992920664589322,4.006626330417951,5.517373269125716,3.7938629029890403,5.921105450387344,3.7996949558650637,2.8861306075449447,2.843404299560319,1.3358761438197424,4.974062184592861,5.309843897934016,6.960779097538991,5.37375783514348,0.19492542341487382,2.643468959985614,3.1851502111807184,3.690178580125309,4.263071655300941,6.492604968729611,4.35057531047026,4.841119949124019,3.7306549702102934,5.380495061231793,1.5123172707177843
