,Returns,Semi Deviation,Sortino Ratio,ADANIPORTS Weight,ASIANPAINT Weight,BAJFINANCE Weight,BAJAJFINSV Weight,BRITANNIA Weight,DIVISLAB Weight,GRASIM Weight,HCLTECH Weight,HDFCBANK Weight,HINDALCO Weight,HINDUNILVR Weight,ICICIBANK Weight,INFY Weight,JSWSTEEL Weight,NESTLEIND Weight,POWERGRID Weight,RELIANCE Weight,TCS Weight,TATACONSUM Weight,TATASTEEL Weight,TECHM Weight,TITAN Weight,UPL Weight,WIPRO Weight
0,-0.011764704242142888,0.9109773670859643,-0.023710653917123556,1.985694269622261,2.096417771125153,8.036127940702025,4.842127494304741,5.739210350360959,3.2059558672059665,4.982365903121105,0.9252857539158594,3.5176010755367235,3.7616308230308384,1.343392701845205,2.806011467885566,5.876290528654835,2.33784039971551,4.34492650250418,6.492428368305873,2.4926712623664913,2.652560589664793,5.570653817077142,4.401360038400657,5.298865821689517,6.868518664912676,4.902939489295637,5.519123098756267
