,Returns,Semi Deviation,Sortino Ratio,ADANIPORTS Weight,ASIANPAINT Weight,BAJFINANCE Weight,BAJAJFINSV Weight,BRITANNIA Weight,DIVISLAB Weight,GRASIM Weight,HCLTECH Weight,HDFCBANK Weight,HINDALCO Weight,HINDUNILVR Weight,ICICIBANK Weight,INFY Weight,JSWSTEEL Weight,NESTLEIND Weight,POWERGRID Weight,RELIANCE Weight,TCS Weight,TATACONSUM Weight,TATASTEEL Weight,TECHM Weight,TITAN Weight,UPL Weight,WIPRO Weight
0,-0.07416176846898456,0.7136495586101061,-0.11770053283258614,6.785558292851423,2.0735704230247265,5.3392042668881885,6.842948676785984,2.0399451072979904,4.322012486055009,4.523771597676116,5.67360646845471,4.1766311363470585,2.8254631122200116,0.7302337514742079,5.84908934434175,4.903842630974471,2.062264427834002,5.36087377977107,6.73332568773686,5.187079655439218,4.093963275750189,2.439108722886777,4.079117718176591,2.7349360015491033,0.6014715845108447,4.467707808578847,6.154274043374859
