,Returns,Semi Deviation,Sortino Ratio,ADANIPORTS Weight,ASIANPAINT Weight,BAJFINANCE Weight,BAJAJFINSV Weight,BRITANNIA Weight,DIVISLAB Weight,GRASIM Weight,HCLTECH Weight,HDFCBANK Weight,HINDALCO Weight,HINDUNILVR Weight,ICICIBANK Weight,INFY Weight,JSWSTEEL Weight,NESTLEIND Weight,POWERGRID Weight,RELIANCE Weight,TCS Weight,TATACONSUM Weight,TATASTEEL Weight,TECHM Weight,TITAN Weight,UPL Weight,WIPRO Weight
0,-0.023034504227925922,0.758431201012604,-0.04333902537132635,5.9893250447324915,6.841353130845959,1.8317896886064562,7.361219996015941,1.833343639327887,1.1201324457340205,5.2790128916283585,2.703023154391344,4.917921820261101,8.332424563547153,4.9782005702294585,4.617500148796661,2.196544158259066,7.464304448586674,6.552552034605953,3.745513446816168,1.4261447426753462,3.3995972101292313,3.8601610639514656,5.899053741531871,0.6957155212170403,0.585364136817397,4.304884398706723,4.064918002586208
