,Returns,Semi Deviation,Sortino Ratio,ADANIPORTS Weight,ASIANPAINT Weight,BAJFINANCE Weight,BAJAJFINSV Weight,BRITANNIA Weight,DIVISLAB Weight,GRASIM Weight,HCLTECH Weight,HDFCBANK Weight,HINDALCO Weight,HINDUNILVR Weight,ICICIBANK Weight,INFY Weight,JSWSTEEL Weight,NESTLEIND Weight,POWERGRID Weight,RELIANCE Weight,TCS Weight,TATACONSUM Weight,TATASTEEL Weight,TECHM Weight,TITAN Weight,UPL Weight,WIPRO Weight
0,-0.03266277632637588,0.8317856897708803,-0.05109241681381534,4.007500076931046,3.600986201458152,4.281310730808901,6.68396329670427,3.218425930313357,2.203649209305102,4.190392303869393,3.8189058915625593,6.087780332093437,5.945973441650253,1.4372270334900363,4.479704648692668,0.505729173099318,4.611297644518218,1.396820115807664,4.560510803292389,3.701917825075073,3.7942294966971253,5.997686458415059,5.311406190885849,5.166300419755947,3.419626102801719,6.119836022540532,5.458820650231944
