,Returns,Semi Deviation,Sortino Ratio,ADANIPORTS Weight,ASIANPAINT Weight,BAJFINANCE Weight,BAJAJFINSV Weight,BRITANNIA Weight,DIVISLAB Weight,GRASIM Weight,HCLTECH Weight,HDFCBANK Weight,HINDALCO Weight,HINDUNILVR Weight,ICICIBANK Weight,INFY Weight,JSWSTEEL Weight,NESTLEIND Weight,POWERGRID Weight,RELIANCE Weight,TCS Weight,TATACONSUM Weight,TATASTEEL Weight,TECHM Weight,TITAN Weight,UPL Weight,WIPRO Weight
0,0.05522834932605166,0.5736065100167874,0.07913645277414709,5.248487028214181,3.458202350263875,4.08811891525831,2.050007231812238,4.498817932146708,5.881437453642927,3.6566532701284786,3.8966717261019648,4.483215090253714,4.351370249505645,5.116826587078861,5.494084275451625,5.468155460937015,0.7645839980961858,7.274885972629258,2.991803172975637,4.393077802735303,3.792411957121937,3.6313539130325068,4.78075347097281,4.226816298595326,2.7455241731472424,4.637997685778175,3.0687439841200654
