,Returns,Semi Deviation,Sortino Ratio,ADANIPORTS Weight,ASIANPAINT Weight,BAJFINANCE Weight,BAJAJFINSV Weight,BRITANNIA Weight,DIVISLAB Weight,GRASIM Weight,HCLTECH Weight,HDFCBANK Weight,HINDALCO Weight,HINDUNILVR Weight,ICICIBANK Weight,INFY Weight,JSWSTEEL Weight,NESTLEIND Weight,POWERGRID Weight,RELIANCE Weight,TCS Weight,TATACONSUM Weight,TATASTEEL Weight,TECHM Weight,TITAN Weight,UPL Weight,WIPRO Weight
0,-0.0011964244470280604,0.9068848305627816,-0.012164267071649077,7.279686338461189,2.772157889877253,3.609510074747932,6.202432228506901,7.046552090755986,4.656811351665102,6.064130447537116,0.6567366587692192,6.607759213099536,2.248481865151603,0.898211416964842,6.655441183479582,6.909770440747133,1.691592706300128,6.850371674042679,0.9414485742257873,5.14582050901276,1.5845284736294527,5.098607301526694,1.6651610856795291,4.710893834063804,5.2380107599776995,0.8559395298711285,4.609944351906937
