,Returns,Semi Deviation,Sortino Ratio,ADANIPORTS Weight,ASIANPAINT Weight,BAJFINANCE Weight,BAJAJFINSV Weight,BRITANNIA Weight,DIVISLAB Weight,GRASIM Weight,HCLTECH Weight,HDFCBANK Weight,HINDALCO Weight,HINDUNILVR Weight,ICICIBANK Weight,INFY Weight,JSWSTEEL Weight,NESTLEIND Weight,POWERGRID Weight,RELIANCE Weight,TCS Weight,TATACONSUM Weight,TATASTEEL Weight,TECHM Weight,TITAN Weight,UPL Weight,WIPRO Weight
0,-0.03630070725596325,0.9392950764378091,-0.04911754915834774,6.380532730871594,3.4745101380954533,7.845481948915394,7.123273495425575,5.653757515058204,4.393635561447326,7.21103648143088,1.306724425054441,6.518806608975983,2.521230592275843,1.188195846408833,1.0960471825338314,4.208148678019213,1.2941762031956006,7.160443848955356,3.6759027853389643,5.802847650906062,0.4375461884497232,0.7858417692352527,2.2319251021559605,7.830597578149477,3.3029640050040388,1.8697608500946337,6.686612814002372
