,Returns,Semi Deviation,Sortino Ratio,ADANIPORTS Weight,ASIANPAINT Weight,BAJFINANCE Weight,BAJAJFINSV Weight,BRITANNIA Weight,DIVISLAB Weight,GRASIM Weight,HCLTECH Weight,HDFCBANK Weight,HINDALCO Weight,HINDUNILVR Weight,ICICIBANK Weight,INFY Weight,JSWSTEEL Weight,NESTLEIND Weight,POWERGRID Weight,RELIANCE Weight,TCS Weight,TATACONSUM Weight,TATASTEEL Weight,TECHM Weight,TITAN Weight,UPL Weight,WIPRO Weight
0,0.007136826214393053,0.6086909280989381,-0.004433019281557598,4.906489106684553,3.7559752498931593,6.707242514017378,4.6257991023801,6.021072757880021,3.606513861626882,3.6153012959681883,1.465919872186048,3.141880682310663,2.0143394003488533,3.7011172787037374,0.7004417003124339,4.835844360621433,4.558769285544932,4.331594975011339,1.1860740131566578,5.219512186674778,7.188088493680447,4.3414309253836905,0.8202550827947146,4.074173858482409,6.771020851553342,4.5374605714267,7.873682573357529
