,Returns,Semi Deviation,Sortino Ratio,ADANIPORTS Weight,ASIANPAINT Weight,BAJFINANCE Weight,BAJAJFINSV Weight,BRITANNIA Weight,DIVISLAB Weight,GRASIM Weight,HCLTECH Weight,HDFCBANK Weight,HINDALCO Weight,HINDUNILVR Weight,ICICIBANK Weight,INFY Weight,JSWSTEEL Weight,NESTLEIND Weight,POWERGRID Weight,RELIANCE Weight,TCS Weight,TATACONSUM Weight,TATASTEEL Weight,TECHM Weight,TITAN Weight,UPL Weight,WIPRO Weight
0,-0.03243846417106074,0.7172168217402806,-0.05894121237096941,7.23392633568196,6.712685729750721,1.4654067542255118,2.7003080440832363,1.1664155800983722,1.9726215373872098,7.892310896828422,5.509034398254956,5.639232581623593,5.299462819464853,4.499484904215816,2.881559242661018,2.6525192678781706,2.90688590386609,3.9086142647567037,2.825157970925515,0.5107070327208968,7.013752645250832,1.3632660863230042,5.704379045313177,6.281259795662876,3.9919237341797293,6.795151290230475,3.0739341386168877
