,Returns,Semi Deviation,Sortino Ratio,ADANIPORTS Weight,ASIANPAINT Weight,BAJFINANCE Weight,BAJAJFINSV Weight,BRITANNIA Weight,DIVISLAB Weight,GRASIM Weight,HCLTECH Weight,HDFCBANK Weight,HINDALCO Weight,HINDUNILVR Weight,ICICIBANK Weight,INFY Weight,JSWSTEEL Weight,NESTLEIND Weight,POWERGRID Weight,RELIANCE Weight,TCS Weight,TATACONSUM Weight,TATASTEEL Weight,TECHM Weight,TITAN Weight,UPL Weight,WIPRO Weight
0,-0.016349913646489085,0.7356660594811391,-0.03559370198500404,4.350316768517997,3.5545107231262945,3.6316478734304347,2.4257273478973294,2.313784083340863,7.56610591448819,3.211801399653639,4.469471365069189,4.793238782174728,0.8618879342809492,4.434945712385567,5.802602768516331,6.196658836506332,2.9241960791643913,5.616729667807302,4.407115879855365,5.090039580196732,4.577386848451781,4.2599957156985955,3.247300186733021,0.2985444193486718,6.712973033982126,5.679335493351332,3.573683586022834
