,Returns,Semi Deviation,Sortino Ratio,ADANIPORTS Weight,ASIANPAINT Weight,BAJFINANCE Weight,BAJAJFINSV Weight,BRITANNIA Weight,DIVISLAB Weight,GRASIM Weight,HCLTECH Weight,HDFCBANK Weight,HINDALCO Weight,HINDUNILVR Weight,ICICIBANK Weight,INFY Weight,JSWSTEEL Weight,NESTLEIND Weight,POWERGRID Weight,RELIANCE Weight,TCS Weight,TATACONSUM Weight,TATASTEEL Weight,TECHM Weight,TITAN Weight,UPL Weight,WIPRO Weight
0,0.029432564778669137,0.6174427662680758,0.03173962189557125,5.922339166278143,4.056257536701014,3.2357253756655915,4.588006026985991,4.127743884944097,5.393020606156222,4.744694742828294,5.459435886864521,4.492569229647016,6.709672687136592,1.0839611224590266,5.962449450494694,1.6231445774350373,4.4552966614716905,4.275147892695408,5.233508604864916,4.36845364530412,4.340145818144376,2.8980247444246956,3.1697379177497065,3.8747699246717007,2.9906334218219692,2.9372607510552955,4.058000324199912
