,Returns,Semi Deviation,Sortino Ratio,ADANIPORTS Weight,ASIANPAINT Weight,BAJFINANCE Weight,BAJAJFINSV Weight,BRITANNIA Weight,DIVISLAB Weight,GRASIM Weight,HCLTECH Weight,HDFCBANK Weight,HINDALCO Weight,HINDUNILVR Weight,ICICIBANK Weight,INFY Weight,JSWSTEEL Weight,NESTLEIND Weight,POWERGRID Weight,RELIANCE Weight,TCS Weight,TATACONSUM Weight,TATASTEEL Weight,TECHM Weight,TITAN Weight,UPL Weight,WIPRO Weight
0,0.0019640260762271255,0.6001033043675419,-0.013116306312016103,1.2139901771481358,1.7700317759499578,4.4111952872594635,5.637028719569439,3.7457935790419503,4.698081417766539,1.468570900020506,3.5796241026654103,4.6158785813169585,6.164662495564582,1.7002072688359307,4.902553671530457,5.84903091743933,4.776890343413824,3.9188270953110282,5.040870419496076,5.193884070766564,3.023314550303086,5.847523659883683,4.4344073797264105,3.700087397475623,3.934397569993707,2.3037189868992023,8.069429632622137
