,Returns,Semi Deviation,Sortino Ratio,ADANIPORTS Weight,ASIANPAINT Weight,BAJFINANCE Weight,BAJAJFINSV Weight,BRITANNIA Weight,DIVISLAB Weight,GRASIM Weight,HCLTECH Weight,HDFCBANK Weight,HINDALCO Weight,HINDUNILVR Weight,ICICIBANK Weight,INFY Weight,JSWSTEEL Weight,NESTLEIND Weight,POWERGRID Weight,RELIANCE Weight,TCS Weight,TATACONSUM Weight,TATASTEEL Weight,TECHM Weight,TITAN Weight,UPL Weight,WIPRO Weight
0,0.04314897938965432,0.5933576027903867,0.05614458194826256,3.089671635837589,1.9537749924352805,9.23001852400771,7.691352820814523,3.6401587018722745,3.5614771708075206,5.107281704850476,3.8775577395204106,1.629861551665544,1.85698108225004,1.9732190647201928,1.815183990343227,4.503563551439833,1.229094432183278,3.2386174697833447,8.946418371311704,2.0679725409788188,8.252663808366915,1.8753315410309512,3.685156914942332,1.602963047706259,5.036589539994228,9.254432791549386,4.8806570115881485
