,Returns,Semi Deviation,Sortino Ratio,ADANIPORTS Weight,ASIANPAINT Weight,BAJFINANCE Weight,BAJAJFINSV Weight,BRITANNIA Weight,DIVISLAB Weight,GRASIM Weight,HCLTECH Weight,HDFCBANK Weight,HINDALCO Weight,HINDUNILVR Weight,ICICIBANK Weight,INFY Weight,JSWSTEEL Weight,NESTLEIND Weight,POWERGRID Weight,RELIANCE Weight,TCS Weight,TATACONSUM Weight,TATASTEEL Weight,TECHM Weight,TITAN Weight,UPL Weight,WIPRO Weight
0,0.05806320396882546,0.9120973012709539,0.05287598051924689,2.585321341702724,3.5667266973872556,0.7656586692323333,2.2473340148369707,4.882004408419378,3.1670352894831,6.762128056654597,2.8092776488476927,4.0917608926036975,3.4790010488942085,6.23962387128042,5.652853514154677,2.789217318944558,7.05591150373434,4.067474871882605,6.389574539727809,5.7941184094431195,1.7032503894065167,7.222248247106972,5.971426149348503,2.935583629101788,4.889956319795552,1.7756197449839928,3.1568934230271872
