,Returns,Semi Deviation,Sortino Ratio,ADANIPORTS Weight,ASIANPAINT Weight,BAJFINANCE Weight,BAJAJFINSV Weight,BRITANNIA Weight,DIVISLAB Weight,GRASIM Weight,HCLTECH Weight,HDFCBANK Weight,HINDALCO Weight,HINDUNILVR Weight,ICICIBANK Weight,INFY Weight,JSWSTEEL Weight,NESTLEIND Weight,POWERGRID Weight,RELIANCE Weight,TCS Weight,TATACONSUM Weight,TATASTEEL Weight,TECHM Weight,TITAN Weight,UPL Weight,WIPRO Weight
0,-0.055252595052784556,0.6966721795219781,-0.09342666723480962,2.3942305002850874,4.985811879016867,3.8888936936270144,2.662462152417374,4.340456313495426,4.658224017631548,2.1960875498483996,3.8124120241337325,4.603971955636771,7.283451608082375,5.516354809007639,5.215731047065524,0.9837185719558654,3.4866562002556627,4.363069346928222,3.865349773918625,2.7973806875212013,3.430790678721175,4.868453171361216,3.5657665542010197,7.296581724889423,3.986876357823725,4.831164776268538,4.966104605907576
