,Returns,Semi Deviation,Sortino Ratio,ADANIPORTS Weight,ASIANPAINT Weight,BAJFINANCE Weight,BAJAJFINSV Weight,BRITANNIA Weight,DIVISLAB Weight,GRASIM Weight,HCLTECH Weight,HDFCBANK Weight,HINDALCO Weight,HINDUNILVR Weight,ICICIBANK Weight,INFY Weight,JSWSTEEL Weight,NESTLEIND Weight,POWERGRID Weight,RELIANCE Weight,TCS Weight,TATACONSUM Weight,TATASTEEL Weight,TECHM Weight,TITAN Weight,UPL Weight,WIPRO Weight
0,-0.07550104951551588,0.8890776318879979,-0.09598286053993427,3.0327979764329873,3.165855503553107,2.1110290079720913,1.749136791162344,7.785776432047954,4.625646151473308,3.707582733332683,3.603219160229966,4.794985458323862,3.9937751204719243,6.175110538783176,3.7517930782761244,3.65228088911099,4.196163661831038,1.075138489778332,5.230289691975284,4.108286030043228,6.006823448448772,7.689747877943068,2.4214561485431734,6.876584321235889,6.985571934770303,0.9743194098839671,2.286630144376418
