,Returns,Semi Deviation,Sortino Ratio,ADANIPORTS Weight,ASIANPAINT Weight,BAJFINANCE Weight,BAJAJFINSV Weight,BRITANNIA Weight,DIVISLAB Weight,GRASIM Weight,HCLTECH Weight,HDFCBANK Weight,HINDALCO Weight,HINDUNILVR Weight,ICICIBANK Weight,INFY Weight,JSWSTEEL Weight,NESTLEIND Weight,POWERGRID Weight,RELIANCE Weight,TCS Weight,TATACONSUM Weight,TATASTEEL Weight,TECHM Weight,TITAN Weight,UPL Weight,WIPRO Weight
0,0.013772407079866964,0.7451587204897274,0.005283763225792386,6.309497980686113,2.1626038579042244,6.956711347296794,4.560127686365578,6.3068292505442285,2.5011160257726486,4.201340874183132,2.05718362673195,2.6931270164622227,5.482526055604193,7.900542099836816,5.719509038532608,3.6543081139278772,1.4253338398602868,2.989680316232215,1.1051444976946159,5.013348000114759,3.3361971793250227,7.357792230131291,3.989036309506947,3.3763735905428893,4.00033093750685,1.9396613021400408,4.961678823096705
