,Returns,Semi Deviation,Sortino Ratio,ADANIPORTS Weight,ASIANPAINT Weight,BAJFINANCE Weight,BAJAJFINSV Weight,BRITANNIA Weight,DIVISLAB Weight,GRASIM Weight,HCLTECH Weight,HDFCBANK Weight,HINDALCO Weight,HINDUNILVR Weight,ICICIBANK Weight,INFY Weight,JSWSTEEL Weight,NESTLEIND Weight,POWERGRID Weight,RELIANCE Weight,TCS Weight,TATACONSUM Weight,TATASTEEL Weight,TECHM Weight,TITAN Weight,UPL Weight,WIPRO Weight
0,-0.035662304874165156,0.7848773161197201,-0.05796761962017271,6.778150170569454,7.739328253952732,3.4495285539490466,4.0888004425350335,6.746207322273833,1.7187772213843795,3.368837805046011,1.7495249415062273,3.2014708132694283,0.4390326959683962,4.461136391098211,5.294033128518608,4.4872225236810985,1.2265144687656877,3.788501258988255,2.563858332406456,5.173412211275423,4.216405105751981,8.158613739510564,5.18793489530455,1.5853735355118415,6.230693832417221,2.1482479797331653,6.19839437658242
