,Returns,Semi-Deviation,Sortino Ratio,ASIANPAINT Weight,BAJFINANCE Weight,BAJAJFINSV Weight,BRITANNIA Weight,DIVISLAB Weight,GRASIM Weight,HCLTECH Weight,HDFCBANK Weight,HINDALCO Weight,HINDUNILVR Weight,ICICIBANK Weight,INFY Weight,JSWSTEEL Weight,LT Weight,NESTLEIND Weight,POWERGRID Weight,RELIANCE Weight,TCS Weight,TATACONSUM Weight,TATASTEEL Weight,TECHM Weight,TITAN Weight,ULTRACEMCO Weight,WIPRO Weight
38737,102.2954064782435,2.4708183564583988,39.95251460724105,3.102879868080041,0.07377010089740241,1.7730205685526315,8.876978360074094,1.8487505562005728,8.938780450005169,1.8377105095093116,5.222385122726841,1.932909536754199,0.7557096949618833,10.8901026575799,3.4828453854967543,1.528853774608022,2.423857841354032,1.470988013992067,12.333185941249196,1.1380922207083577,3.410483250066175,10.612500030025407,1.1886992213615706,3.47929659064702,9.60627481591392,2.859295663173737,1.2126298260616883
