,Returns,Standard Deviation,Sharpe Ratio,ASIANPAINT Weight,BAJFINANCE Weight,BAJAJFINSV Weight,BRITANNIA Weight,DIVISLAB Weight,GRASIM Weight,HCLTECH Weight,HDFCBANK Weight,HINDALCO Weight,HINDUNILVR Weight,ICICIBANK Weight,INFY Weight,JSWSTEEL Weight,LT Weight,NESTLEIND Weight,POWERGRID Weight,RELIANCE Weight,TCS Weight,TATACONSUM Weight,TATASTEEL Weight,TECHM Weight,TITAN Weight,ULTRACEMCO Weight,WIPRO Weight
36608,181.95873288234586,9.967080818583208,17.8967880494925,5.830609114254001,8.587168067915117,3.3055782417760735,6.037599890999342,0.28761158224035516,7.876068128258113,0.7936304543624166,0.3465887967661104,9.223263920452727,3.176989334249811,1.6069643661097996,0.10523848994220072,2.098332175525786,8.728674103220097,6.550500908122871,6.321580167246086,0.32100763316471,6.662618588222424,6.999340974914939,9.161688572855327,2.725517032533849,1.5087632034252247,1.592158294301682,0.15250795914094661
