,Returns,Standard Deviation,Sharpe Ratio,ASIANPAINT Weight,BAJFINANCE Weight,BAJAJFINSV Weight,BRITANNIA Weight,DIVISLAB Weight,GRASIM Weight,HCLTECH Weight,HDFCBANK Weight,HINDALCO Weight,HINDUNILVR Weight,ICICIBANK Weight,INFY Weight,JSWSTEEL Weight,LT Weight,NESTLEIND Weight,POWERGRID Weight,RELIANCE Weight,TCS Weight,TATACONSUM Weight,TATASTEEL Weight,TECHM Weight,TITAN Weight,ULTRACEMCO Weight,WIPRO Weight
0,1.4042033067094106,0.1152009557327296,11.878402379613549,0.0457606371261345,0.09676985984079071,0.028816471398668,0.0376280675093989,0.0610005496604961,0.0114708159257701,0.0163996379334881,0.0336411165704113,0.0200796787062891,0.0913229658964017,0.0137274941345458,0.023865427847406702,0.0625880838891221,0.0214733058728827,0.09762287558225641,0.0201419193025687,0.0783900398874845,0.0772870344184099,0.022778667305753203,0.033322638497668804,0.010316372791733199,0.0721709695950646,0.00606271511043036,0.0173626551968245
