,Returns,Standard Deviation,Sharpe Ratio,ADANIPORTS Weight,ASIANPAINT Weight,BAJFINANCE Weight,BAJAJFINSV Weight,BRITANNIA Weight,DIVISLAB Weight,GRASIM Weight,HCLTECH Weight,HDFCBANK Weight,HINDALCO Weight,HINDUNILVR Weight,ICICIBANK Weight,INFY Weight,JSWSTEEL Weight,NESTLEIND Weight,POWERGRID Weight,RELIANCE Weight,TCS Weight,TATACONSUM Weight,TATASTEEL Weight,TECHM Weight,TITAN Weight,UPL Weight,WIPRO Weight
0,0.31696737239826694,0.9178472766638862,0.334622344448676,4.896463705214912,4.896463705214912,5.818312596012694,3.5136903690182373,3.5136903690182373,5.818312596012694,5.818312596012694,3.9746148144171287,7.66201037760826,1.6699925874226726,6.740161486810477,2.5918414782204553,1.6699925874226726,3.5136903690182373,7.201085932209368,1.2090681420237814,5.3573881506138035,1.6699925874226726,7.201085932209368,2.5918414782204553,3.9746148144171287,5.3573881506138035,1.2090681420237814,2.1309170328215643
