,Returns,Standard Deviation,Sharpe Ratio,ADANIPORTS Weight,ASIANPAINT Weight,BAJFINANCE Weight,BAJAJFINSV Weight,BRITANNIA Weight,DIVISLAB Weight,GRASIM Weight,HCLTECH Weight,HDFCBANK Weight,HINDALCO Weight,HINDUNILVR Weight,ICICIBANK Weight,INFY Weight,JSWSTEEL Weight,NESTLEIND Weight,POWERGRID Weight,RELIANCE Weight,TCS Weight,TATACONSUM Weight,TATASTEEL Weight,TECHM Weight,TITAN Weight,UPL Weight,WIPRO Weight
0,0.16516497810620429,1.2447463548628146,0.12478832548030123,6.98823666122943,1.8581093983880415,7.501249387513568,4.423173029808735,8.527274840081846,3.9101603035245964,1.3450966721039026,3.397147577240458,2.884134850956319,3.9101603035245964,3.397147577240458,3.397147577240458,2.37112212467218,2.37112212467218,5.449198482377013,1.3450966721039026,4.936185756092875,4.423173029808735,6.475223934945292,4.936185756092875,1.3450966721039026,8.014262113797708,1.3450966721039026,5.449198482377013
