,Returns,Standard Deviation,Sharpe Ratio,ADANIPORTS Weight,ASIANPAINT Weight,BAJFINANCE Weight,BAJAJFINSV Weight,BRITANNIA Weight,DIVISLAB Weight,GRASIM Weight,HCLTECH Weight,HDFCBANK Weight,HINDALCO Weight,HINDUNILVR Weight,ICICIBANK Weight,INFY Weight,JSWSTEEL Weight,NESTLEIND Weight,POWERGRID Weight,RELIANCE Weight,TCS Weight,TATACONSUM Weight,TATASTEEL Weight,TECHM Weight,TITAN Weight,UPL Weight,WIPRO Weight
0,0.12487265672386007,1.274165274240622,0.0902845919712067,4.520096018969688,4.520096018969688,7.064787355551438,2.823635127915187,5.792441687260562,4.095980796206062,1.127174236860686,5.3683264644969375,7.064787355551438,1.127174236860686,4.520096018969688,1.975404682387936,1.5512894596243114,4.520096018969688,6.216556910024187,4.520096018969688,7.064787355551438,6.640672132787811,5.792441687260562,1.5512894596243114,3.671865573442437,2.823635127915187,1.5512894596243114,4.095980796206062
