,Returns,Standard Deviation,Sharpe Ratio,ADANIPORTS Weight,ASIANPAINT Weight,BAJFINANCE Weight,BAJAJFINSV Weight,BRITANNIA Weight,DIVISLAB Weight,GRASIM Weight,HCLTECH Weight,HDFCBANK Weight,HINDALCO Weight,HINDUNILVR Weight,ICICIBANK Weight,INFY Weight,JSWSTEEL Weight,NESTLEIND Weight,POWERGRID Weight,RELIANCE Weight,TCS Weight,TATACONSUM Weight,TATASTEEL Weight,TECHM Weight,TITAN Weight,UPL Weight,WIPRO Weight
0,0.24712222047242882,0.5286237636937029,0.44887701222367615,3.2958633184274397,7.276678624663904,5.78387288482523,1.3054556653092055,1.803057578588764,7.774280537943463,1.3054556653092055,2.300659491868322,2.300659491868322,1.3054556653092055,4.291067144986555,2.7982614051478807,2.7982614051478807,1.803057578588764,4.788669058266113,3.2958633184274397,4.788669058266113,5.286270971545672,5.286270971545672,3.2958633184274397,6.281474798104789,6.779076711384347,6.281474798104789,7.774280537943463
