,Returns,Standard Deviation,Sharpe Ratio,ADANIPORTS Weight,ASIANPAINT Weight,BAJFINANCE Weight,BAJAJFINSV Weight,BRITANNIA Weight,DIVISLAB Weight,GRASIM Weight,HCLTECH Weight,HDFCBANK Weight,HINDALCO Weight,HINDUNILVR Weight,ICICIBANK Weight,INFY Weight,JSWSTEEL Weight,NESTLEIND Weight,POWERGRID Weight,RELIANCE Weight,TCS Weight,TATACONSUM Weight,TATASTEEL Weight,TECHM Weight,TITAN Weight,UPL Weight,WIPRO Weight
0,0.1481458455846553,1.2130629508738282,0.11401772731568344,2.2147384532381222,2.2147384532381222,6.516947576713281,3.170784925121491,2.6927616891798065,6.0389243407715965,1.736715217296438,3.170784925121491,3.170784925121491,1.736715217296438,6.994970812654966,4.604854632946544,7.951017284538335,4.12683139700486,5.560901104829913,1.2586919813547537,3.648808161063175,6.516947576713281,7.472994048596651,2.6927616891798065,5.560901104829913,5.082877868888228,2.6927616891798065,3.170784925121491
