,Returns,Standard Deviation,Sharpe Ratio,ADANIPORTS Weight,ASIANPAINT Weight,BAJFINANCE Weight,BAJAJFINSV Weight,BRITANNIA Weight,DIVISLAB Weight,GRASIM Weight,HCLTECH Weight,HDFCBANK Weight,HINDALCO Weight,HINDUNILVR Weight,ICICIBANK Weight,INFY Weight,JSWSTEEL Weight,NESTLEIND Weight,POWERGRID Weight,RELIANCE Weight,TCS Weight,TATACONSUM Weight,TATASTEEL Weight,TECHM Weight,TITAN Weight,UPL Weight,WIPRO Weight
0,0.1669392297791231,0.7683113939754809,0.2044796760478238,2.285080760519203,5.94654522653589,3.505568915858098,3.505568915858098,3.912398300971064,6.760203996761821,2.285080760519203,3.0987395307451333,3.0987395307451333,1.8782513754062375,5.539715841422925,2.285080760519203,4.726057071196995,2.285080760519203,3.505568915858098,4.319227686084029,6.353374611648857,5.94654522653589,6.760203996761821,6.353374611648857,2.691910145632168,5.94654522653589,2.285080760519203,4.726057071196995
