,Returns,Standard Deviation,Sharpe Ratio,ADANIPORTS Weight,ASIANPAINT Weight,BAJFINANCE Weight,BAJAJFINSV Weight,BRITANNIA Weight,DIVISLAB Weight,GRASIM Weight,HCLTECH Weight,HDFCBANK Weight,HINDALCO Weight,HINDUNILVR Weight,ICICIBANK Weight,INFY Weight,JSWSTEEL Weight,NESTLEIND Weight,POWERGRID Weight,RELIANCE Weight,TCS Weight,TATACONSUM Weight,TATASTEEL Weight,TECHM Weight,TITAN Weight,UPL Weight,WIPRO Weight
0,0.13039823169502535,0.8029545830531137,0.15014929786120357,3.794971051374865,3.2993768976524627,4.78615935881967,6.272941819986877,7.264130127431681,6.272941819986877,1.3170002827628526,1.8125944364852549,5.281753512542072,1.3170002827628526,1.8125944364852549,1.3170002827628526,2.3081885902076578,4.290565205097268,5.281753512542072,3.2993768976524627,2.3081885902076578,8.255318434876486,5.281753512542072,4.78615935881967,2.8037827439300598,7.264130127431681,3.2993768976524627,6.272941819986877
