,Returns,Standard Deviation,Sharpe Ratio,ADANIPORTS Weight,ASIANPAINT Weight,BAJFINANCE Weight,BAJAJFINSV Weight,BRITANNIA Weight,DIVISLAB Weight,GRASIM Weight,HCLTECH Weight,HDFCBANK Weight,HINDALCO Weight,HINDUNILVR Weight,ICICIBANK Weight,INFY Weight,JSWSTEEL Weight,NESTLEIND Weight,POWERGRID Weight,RELIANCE Weight,TCS Weight,TATACONSUM Weight,TATASTEEL Weight,TECHM Weight,TITAN Weight,UPL Weight,WIPRO Weight
0,0.23741882614800539,0.598626097145355,0.38017664515147254,1.3532444097067717,2.8995528257457974,2.384116687066122,4.961297380464497,6.507605796503524,7.538478073862873,5.476733519144172,3.930425103105147,3.930425103105147,1.8686805483864466,4.445861241784823,3.414988964425472,4.445861241784823,3.414988964425472,7.023041935183199,1.3532444097067717,3.414988964425472,5.476733519144172,8.05391421254255,1.3532444097067717,1.3532444097067717,7.023041935183199,2.384116687066122,5.9921696578238475
