,Returns,Standard Deviation,Sharpe Ratio,ADANIPORTS Weight,ASIANPAINT Weight,BAJFINANCE Weight,BAJAJFINSV Weight,BRITANNIA Weight,DIVISLAB Weight,GRASIM Weight,HCLTECH Weight,HDFCBANK Weight,HINDALCO Weight,HINDUNILVR Weight,ICICIBANK Weight,INFY Weight,JSWSTEEL Weight,NESTLEIND Weight,POWERGRID Weight,RELIANCE Weight,TCS Weight,TATACONSUM Weight,TATASTEEL Weight,TECHM Weight,TITAN Weight,UPL Weight,WIPRO Weight
0,0.28459238088345046,0.6996443711508358,0.3927098214144726,1.563130867942285,5.872431500313675,6.734291626787953,3.286851120890841,3.71778118412798,5.010571373839396,1.1322008047051464,7.165221690025092,1.563130867942285,5.010571373839396,1.563130867942285,4.579641310602258,6.734291626787953,2.855921057653702,4.148711247365119,4.148711247365119,4.579641310602258,5.4415014370765356,7.165221690025092,1.1322008047051464,3.71778118412798,7.165221690025092,1.9940609311794242,3.71778118412798
