,Returns,Standard Deviation,Sharpe Ratio,ADANIPORTS Weight,ASIANPAINT Weight,BAJFINANCE Weight,BAJAJFINSV Weight,BRITANNIA Weight,DIVISLAB Weight,GRASIM Weight,HCLTECH Weight,HDFCBANK Weight,HINDALCO Weight,HINDUNILVR Weight,ICICIBANK Weight,INFY Weight,JSWSTEEL Weight,NESTLEIND Weight,POWERGRID Weight,RELIANCE Weight,TCS Weight,TATACONSUM Weight,TATASTEEL Weight,TECHM Weight,TITAN Weight,UPL Weight,WIPRO Weight
0,0.20246402764819418,0.9568611890240566,0.20131327827132345,2.31768132600724,3.5503382197801923,5.6047663760684445,3.961223851037842,5.6047663760684445,6.837423269841396,1.495910063491939,4.372109482295493,4.782995113553143,3.1394525885225413,3.1394525885225413,1.9067956947495894,6.837423269841396,3.1394525885225413,3.5503382197801923,6.837423269841396,6.426537638583746,6.426537638583746,2.31768132600724,2.31768132600724,6.837423269841396,5.6047663760684445,1.495910063491939,1.495910063491939
