,Returns,Standard Deviation,Sharpe Ratio,ADANIPORTS Weight,ASIANPAINT Weight,BAJFINANCE Weight,BAJAJFINSV Weight,BRITANNIA Weight,DIVISLAB Weight,GRASIM Weight,HCLTECH Weight,HDFCBANK Weight,HINDALCO Weight,HINDUNILVR Weight,ICICIBANK Weight,INFY Weight,JSWSTEEL Weight,NESTLEIND Weight,POWERGRID Weight,RELIANCE Weight,TCS Weight,TATACONSUM Weight,TATASTEEL Weight,TECHM Weight,TITAN Weight,UPL Weight,WIPRO Weight
0,0.24652330604827197,0.530982340404454,0.44575520352111836,4.221436607413757,4.221436607413757,7.288553289250821,2.468798503506864,3.7832770814370345,2.0306389775301406,3.7832770814370345,5.097755659367205,1.1543199255766936,1.1543199255766936,4.6595961333904805,3.7832770814370345,5.974074711320651,2.468798503506864,6.412234237297374,3.3451175554603108,5.097755659367205,5.974074711320651,6.412234237297374,6.850393763274097,3.3451175554603108,6.850393763274097,1.1543199255766936,2.468798503506864
