,Returns,Standard Deviation,Sharpe Ratio,ADANIPORTS Weight,ASIANPAINT Weight,BAJFINANCE Weight,BAJAJFINSV Weight,BRITANNIA Weight,DIVISLAB Weight,GRASIM Weight,HCLTECH Weight,HDFCBANK Weight,HINDALCO Weight,HINDUNILVR Weight,ICICIBANK Weight,INFY Weight,JSWSTEEL Weight,NESTLEIND Weight,POWERGRID Weight,RELIANCE Weight,TCS Weight,TATACONSUM Weight,TATASTEEL Weight,TECHM Weight,TITAN Weight,UPL Weight,WIPRO Weight
0,0.07650703354582802,1.1637226905825209,0.05729188684744944,1.1351056493773755,5.440281058545599,1.5656231902941977,6.731833681296065,3.287693353961487,7.162351222212888,3.71821089487831,7.162351222212888,3.287693353961487,1.1351056493773755,5.009763517628777,3.287693353961487,6.731833681296065,2.8571758130446647,5.440281058545599,4.579245976711954,5.009763517628777,1.1351056493773755,7.162351222212888,2.8571758130446647,2.4266582721278427,4.579245976711954,1.1351056493773755,7.162351222212888
