,Returns,Standard Deviation,Sharpe Ratio,ADANIPORTS Weight,ASIANPAINT Weight,BAJFINANCE Weight,BAJAJFINSV Weight,BRITANNIA Weight,DIVISLAB Weight,GRASIM Weight,HCLTECH Weight,HDFCBANK Weight,HINDALCO Weight,HINDUNILVR Weight,ICICIBANK Weight,INFY Weight,JSWSTEEL Weight,NESTLEIND Weight,POWERGRID Weight,RELIANCE Weight,TCS Weight,TATACONSUM Weight,TATASTEEL Weight,TECHM Weight,TITAN Weight,UPL Weight,WIPRO Weight
0,0.24946672673227957,1.041720208248549,0.23003447566790394,6.894789924509738,3.597489871864876,7.836875653836844,3.597489871864876,2.184361277874219,3.597489871864876,3.1264470072013233,3.597489871864876,5.481661330519083,1.713318413210667,7.836875653836844,7.836875653836844,2.184361277874219,3.597489871864876,7.365832789173292,1.242275548547115,5.01061846585553,4.068532736528426,7.836875653836844,1.713318413210667,3.1264470072013233,4.068532736528426,1.242275548547115,1.242275548547115
