,Returns,Standard Deviation,Sharpe Ratio,ADANIPORTS Weight,ASIANPAINT Weight,BAJFINANCE Weight,BAJAJFINSV Weight,BRITANNIA Weight,DIVISLAB Weight,GRASIM Weight,HCLTECH Weight,HDFCBANK Weight,HINDALCO Weight,HINDUNILVR Weight,ICICIBANK Weight,INFY Weight,JSWSTEEL Weight,NESTLEIND Weight,POWERGRID Weight,RELIANCE Weight,TCS Weight,TATACONSUM Weight,TATASTEEL Weight,TECHM Weight,TITAN Weight,UPL Weight,WIPRO Weight
0,0.18823120194215692,1.189230948073455,0.1500095817351476,3.7189628151788776,3.7189628151788776,5.672579621671043,4.6957712184249605,1.7653460086867123,4.207367016801919,1.2769418070636713,7.137792226540167,5.1841754200480015,2.742154411932795,3.230558613555836,6.160983823294084,5.672579621671043,3.230558613555836,6.160983823294084,2.742154411932795,7.626196428163208,2.742154411932795,2.742154411932795,1.7653460086867123,2.2537502103097538,7.137792226540167,1.2769418070636713,7.137792226540167
