,Returns,Standard Deviation,Sharpe Ratio,ADANIPORTS Weight,ASIANPAINT Weight,BAJFINANCE Weight,BAJAJFINSV Weight,BRITANNIA Weight,DIVISLAB Weight,GRASIM Weight,HCLTECH Weight,HDFCBANK Weight,HINDALCO Weight,HINDUNILVR Weight,ICICIBANK Weight,INFY Weight,JSWSTEEL Weight,NESTLEIND Weight,POWERGRID Weight,RELIANCE Weight,TCS Weight,TATACONSUM Weight,TATASTEEL Weight,TECHM Weight,TITAN Weight,UPL Weight,WIPRO Weight
0,0.23389105521892894,0.5270746624099113,0.42509326735481273,2.7732519626963494,3.6093007850785397,4.44534960746073,5.281398429842921,1.5191787291230638,6.953496074607301,2.7732519626963494,4.44534960746073,2.3552275515052545,1.1011543179319687,5.699422841034015,1.5191787291230638,3.1912763738874443,3.6093007850785397,5.699422841034015,4.863374018651825,6.11744725222511,6.953496074607301,5.281398429842921,2.3552275515052545,4.44534960746073,5.699422841034015,4.863374018651825,4.44534960746073
