,Returns,Standard Deviation,Sharpe Ratio,ADANIPORTS Weight,ASIANPAINT Weight,BAJFINANCE Weight,BAJAJFINSV Weight,BRITANNIA Weight,DIVISLAB Weight,GRASIM Weight,HCLTECH Weight,HDFCBANK Weight,HINDALCO Weight,HINDUNILVR Weight,ICICIBANK Weight,INFY Weight,JSWSTEEL Weight,NESTLEIND Weight,POWERGRID Weight,RELIANCE Weight,TCS Weight,TATACONSUM Weight,TATASTEEL Weight,TECHM Weight,TITAN Weight,UPL Weight,WIPRO Weight
0,0.172894796726123,0.8412689794707596,0.1938257987279391,2.2327266439232907,4.592789044559274,5.772820244877266,4.199445311119944,2.2327266439232907,6.559507711755927,1.446039177044629,6.166163978316597,2.626070377362621,6.166163978316597,4.592789044559274,1.0526954436052982,4.592789044559274,2.2327266439232907,4.592789044559274,2.2327266439232907,6.166163978316597,2.626070377362621,6.559507711755927,3.019414110801952,6.166163978316597,6.166163978316597,2.2327266439232907,5.772820244877266
