,Returns,Standard Deviation,Sharpe Ratio,ADANIPORTS Weight,ASIANPAINT Weight,BAJFINANCE Weight,BAJAJFINSV Weight,BRITANNIA Weight,DIVISLAB Weight,GRASIM Weight,HCLTECH Weight,HDFCBANK Weight,HINDALCO Weight,HINDUNILVR Weight,ICICIBANK Weight,INFY Weight,JSWSTEEL Weight,NESTLEIND Weight,POWERGRID Weight,RELIANCE Weight,TCS Weight,TATACONSUM Weight,TATASTEEL Weight,TECHM Weight,TITAN Weight,UPL Weight,WIPRO Weight
0,0.23426013526906317,0.9716251529733391,0.23097896318052238,1.802328851682957,4.788860828504484,7.277637475855757,5.784371487444992,8.273148134796266,4.29110549903423,2.3000841811532116,4.788860828504484,1.802328851682957,1.304573522212703,2.3000841811532116,2.3000841811532116,3.7933501695639755,1.304573522212703,4.788860828504484,7.277637475855757,6.282126816915247,3.7933501695639755,5.784371487444992,4.29110549903423,1.802328851682957,5.784371487444992,1.304573522212703,6.779882146385502
