,Returns,Standard Deviation,Sharpe Ratio,ADANIPORTS Weight,ASIANPAINT Weight,BAJFINANCE Weight,BAJAJFINSV Weight,BRITANNIA Weight,DIVISLAB Weight,GRASIM Weight,HCLTECH Weight,HDFCBANK Weight,HINDALCO Weight,HINDUNILVR Weight,ICICIBANK Weight,INFY Weight,JSWSTEEL Weight,NESTLEIND Weight,POWERGRID Weight,RELIANCE Weight,TCS Weight,TATACONSUM Weight,TATASTEEL Weight,TECHM Weight,TITAN Weight,UPL Weight,WIPRO Weight
0,0.1816646645575659,1.1470522304650583,0.14980093770685132,2.475242705495857,3.543510470445842,4.077644352920835,4.077644352920835,1.4069749405458714,8.350715412720776,2.475242705495857,4.077644352920835,4.611778235395828,1.941108823020864,7.282447647770791,1.4069749405458714,4.611778235395828,3.0093765879708494,8.88484929519577,4.611778235395828,1.941108823020864,3.543510470445842,1.4069749405458714,3.543510470445842,7.282447647770791,8.350715412720776,1.941108823020864,5.145912117870822
