,Returns,Standard Deviation,Sharpe Ratio,ADANIPORTS Weight,ASIANPAINT Weight,BAJFINANCE Weight,BAJAJFINSV Weight,BRITANNIA Weight,DIVISLAB Weight,GRASIM Weight,HCLTECH Weight,HDFCBANK Weight,HINDALCO Weight,HINDUNILVR Weight,ICICIBANK Weight,INFY Weight,JSWSTEEL Weight,NESTLEIND Weight,POWERGRID Weight,RELIANCE Weight,TCS Weight,TATACONSUM Weight,TATASTEEL Weight,TECHM Weight,TITAN Weight,UPL Weight,WIPRO Weight
0,0.041547192258130444,0.7781860533567515,0.0407512153246308,3.2724526503748277,7.13545720075557,3.7016753781949103,1.5555617390944985,4.1308981060149925,6.706234472935487,1.1263390112744163,4.989343561655157,4.989343561655157,3.2724526503748277,7.13545720075557,4.1308981060149925,3.7016753781949103,1.5555617390944985,6.706234472935487,3.7016753781949103,4.989343561655157,4.989343561655157,3.2724526503748277,2.8432299225547455,6.277011745115405,5.847789017295321,1.5555617390944985,2.414007194734663
