,Returns,Standard Deviation,Sharpe Ratio,ADANIPORTS Weight,ASIANPAINT Weight,BAJFINANCE Weight,BAJAJFINSV Weight,BRITANNIA Weight,DIVISLAB Weight,GRASIM Weight,HCLTECH Weight,HDFCBANK Weight,HINDALCO Weight,HINDUNILVR Weight,ICICIBANK Weight,INFY Weight,JSWSTEEL Weight,NESTLEIND Weight,POWERGRID Weight,RELIANCE Weight,TCS Weight,TATACONSUM Weight,TATASTEEL Weight,TECHM Weight,TITAN Weight,UPL Weight,WIPRO Weight
0,0.25349212710902813,0.5149433157644004,0.473172395513417,3.251567141694453,2.763514061709273,7.155991781575896,6.667938701590717,3.251567141694453,7.155991781575896,1.2993548217537316,1.787407901738912,2.2754609817240925,3.251567141694453,7.644044861561077,1.787407901738912,7.155991781575896,1.787407901738912,5.691832541620355,2.763514061709273,7.155991781575896,5.691832541620355,3.251567141694453,1.787407901738912,2.763514061709273,7.155991781575896,1.787407901738912,4.715726381649995
