,Returns,Standard Deviation,Sharpe Ratio,ADANIPORTS Weight,ASIANPAINT Weight,BAJFINANCE Weight,BAJAJFINSV Weight,BRITANNIA Weight,DIVISLAB Weight,GRASIM Weight,HCLTECH Weight,HDFCBANK Weight,HINDALCO Weight,HINDUNILVR Weight,ICICIBANK Weight,INFY Weight,JSWSTEEL Weight,NESTLEIND Weight,POWERGRID Weight,RELIANCE Weight,TCS Weight,TATACONSUM Weight,TATASTEEL Weight,TECHM Weight,TITAN Weight,UPL Weight,WIPRO Weight
0,0.13094039249561254,1.114995296401966,0.10861501214511686,4.658511804416658,5.0957074824166515,7.281685872416613,5.970098838416636,2.472533414416695,4.658511804416658,4.221316126416666,2.472533414416695,2.0353377364167025,3.7841204484166733,7.281685872416613,1.1609463804167173,1.5981420584167096,1.5981420584167096,6.844490194416621,1.1609463804167173,6.844490194416621,7.281685872416613,6.407294516416629,1.1609463804167173,2.0353377364167025,6.407294516416629,3.3469247704166802,4.221316126416666
