,Returns,Standard Deviation,Sharpe Ratio,ADANIPORTS Weight,ASIANPAINT Weight,BAJFINANCE Weight,BAJAJFINSV Weight,BRITANNIA Weight,DIVISLAB Weight,GRASIM Weight,HCLTECH Weight,HDFCBANK Weight,HINDALCO Weight,HINDUNILVR Weight,ICICIBANK Weight,INFY Weight,JSWSTEEL Weight,NESTLEIND Weight,POWERGRID Weight,RELIANCE Weight,TCS Weight,TATACONSUM Weight,TATASTEEL Weight,TECHM Weight,TITAN Weight,UPL Weight,WIPRO Weight
0,0.14914021318680773,0.7975336260021689,0.17466981179206612,1.5995638058609003,7.200515502164391,4.18461843492405,1.1687213676837087,3.322933558569667,6.338830625810009,2.4612486822152837,6.338830625810009,2.030406244038092,2.8920911203924753,2.4612486822152837,3.753775996746859,5.046303311278433,6.7696730639872,3.753775996746859,2.030406244038092,6.7696730639872,5.907988187632816,6.7696730639872,2.8920911203924753,1.1687213676837087,5.907988187632816,2.4612486822152837,6.7696730639872
