,Returns,Standard Deviation,Sharpe Ratio,ADANIPORTS Weight,ASIANPAINT Weight,BAJFINANCE Weight,BAJAJFINSV Weight,BRITANNIA Weight,DIVISLAB Weight,GRASIM Weight,HCLTECH Weight,HDFCBANK Weight,HINDALCO Weight,HINDUNILVR Weight,ICICIBANK Weight,INFY Weight,JSWSTEEL Weight,NESTLEIND Weight,POWERGRID Weight,RELIANCE Weight,TCS Weight,TATACONSUM Weight,TATASTEEL Weight,TECHM Weight,TITAN Weight,UPL Weight,WIPRO Weight
0,0.003970818132185077,0.9248670150603556,-0.006340745866687719,3.6140166926575743,6.456216558990048,6.456216558990048,5.03511662582381,2.1929167594913377,5.9825165812679675,1.2455168040471798,4.561416648101732,1.719216781769259,3.6140166926575743,6.929916536712125,3.6140166926575743,6.456216558990048,3.1403167149354956,2.666616737213416,1.719216781769259,5.508816603545889,1.719216781769259,7.403616514434204,4.087716670379653,6.929916536712125,5.508816603545889,1.2455168040471798,2.1929167594913377
