,Returns,Standard Deviation,Sharpe Ratio,ADANIPORTS Weight,ASIANPAINT Weight,BAJFINANCE Weight,BAJAJFINSV Weight,BRITANNIA Weight,DIVISLAB Weight,GRASIM Weight,HCLTECH Weight,HDFCBANK Weight,HINDALCO Weight,HINDUNILVR Weight,ICICIBANK Weight,INFY Weight,JSWSTEEL Weight,NESTLEIND Weight,POWERGRID Weight,RELIANCE Weight,TCS Weight,TATACONSUM Weight,TATASTEEL Weight,TECHM Weight,TITAN Weight,UPL Weight,WIPRO Weight
0,-0.009051081450735368,0.9619342746292114,-0.019633614046219657,2.7172582799085347,5.132938924505421,5.616075053424799,1.267849893150403,5.132938924505421,3.683530537747289,4.6498027955860435,1.7509860220697802,1.7509860220697802,1.267849893150403,2.2341221509891573,2.2341221509891573,5.132938924505421,4.6498027955860435,7.548619569102308,5.132938924505421,5.616075053424799,4.6498027955860435,7.548619569102308,4.166666666666666,5.616075053424799,4.166666666666666,1.7509860220697802,6.582347311263553
