,Returns,Standard Deviation,Sharpe Ratio,ADANIPORTS Weight,ASIANPAINT Weight,BAJFINANCE Weight,BAJAJFINSV Weight,BRITANNIA Weight,DIVISLAB Weight,GRASIM Weight,HCLTECH Weight,HDFCBANK Weight,HINDALCO Weight,HINDUNILVR Weight,ICICIBANK Weight,INFY Weight,JSWSTEEL Weight,NESTLEIND Weight,POWERGRID Weight,RELIANCE Weight,TCS Weight,TATACONSUM Weight,TATASTEEL Weight,TECHM Weight,TITAN Weight,UPL Weight,WIPRO Weight
0,0.2254775427755434,0.6097143005673216,0.3536777433951107,3.872977661524461,2.866043929608331,8.404179455147046,5.383378259398657,3.872977661524461,5.8868451253567216,1.859110197692201,1.355643331734136,1.859110197692201,1.355643331734136,3.369510795566396,1.355643331734136,7.900712589188981,1.355643331734136,2.866043929608331,5.383378259398657,7.397245723230917,6.3903119913147854,4.879911393440591,4.376444527482526,3.872977661524461,4.376444527482526,1.355643331734136,8.404179455147046
