,Returns,Standard Deviation,Sharpe Ratio,ADANIPORTS Weight,ASIANPAINT Weight,BAJFINANCE Weight,BAJAJFINSV Weight,BRITANNIA Weight,DIVISLAB Weight,GRASIM Weight,HCLTECH Weight,HDFCBANK Weight,HINDALCO Weight,HINDUNILVR Weight,ICICIBANK Weight,INFY Weight,JSWSTEEL Weight,NESTLEIND Weight,POWERGRID Weight,RELIANCE Weight,TCS Weight,TATACONSUM Weight,TATASTEEL Weight,TECHM Weight,TITAN Weight,UPL Weight,WIPRO Weight
0,0.23279443566129623,0.6758405344959874,0.3298992283622123,1.8432281204738319,2.857092213357978,5.898684492010418,3.8709563062421246,2.350160166915905,7.926412677778711,1.3362960740317584,2.857092213357978,7.419480631336637,2.350160166915905,6.912548584894564,2.350160166915905,8.433344724220785,4.884820399126271,3.8709563062421246,2.350160166915905,4.884820399126271,3.364024259800051,4.377888352684198,4.377888352684198,1.3362960740317584,7.419480631336637,2.857092213357978,3.8709563062421246
