,Returns,Standard Deviation,Sharpe Ratio,ADANIPORTS Weight,ASIANPAINT Weight,BAJFINANCE Weight,BAJAJFINSV Weight,BRITANNIA Weight,DIVISLAB Weight,GRASIM Weight,HCLTECH Weight,HDFCBANK Weight,HINDALCO Weight,HINDUNILVR Weight,ICICIBANK Weight,INFY Weight,JSWSTEEL Weight,NESTLEIND Weight,POWERGRID Weight,RELIANCE Weight,TCS Weight,TATACONSUM Weight,TATASTEEL Weight,TECHM Weight,TITAN Weight,UPL Weight,WIPRO Weight
0,0.3291325307148264,0.8909941555958694,0.35836078595389365,3.4699175822060733,3.992479395551518,6.082726648933299,1.9022321421697364,3.4699175822060733,8.695535715660526,1.9022321421697364,3.4699175822060733,2.424793955515182,1.3796703288242909,3.992479395551518,4.515041208896963,6.605288462278744,5.037603022242409,8.695535715660526,2.947355768860627,6.605288462278744,1.3796703288242909,4.515041208896963,2.947355768860627,1.3796703288242909,8.695535715660526,4.515041208896963,1.3796703288242909
