,Returns,Standard Deviation,Sharpe Ratio,ADANIPORTS Weight,ASIANPAINT Weight,BAJFINANCE Weight,BAJAJFINSV Weight,BRITANNIA Weight,DIVISLAB Weight,GRASIM Weight,HCLTECH Weight,HDFCBANK Weight,HINDALCO Weight,HINDUNILVR Weight,ICICIBANK Weight,INFY Weight,JSWSTEEL Weight,NESTLEIND Weight,POWERGRID Weight,RELIANCE Weight,TCS Weight,TATACONSUM Weight,TATASTEEL Weight,TECHM Weight,TITAN Weight,UPL Weight,WIPRO Weight
0,0.3004632555841134,1.0082488300037187,0.28825036251009256,1.4251303286966301,4.166666666666666,5.341610811510968,2.208426425259498,1.816778376978064,6.51655495635527,2.6000744735409316,5.733258859792401,6.124906908073835,1.0334822804151962,5.733258859792401,3.383370570103798,6.51655495635527,1.0334822804151962,5.733258859792401,4.166666666666666,4.949962763229534,5.733258859792401,5.341610811510968,4.558314714948099,4.949962763229534,6.124906908073835,2.208426425259498,2.6000744735409316
