,Returns,Standard Deviation,Sharpe Ratio,ADANIPORTS Weight,ASIANPAINT Weight,BAJFINANCE Weight,BAJAJFINSV Weight,BRITANNIA Weight,DIVISLAB Weight,GRASIM Weight,HCLTECH Weight,HDFCBANK Weight,HINDALCO Weight,HINDUNILVR Weight,ICICIBANK Weight,INFY Weight,JSWSTEEL Weight,NESTLEIND Weight,POWERGRID Weight,RELIANCE Weight,TCS Weight,TATACONSUM Weight,TATASTEEL Weight,TECHM Weight,TITAN Weight,UPL Weight,WIPRO Weight
0,-0.061454437720060755,0.972662190806429,-0.07329328026631708,3.0047509968453707,6.153167650554691,3.9042986121908907,5.703393842881931,3.0047509968453707,3.9042986121908907,1.2056557661543303,2.5549771891726105,6.153167650554691,1.2056557661543303,5.703393842881931,1.6554295738270906,7.502489073572971,1.2056557661543303,6.153167650554691,2.1052033814998508,3.0047509968453707,3.454524804518131,7.0527152659002095,7.0527152659002095,2.5549771891726105,7.0527152659002095,1.2056557661543303,7.502489073572971
