,Returns,Standard Deviation,Sharpe Ratio,ADANIPORTS Weight,ASIANPAINT Weight,BAJFINANCE Weight,BAJAJFINSV Weight,BRITANNIA Weight,DIVISLAB Weight,GRASIM Weight,HCLTECH Weight,HDFCBANK Weight,HINDALCO Weight,HINDUNILVR Weight,ICICIBANK Weight,INFY Weight,JSWSTEEL Weight,NESTLEIND Weight,POWERGRID Weight,RELIANCE Weight,TCS Weight,TATACONSUM Weight,TATASTEEL Weight,TECHM Weight,TITAN Weight,UPL Weight,WIPRO Weight
0,0.2544014989078722,0.5455697249090686,0.4482769532592188,4.08786526896598,7.39752397239487,6.451907199986616,1.251014951741215,1.7238233379453423,7.39752397239487,2.1966317241494697,1.251014951741215,3.142248496557724,1.7238233379453423,6.924715586190744,1.251014951741215,2.1966317241494697,2.1966317241494697,2.1966317241494697,2.1966317241494697,7.39752397239487,5.506290427578361,4.08786526896598,7.39752397239487,7.39752397239487,6.924715586190744,1.251014951741215,6.451907199986616
