,Returns,Standard Deviation,Sharpe Ratio,ADANIPORTS Weight,ASIANPAINT Weight,BAJFINANCE Weight,BAJAJFINSV Weight,BRITANNIA Weight,DIVISLAB Weight,GRASIM Weight,HCLTECH Weight,HDFCBANK Weight,HINDALCO Weight,HINDUNILVR Weight,ICICIBANK Weight,INFY Weight,JSWSTEEL Weight,NESTLEIND Weight,POWERGRID Weight,RELIANCE Weight,TCS Weight,TATACONSUM Weight,TATASTEEL Weight,TECHM Weight,TITAN Weight,UPL Weight,WIPRO Weight
0,-0.031548953522896606,1.0318477983045877,-0.04010680492419426,2.927878248452036,5.590348878644676,7.365329298773101,4.259113563548356,1.1528978283236098,5.14660377361257,2.48413314341993,4.259113563548356,1.5966429333557166,3.815368458516249,5.14660377361257,3.815368458516249,4.259113563548356,2.927878248452036,6.921584193740996,2.040388038387823,4.702858668580463,7.365329298773101,2.040388038387823,2.927878248452036,7.365329298773101,6.4778390887088895,1.5966429333557166,3.815368458516249
