,Returns,Standard Deviation,Sharpe Ratio,ADANIPORTS Weight,ASIANPAINT Weight,BAJFINANCE Weight,BAJAJFINSV Weight,BRITANNIA Weight,DIVISLAB Weight,GRASIM Weight,HCLTECH Weight,HDFCBANK Weight,HINDALCO Weight,HINDUNILVR Weight,ICICIBANK Weight,INFY Weight,JSWSTEEL Weight,NESTLEIND Weight,POWERGRID Weight,RELIANCE Weight,TCS Weight,TATACONSUM Weight,TATASTEEL Weight,TECHM Weight,TITAN Weight,UPL Weight,WIPRO Weight
0,0.18752989714523888,0.8176201746925581,0.21733163858987564,2.4696829948353782,4.659339345585427,2.907614264985388,6.411064426185467,2.031751724685368,5.535201885885447,1.1558891843853487,3.783476805285408,3.783476805285408,2.031751724685368,6.848995696335476,2.907614264985388,2.031751724685368,3.783476805285408,5.973133156035456,1.5938204545353583,3.783476805285408,5.097270615735437,6.411064426185467,5.097270615735437,6.848995696335476,6.848995696335476,1.1558891843853487,6.848995696335476
