,Returns,Standard Deviation,Sharpe Ratio,ADANIPORTS Weight,ASIANPAINT Weight,BAJFINANCE Weight,BAJAJFINSV Weight,BRITANNIA Weight,DIVISLAB Weight,GRASIM Weight,HCLTECH Weight,HDFCBANK Weight,HINDALCO Weight,HINDUNILVR Weight,ICICIBANK Weight,INFY Weight,JSWSTEEL Weight,NESTLEIND Weight,POWERGRID Weight,RELIANCE Weight,TCS Weight,TATACONSUM Weight,TATASTEEL Weight,TECHM Weight,TITAN Weight,UPL Weight,WIPRO Weight
0,0.27624647054122575,1.1374355630592854,0.23422100939899576,4.2671257260706765,2.2579445379905043,6.2763069141508465,5.874470676534813,2.2579445379905043,6.2763069141508465,1.052435825142402,5.874470676534813,5.874470676534813,1.4542720627584362,5.874470676534813,5.070798201302744,5.472634438918779,5.070798201302744,3.463453250838608,3.0616170132225733,6.678143151766881,2.2579445379905043,4.66896196368671,3.8652894884546414,1.85610830037447,3.0616170132225733,1.4542720627584362,6.678143151766881
