,Returns,Standard Deviation,Sharpe Ratio,ADANIPORTS Weight,ASIANPAINT Weight,BAJFINANCE Weight,BAJAJFINSV Weight,BRITANNIA Weight,DIVISLAB Weight,GRASIM Weight,HCLTECH Weight,HDFCBANK Weight,HINDALCO Weight,HINDUNILVR Weight,ICICIBANK Weight,INFY Weight,JSWSTEEL Weight,NESTLEIND Weight,POWERGRID Weight,RELIANCE Weight,TCS Weight,TATACONSUM Weight,TATASTEEL Weight,TECHM Weight,TITAN Weight,UPL Weight,WIPRO Weight
0,0.0848197938117921,0.8166602721121152,0.09181863197862647,1.6720036483067597,3.500153646494174,4.414228645587879,4.871266145134733,5.78534114422844,7.613491142415854,3.043116146947319,1.214966148759906,1.214966148759906,2.1290411478536124,2.5860786474004662,1.6720036483067597,7.156453642869,4.414228645587879,5.328303644681586,3.043116146947319,2.1290411478536124,6.6994161433221455,7.613491142415854,5.328303644681586,6.6994161433221455,5.328303644681586,3.043116146947319,3.500153646494174
