,Returns,Standard Deviation,Sharpe Ratio,ADANIPORTS Weight,ASIANPAINT Weight,BAJFINANCE Weight,BAJAJFINSV Weight,BRITANNIA Weight,DIVISLAB Weight,GRASIM Weight,HCLTECH Weight,HDFCBANK Weight,HINDALCO Weight,HINDUNILVR Weight,ICICIBANK Weight,INFY Weight,JSWSTEEL Weight,NESTLEIND Weight,POWERGRID Weight,RELIANCE Weight,TCS Weight,TATACONSUM Weight,TATASTEEL Weight,TECHM Weight,TITAN Weight,UPL Weight,WIPRO Weight
0,0.22329073989133694,1.156434809831844,0.1845807245176323,5.327233162589904,1.2176862262059818,6.240465815119665,4.8706168363250235,3.5007678575303824,6.697082141384544,2.587535205000622,1.674302552470862,1.2176862262059818,4.8706168363250235,6.697082141384544,4.8706168363250235,1.674302552470862,3.0441515312655025,7.153698467649424,5.783849488854784,6.240465815119665,3.0441515312655025,7.153698467649424,1.674302552470862,5.783849488854784,5.327233162589904,1.2176862262059818,2.130918878735742
