,Returns,Standard Deviation,Sharpe Ratio,ADANIPORTS Weight,ASIANPAINT Weight,BAJFINANCE Weight,BAJAJFINSV Weight,BRITANNIA Weight,DIVISLAB Weight,GRASIM Weight,HCLTECH Weight,HDFCBANK Weight,HINDALCO Weight,HINDUNILVR Weight,ICICIBANK Weight,INFY Weight,JSWSTEEL Weight,NESTLEIND Weight,POWERGRID Weight,RELIANCE Weight,TCS Weight,TATACONSUM Weight,TATASTEEL Weight,TECHM Weight,TITAN Weight,UPL Weight,WIPRO Weight
0,0.20948912397704933,0.6016412011825062,0.3318488806110205,3.0861491213766286,2.275760962409099,5.517313598279216,6.3277017572467456,1.4653728034415694,3.8965372803441576,1.4653728034415694,5.112119518795452,6.73289583673051,3.0861491213766286,6.73289583673051,1.4653728034415694,5.922507677762981,5.517313598279216,3.8965372803441576,5.517313598279216,6.3277017572467456,5.517313598279216,6.73289583673051,5.922507677762981,1.4653728034415694,3.0861491213766286,1.0601787239578049,1.8705668829253341
