,Returns,Standard Deviation,Sharpe Ratio,ADANIPORTS Weight,ASIANPAINT Weight,BAJFINANCE Weight,BAJAJFINSV Weight,BRITANNIA Weight,DIVISLAB Weight,GRASIM Weight,HCLTECH Weight,HDFCBANK Weight,HINDALCO Weight,HINDUNILVR Weight,ICICIBANK Weight,INFY Weight,JSWSTEEL Weight,NESTLEIND Weight,POWERGRID Weight,RELIANCE Weight,TCS Weight,TATACONSUM Weight,TATASTEEL Weight,TECHM Weight,TITAN Weight,UPL Weight,WIPRO Weight
0,0.13931406230042223,1.1903353986070162,0.10877513818103654,3.3729671467234588,6.916927793911738,5.587942551216133,6.916927793911738,4.701952389419064,6.4739327130132045,1.1579917422307842,5.144947470317599,6.030937632114668,5.587942551216133,2.9299720658249235,1.1579917422307842,2.9299720658249235,2.0439819040278544,6.030937632114668,3.3729671467234588,5.144947470317599,3.815962227621994,2.9299720658249235,4.258957308520528,3.3729671467234588,6.916927793911738,1.600986823129319,1.600986823129319
