,Returns,Standard Deviation,Sharpe Ratio,ADANIPORTS Weight,ASIANPAINT Weight,BAJFINANCE Weight,BAJAJFINSV Weight,BRITANNIA Weight,DIVISLAB Weight,GRASIM Weight,HCLTECH Weight,HDFCBANK Weight,HINDALCO Weight,HINDUNILVR Weight,ICICIBANK Weight,INFY Weight,JSWSTEEL Weight,NESTLEIND Weight,POWERGRID Weight,RELIANCE Weight,TCS Weight,TATACONSUM Weight,TATASTEEL Weight,TECHM Weight,TITAN Weight,UPL Weight,WIPRO Weight
0,0.3126094826222831,0.8568054987806079,0.3533757874080196,1.5614522200127259,4.148699670482846,5.442323395717905,4.148699670482846,6.735947120952966,2.4238680368360987,1.9926601284244123,7.167155029364652,2.4238680368360987,1.9926601284244123,5.011115487306219,1.5614522200127259,1.1302443116010392,3.2862838536594725,6.735947120952966,6.735947120952966,6.735947120952966,5.011115487306219,1.9926601284244123,4.579907578894532,3.2862838536594725,6.735947120952966,1.9926601284244123,7.167155029364652
