,Returns,Standard Deviation,Sharpe Ratio,ADANIPORTS Weight,ASIANPAINT Weight,BAJFINANCE Weight,BAJAJFINSV Weight,BRITANNIA Weight,DIVISLAB Weight,GRASIM Weight,HCLTECH Weight,HDFCBANK Weight,HINDALCO Weight,HINDUNILVR Weight,ICICIBANK Weight,INFY Weight,JSWSTEEL Weight,NESTLEIND Weight,POWERGRID Weight,RELIANCE Weight,TCS Weight,TATACONSUM Weight,TATASTEEL Weight,TECHM Weight,TITAN Weight,UPL Weight,WIPRO Weight
0,0.3065286080889703,1.0295037837703962,0.28819072637811227,1.7429038742911998,7.511859942093964,7.992606281077527,3.6658892302254547,1.2621575353076362,7.0311136031104,2.7043965522583275,4.627381908192582,6.550367264126837,3.1851428912418913,3.1851428912418913,1.2621575353076362,1.2621575353076362,1.7429038742911998,7.511859942093964,1.2621575353076362,1.7429038742911998,7.0311136031104,4.627381908192582,1.7429038742911998,7.0311136031104,4.146635569209018,6.069620925143273,5.108128247176145
