,Returns,Standard Deviation,Sharpe Ratio,ADANIPORTS Weight,ASIANPAINT Weight,BAJFINANCE Weight,BAJAJFINSV Weight,BRITANNIA Weight,DIVISLAB Weight,GRASIM Weight,HCLTECH Weight,HDFCBANK Weight,HINDALCO Weight,HINDUNILVR Weight,ICICIBANK Weight,INFY Weight,JSWSTEEL Weight,NESTLEIND Weight,POWERGRID Weight,RELIANCE Weight,TCS Weight,TATACONSUM Weight,TATASTEEL Weight,TECHM Weight,TITAN Weight,UPL Weight,WIPRO Weight
0,0.09343146168264142,1.314975977303801,0.06357248975671835,1.3232939085260367,4.953131472109817,4.590147715751439,5.679098984826574,5.679098984826574,4.590147715751439,2.412245177601171,4.590147715751439,1.6862776648844144,3.138212690317927,4.227163959393061,5.316115228468195,6.042082741184952,4.227163959393061,3.501196446676305,5.679098984826574,5.679098984826574,5.679098984826574,4.590147715751439,0.9603101521676588,2.412245177601171,5.679098984826574,1.3232939085260367,6.042082741184952
