,Returns,Standard Deviation,Sharpe Ratio,ADANIPORTS Weight,ASIANPAINT Weight,BAJFINANCE Weight,BAJAJFINSV Weight,BRITANNIA Weight,DIVISLAB Weight,GRASIM Weight,HCLTECH Weight,HDFCBANK Weight,HINDALCO Weight,HINDUNILVR Weight,ICICIBANK Weight,INFY Weight,JSWSTEEL Weight,NESTLEIND Weight,POWERGRID Weight,RELIANCE Weight,TCS Weight,TATACONSUM Weight,TATASTEEL Weight,TECHM Weight,TITAN Weight,UPL Weight,WIPRO Weight
0,0.20272577060483826,0.5343503599536455,0.3609815211622699,2.5077796435893784,4.2971409269087015,5.191821568568363,6.981182851887686,5.191821568568363,4.744481247738532,3.8498006060788703,1.1657586810998857,5.639161889398194,1.6130990019297167,6.981182851887686,3.40246028524904,6.533842531057854,3.8498006060788703,5.191821568568363,2.060439322759547,6.086502210228025,1.1657586810998857,5.191821568568363,3.40246028524904,1.6130990019297167,3.8498006060788703,2.5077796435893784,6.981182851887686
