,Returns,Standard Deviation,Sharpe Ratio,ADANIPORTS Weight,ASIANPAINT Weight,BAJFINANCE Weight,BAJAJFINSV Weight,BRITANNIA Weight,DIVISLAB Weight,GRASIM Weight,HCLTECH Weight,HDFCBANK Weight,HINDALCO Weight,HINDUNILVR Weight,ICICIBANK Weight,INFY Weight,JSWSTEEL Weight,NESTLEIND Weight,POWERGRID Weight,RELIANCE Weight,TCS Weight,TATACONSUM Weight,TATASTEEL Weight,TECHM Weight,TITAN Weight,UPL Weight,WIPRO Weight
0,0.2516809627458068,0.5570360546024533,0.43416542953084614,2.6604489059606653,2.6604489059606653,4.267081184047065,2.2587908364390654,5.873713462133465,5.873713462133465,1.0538166278742653,5.472055392611865,1.8571327669174655,3.463765045003865,6.677029601176665,5.873713462133465,6.2753715316550664,2.2587908364390654,6.2753715316550664,1.8571327669174655,4.267081184047065,6.677029601176665,4.668739253568666,1.8571327669174655,4.668739253568666,6.677029601176665,3.062106975482265,3.463765045003865
