,Returns,Standard Deviation,Sharpe Ratio,ADANIPORTS Weight,ASIANPAINT Weight,BAJFINANCE Weight,BAJAJFINSV Weight,BRITANNIA Weight,DIVISLAB Weight,GRASIM Weight,HCLTECH Weight,HDFCBANK Weight,HINDALCO Weight,HINDUNILVR Weight,ICICIBANK Weight,INFY Weight,JSWSTEEL Weight,NESTLEIND Weight,POWERGRID Weight,RELIANCE Weight,TCS Weight,TATACONSUM Weight,TATASTEEL Weight,TECHM Weight,TITAN Weight,UPL Weight,WIPRO Weight
0,-0.036126887418386655,0.8768231934621087,-0.05241883722540661,1.20041089223075,5.793323059099266,3.0375757589781562,1.6597021089176014,3.95615819235186,7.630487925846673,2.118993325604453,2.5782845422913043,7.171196709159822,3.95615819235186,1.6597021089176014,3.95615819235186,3.0375757589781562,1.20041089223075,7.171196709159822,7.630487925846673,3.496866975665008,7.171196709159822,6.711905492472971,2.5782845422913043,2.118993325604453,5.793323059099266,1.20041089223075,7.171196709159822
