,Returns,Standard Deviation,Sharpe Ratio,ADANIPORTS Weight,ASIANPAINT Weight,BAJFINANCE Weight,BAJAJFINSV Weight,BRITANNIA Weight,DIVISLAB Weight,GRASIM Weight,HCLTECH Weight,HDFCBANK Weight,HINDALCO Weight,HINDUNILVR Weight,ICICIBANK Weight,INFY Weight,JSWSTEEL Weight,NESTLEIND Weight,POWERGRID Weight,RELIANCE Weight,TCS Weight,TATACONSUM Weight,TATASTEEL Weight,TECHM Weight,TITAN Weight,UPL Weight,WIPRO Weight
0,0.30157474072441265,0.9496707270771043,0.3072007671408001,2.667971316450658,4.561060179881406,7.873965690885215,2.667971316450658,3.614515748166032,5.034332395739093,2.667971316450658,1.7214268847352843,6.454149043312155,3.614515748166032,6.454149043312155,1.248154668877597,5.50760461159678,3.141243532308345,6.454149043312155,3.614515748166032,6.454149043312155,1.7214268847352843,4.087787964023719,3.614515748166032,5.980876827454468,6.927421259169842,1.7214268847352843,2.1946991005929712
