,Returns,Standard Deviation,Sharpe Ratio,ADANIPORTS Weight,ASIANPAINT Weight,BAJFINANCE Weight,BAJAJFINSV Weight,BRITANNIA Weight,DIVISLAB Weight,GRASIM Weight,HCLTECH Weight,HDFCBANK Weight,HINDALCO Weight,HINDUNILVR Weight,ICICIBANK Weight,INFY Weight,JSWSTEEL Weight,NESTLEIND Weight,POWERGRID Weight,RELIANCE Weight,TCS Weight,TATACONSUM Weight,TATASTEEL Weight,TECHM Weight,TITAN Weight,UPL Weight,WIPRO Weight
0,0.3027949753556434,1.0633753169686024,0.2754999160180136,1.127832956289449,6.737987498524312,6.30643714912163,5.874886799718947,1.5593833056921307,5.011786100913584,1.990933655094812,4.148685402108221,4.580235751510902,1.127832956289449,5.443336450316266,4.580235751510902,4.580235751510902,5.874886799718947,3.2855847033028573,3.7171350527055385,3.7171350527055385,5.443336450316266,6.737987498524312,2.8540343539001753,5.011786100913584,2.4224840044974942,1.127832956289449,6.737987498524312
