,Returns,Standard Deviation,Sharpe Ratio,ADANIPORTS Weight,ASIANPAINT Weight,BAJFINANCE Weight,BAJAJFINSV Weight,BRITANNIA Weight,DIVISLAB Weight,GRASIM Weight,HCLTECH Weight,HDFCBANK Weight,HINDALCO Weight,HINDUNILVR Weight,ICICIBANK Weight,INFY Weight,JSWSTEEL Weight,NESTLEIND Weight,POWERGRID Weight,RELIANCE Weight,TCS Weight,TATACONSUM Weight,TATASTEEL Weight,TECHM Weight,TITAN Weight,UPL Weight,WIPRO Weight
0,0.3522406304709949,1.0416374128825518,0.3287184786194286,3.127549991908608,5.344332231392467,5.898527791263431,7.561114470876326,4.790136671521502,3.681745551779572,1.464963312295713,3.127549991908608,2.019158872166678,3.681745551779572,7.0069189110053625,1.464963312295713,5.344332231392467,2.019158872166678,8.115310030747292,2.5733544320376427,6.452723351134397,4.235941111650536,2.5733544320376427,1.464963312295713,2.5733544320376427,6.452723351134397,3.127549991908608,5.898527791263431
