,Returns,Standard Deviation,Sharpe Ratio,ADANIPORTS Weight,ASIANPAINT Weight,BAJFINANCE Weight,BAJAJFINSV Weight,BRITANNIA Weight,DIVISLAB Weight,GRASIM Weight,HCLTECH Weight,HDFCBANK Weight,HINDALCO Weight,HINDUNILVR Weight,ICICIBANK Weight,INFY Weight,JSWSTEEL Weight,NESTLEIND Weight,POWERGRID Weight,RELIANCE Weight,TCS Weight,TATACONSUM Weight,TATASTEEL Weight,TECHM Weight,TITAN Weight,UPL Weight,WIPRO Weight
0,0.24704010395710224,1.0014992165348076,0.2368498499106846,2.1305852653212054,6.279581328440257,5.818581765871473,2.5915848278899882,1.208586140183638,3.513583953027556,1.208586140183638,3.052584390458772,5.818581765871473,2.1305852653212054,7.662580016146607,3.513583953027556,7.662580016146607,2.1305852653212054,5.818581765871473,7.662580016146607,4.435583078165122,4.8965826407339055,6.74058089100904,1.208586140183638,4.8965826407339055,2.5915848278899882,1.6695857027524217,5.357582203302689
