,Returns,Standard Deviation,Sharpe Ratio,ADANIPORTS Weight,ASIANPAINT Weight,BAJFINANCE Weight,BAJAJFINSV Weight,BRITANNIA Weight,DIVISLAB Weight,GRASIM Weight,HCLTECH Weight,HDFCBANK Weight,HINDALCO Weight,HINDUNILVR Weight,ICICIBANK Weight,INFY Weight,JSWSTEEL Weight,NESTLEIND Weight,POWERGRID Weight,RELIANCE Weight,TCS Weight,TATACONSUM Weight,TATASTEEL Weight,TECHM Weight,TITAN Weight,UPL Weight,WIPRO Weight
0,0.19010000940342053,1.2214172400298513,0.1475866220488668,2.566909348821098,2.566909348821098,7.1376445426655835,6.680571023281134,3.0239828682055463,5.766423984512238,3.0239828682055463,1.1956887906677518,3.0239828682055463,2.109835829436649,2.109835829436649,2.109835829436649,3.0239828682055463,5.309350465127789,6.223497503896686,7.1376445426655835,5.766423984512238,5.309350465127789,3.4810563875899945,3.4810563875899945,6.680571023281134,7.1376445426655835,1.6527623100522006,3.4810563875899945
