,Returns,Standard Deviation,Sharpe Ratio,ADANIPORTS Weight,ASIANPAINT Weight,BAJFINANCE Weight,BAJAJFINSV Weight,BRITANNIA Weight,DIVISLAB Weight,GRASIM Weight,HCLTECH Weight,HDFCBANK Weight,HINDALCO Weight,HINDUNILVR Weight,ICICIBANK Weight,INFY Weight,JSWSTEEL Weight,NESTLEIND Weight,POWERGRID Weight,RELIANCE Weight,TCS Weight,TATACONSUM Weight,TATASTEEL Weight,TECHM Weight,TITAN Weight,UPL Weight,WIPRO Weight
0,0.2040158674698307,0.6599876014043693,0.29421871292956736,3.057754717994686,6.316597995724588,5.230316903147954,2.514614171706369,3.057754717994686,5.773457449436271,1.428333079129735,4.687176356859637,6.316597995724588,1.428333079129735,5.773457449436271,1.971473625418052,4.14403581057132,4.687176356859637,5.773457449436271,5.230316903147954,5.230316903147954,6.859738542012906,2.514614171706369,3.057754717994686,3.600895264283003,4.687176356859637,2.514614171706369,4.14403581057132
