,Returns,Standard Deviation,Sharpe Ratio,ADANIPORTS Weight,ASIANPAINT Weight,BAJFINANCE Weight,BAJAJFINSV Weight,BRITANNIA Weight,DIVISLAB Weight,GRASIM Weight,HCLTECH Weight,HDFCBANK Weight,HINDALCO Weight,HINDUNILVR Weight,ICICIBANK Weight,INFY Weight,JSWSTEEL Weight,NESTLEIND Weight,POWERGRID Weight,RELIANCE Weight,TCS Weight,TATACONSUM Weight,TATASTEEL Weight,TECHM Weight,TITAN Weight,UPL Weight,WIPRO Weight
0,0.15706691556794886,1.1929360929093307,0.12341964637327342,5.426939509546335,6.222901305049284,6.620882202800757,3.039054123037488,3.4370350207889615,2.6410732252860134,3.039054123037488,3.039054123037488,6.222901305049284,1.44713053203159,6.222901305049284,1.44713053203159,4.630977714043386,2.243092327534539,3.8350159185404373,6.222901305049284,5.02895861179486,4.232996816291911,6.222901305049284,2.243092327534539,2.6410732252860134,5.426939509546335,2.243092327534539,6.222901305049284
