,Returns,Standard Deviation,Sharpe Ratio,ADANIPORTS Weight,ASIANPAINT Weight,BAJFINANCE Weight,BAJAJFINSV Weight,BRITANNIA Weight,DIVISLAB Weight,GRASIM Weight,HCLTECH Weight,HDFCBANK Weight,HINDALCO Weight,HINDUNILVR Weight,ICICIBANK Weight,INFY Weight,JSWSTEEL Weight,NESTLEIND Weight,POWERGRID Weight,RELIANCE Weight,TCS Weight,TATACONSUM Weight,TATASTEEL Weight,TECHM Weight,TITAN Weight,UPL Weight,WIPRO Weight
0,0.13806021598697307,1.2454089471610874,0.10295819011425728,2.9286292299936427,1.7858254422954676,5.976105997188776,6.357040593088168,5.5951714012893845,5.976105997188776,2.1667600381948593,4.45236761359121,5.5951714012893845,1.023956250496684,4.833302209490602,4.45236761359121,3.3095638258930347,1.7858254422954676,2.9286292299936427,1.7858254422954676,5.214236805389993,5.976105997188776,5.976105997188776,5.214236805389993,4.45236761359121,5.976105997188776,2.547694634094251,3.6904984217924266
