,Returns,Standard Deviation,Sharpe Ratio,ADANIPORTS Weight,ASIANPAINT Weight,BAJFINANCE Weight,BAJAJFINSV Weight,BRITANNIA Weight,DIVISLAB Weight,GRASIM Weight,HCLTECH Weight,HDFCBANK Weight,HINDALCO Weight,HINDUNILVR Weight,ICICIBANK Weight,INFY Weight,JSWSTEEL Weight,NESTLEIND Weight,POWERGRID Weight,RELIANCE Weight,TCS Weight,TATACONSUM Weight,TATASTEEL Weight,TECHM Weight,TITAN Weight,UPL Weight,WIPRO Weight
0,0.16808580283610425,1.1540556695762278,0.13712565361690865,4.062071658542003,6.153971821035286,6.990731886032599,3.643691626043345,5.317211756037973,5.735591788536629,1.1334114310514047,4.898831723539317,3.643691626043345,1.9701714960487184,2.3885515285473753,1.5517914635500616,6.572351853533943,4.480451691040659,4.898831723539317,1.9701714960487184,4.480451691040659,4.898831723539317,5.735591788536629,1.1334114310514047,4.062071658542003,6.153971821035286,4.480451691040659,3.643691626043345
