,Returns,Standard Deviation,Sharpe Ratio,ADANIPORTS Weight,ASIANPAINT Weight,BAJFINANCE Weight,BAJAJFINSV Weight,BRITANNIA Weight,DIVISLAB Weight,GRASIM Weight,HCLTECH Weight,HDFCBANK Weight,HINDALCO Weight,HINDUNILVR Weight,ICICIBANK Weight,INFY Weight,JSWSTEEL Weight,NESTLEIND Weight,POWERGRID Weight,RELIANCE Weight,TCS Weight,TATACONSUM Weight,TATASTEEL Weight,TECHM Weight,TITAN Weight,UPL Weight,WIPRO Weight
0,0.048141228334309116,0.8679723685166331,0.04413281446344823,4.248776445460164,7.697387154787101,3.7561177726991737,4.741435118221156,2.7708004271771913,4.741435118221156,1.2928244088942182,3.2634590999381827,1.2928244088942182,1.2928244088942182,2.2781417544162004,1.2928244088942182,6.219411136504129,4.741435118221156,7.204728482026111,2.2781417544162004,3.2634590999381827,1.7854830816552092,8.190045827548092,5.7267524637431375,4.741435118221156,6.219411136504129,4.248776445460164,6.71206980926512
