,Returns,Standard Deviation,Sharpe Ratio,ADANIPORTS Weight,ASIANPAINT Weight,BAJFINANCE Weight,BAJAJFINSV Weight,BRITANNIA Weight,DIVISLAB Weight,GRASIM Weight,HCLTECH Weight,HDFCBANK Weight,HINDALCO Weight,HINDUNILVR Weight,ICICIBANK Weight,INFY Weight,JSWSTEEL Weight,NESTLEIND Weight,POWERGRID Weight,RELIANCE Weight,TCS Weight,TATACONSUM Weight,TATASTEEL Weight,TECHM Weight,TITAN Weight,UPL Weight,WIPRO Weight
0,0.2613143499623107,1.0918916342277678,0.23031514963937116,1.667388723168422,5.820035152365507,6.2814403111651815,7.204250628764535,3.05160419956745,6.742845469964859,2.590199040767774,5.820035152365507,1.2059835643687458,6.742845469964859,1.2059835643687458,1.667388723168422,5.820035152365507,1.2059835643687458,3.05160419956745,3.974414517166802,3.974414517166802,7.204250628764535,7.665655787564211,3.05160419956745,3.974414517166802,4.8972248347661544,1.667388723168422,3.513009358367126
