,Returns,Standard Deviation,Sharpe Ratio,ADANIPORTS Weight,ASIANPAINT Weight,BAJFINANCE Weight,BAJAJFINSV Weight,BRITANNIA Weight,DIVISLAB Weight,GRASIM Weight,HCLTECH Weight,HDFCBANK Weight,HINDALCO Weight,HINDUNILVR Weight,ICICIBANK Weight,INFY Weight,JSWSTEEL Weight,NESTLEIND Weight,POWERGRID Weight,RELIANCE Weight,TCS Weight,TATACONSUM Weight,TATASTEEL Weight,TECHM Weight,TITAN Weight,UPL Weight,WIPRO Weight
0,0.14844228633883455,1.1992768212206442,0.11557558609578818,4.7605811373009965,7.433196255155485,2.08796601944651,2.5334018724222576,5.206016990276744,3.869709431349501,2.08796601944651,5.206016990276744,3.869709431349501,4.315145284325249,7.433196255155485,2.5334018724222576,4.7605811373009965,3.424273578373753,5.651452843252492,3.424273578373753,5.651452843252492,6.542324549203987,5.206016990276744,2.08796601944651,1.6425301664707619,6.096888696228239,1.1970943134950147,2.978837725398005
