,Returns,Standard Deviation,Sharpe Ratio,ADANIPORTS Weight,ASIANPAINT Weight,BAJFINANCE Weight,BAJAJFINSV Weight,BRITANNIA Weight,DIVISLAB Weight,GRASIM Weight,HCLTECH Weight,HDFCBANK Weight,HINDALCO Weight,HINDUNILVR Weight,ICICIBANK Weight,INFY Weight,JSWSTEEL Weight,NESTLEIND Weight,POWERGRID Weight,RELIANCE Weight,TCS Weight,TATACONSUM Weight,TATASTEEL Weight,TECHM Weight,TITAN Weight,UPL Weight,WIPRO Weight
0,-0.011371126941623325,0.8556146542868253,-0.024784862753974332,5.010521088898998,5.804737015705899,4.613413125495549,5.804737015705899,3.8191971986886473,5.010521088898998,1.8336573816713955,2.6278733084782964,2.230765345074846,1.8336573816713955,6.598952942512799,3.024981271881747,5.804737015705899,5.010521088898998,4.216305162092097,4.216305162092097,3.422089235285198,5.407629052302449,5.804737015705899,1.4365494182679455,6.201844979109349,5.010521088898998,1.8336573816713955,3.422089235285198
