,Returns,Standard Deviation,Sharpe Ratio,ADANIPORTS Weight,ASIANPAINT Weight,BAJFINANCE Weight,BAJAJFINSV Weight,BRITANNIA Weight,DIVISLAB Weight,GRASIM Weight,HCLTECH Weight,HDFCBANK Weight,HINDALCO Weight,HINDUNILVR Weight,ICICIBANK Weight,INFY Weight,JSWSTEEL Weight,NESTLEIND Weight,POWERGRID Weight,RELIANCE Weight,TCS Weight,TATACONSUM Weight,TATASTEEL Weight,TECHM Weight,TITAN Weight,UPL Weight,WIPRO Weight
0,0.20933018686549348,1.0419486922552226,0.19146338347863953,3.1903976762539643,1.9351946885804894,5.700803651600915,4.864001659818599,3.1903976762539643,6.537605643383232,2.3535956844716477,3.1903976762539643,3.608798672145123,1.9351946885804894,4.44560066392744,4.864001659818599,4.027199668036282,1.9351946885804894,6.119204647492073,6.9560066392743884,6.9560066392743884,5.700803651600915,5.700803651600915,5.282402655709757,1.5167936926893308,6.119204647492073,2.3535956844716477,1.5167936926893308
