,Returns,Standard Deviation,Sharpe Ratio,ADANIPORTS Weight,ASIANPAINT Weight,BAJFINANCE Weight,BAJAJFINSV Weight,BRITANNIA Weight,DIVISLAB Weight,GRASIM Weight,HCLTECH Weight,HDFCBANK Weight,HINDALCO Weight,HINDUNILVR Weight,ICICIBANK Weight,INFY Weight,JSWSTEEL Weight,NESTLEIND Weight,POWERGRID Weight,RELIANCE Weight,TCS Weight,TATACONSUM Weight,TATASTEEL Weight,TECHM Weight,TITAN Weight,UPL Weight,WIPRO Weight
0,0.14646772883291542,1.1708245478606962,0.11669772746685442,2.6823373641913353,4.706422776657697,6.730508189124058,3.8967886116711523,6.730508189124058,5.1112398591509685,1.0630690342182465,4.706422776657697,5.920874024137513,1.0630690342182465,4.301605694164425,1.0630690342182465,3.49197152917788,2.277520281698063,4.301605694164425,5.516056941644241,5.920874024137513,5.516056941644241,5.920874024137513,3.49197152917788,1.8727031992047911,5.516056941644241,3.0871544466846075,5.1112398591509685
