,Returns,Standard Deviation,Sharpe Ratio,ADANIPORTS Weight,ASIANPAINT Weight,BAJFINANCE Weight,BAJAJFINSV Weight,BRITANNIA Weight,DIVISLAB Weight,GRASIM Weight,HCLTECH Weight,HDFCBANK Weight,HINDALCO Weight,HINDUNILVR Weight,ICICIBANK Weight,INFY Weight,JSWSTEEL Weight,NESTLEIND Weight,POWERGRID Weight,RELIANCE Weight,TCS Weight,TATACONSUM Weight,TATASTEEL Weight,TECHM Weight,TITAN Weight,UPL Weight,WIPRO Weight
0,0.24531228946355013,0.6076217379420938,0.3875390064646209,4.1486812835494264,6.738576452432075,7.170225647245851,2.4220845042943258,2.4220845042943258,5.875278062804526,2.853733699108101,5.875278062804526,2.853733699108101,1.5587861146667759,5.875278062804526,5.875278062804526,5.011979673176976,1.9904353094805511,2.853733699108101,2.853733699108101,7.170225647245851,2.4220845042943258,5.875278062804526,2.4220845042943258,5.875278062804526,5.875278062804526,1.9904353094805511,1.9904353094805511
