,Returns,Standard Deviation,Sharpe Ratio,ADANIPORTS Weight,ASIANPAINT Weight,BAJFINANCE Weight,BAJAJFINSV Weight,BRITANNIA Weight,DIVISLAB Weight,GRASIM Weight,HCLTECH Weight,HDFCBANK Weight,HINDALCO Weight,HINDUNILVR Weight,ICICIBANK Weight,INFY Weight,JSWSTEEL Weight,NESTLEIND Weight,POWERGRID Weight,RELIANCE Weight,TCS Weight,TATACONSUM Weight,TATASTEEL Weight,TECHM Weight,TITAN Weight,UPL Weight,WIPRO Weight
0,0.17729565916219311,0.8326843864075468,0.2011092042322346,5.19178585108573,5.19178585108573,5.639110586104958,1.6131879709319084,2.0605127059511363,5.639110586104958,1.1658632359126808,6.981084791162641,3.4024869110088196,3.8498116460280474,4.297136381047275,3.8498116460280474,5.639110586104958,2.507837440970364,2.955162175989592,2.955162175989592,5.639110586104958,6.5337600561434135,5.639110586104958,5.639110586104958,4.297136381047275,3.8498116460280474,1.6131879709319084,3.8498116460280474
