,Returns,Standard Deviation,Sharpe Ratio,ADANIPORTS Weight,ASIANPAINT Weight,BAJFINANCE Weight,BAJAJFINSV Weight,BRITANNIA Weight,DIVISLAB Weight,GRASIM Weight,HCLTECH Weight,HDFCBANK Weight,HINDALCO Weight,HINDUNILVR Weight,ICICIBANK Weight,INFY Weight,JSWSTEEL Weight,NESTLEIND Weight,POWERGRID Weight,RELIANCE Weight,TCS Weight,TATACONSUM Weight,TATASTEEL Weight,TECHM Weight,TITAN Weight,UPL Weight,WIPRO Weight
0,0.2181591819000607,0.6238016805634499,0.3339587300834567,5.666905466539234,6.908482404364806,4.839187507988852,6.080764445814425,2.3560336323377054,6.908482404364806,3.597610570163279,4.01146954943847,2.769892611612897,1.5283156737873236,2.3560336323377054,3.183751590888088,2.3560336323377054,5.253046487264043,5.666905466539234,4.01146954943847,6.080764445814425,6.494623425089616,5.666905466539234,2.769892611612897,3.183751590888088,4.01146954943847,1.1144566945121326,3.183751590888088
