,Returns,Standard Deviation,Sharpe Ratio,ADANIPORTS Weight,ASIANPAINT Weight,BAJFINANCE Weight,BAJAJFINSV Weight,BRITANNIA Weight,DIVISLAB Weight,GRASIM Weight,HCLTECH Weight,HDFCBANK Weight,HINDALCO Weight,HINDUNILVR Weight,ICICIBANK Weight,INFY Weight,JSWSTEEL Weight,NESTLEIND Weight,POWERGRID Weight,RELIANCE Weight,TCS Weight,TATACONSUM Weight,TATASTEEL Weight,TECHM Weight,TITAN Weight,UPL Weight,WIPRO Weight
0,0.23763972946253287,0.5066448326396609,0.44963364856696086,2.751839122891223,7.117592686541162,6.1474252279522865,2.2667553935967857,5.177257769363411,5.662341498657849,2.751839122891223,6.1474252279522865,2.751839122891223,2.751839122891223,2.2667553935967857,3.7220065814800987,2.2667553935967857,1.2965879350079104,6.632508957246724,3.2369228521856606,5.662341498657849,8.087760145130037,7.117592686541162,1.2965879350079104,4.692174040068974,2.751839122891223,2.751839122891223,4.692174040068974
