,Returns,Standard Deviation,Sharpe Ratio,ADANIPORTS Weight,ASIANPAINT Weight,BAJFINANCE Weight,BAJAJFINSV Weight,BRITANNIA Weight,DIVISLAB Weight,GRASIM Weight,HCLTECH Weight,HDFCBANK Weight,HINDALCO Weight,HINDUNILVR Weight,ICICIBANK Weight,INFY Weight,JSWSTEEL Weight,NESTLEIND Weight,POWERGRID Weight,RELIANCE Weight,TCS Weight,TATACONSUM Weight,TATASTEEL Weight,TECHM Weight,TITAN Weight,UPL Weight,WIPRO Weight
0,0.24097688068873782,0.6538846639432646,0.3534900397566571,4.202918892984544,5.943025756242628,5.507999040428108,5.072972324613586,1.157731882282894,4.637945608799064,1.157731882282894,4.202918892984544,1.157731882282894,2.027785313911936,3.7678921771700216,2.8978387455409793,5.072972324613586,2.4628120297264586,5.507999040428108,3.7678921771700216,7.2481059036861915,5.072972324613586,2.4628120297264586,4.202918892984544,7.2481059036861915,7.2481059036861915,2.8978387455409793,5.072972324613586
