,Returns,Standard Deviation,Sharpe Ratio,ADANIPORTS Weight,ASIANPAINT Weight,BAJFINANCE Weight,BAJAJFINSV Weight,BRITANNIA Weight,DIVISLAB Weight,GRASIM Weight,HCLTECH Weight,HDFCBANK Weight,HINDALCO Weight,HINDUNILVR Weight,ICICIBANK Weight,INFY Weight,JSWSTEEL Weight,NESTLEIND Weight,POWERGRID Weight,RELIANCE Weight,TCS Weight,TATACONSUM Weight,TATASTEEL Weight,TECHM Weight,TITAN Weight,UPL Weight,WIPRO Weight
0,0.04689762095518561,1.003575365845817,0.036930416370657325,5.9719656780675106,7.284910413631761,4.65902094250326,6.847262168443678,4.65902094250326,6.847262168443678,2.9084279617509265,2.9084279617509265,1.1578349809985928,1.595483226186676,3.3460762069390104,1.1578349809985928,6.409613923255594,2.0331314713747597,7.284910413631761,5.096669187691344,2.0331314713747597,1.595483226186676,2.0331314713747597,1.1578349809985928,6.847262168443678,7.284910413631761,2.0331314713747597,6.847262168443678
