,Returns,Standard Deviation,Sharpe Ratio,ADANIPORTS Weight,ASIANPAINT Weight,BAJFINANCE Weight,BAJAJFINSV Weight,BRITANNIA Weight,DIVISLAB Weight,GRASIM Weight,HCLTECH Weight,HDFCBANK Weight,HINDALCO Weight,HINDUNILVR Weight,ICICIBANK Weight,INFY Weight,JSWSTEEL Weight,NESTLEIND Weight,POWERGRID Weight,RELIANCE Weight,TCS Weight,TATACONSUM Weight,TATASTEEL Weight,TECHM Weight,TITAN Weight,UPL Weight,WIPRO Weight
0,0.32053511213745856,1.065880991529363,0.2914959078653712,2.7349095140193866,5.218921923431534,5.6329239916668925,2.3209074457840284,3.1489115822547453,5.6329239916668925,1.0789012410779553,4.804919855196176,5.218921923431534,6.04692605990225,6.874930196372967,6.874930196372967,2.7349095140193866,3.562913650490103,2.7349095140193866,4.390917786960818,5.6329239916668925,5.6329239916668925,5.6329239916668925,1.0789012410779553,1.9069053775486708,1.9069053775486708,2.7349095140193866,6.460928128137608
