,Returns,Standard Deviation,Sharpe Ratio,ADANIPORTS Weight,ASIANPAINT Weight,BAJFINANCE Weight,BAJAJFINSV Weight,BRITANNIA Weight,DIVISLAB Weight,GRASIM Weight,HCLTECH Weight,HDFCBANK Weight,HINDALCO Weight,HINDUNILVR Weight,ICICIBANK Weight,INFY Weight,JSWSTEEL Weight,NESTLEIND Weight,POWERGRID Weight,RELIANCE Weight,TCS Weight,TATACONSUM Weight,TATASTEEL Weight,TECHM Weight,TITAN Weight,UPL Weight,WIPRO Weight
0,0.34856615770113436,0.9026535956098672,0.37526133448469773,1.2575919001263762,6.9184941485291045,6.4467522944955435,4.5597848783613015,6.4467522944955435,5.5032685864284225,2.6728174622270586,4.5597848783613015,3.144559316260619,2.6728174622270586,3.6163011702941805,4.088043024327741,5.975010440461984,4.5597848783613015,6.4467522944955435,2.2010756081934977,2.2010756081934977,3.144559316260619,7.861977856596226,1.7293337541599367,2.2010756081934977,5.0315267323948625,1.2575919001263762,5.5032685864284225
