,Returns,Standard Deviation,Sharpe Ratio,ADANIPORTS Weight,ASIANPAINT Weight,BAJFINANCE Weight,BAJAJFINSV Weight,BRITANNIA Weight,DIVISLAB Weight,GRASIM Weight,HCLTECH Weight,HDFCBANK Weight,HINDALCO Weight,HINDUNILVR Weight,ICICIBANK Weight,INFY Weight,JSWSTEEL Weight,NESTLEIND Weight,POWERGRID Weight,RELIANCE Weight,TCS Weight,TATACONSUM Weight,TATASTEEL Weight,TECHM Weight,TITAN Weight,UPL Weight,WIPRO Weight
0,0.22317421338323867,1.0171083346489396,0.20975056567765613,1.8142540462069225,5.250822048269852,7.214575192305812,6.7236369062968215,5.741760334278843,5.250822048269852,1.8142540462069225,4.759883762260862,5.741760334278843,2.3051923322159125,2.7961306182249026,1.3233157601979326,1.3233157601979326,5.741760334278843,2.3051923322159125,3.7780071902428825,6.7236369062968215,6.7236369062968215,1.8142540462069225,2.7961306182249026,5.250822048269852,7.705513478314803,3.7780071902428825,1.3233157601979326
