,Returns,Standard Deviation,Sharpe Ratio,ADANIPORTS Weight,ASIANPAINT Weight,BAJFINANCE Weight,BAJAJFINSV Weight,BRITANNIA Weight,DIVISLAB Weight,GRASIM Weight,HCLTECH Weight,HDFCBANK Weight,HINDALCO Weight,HINDUNILVR Weight,ICICIBANK Weight,INFY Weight,JSWSTEEL Weight,NESTLEIND Weight,POWERGRID Weight,RELIANCE Weight,TCS Weight,TATACONSUM Weight,TATASTEEL Weight,TECHM Weight,TITAN Weight,UPL Weight,WIPRO Weight
0,0.09978375366840779,1.334408129184415,0.06740710496736795,1.925084146754023,6.929547447024112,6.09547023031243,5.678431621956589,6.512508838668271,6.512508838668271,1.925084146754023,6.929547447024112,1.925084146754023,1.925084146754023,1.0910069300423413,5.678431621956589,3.593238580177386,5.678431621956589,1.925084146754023,5.261393013600749,2.3421227551098633,6.512508838668271,6.929547447024112,1.925084146754023,3.593238580177386,1.925084146754023,1.508045538398182,5.678431621956589
