,Returns,Standard Deviation,Sharpe Ratio,ADANIPORTS Weight,ASIANPAINT Weight,BAJFINANCE Weight,BAJAJFINSV Weight,BRITANNIA Weight,DIVISLAB Weight,GRASIM Weight,HCLTECH Weight,HDFCBANK Weight,HINDALCO Weight,HINDUNILVR Weight,ICICIBANK Weight,INFY Weight,JSWSTEEL Weight,NESTLEIND Weight,POWERGRID Weight,RELIANCE Weight,TCS Weight,TATACONSUM Weight,TATASTEEL Weight,TECHM Weight,TITAN Weight,UPL Weight,WIPRO Weight
0,0.13033007897065144,1.168073631008942,0.10315695084342176,3.394183896441317,1.8163467487469886,4.577561757212063,4.577561757212063,6.155398904906392,6.155398904906392,1.8163467487469886,5.366480331059228,3.394183896441317,5.366480331059228,3.7886431833648997,1.8163467487469886,3.7886431833648997,1.8163467487469886,5.760939617982809,5.760939617982809,5.366480331059228,5.366480331059228,6.5498581918299745,1.8163467487469886,5.366480331059228,2.2108060356705708,1.8163467487469886,6.155398904906392
