,Returns,Standard Deviation,Sharpe Ratio,ADANIPORTS Weight,ASIANPAINT Weight,BAJFINANCE Weight,BAJAJFINSV Weight,BRITANNIA Weight,DIVISLAB Weight,GRASIM Weight,HCLTECH Weight,HDFCBANK Weight,HINDALCO Weight,HINDUNILVR Weight,ICICIBANK Weight,INFY Weight,JSWSTEEL Weight,NESTLEIND Weight,POWERGRID Weight,RELIANCE Weight,TCS Weight,TATACONSUM Weight,TATASTEEL Weight,TECHM Weight,TITAN Weight,UPL Weight,WIPRO Weight
0,0.19666598802047935,0.7401635532235388,0.25241829643142294,3.6028373024930413,3.061561112886362,3.6028373024930413,3.6028373024930413,5.7679420609197605,9.015599198559839,1.4377325440663227,1.4377325440663227,1.9790087336730025,1.9790087336730025,6.309218250526443,1.9790087336730025,2.520284923279682,7.9330468193464805,4.685389681706401,5.226665871313081,5.7679420609197605,3.6028373024930413,1.9790087336730025,3.061561112886362,6.8504944401331205,4.685389681706401,1.9790087336730025,7.9330468193464805
