,Returns,Standard Deviation,Sharpe Ratio,ADANIPORTS Weight,ASIANPAINT Weight,BAJFINANCE Weight,BAJAJFINSV Weight,BRITANNIA Weight,DIVISLAB Weight,GRASIM Weight,HCLTECH Weight,HDFCBANK Weight,HINDALCO Weight,HINDUNILVR Weight,ICICIBANK Weight,INFY Weight,JSWSTEEL Weight,NESTLEIND Weight,POWERGRID Weight,RELIANCE Weight,TCS Weight,TATACONSUM Weight,TATASTEEL Weight,TECHM Weight,TITAN Weight,UPL Weight,WIPRO Weight
0,0.20252625181881814,1.1702341906307128,0.16466027785412762,5.740938156574622,1.188827824310657,6.196149189801018,6.196149189801018,6.651360223027416,7.561782289480207,1.188827824310657,5.2857271233482255,1.188827824310657,3.009671957216243,6.196149189801018,1.6440388575370533,3.009671957216243,5.740938156574622,1.6440388575370533,3.920094023669036,1.188827824310657,7.561782289480207,7.10657125625381,1.188827824310657,4.375305056895432,6.196149189801018,2.09924989076345,3.920094023669036
