,Returns,Standard Deviation,Sharpe Ratio,ADANIPORTS Weight,ASIANPAINT Weight,BAJFINANCE Weight,BAJAJFINSV Weight,BRITANNIA Weight,DIVISLAB Weight,GRASIM Weight,HCLTECH Weight,HDFCBANK Weight,HINDALCO Weight,HINDUNILVR Weight,ICICIBANK Weight,INFY Weight,JSWSTEEL Weight,NESTLEIND Weight,POWERGRID Weight,RELIANCE Weight,TCS Weight,TATACONSUM Weight,TATASTEEL Weight,TECHM Weight,TITAN Weight,UPL Weight,WIPRO Weight
0,0.2095476480558166,1.1975224982958494,0.16677138300520894,4.678682607631491,6.434165833796602,5.117553414172769,6.87303664033788,2.92319938146638,4.678682607631491,2.4843285749251023,2.0454577683838244,2.4843285749251023,4.239811801090214,6.434165833796602,3.3620701880076584,6.434165833796602,2.4843285749251023,4.239811801090214,1.6065869618425475,6.434165833796602,5.995295027255325,5.995295027255325,2.0454577683838244,1.1677161553012694,5.117553414172769,2.0454577683838244,4.678682607631491
