,Returns,Standard Deviation,Sharpe Ratio,ADANIPORTS Weight,ASIANPAINT Weight,BAJFINANCE Weight,BAJAJFINSV Weight,BRITANNIA Weight,DIVISLAB Weight,GRASIM Weight,HCLTECH Weight,HDFCBANK Weight,HINDALCO Weight,HINDUNILVR Weight,ICICIBANK Weight,INFY Weight,JSWSTEEL Weight,NESTLEIND Weight,POWERGRID Weight,RELIANCE Weight,TCS Weight,TATACONSUM Weight,TATASTEEL Weight,TECHM Weight,TITAN Weight,UPL Weight,WIPRO Weight
0,0.12857010365584,1.3123324613611032,0.09047626445018944,1.1371491102402054,3.74942772176961,6.797086101887249,7.232465870475484,1.5725288788284397,1.1371491102402054,2.878668184593142,2.4432884160049078,2.4432884160049078,1.1371491102402054,4.620187258946078,2.007908647416673,5.490946796122547,2.878668184593142,7.232465870475484,5.490946796122547,7.232465870475484,6.361706333299015,7.232465870475484,5.92632656471078,2.4432884160049078,3.74942772176961,1.5725288788284397,7.232465870475484
