,Returns,Standard Deviation,Sharpe Ratio,ADANIPORTS Weight,ASIANPAINT Weight,BAJFINANCE Weight,BAJAJFINSV Weight,BRITANNIA Weight,DIVISLAB Weight,GRASIM Weight,HCLTECH Weight,HDFCBANK Weight,HINDALCO Weight,HINDUNILVR Weight,ICICIBANK Weight,INFY Weight,JSWSTEEL Weight,NESTLEIND Weight,POWERGRID Weight,RELIANCE Weight,TCS Weight,TATACONSUM Weight,TATASTEEL Weight,TECHM Weight,TITAN Weight,UPL Weight,WIPRO Weight
0,0.22134354488858457,1.249026778956543,0.16933854711275065,3.1730799269012615,7.942296277775197,2.696158291813868,5.557688102338229,6.5115313725130175,6.988453007600411,2.2192366567264745,2.696158291813868,4.603844832163443,2.2192366567264745,5.557688102338229,1.2653933865516875,6.5115313725130175,5.080766467250837,3.6500015619886548,3.1730799269012615,1.2653933865516875,4.603844832163443,6.5115313725130175,4.603844832163443,2.2192366567264745,7.465374642687806,1.2653933865516875,2.2192366567264745
