,Returns,Standard Deviation,Sharpe Ratio,ADANIPORTS Weight,ASIANPAINT Weight,BAJFINANCE Weight,BAJAJFINSV Weight,BRITANNIA Weight,DIVISLAB Weight,GRASIM Weight,HCLTECH Weight,HDFCBANK Weight,HINDALCO Weight,HINDUNILVR Weight,ICICIBANK Weight,INFY Weight,JSWSTEEL Weight,NESTLEIND Weight,POWERGRID Weight,RELIANCE Weight,TCS Weight,TATACONSUM Weight,TATASTEEL Weight,TECHM Weight,TITAN Weight,UPL Weight,WIPRO Weight
0,0.35082239333958126,0.871321823797608,0.3913447582642226,2.0555126091319997,6.944500952896491,7.388954438693264,2.4999660949287716,6.055593981302947,2.9444195807255436,1.6110591233352278,5.166687009709403,6.055593981302947,2.0555126091319997,2.4999660949287716,1.6110591233352278,1.6110591233352278,6.055593981302947,3.833326552319088,7.388954438693264,2.4999660949287716,6.055593981302947,7.388954438693264,2.0555126091319997,2.4999660949287716,6.944500952896491,1.6110591233352278,5.166687009709403
