,Returns,Standard Deviation,Sharpe Ratio,ADANIPORTS Weight,ASIANPAINT Weight,BAJFINANCE Weight,BAJAJFINSV Weight,BRITANNIA Weight,DIVISLAB Weight,GRASIM Weight,HCLTECH Weight,HDFCBANK Weight,HINDALCO Weight,HINDUNILVR Weight,ICICIBANK Weight,INFY Weight,JSWSTEEL Weight,NESTLEIND Weight,POWERGRID Weight,RELIANCE Weight,TCS Weight,TATACONSUM Weight,TATASTEEL Weight,TECHM Weight,TITAN Weight,UPL Weight,WIPRO Weight
0,0.28934516559182777,0.7464900913246069,0.3744322985730291,5.28306771005931,1.6500338061374895,7.09958466202022,6.6454554240299935,1.1959045681472622,7.09958466202022,1.6500338061374895,1.6500338061374895,2.104163044127717,1.6500338061374895,4.8289384720690816,2.104163044127717,2.5582922821179443,6.191326186039764,5.7371969480495375,6.6454554240299935,2.104163044127717,4.374809234078855,5.7371969480495375,2.5582922821179443,5.7371969480495375,6.191326186039764,2.104163044127717,7.09958466202022
