,Returns,Standard Deviation,Sharpe Ratio,ADANIPORTS Weight,ASIANPAINT Weight,BAJFINANCE Weight,BAJAJFINSV Weight,BRITANNIA Weight,DIVISLAB Weight,GRASIM Weight,HCLTECH Weight,HDFCBANK Weight,HINDALCO Weight,HINDUNILVR Weight,ICICIBANK Weight,INFY Weight,JSWSTEEL Weight,NESTLEIND Weight,POWERGRID Weight,RELIANCE Weight,TCS Weight,TATACONSUM Weight,TATASTEEL Weight,TECHM Weight,TITAN Weight,UPL Weight,WIPRO Weight
0,0.2204978611626421,0.5919440906053685,0.3558827593194437,4.580188612636144,6.306193256682663,5.8746920956710325,2.8541839685896258,1.991181646566367,7.169195578705921,5.443190934659404,2.8541839685896258,1.128179324543108,1.128179324543108,7.169195578705921,5.443190934659404,4.580188612636144,3.2856851296012555,5.443190934659404,1.5596804855547375,4.580188612636144,3.2856851296012555,7.169195578705921,3.717186290612885,5.8746920956710325,5.011689773647774,1.128179324543108,2.4226828075779965
