,Returns,Standard Deviation,Sharpe Ratio,ADANIPORTS Weight,ASIANPAINT Weight,BAJFINANCE Weight,BAJAJFINSV Weight,BRITANNIA Weight,DIVISLAB Weight,GRASIM Weight,HCLTECH Weight,HDFCBANK Weight,HINDALCO Weight,HINDUNILVR Weight,ICICIBANK Weight,INFY Weight,JSWSTEEL Weight,NESTLEIND Weight,POWERGRID Weight,RELIANCE Weight,TCS Weight,TATACONSUM Weight,TATASTEEL Weight,TECHM Weight,TITAN Weight,UPL Weight,WIPRO Weight
0,0.13536811984505503,1.1083530921916975,0.11326079738872455,1.2351877245723943,7.33266392412848,2.1732609860425613,2.1732609860425613,5.925554031923229,6.863627293393397,2.1732609860425613,1.2351877245723943,5.4565174011881465,2.642297616777645,4.049407508982895,1.7042243553074778,2.642297616777645,5.925554031923229,7.801700554863563,3.1113342475127284,2.642297616777645,6.863627293393397,5.925554031923229,1.2351877245723943,7.33266392412848,7.33266392412848,4.518444139717979,1.7042243553074778
