,Returns,Standard Deviation,Sharpe Ratio,ADANIPORTS Weight,ASIANPAINT Weight,BAJFINANCE Weight,BAJAJFINSV Weight,BRITANNIA Weight,DIVISLAB Weight,GRASIM Weight,HCLTECH Weight,HDFCBANK Weight,HINDALCO Weight,HINDUNILVR Weight,ICICIBANK Weight,INFY Weight,JSWSTEEL Weight,NESTLEIND Weight,POWERGRID Weight,RELIANCE Weight,TCS Weight,TATACONSUM Weight,TATASTEEL Weight,TECHM Weight,TITAN Weight,UPL Weight,WIPRO Weight
0,-0.011962230131886515,0.920009695539943,-0.023692570929112557,4.355510910675501,6.621641838781514,7.074868024402716,2.542606168190691,3.9022847250542987,3.449058539433096,4.808737096296704,5.715189467539108,2.542606168190691,1.1829276113270832,1.6361537969482858,1.1829276113270832,1.6361537969482858,1.6361537969482858,6.16841565316031,3.9022847250542987,5.261963281917906,1.6361537969482858,7.5280942100239185,5.261963281917906,4.808737096296704,6.16841565316031,3.449058539433096,7.5280942100239185
