,Returns,Standard Deviation,Sharpe Ratio,ADANIPORTS Weight,ASIANPAINT Weight,BAJFINANCE Weight,BAJAJFINSV Weight,BRITANNIA Weight,DIVISLAB Weight,GRASIM Weight,HCLTECH Weight,HDFCBANK Weight,HINDALCO Weight,HINDUNILVR Weight,ICICIBANK Weight,INFY Weight,JSWSTEEL Weight,NESTLEIND Weight,POWERGRID Weight,RELIANCE Weight,TCS Weight,TATACONSUM Weight,TATASTEEL Weight,TECHM Weight,TITAN Weight,UPL Weight,WIPRO Weight
0,0.25342081567199914,0.9378910723743753,0.25971635514150937,5.984534142505475,4.08762895032585,6.932986738595289,2.6649500561911297,5.984534142505475,3.139176354236036,3.139176354236036,4.08762895032585,7.8814393346851,2.190723758146223,2.6649500561911297,1.24227116205641,4.561855248370756,4.561855248370756,1.24227116205641,3.139176354236036,6.932986738595289,5.036081546415662,7.8814393346851,3.613402652280943,1.7164974601013165,4.08762895032585,1.24227116205641,5.984534142505475
