,Returns,Standard Deviation,Sharpe Ratio,ADANIPORTS Weight,ASIANPAINT Weight,BAJFINANCE Weight,BAJAJFINSV Weight,BRITANNIA Weight,DIVISLAB Weight,GRASIM Weight,HCLTECH Weight,HDFCBANK Weight,HINDALCO Weight,HINDUNILVR Weight,ICICIBANK Weight,INFY Weight,JSWSTEEL Weight,NESTLEIND Weight,POWERGRID Weight,RELIANCE Weight,TCS Weight,TATACONSUM Weight,TATASTEEL Weight,TECHM Weight,TITAN Weight,UPL Weight,WIPRO Weight
0,0.1516257045871471,0.7807235454281772,0.18161427381342668,1.1685884917934062,5.61018578790194,7.3868247063453545,3.3893871398476723,5.166026058291086,1.1685884917934062,5.61018578790194,5.61018578790194,2.9452274102368197,1.1685884917934062,1.6127482214042594,1.6127482214042594,6.498505247123647,4.721866328680233,4.27770659906938,3.3893871398476723,6.942664976734501,6.942664976734501,6.498505247123647,1.6127482214042594,6.054345517512792,6.942664976734501,2.056907951015113,1.6127482214042594
