,Returns,Standard Deviation,Sharpe Ratio,ADANIPORTS Weight,ASIANPAINT Weight,BAJFINANCE Weight,BAJAJFINSV Weight,BRITANNIA Weight,DIVISLAB Weight,GRASIM Weight,HCLTECH Weight,HDFCBANK Weight,HINDALCO Weight,HINDUNILVR Weight,ICICIBANK Weight,INFY Weight,JSWSTEEL Weight,NESTLEIND Weight,POWERGRID Weight,RELIANCE Weight,TCS Weight,TATACONSUM Weight,TATASTEEL Weight,TECHM Weight,TITAN Weight,UPL Weight,WIPRO Weight
0,0.3033095808324501,1.0764715387193957,0.2726262659451374,4.823393445369375,2.749519407360822,5.238168252971087,5.652943060572797,2.334744599759111,5.652943060572797,1.0904201769539787,2.334744599759111,4.408618637767665,3.9938438301659542,3.5790690225642434,1.0904201769539787,4.823393445369375,6.897267483377929,6.48249267577622,1.5051949845556893,6.067717868174507,3.9938438301659542,6.897267483377929,4.408618637767665,5.652943060572797,3.5790690225642434,1.5051949845556893,5.238168252971087
