,Returns,Standard Deviation,Sharpe Ratio,ADANIPORTS Weight,ASIANPAINT Weight,BAJFINANCE Weight,BAJAJFINSV Weight,BRITANNIA Weight,DIVISLAB Weight,GRASIM Weight,HCLTECH Weight,HDFCBANK Weight,HINDALCO Weight,HINDUNILVR Weight,ICICIBANK Weight,INFY Weight,JSWSTEEL Weight,NESTLEIND Weight,POWERGRID Weight,RELIANCE Weight,TCS Weight,TATACONSUM Weight,TATASTEEL Weight,TECHM Weight,TITAN Weight,UPL Weight,WIPRO Weight
0,0.2609917375033609,0.5577636566834147,0.45029210788244656,1.5275456799786524,1.1052863221085703,5.327879900809391,4.061101827199145,3.638842469329062,6.172398616549556,1.9498050378487342,4.9056205429393085,2.7943237535888987,1.5275456799786524,4.483361185069227,4.483361185069227,2.3720643957188163,6.172398616549556,5.750139258679473,6.594657974419639,4.9056205429393085,4.9056205429393085,7.01691733228972,4.9056205429393085,4.9056205429393085,6.172398616549556,1.1052863221085703,3.2165831114589807
