,Returns,Standard Deviation,Sharpe Ratio,ADANIPORTS Weight,ASIANPAINT Weight,BAJFINANCE Weight,BAJAJFINSV Weight,BRITANNIA Weight,DIVISLAB Weight,GRASIM Weight,HCLTECH Weight,HDFCBANK Weight,HINDALCO Weight,HINDUNILVR Weight,ICICIBANK Weight,INFY Weight,JSWSTEEL Weight,NESTLEIND Weight,POWERGRID Weight,RELIANCE Weight,TCS Weight,TATACONSUM Weight,TATASTEEL Weight,TECHM Weight,TITAN Weight,UPL Weight,WIPRO Weight
0,0.2664941415820629,0.9653527374101045,0.26587066758154676,4.126872002586936,6.037015878413963,6.51455184737072,3.6493360336301786,7.9471597542409915,6.037015878413963,1.2616561888463949,2.2167281267599086,1.7391921578031515,4.126872002586936,7.4696237852842335,3.171800064673422,3.6493360336301786,2.6942640957166653,1.2616561888463949,6.037015878413963,2.6942640957166653,3.6493360336301786,6.51455184737072,3.171800064673422,1.2616561888463949,6.51455184737072,1.2616561888463949,6.992087816327477
