,Returns,Standard Deviation,Sharpe Ratio,ADANIPORTS Weight,ASIANPAINT Weight,BAJFINANCE Weight,BAJAJFINSV Weight,BRITANNIA Weight,DIVISLAB Weight,GRASIM Weight,HCLTECH Weight,HDFCBANK Weight,HINDALCO Weight,HINDUNILVR Weight,ICICIBANK Weight,INFY Weight,JSWSTEEL Weight,NESTLEIND Weight,POWERGRID Weight,RELIANCE Weight,TCS Weight,TATACONSUM Weight,TATASTEEL Weight,TECHM Weight,TITAN Weight,UPL Weight,WIPRO Weight
0,0.12797624765640417,1.1757486624669773,0.10048157960337675,2.9834435535199697,5.237201864275582,2.9834435535199697,3.8849468778222143,6.589456850728951,6.589456850728951,1.1804369049154804,2.081940229217725,7.490960175031193,1.6311885670666029,6.138705188577827,2.9834435535199697,5.237201864275582,2.081940229217725,5.237201864275582,2.9834435535199697,3.8849468778222143,2.081940229217725,7.040208512880071,2.081940229217725,6.589456850728951,6.589456850728951,2.9834435535199697,3.4341952156710933
