,Returns,Standard Deviation,Sharpe Ratio,ADANIPORTS Weight,ASIANPAINT Weight,BAJFINANCE Weight,BAJAJFINSV Weight,BRITANNIA Weight,DIVISLAB Weight,GRASIM Weight,HCLTECH Weight,HDFCBANK Weight,HINDALCO Weight,HINDUNILVR Weight,ICICIBANK Weight,INFY Weight,JSWSTEEL Weight,NESTLEIND Weight,POWERGRID Weight,RELIANCE Weight,TCS Weight,TATACONSUM Weight,TATASTEEL Weight,TECHM Weight,TITAN Weight,UPL Weight,WIPRO Weight
0,0.27798190101750936,0.5852974399628299,0.4581375517367265,1.6506254901132524,4.82878276575967,6.644872637557627,7.098895105507114,3.012692893961718,6.644872637557627,3.920737829860694,3.466715361911206,3.466715361911206,1.1966030221637642,3.012692893961718,1.6506254901132524,1.6506254901132524,4.374760297810183,4.82878276575967,1.6506254901132524,4.82878276575967,4.82878276575967,7.552917573456604,4.82878276575967,2.5586704260122297,7.098895105507114,3.012692893961718,6.190850169608137
