,Returns,Standard Deviation,Sharpe Ratio,ADANIPORTS Weight,ASIANPAINT Weight,BAJFINANCE Weight,BAJAJFINSV Weight,BRITANNIA Weight,DIVISLAB Weight,GRASIM Weight,HCLTECH Weight,HDFCBANK Weight,HINDALCO Weight,HINDUNILVR Weight,ICICIBANK Weight,INFY Weight,JSWSTEEL Weight,NESTLEIND Weight,POWERGRID Weight,RELIANCE Weight,TCS Weight,TATACONSUM Weight,TATASTEEL Weight,TECHM Weight,TITAN Weight,UPL Weight,WIPRO Weight
0,0.2040775995993953,0.6463268315701096,0.30053283459137997,7.384936812278968,4.72154082970327,4.277641499273987,3.833742168844704,3.389842838415421,6.941037481849685,1.170346186269006,3.833742168844704,2.945943507986138,1.170346186269006,4.72154082970327,2.945943507986138,6.941037481849685,6.497138151420401,7.384936812278968,2.058144847127572,6.941037481849685,1.170346186269006,6.053238820991118,2.945943507986138,2.945943507986138,2.5020441775568547,3.833742168844704,3.389842838415421
