,Returns,Standard Deviation,Sharpe Ratio,ADANIPORTS Weight,ASIANPAINT Weight,BAJFINANCE Weight,BAJAJFINSV Weight,BRITANNIA Weight,DIVISLAB Weight,GRASIM Weight,HCLTECH Weight,HDFCBANK Weight,HINDALCO Weight,HINDUNILVR Weight,ICICIBANK Weight,INFY Weight,JSWSTEEL Weight,NESTLEIND Weight,POWERGRID Weight,RELIANCE Weight,TCS Weight,TATACONSUM Weight,TATASTEEL Weight,TECHM Weight,TITAN Weight,UPL Weight,WIPRO Weight
0,0.2036536204979541,0.573384984942989,0.33802499324613533,3.902166283307513,2.088449368844736,1.1815909116133483,2.088449368844736,2.088449368844736,6.622741655001678,2.54187859746043,2.54187859746043,5.715883197770289,1.1815909116133483,6.169312426385982,2.54187859746043,7.076170883617371,6.169312426385982,5.262453969154595,6.169312426385982,7.529600112233065,6.622741655001678,2.54187859746043,2.54187859746043,2.9953078260761243,5.262453969154595,2.54187859746043,6.622741655001678
