,Returns,Standard Deviation,Sharpe Ratio,ADANIPORTS Weight,ASIANPAINT Weight,BAJFINANCE Weight,BAJAJFINSV Weight,BRITANNIA Weight,DIVISLAB Weight,GRASIM Weight,HCLTECH Weight,HDFCBANK Weight,HINDALCO Weight,HINDUNILVR Weight,ICICIBANK Weight,INFY Weight,JSWSTEEL Weight,NESTLEIND Weight,POWERGRID Weight,RELIANCE Weight,TCS Weight,TATACONSUM Weight,TATASTEEL Weight,TECHM Weight,TITAN Weight,UPL Weight,WIPRO Weight
0,0.21146317406329565,0.7215374441467662,0.27944219785649566,3.833089997183034,6.501703353052095,3.833089997183034,3.3883211045381905,1.6092455339588165,4.277858889827877,2.498783319248503,6.946472245696937,5.612165567762408,3.3883211045381905,3.3883211045381905,1.6092455339588165,6.056934460407251,2.943552211893347,6.946472245696937,2.05401442660366,6.946472245696937,6.946472245696937,6.501703353052095,1.6092455339588165,3.3883211045381905,5.167396675117564,2.498783319248503,2.05401442660366
