,Returns,Standard Deviation,Sharpe Ratio,ADANIPORTS Weight,ASIANPAINT Weight,BAJFINANCE Weight,BAJAJFINSV Weight,BRITANNIA Weight,DIVISLAB Weight,GRASIM Weight,HCLTECH Weight,HDFCBANK Weight,HINDALCO Weight,HINDUNILVR Weight,ICICIBANK Weight,INFY Weight,JSWSTEEL Weight,NESTLEIND Weight,POWERGRID Weight,RELIANCE Weight,TCS Weight,TATACONSUM Weight,TATASTEEL Weight,TECHM Weight,TITAN Weight,UPL Weight,WIPRO Weight
0,0.23146126814617046,1.1609588111252205,0.1908991957227164,3.9929124160999465,7.69966976152335,2.60287841156617,7.236325093345425,5.846291088811649,5.382946420633723,2.60287841156617,3.0662230797440957,3.0662230797440957,1.6761890752103195,4.456257084277873,2.60287841156617,4.456257084277873,3.529567747922021,3.529567747922021,3.0662230797440957,5.846291088811649,6.772980425167499,3.529567747922021,1.6761890752103195,1.2128444070323943,7.69966976152335,1.6761890752103195,6.772980425167499
