,Returns,Standard Deviation,Sharpe Ratio,ADANIPORTS Weight,ASIANPAINT Weight,BAJFINANCE Weight,BAJAJFINSV Weight,BRITANNIA Weight,DIVISLAB Weight,GRASIM Weight,HCLTECH Weight,HDFCBANK Weight,HINDALCO Weight,HINDUNILVR Weight,ICICIBANK Weight,INFY Weight,JSWSTEEL Weight,NESTLEIND Weight,POWERGRID Weight,RELIANCE Weight,TCS Weight,TATACONSUM Weight,TATASTEEL Weight,TECHM Weight,TITAN Weight,UPL Weight,WIPRO Weight
0,0.22406961097825762,1.0542267158821677,0.20321477621046938,5.197436202268052,6.846667459230272,4.372820573786942,6.022051830749161,1.0743580598625058,2.3112815025841695,5.609744016508606,3.1358971310652786,5.609744016508606,1.4866658741030603,6.022051830749161,1.0743580598625058,1.8989736883436148,5.197436202268052,6.4343596449897165,3.9605127595463885,4.7851283880274975,6.846667459230272,6.846667459230272,1.0743580598625058,3.5482049453058337,5.609744016508606,1.4866658741030603,3.5482049453058337
