,Returns,Standard Deviation,Sharpe Ratio,ADANIPORTS Weight,ASIANPAINT Weight,BAJFINANCE Weight,BAJAJFINSV Weight,BRITANNIA Weight,DIVISLAB Weight,GRASIM Weight,HCLTECH Weight,HDFCBANK Weight,HINDALCO Weight,HINDUNILVR Weight,ICICIBANK Weight,INFY Weight,JSWSTEEL Weight,NESTLEIND Weight,POWERGRID Weight,RELIANCE Weight,TCS Weight,TATACONSUM Weight,TATASTEEL Weight,TECHM Weight,TITAN Weight,UPL Weight,WIPRO Weight
0,0.23103949442353883,0.6274737930695706,0.3525315830423026,6.822046631514822,5.512544183096552,6.385545815375397,2.0205376539811697,5.949044999235976,5.512544183096552,2.4570384701205925,3.766540918538861,1.5840368378417469,2.0205376539811697,2.0205376539811697,3.330040102399438,5.949044999235976,3.330040102399438,4.203041734678284,4.6395425508177075,3.766540918538861,7.258547447654245,5.949044999235976,2.4570384701205925,1.5840368378417469,5.949044999235976,2.4570384701205925,5.07604336695713
