,Returns,Standard Deviation,Sharpe Ratio,ADANIPORTS Weight,ASIANPAINT Weight,BAJFINANCE Weight,BAJAJFINSV Weight,BRITANNIA Weight,DIVISLAB Weight,GRASIM Weight,HCLTECH Weight,HDFCBANK Weight,HINDALCO Weight,HINDUNILVR Weight,ICICIBANK Weight,INFY Weight,JSWSTEEL Weight,NESTLEIND Weight,POWERGRID Weight,RELIANCE Weight,TCS Weight,TATACONSUM Weight,TATASTEEL Weight,TECHM Weight,TITAN Weight,UPL Weight,WIPRO Weight
0,0.24614917752728335,0.523580495414868,0.45134227642469965,1.2859583447555973,2.273629769410821,6.718151180359327,6.718151180359327,3.7551369063936564,3.7551369063936564,1.2859583447555973,1.2859583447555973,5.236644043376491,2.767465481738433,8.199658317342163,2.273629769410821,7.211986892686939,5.236644043376491,7.705822605014551,2.767465481738433,2.767465481738433,3.261301194066044,8.199658317342163,1.2859583447555973,5.730479755704104,5.730479755704104,3.261301194066044,1.2859583447555973
