,Returns,Standard Deviation,Sharpe Ratio,ADANIPORTS Weight,ASIANPAINT Weight,BAJFINANCE Weight,BAJAJFINSV Weight,BRITANNIA Weight,DIVISLAB Weight,GRASIM Weight,HCLTECH Weight,HDFCBANK Weight,HINDALCO Weight,HINDUNILVR Weight,ICICIBANK Weight,INFY Weight,JSWSTEEL Weight,NESTLEIND Weight,POWERGRID Weight,RELIANCE Weight,TCS Weight,TATACONSUM Weight,TATASTEEL Weight,TECHM Weight,TITAN Weight,UPL Weight,WIPRO Weight
0,0.2567852929288493,0.6546865560137547,0.3772036035035003,2.097231135908536,2.097231135908536,1.6457179291976713,3.0002575493302657,4.806310376173725,6.612363203017184,1.6457179291976713,5.709336789595454,7.515389616438914,2.097231135908536,6.160849996306319,1.1942047224868064,4.35479716946286,4.806310376173725,7.515389616438914,4.35479716946286,5.25782358288459,3.903283962751995,6.612363203017184,3.903283962751995,3.4517707560411304,7.063876409728048,1.1942047224868064,3.0002575493302657
