,Returns,Standard Deviation,Sharpe Ratio,ADANIPORTS Weight,ASIANPAINT Weight,BAJFINANCE Weight,BAJAJFINSV Weight,BRITANNIA Weight,DIVISLAB Weight,GRASIM Weight,HCLTECH Weight,HDFCBANK Weight,HINDALCO Weight,HINDUNILVR Weight,ICICIBANK Weight,INFY Weight,JSWSTEEL Weight,NESTLEIND Weight,POWERGRID Weight,RELIANCE Weight,TCS Weight,TATACONSUM Weight,TATASTEEL Weight,TECHM Weight,TITAN Weight,UPL Weight,WIPRO Weight
0,0.25545381090684766,0.5949004410629072,0.4128735316330183,2.4036315192859323,1.9762290593148455,7.105058578967889,5.395448739083542,1.5488265993437587,4.113241359170281,2.8310339792570196,4.968046279112455,2.8310339792570196,1.1214241393726716,7.105058578967889,2.8310339792570196,3.6858388991991937,4.540643819141367,4.968046279112455,6.6776561189968024,6.6776561189968024,2.8310339792570196,6.6776561189968024,4.113241359170281,4.113241359170281,5.395448739083542,1.9762290593148455,4.113241359170281
