,Returns,Standard Deviation,Sharpe Ratio,ADANIPORTS Weight,ASIANPAINT Weight,BAJFINANCE Weight,BAJAJFINSV Weight,BRITANNIA Weight,DIVISLAB Weight,GRASIM Weight,HCLTECH Weight,HDFCBANK Weight,HINDALCO Weight,HINDUNILVR Weight,ICICIBANK Weight,INFY Weight,JSWSTEEL Weight,NESTLEIND Weight,POWERGRID Weight,RELIANCE Weight,TCS Weight,TATACONSUM Weight,TATASTEEL Weight,TECHM Weight,TITAN Weight,UPL Weight,WIPRO Weight
0,0.17441850404514997,0.6123347739556622,0.26877999782175077,3.465043212309604,2.554829001251794,6.650792951011941,2.554829001251794,3.465043212309604,5.74057873995413,2.554829001251794,2.099721895722889,6.195685845483036,5.285471634425225,6.195685845483036,2.099721895722889,1.1895076846650787,1.1895076846650787,3.465043212309604,3.009936106780699,6.195685845483036,7.5610071620697505,7.105900056540845,1.1895076846650787,7.105900056540845,5.74057873995413,1.644614790193984,5.74057873995413
