,Returns,Standard Deviation,Sharpe Ratio,ADANIPORTS Weight,ASIANPAINT Weight,BAJFINANCE Weight,BAJAJFINSV Weight,BRITANNIA Weight,DIVISLAB Weight,GRASIM Weight,HCLTECH Weight,HDFCBANK Weight,HINDALCO Weight,HINDUNILVR Weight,ICICIBANK Weight,INFY Weight,JSWSTEEL Weight,NESTLEIND Weight,POWERGRID Weight,RELIANCE Weight,TCS Weight,TATACONSUM Weight,TATASTEEL Weight,TECHM Weight,TITAN Weight,UPL Weight,WIPRO Weight
0,-0.025712682674729086,0.9155447990446621,-0.03882698863778901,2.4840013374941847,2.4840013374941847,3.371561071563186,2.9277812045286855,7.365579874873691,5.1466805397011886,3.371561071563186,4.702900672666688,4.259120805632187,2.040221470459684,4.702900672666688,3.371561071563186,2.040221470459684,2.4840013374941847,6.03424027377019,2.4840013374941847,6.47802014080469,4.702900672666688,6.921800007839191,2.9277812045286855,3.371561071563186,5.590460406735689,3.371561071563186,7.365579874873691
