,Returns,Standard Deviation,Sharpe Ratio,ADANIPORTS Weight,ASIANPAINT Weight,BAJFINANCE Weight,BAJAJFINSV Weight,BRITANNIA Weight,DIVISLAB Weight,GRASIM Weight,HCLTECH Weight,HDFCBANK Weight,HINDALCO Weight,HINDUNILVR Weight,ICICIBANK Weight,INFY Weight,JSWSTEEL Weight,NESTLEIND Weight,POWERGRID Weight,RELIANCE Weight,TCS Weight,TATACONSUM Weight,TATASTEEL Weight,TECHM Weight,TITAN Weight,UPL Weight,WIPRO Weight
0,0.07624614551384797,0.8272368737440404,0.08028048892224754,2.082437984857006,7.039522417269171,6.138234338648777,4.786302220718187,2.082437984857006,6.588878377958975,3.434370102787596,3.434370102787596,1.6317939455468091,1.6317939455468091,2.082437984857006,1.1811499062366122,4.786302220718187,2.9837260634773997,6.588878377958975,3.885014142097793,7.490166456579368,6.138234338648777,6.138234338648777,3.434370102787596,2.9837260634773997,5.687590299338581,4.3356581814079895,3.434370102787596
