,Returns,Standard Deviation,Sharpe Ratio,ADANIPORTS Weight,ASIANPAINT Weight,BAJFINANCE Weight,BAJAJFINSV Weight,BRITANNIA Weight,DIVISLAB Weight,GRASIM Weight,HCLTECH Weight,HDFCBANK Weight,HINDALCO Weight,HINDUNILVR Weight,ICICIBANK Weight,INFY Weight,JSWSTEEL Weight,NESTLEIND Weight,POWERGRID Weight,RELIANCE Weight,TCS Weight,TATACONSUM Weight,TATASTEEL Weight,TECHM Weight,TITAN Weight,UPL Weight,WIPRO Weight
0,0.2302903541277208,0.5568164615286838,0.3959207468243994,3.3735850769656563,5.586836024968474,3.8162352665662196,6.029486214569038,2.488284697764529,5.144185835367911,1.1603341289628384,2.0456345081639657,2.0456345081639657,1.602984318563402,6.029486214569038,5.586836024968474,7.35743678337073,5.586836024968474,2.9309348873650927,2.488284697764529,7.35743678337073,1.602984318563402,6.914786593770167,1.602984318563402,3.8162352665662196,6.472136404169601,2.9309348873650927,6.029486214569038
