,Returns,Standard Deviation,Sharpe Ratio,ADANIPORTS Weight,ASIANPAINT Weight,BAJFINANCE Weight,BAJAJFINSV Weight,BRITANNIA Weight,DIVISLAB Weight,GRASIM Weight,HCLTECH Weight,HDFCBANK Weight,HINDALCO Weight,HINDUNILVR Weight,ICICIBANK Weight,INFY Weight,JSWSTEEL Weight,NESTLEIND Weight,POWERGRID Weight,RELIANCE Weight,TCS Weight,TATACONSUM Weight,TATASTEEL Weight,TECHM Weight,TITAN Weight,UPL Weight,WIPRO Weight
0,0.3411665051123116,0.8661433247432349,0.38253638954657854,2.83023593440634,5.823840774669474,4.113209437376255,3.68555160305295,3.2578937687296445,5.823840774669474,3.2578937687296445,5.3961829403461685,4.540867271699558,2.83023593440634,5.3961829403461685,1.97492026575973,2.83023593440634,3.2578937687296445,7.106814277639387,5.3961829403461685,3.68555160305295,6.679156443316084,3.2578937687296445,2.402578100083035,2.402578100083035,6.251498608992778,3.68555160305295,4.113209437376255
