,Returns,Standard Deviation,Sharpe Ratio,ADANIPORTS Weight,ASIANPAINT Weight,BAJFINANCE Weight,BAJAJFINSV Weight,BRITANNIA Weight,DIVISLAB Weight,GRASIM Weight,HCLTECH Weight,HDFCBANK Weight,HINDALCO Weight,HINDUNILVR Weight,ICICIBANK Weight,INFY Weight,JSWSTEEL Weight,NESTLEIND Weight,POWERGRID Weight,RELIANCE Weight,TCS Weight,TATACONSUM Weight,TATASTEEL Weight,TECHM Weight,TITAN Weight,UPL Weight,WIPRO Weight
0,0.33858326970924896,0.885928251075172,0.37107757256314144,1.6093851152646208,2.4861673614596076,6.8700785924345436,5.554905223142063,5.554905223142063,6.8700785924345436,2.9245584845571013,1.1709939921671266,1.1709939921671266,4.239731853849582,5.993296346239556,2.9245584845571013,3.3629496076545946,2.4861673614596076,7.308469715532037,4.678122976947076,5.993296346239556,7.308469715532037,5.1165141000445695,3.3629496076545946,2.4861673614596076,5.554905223142063,3.8013407307520883,1.1709939921671266
