,Returns,Standard Deviation,Sharpe Ratio,ADANIPORTS Weight,ASIANPAINT Weight,BAJFINANCE Weight,BAJAJFINSV Weight,BRITANNIA Weight,DIVISLAB Weight,GRASIM Weight,HCLTECH Weight,HDFCBANK Weight,HINDALCO Weight,HINDUNILVR Weight,ICICIBANK Weight,INFY Weight,JSWSTEEL Weight,NESTLEIND Weight,POWERGRID Weight,RELIANCE Weight,TCS Weight,TATACONSUM Weight,TATASTEEL Weight,TECHM Weight,TITAN Weight,UPL Weight,WIPRO Weight
0,0.24176881501161013,0.5503544431583762,0.4214259611413757,3.5182550891552657,5.349064249187452,5.806766539195499,4.891361959179406,1.2297436391150347,7.179873409219639,1.6874459291230808,4.891361959179406,5.806766539195499,1.6874459291230808,3.0605527991472203,1.6874459291230808,6.722171119211592,3.9759573791633134,7.637575699227685,1.6874459291230808,6.264468829203546,1.6874459291230808,5.349064249187452,6.722171119211592,2.602850509139174,3.9759573791633134,1.6874459291230808,4.891361959179406
