,Returns,Standard Deviation,Sharpe Ratio,ADANIPORTS Weight,ASIANPAINT Weight,BAJFINANCE Weight,BAJAJFINSV Weight,BRITANNIA Weight,DIVISLAB Weight,GRASIM Weight,HCLTECH Weight,HDFCBANK Weight,HINDALCO Weight,HINDUNILVR Weight,ICICIBANK Weight,INFY Weight,JSWSTEEL Weight,NESTLEIND Weight,POWERGRID Weight,RELIANCE Weight,TCS Weight,TATACONSUM Weight,TATASTEEL Weight,TECHM Weight,TITAN Weight,UPL Weight,WIPRO Weight
0,0.020152836678819126,0.9586509346406702,0.010762699404785591,2.60558348933169,6.305928798570153,4.918299307605729,3.9932129802961134,1.217953998367267,7.231015125879766,2.60558348933169,7.231015125879766,2.1430403256768824,2.1430403256768824,2.1430403256768824,6.768471962224959,3.9932129802961134,1.6804971620220746,6.305928798570153,1.6804971620220746,2.60558348933169,5.380842471260536,6.768471962224959,1.217953998367267,4.455756143950921,4.918299307605729,4.455756143950921,7.231015125879766
