,Returns,Standard Deviation,Sharpe Ratio,ADANIPORTS Weight,ASIANPAINT Weight,BAJFINANCE Weight,BAJAJFINSV Weight,BRITANNIA Weight,DIVISLAB Weight,GRASIM Weight,HCLTECH Weight,HDFCBANK Weight,HINDALCO Weight,HINDUNILVR Weight,ICICIBANK Weight,INFY Weight,JSWSTEEL Weight,NESTLEIND Weight,POWERGRID Weight,RELIANCE Weight,TCS Weight,TATACONSUM Weight,TATASTEEL Weight,TECHM Weight,TITAN Weight,UPL Weight,WIPRO Weight
0,0.2157454598973316,1.032228099568248,0.19948138899560403,2.2662799104708538,8.151348574819178,6.1896590200364034,7.170503797427792,5.6992366313407095,5.208814242645016,1.7758575217751604,2.7567022991665477,1.7758575217751604,2.2662799104708538,4.227969465253629,3.2471246878622413,2.7567022991665477,4.718391853949322,7.170503797427792,3.7375470765579357,5.6992366313407095,4.718391853949322,3.2471246878622413,4.227969465253629,2.7567022991665477,5.208814242645016,1.2854351330794667,3.7375470765579357
