,Returns,Standard Deviation,Sharpe Ratio,ADANIPORTS Weight,ASIANPAINT Weight,BAJFINANCE Weight,BAJAJFINSV Weight,BRITANNIA Weight,DIVISLAB Weight,GRASIM Weight,HCLTECH Weight,HDFCBANK Weight,HINDALCO Weight,HINDUNILVR Weight,ICICIBANK Weight,INFY Weight,JSWSTEEL Weight,NESTLEIND Weight,POWERGRID Weight,RELIANCE Weight,TCS Weight,TATACONSUM Weight,TATASTEEL Weight,TECHM Weight,TITAN Weight,UPL Weight,WIPRO Weight
0,0.3493005620706899,0.8976732788653734,0.37816141487980687,3.086763911647882,5.5165451104401475,4.301654511044015,2.2768368453837935,3.8966909779119705,6.7314357098362825,2.2768368453837935,1.06194624598766,5.5165451104401475,1.06194624598766,4.706618044176059,5.921508643572192,5.5165451104401475,5.111581577308104,4.301654511044015,5.111581577308104,5.5165451104401475,6.7314357098362825,5.921508643572192,2.6818003785158377,3.8966909779119705,5.5165451104401475,1.06194624598766,2.2768368453837935
