,Returns,Standard Deviation,Sharpe Ratio,ADANIPORTS Weight,ASIANPAINT Weight,BAJFINANCE Weight,BAJAJFINSV Weight,BRITANNIA Weight,DIVISLAB Weight,GRASIM Weight,HCLTECH Weight,HDFCBANK Weight,HINDALCO Weight,HINDUNILVR Weight,ICICIBANK Weight,INFY Weight,JSWSTEEL Weight,NESTLEIND Weight,POWERGRID Weight,RELIANCE Weight,TCS Weight,TATACONSUM Weight,TATASTEEL Weight,TECHM Weight,TITAN Weight,UPL Weight,WIPRO Weight
0,0.19116068730586402,0.6035636802424474,0.3004248406694418,7.203446548194386,1.5637124825000495,7.203446548194386,5.901969456111078,5.034318061388872,2.8651895745833578,3.7328409693055633,5.034318061388872,2.4313638772222546,1.1298867851389462,6.7696208508332845,2.4313638772222546,4.600492364027771,3.29901527194446,6.7696208508332845,1.5637124825000495,6.7696208508332845,4.166666666666666,6.335795153472181,2.8651895745833578,3.29901527194446,4.600492364027771,1.5637124825000495,2.8651895745833578
