,Returns,Standard Deviation,Sharpe Ratio,ADANIPORTS Weight,ASIANPAINT Weight,BAJFINANCE Weight,BAJAJFINSV Weight,BRITANNIA Weight,DIVISLAB Weight,GRASIM Weight,HCLTECH Weight,HDFCBANK Weight,HINDALCO Weight,HINDUNILVR Weight,ICICIBANK Weight,INFY Weight,JSWSTEEL Weight,NESTLEIND Weight,POWERGRID Weight,RELIANCE Weight,TCS Weight,TATACONSUM Weight,TATASTEEL Weight,TECHM Weight,TITAN Weight,UPL Weight,WIPRO Weight
0,0.23566412286787933,1.0027891773159938,0.2252008329778298,4.049132222702491,4.049132222702491,6.399821101986014,5.459545550272605,5.929683326129309,4.049132222702491,7.3400966536994225,2.1685811192756725,1.698443343418968,1.698443343418968,5.459545550272605,1.698443343418968,2.1685811192756725,2.638718895132377,4.049132222702491,3.578994446845786,7.3400966536994225,4.049132222702491,6.399821101986014,1.698443343418968,4.049132222702491,7.3400966536994225,1.698443343418968,4.9894077744159
