,Returns,Standard Deviation,Sharpe Ratio,ADANIPORTS Weight,ASIANPAINT Weight,BAJFINANCE Weight,BAJAJFINSV Weight,BRITANNIA Weight,DIVISLAB Weight,GRASIM Weight,HCLTECH Weight,HDFCBANK Weight,HINDALCO Weight,HINDUNILVR Weight,ICICIBANK Weight,INFY Weight,JSWSTEEL Weight,NESTLEIND Weight,POWERGRID Weight,RELIANCE Weight,TCS Weight,TATACONSUM Weight,TATASTEEL Weight,TECHM Weight,TITAN Weight,UPL Weight,WIPRO Weight
0,-0.03417234317581784,0.926207014344833,-0.047513684661643456,4.055769632663238,8.314215738394878,8.846521501611331,4.5880753958796925,2.4588523430138727,8.846521501611331,2.4588523430138727,3.523463869446782,6.184992685529057,3.523463869446782,8.846521501611331,1.394240816580963,4.055769632663238,1.9265465797974182,3.523463869446782,1.9265465797974182,5.652686922312602,3.523463869446782,4.5880753958796925,3.523463869446782,2.4588523430138727,2.4588523430138727,1.9265465797974182,1.394240816580963
