,Returns,Standard Deviation,Sharpe Ratio,ADANIPORTS Weight,ASIANPAINT Weight,BAJFINANCE Weight,BAJAJFINSV Weight,BRITANNIA Weight,DIVISLAB Weight,GRASIM Weight,HCLTECH Weight,HDFCBANK Weight,HINDALCO Weight,HINDUNILVR Weight,ICICIBANK Weight,INFY Weight,JSWSTEEL Weight,NESTLEIND Weight,POWERGRID Weight,RELIANCE Weight,TCS Weight,TATACONSUM Weight,TATASTEEL Weight,TECHM Weight,TITAN Weight,UPL Weight,WIPRO Weight
0,0.24969534411446342,0.5110502777902254,0.4693475176580489,1.6612467132432833,7.628353777885232,4.874304363435103,1.6612467132432833,4.874304363435103,4.415296127693415,1.6612467132432833,5.333312599176791,1.2022384775015946,1.6612467132432833,3.038271420468349,3.9562878919517255,3.038271420468349,1.6612467132432833,7.169345542143544,1.2022384775015946,6.251329070660168,7.169345542143544,6.710337306401856,1.6612467132432833,3.4972796562100372,7.628353777885232,7.169345542143544,4.874304363435103
