,Returns,Standard Deviation,Sharpe Ratio,ADANIPORTS Weight,ASIANPAINT Weight,BAJFINANCE Weight,BAJAJFINSV Weight,BRITANNIA Weight,DIVISLAB Weight,GRASIM Weight,HCLTECH Weight,HDFCBANK Weight,HINDALCO Weight,HINDUNILVR Weight,ICICIBANK Weight,INFY Weight,JSWSTEEL Weight,NESTLEIND Weight,POWERGRID Weight,RELIANCE Weight,TCS Weight,TATACONSUM Weight,TATASTEEL Weight,TECHM Weight,TITAN Weight,UPL Weight,WIPRO Weight
0,0.07792532011067956,1.3055560806636783,0.05215414051068657,1.5809533607223876,4.640107131135338,7.2622389343464375,5.0771290983371875,2.8920192623279375,5.514151065539038,2.0179753279242374,2.8920192623279375,2.8920192623279375,4.640107131135338,5.514151065539038,5.514151065539038,6.388194999942738,2.4549972951260877,5.951173032740888,2.8920192623279375,2.0179753279242374,7.2622389343464375,5.951173032740888,2.0179753279242374,2.8920192623279375,4.640107131135338,2.4549972951260877,4.640107131135338
