,Returns,Standard Deviation,Sharpe Ratio,ADANIPORTS Weight,ASIANPAINT Weight,BAJFINANCE Weight,BAJAJFINSV Weight,BRITANNIA Weight,DIVISLAB Weight,GRASIM Weight,HCLTECH Weight,HDFCBANK Weight,HINDALCO Weight,HINDUNILVR Weight,ICICIBANK Weight,INFY Weight,JSWSTEEL Weight,NESTLEIND Weight,POWERGRID Weight,RELIANCE Weight,TCS Weight,TATACONSUM Weight,TATASTEEL Weight,TECHM Weight,TITAN Weight,UPL Weight,WIPRO Weight
0,0.17219971598619793,1.1500266629841327,0.14118329285490078,3.168673658560849,5.563856878014813,2.689637014670057,4.605783590233228,4.126746946342434,5.084820234124019,2.210600370779265,6.521930165796396,7.000966809687189,4.126746946342434,5.084820234124019,1.7315637268884723,4.605783590233228,2.210600370779265,4.605783590233228,2.210600370779265,7.480003453577982,6.521930165796396,7.000966809687189,2.689637014670057,4.605783590233228,3.168673658560849,1.7315637268884723,1.2525270829976798
