,Returns,Standard Deviation,Sharpe Ratio,ADANIPORTS Weight,ASIANPAINT Weight,BAJFINANCE Weight,BAJAJFINSV Weight,BRITANNIA Weight,DIVISLAB Weight,GRASIM Weight,HCLTECH Weight,HDFCBANK Weight,HINDALCO Weight,HINDUNILVR Weight,ICICIBANK Weight,INFY Weight,JSWSTEEL Weight,NESTLEIND Weight,POWERGRID Weight,RELIANCE Weight,TCS Weight,TATACONSUM Weight,TATASTEEL Weight,TECHM Weight,TITAN Weight,UPL Weight,WIPRO Weight
0,0.3029036823903376,0.9131724607549377,0.32093446763920935,5.021547513954204,5.021547513954204,2.9698334804641133,3.4827619888366366,1.9439764637190684,7.586190055816816,1.4310479553465456,5.534476022326726,5.534476022326726,1.4310479553465456,7.073261547444294,4.508619005581681,1.9439764637190684,1.4310479553465456,6.560333039071771,1.4310479553465456,7.073261547444294,5.021547513954204,8.612047072561861,1.4310479553465456,1.9439764637190684,3.4827619888366366,3.4827619888366366,6.047404530699249
