,Returns,Standard Deviation,Sharpe Ratio,ADANIPORTS Weight,ASIANPAINT Weight,BAJFINANCE Weight,BAJAJFINSV Weight,BRITANNIA Weight,DIVISLAB Weight,GRASIM Weight,HCLTECH Weight,HDFCBANK Weight,HINDALCO Weight,HINDUNILVR Weight,ICICIBANK Weight,INFY Weight,JSWSTEEL Weight,NESTLEIND Weight,POWERGRID Weight,RELIANCE Weight,TCS Weight,TATACONSUM Weight,TATASTEEL Weight,TECHM Weight,TITAN Weight,UPL Weight,WIPRO Weight
0,0.12837759581219949,1.3141965768914288,0.09020144555347437,3.1001714206243003,3.506455323878535,5.537874840149707,5.537874840149707,4.725307033641238,3.1001714206243003,1.8813197108615973,5.131590936895472,4.725307033641238,1.0687519043531288,5.131590936895472,3.506455323878535,3.1001714206243003,6.75672654991241,5.944158743403941,4.725307033641238,5.131590936895472,3.9127392271327692,6.75672654991241,1.8813197108615973,3.506455323878535,6.350442646658176,2.287603614115832,2.693887517370066
