,Returns,Standard Deviation,Sharpe Ratio,ADANIPORTS Weight,ASIANPAINT Weight,BAJFINANCE Weight,BAJAJFINSV Weight,BRITANNIA Weight,DIVISLAB Weight,GRASIM Weight,HCLTECH Weight,HDFCBANK Weight,HINDALCO Weight,HINDUNILVR Weight,ICICIBANK Weight,INFY Weight,JSWSTEEL Weight,NESTLEIND Weight,POWERGRID Weight,RELIANCE Weight,TCS Weight,TATACONSUM Weight,TATASTEEL Weight,TECHM Weight,TITAN Weight,UPL Weight,WIPRO Weight
0,0.3563272225454659,0.9033709673901812,0.38355456420224454,4.408758967928559,6.898851209479451,6.483835835887635,2.7486974735612986,6.898851209479451,5.653805088704004,4.408758967928559,2.7486974735612986,6.483835835887635,4.408758967928559,5.23878971511219,1.0886359791940374,2.7486974735612986,3.1637128471531133,5.653805088704004,1.0886359791940374,4.408758967928559,6.898851209479451,4.823774341520374,3.1637128471531133,1.0886359791940374,5.653805088704004,2.7486974735612986,1.0886359791940374
