,Returns,Standard Deviation,Sharpe Ratio,ADANIPORTS Weight,ASIANPAINT Weight,BAJFINANCE Weight,BAJAJFINSV Weight,BRITANNIA Weight,DIVISLAB Weight,GRASIM Weight,HCLTECH Weight,HDFCBANK Weight,HINDALCO Weight,HINDUNILVR Weight,ICICIBANK Weight,INFY Weight,JSWSTEEL Weight,NESTLEIND Weight,POWERGRID Weight,RELIANCE Weight,TCS Weight,TATACONSUM Weight,TATASTEEL Weight,TECHM Weight,TITAN Weight,UPL Weight,WIPRO Weight
0,0.1472440626443619,1.2671581262234768,0.10843863521494201,2.2380781494393798,7.54169657181442,7.54169657181442,2.2380781494393798,1.273783890825736,7.059549442507598,3.2023724080530234,6.095255183893954,3.2023724080530234,4.6488137959734885,5.130960925280311,3.2023724080530234,2.7202252787462013,3.2023724080530234,7.059549442507598,2.7202252787462013,5.613108054587133,7.54169657181442,3.6845195373598454,1.273783890825736,5.130960925280311,3.6845195373598454,2.7202252787462013,1.273783890825736
