,Returns,Standard Deviation,Sharpe Ratio,ADANIPORTS Weight,ASIANPAINT Weight,BAJFINANCE Weight,BAJAJFINSV Weight,BRITANNIA Weight,DIVISLAB Weight,GRASIM Weight,HCLTECH Weight,HDFCBANK Weight,HINDALCO Weight,HINDUNILVR Weight,ICICIBANK Weight,INFY Weight,JSWSTEEL Weight,NESTLEIND Weight,POWERGRID Weight,RELIANCE Weight,TCS Weight,TATACONSUM Weight,TATASTEEL Weight,TECHM Weight,TITAN Weight,UPL Weight,WIPRO Weight
0,0.1420842834697087,0.7655952966470435,0.17274024437419402,4.435549460958125,2.1308397956027663,2.5917817286738383,1.2089559294606231,3.05272366174491,7.6621429924556255,3.05272366174491,3.513665594815981,3.05272366174491,1.2089559294606231,6.740259126313483,6.740259126313483,4.435549460958125,3.05272366174491,7.6621429924556255,4.435549460958125,3.513665594815981,4.435549460958125,3.05272366174491,2.1308397956027663,5.357433327100268,7.6621429924556255,1.2089559294606231,7.6621429924556255
