,Returns,Standard Deviation,Sharpe Ratio,ADANIPORTS Weight,ASIANPAINT Weight,BAJFINANCE Weight,BAJAJFINSV Weight,BRITANNIA Weight,DIVISLAB Weight,GRASIM Weight,HCLTECH Weight,HDFCBANK Weight,HINDALCO Weight,HINDUNILVR Weight,ICICIBANK Weight,INFY Weight,JSWSTEEL Weight,NESTLEIND Weight,POWERGRID Weight,RELIANCE Weight,TCS Weight,TATACONSUM Weight,TATASTEEL Weight,TECHM Weight,TITAN Weight,UPL Weight,WIPRO Weight
0,0.34731494752475844,1.112226289434358,0.30342726646141843,3.1463117369622373,5.971910003836038,7.8556421817519055,5.500976959357072,2.204445648004303,7.384709137272938,2.204445648004303,4.088177825920171,4.088177825920171,1.2625795590463693,1.2625795590463693,4.088177825920171,5.971910003836038,7.384709137272938,6.442843048315005,1.2625795590463693,5.971910003836038,1.733512603525336,6.913776092793973,1.2625795590463693,5.971910003836038,3.1463117369622373,2.67537869248327,2.204445648004303
