,Returns,Standard Deviation,Sharpe Ratio,ADANIPORTS Weight,ASIANPAINT Weight,BAJFINANCE Weight,BAJAJFINSV Weight,BRITANNIA Weight,DIVISLAB Weight,GRASIM Weight,HCLTECH Weight,HDFCBANK Weight,HINDALCO Weight,HINDUNILVR Weight,ICICIBANK Weight,INFY Weight,JSWSTEEL Weight,NESTLEIND Weight,POWERGRID Weight,RELIANCE Weight,TCS Weight,TATACONSUM Weight,TATASTEEL Weight,TECHM Weight,TITAN Weight,UPL Weight,WIPRO Weight
0,-0.040956373394741605,0.9700795937915212,-0.05235811427739608,3.5711949453068645,7.720288229620323,1.2661431206882765,3.5711949453068645,5.415236405001735,7.720288229620323,2.6491742154594293,4.493215675154301,4.954226040078018,3.110184580383147,2.6491742154594293,1.2661431206882765,6.798267499772888,4.954226040078018,7.259277864696606,3.5711949453068645,4.032205310230582,2.1881638505357115,5.876246769925452,1.2661431206882765,4.032205310230582,5.415236405001735,1.2661431206882765,4.954226040078018
