,Returns,Standard Deviation,Sharpe Ratio,ADANIPORTS Weight,ASIANPAINT Weight,BAJFINANCE Weight,BAJAJFINSV Weight,BRITANNIA Weight,DIVISLAB Weight,GRASIM Weight,HCLTECH Weight,HDFCBANK Weight,HINDALCO Weight,HINDUNILVR Weight,ICICIBANK Weight,INFY Weight,JSWSTEEL Weight,NESTLEIND Weight,POWERGRID Weight,RELIANCE Weight,TCS Weight,TATACONSUM Weight,TATASTEEL Weight,TECHM Weight,TITAN Weight,UPL Weight,WIPRO Weight
0,-0.06958089107280525,1.0001622457579915,-0.07940317307996679,1.599454414862397,1.599454414862397,4.2400155881467905,6.000389703669718,6.880576761431182,6.880576761431182,2.9197350015045935,6.000389703669718,2.479641472623861,5.120202645908255,5.120202645908255,2.9197350015045935,5.120202645908255,1.159360885981665,6.000389703669718,2.039547943743129,3.7999220592660574,5.560296174788986,6.880576761431182,3.7999220592660574,5.120202645908255,5.120202645908255,1.159360885981665,2.479641472623861
