,Returns,Standard Deviation,Sharpe Ratio,ADANIPORTS Weight,ASIANPAINT Weight,BAJFINANCE Weight,BAJAJFINSV Weight,BRITANNIA Weight,DIVISLAB Weight,GRASIM Weight,HCLTECH Weight,HDFCBANK Weight,HINDALCO Weight,HINDUNILVR Weight,ICICIBANK Weight,INFY Weight,JSWSTEEL Weight,NESTLEIND Weight,POWERGRID Weight,RELIANCE Weight,TCS Weight,TATACONSUM Weight,TATASTEEL Weight,TECHM Weight,TITAN Weight,UPL Weight,WIPRO Weight
0,0.23073223716574112,0.586093771637613,0.3768971502859767,1.6616949043403808,5.76073960632885,6.216189017660902,3.483492549668589,2.1171443156724328,4.849840783664746,2.1171443156724328,6.216189017660902,2.572593727004485,1.2062454930083284,5.305290194996797,3.9389419610006415,2.1171443156724328,6.216189017660902,6.216189017660902,3.9389419610006415,7.127087840325006,6.216189017660902,6.216189017660902,1.6616949043403808,1.2062454930083284,4.394391372332692,1.6616949043403808,7.582537251657058
