,Returns,Standard Deviation,Sharpe Ratio,ADANIPORTS Weight,ASIANPAINT Weight,BAJFINANCE Weight,BAJAJFINSV Weight,BRITANNIA Weight,DIVISLAB Weight,GRASIM Weight,HCLTECH Weight,HDFCBANK Weight,HINDALCO Weight,HINDUNILVR Weight,ICICIBANK Weight,INFY Weight,JSWSTEEL Weight,NESTLEIND Weight,POWERGRID Weight,RELIANCE Weight,TCS Weight,TATACONSUM Weight,TATASTEEL Weight,TECHM Weight,TITAN Weight,UPL Weight,WIPRO Weight
0,-0.053052527407792476,0.8932909129955958,-0.07040001339772652,1.642047645088885,3.4507299292043117,5.711582784348594,3.4507299292043117,3.4507299292043117,6.163753355377451,1.1898770740600282,4.807241642290881,5.711582784348594,1.642047645088885,6.615923926406307,2.998559358175455,6.163753355377451,2.998559358175455,3.902900500233168,6.163753355377451,2.0942182161177416,7.52026506846402,1.642047645088885,4.807241642290881,4.355071071262024,7.068094497435162,1.1898770740600282,5.259412213319738
