,Returns,Standard Deviation,Sharpe Ratio,ADANIPORTS Weight,ASIANPAINT Weight,BAJFINANCE Weight,BAJAJFINSV Weight,BRITANNIA Weight,DIVISLAB Weight,GRASIM Weight,HCLTECH Weight,HDFCBANK Weight,HINDALCO Weight,HINDUNILVR Weight,ICICIBANK Weight,INFY Weight,JSWSTEEL Weight,NESTLEIND Weight,POWERGRID Weight,RELIANCE Weight,TCS Weight,TATACONSUM Weight,TATASTEEL Weight,TECHM Weight,TITAN Weight,UPL Weight,WIPRO Weight
0,0.2187936391414889,0.5511919959238027,0.37910288221095767,3.512508351621001,3.0507495410005308,3.9742671622414725,1.6654731091391195,3.512508351621001,7.668337647205235,4.436025972861943,3.512508351621001,5.821302404723354,1.2037142985186489,7.668337647205235,3.0507495410005308,6.283061215343825,4.436025972861943,3.0507495410005308,2.5889907303800603,6.283061215343825,3.9742671622414725,4.897784783482414,4.897784783482414,3.0507495410005308,5.359543594102884,3.0507495410005308,3.0507495410005308
