,Returns,Standard Deviation,Sharpe Ratio,ADANIPORTS Weight,ASIANPAINT Weight,BAJFINANCE Weight,BAJAJFINSV Weight,BRITANNIA Weight,DIVISLAB Weight,GRASIM Weight,HCLTECH Weight,HDFCBANK Weight,HINDALCO Weight,HINDUNILVR Weight,ICICIBANK Weight,INFY Weight,JSWSTEEL Weight,NESTLEIND Weight,POWERGRID Weight,RELIANCE Weight,TCS Weight,TATACONSUM Weight,TATASTEEL Weight,TECHM Weight,TITAN Weight,UPL Weight,WIPRO Weight
0,-0.007363210124217878,0.9635484587843048,-0.017848998462497313,6.110106969692051,4.316162074591697,6.558593193467139,2.073730955716253,7.007079417242229,7.007079417242229,2.5222171794913417,5.661620745916963,3.419189627041519,1.1767585081660754,2.9707034032664303,2.5222171794913417,7.4555656410173174,2.9707034032664303,4.764648298366785,2.5222171794913417,3.8676758508166076,5.213134522141874,5.213134522141874,5.661620745916963,1.1767585081660754,3.8676758508166076,1.6252447319411643,4.316162074591697
