,Returns,Standard Deviation,Sharpe Ratio,ADANIPORTS Weight,ASIANPAINT Weight,BAJFINANCE Weight,BAJAJFINSV Weight,BRITANNIA Weight,DIVISLAB Weight,GRASIM Weight,HCLTECH Weight,HDFCBANK Weight,HINDALCO Weight,HINDUNILVR Weight,ICICIBANK Weight,INFY Weight,JSWSTEEL Weight,NESTLEIND Weight,POWERGRID Weight,RELIANCE Weight,TCS Weight,TATACONSUM Weight,TATASTEEL Weight,TECHM Weight,TITAN Weight,UPL Weight,WIPRO Weight
0,0.0359778956484856,0.9746982655528343,0.026821357682926622,1.8149954580926324,4.539690375612891,5.318174637761538,6.485901030984506,6.485901030984506,6.096658899910184,4.150448244538571,6.096658899910184,2.982721851315601,1.8149954580926324,4.539690375612891,2.593479720241278,2.982721851315601,2.982721851315601,2.982721851315601,4.9289325066872145,3.7612061134642465,6.096658899910184,3.3719639823899237,1.8149954580926324,4.9289325066872145,6.096658899910184,1.4257533270183096,5.707416768835861
