,Returns,Standard Deviation,Sharpe Ratio,ADANIPORTS Weight,ASIANPAINT Weight,BAJFINANCE Weight,BAJAJFINSV Weight,BRITANNIA Weight,DIVISLAB Weight,GRASIM Weight,HCLTECH Weight,HDFCBANK Weight,HINDALCO Weight,HINDUNILVR Weight,ICICIBANK Weight,INFY Weight,JSWSTEEL Weight,NESTLEIND Weight,POWERGRID Weight,RELIANCE Weight,TCS Weight,TATACONSUM Weight,TATASTEEL Weight,TECHM Weight,TITAN Weight,UPL Weight,WIPRO Weight
0,0.018110132486944815,0.9828573025307175,0.008419297115128633,2.997679074978793,2.092656423349472,3.450190400793455,6.165258355681419,2.5451677491641327,7.070281007310742,4.807724378237437,5.260235704052098,2.997679074978793,2.5451677491641327,6.165258355681419,3.9027017266081154,4.355213052422776,1.1876337717201506,7.070281007310742,2.092656423349472,2.997679074978793,6.165258355681419,6.61776968149608,4.355213052422776,4.355213052422776,5.260235704052098,2.092656423349472,3.450190400793455
