,Returns,Standard Deviation,Sharpe Ratio,ADANIPORTS Weight,ASIANPAINT Weight,BAJFINANCE Weight,BAJAJFINSV Weight,BRITANNIA Weight,DIVISLAB Weight,GRASIM Weight,HCLTECH Weight,HDFCBANK Weight,HINDALCO Weight,HINDUNILVR Weight,ICICIBANK Weight,INFY Weight,JSWSTEEL Weight,NESTLEIND Weight,POWERGRID Weight,RELIANCE Weight,TCS Weight,TATACONSUM Weight,TATASTEEL Weight,TECHM Weight,TITAN Weight,UPL Weight,WIPRO Weight
0,-0.04306314878986617,1.388687783370769,-0.03809230142187228,3.640447411573143,6.385939177278485,7.48413588356062,2.542250705291007,2.542250705291007,5.836840824137416,1.9931523521499388,2.542250705291007,6.935037530419552,1.4440539990088708,3.0913490584320753,1.9931523521499388,2.542250705291007,3.0913490584320753,9.131430942983826,1.4440539990088708,8.582332589842757,5.836840824137416,1.4440539990088708,3.0913490584320753,3.640447411573143,7.48413588356062,2.542250705291007,4.73864411785528
