,Returns,Standard Deviation,Sharpe Ratio,ADANIPORTS Weight,ASIANPAINT Weight,BAJFINANCE Weight,BAJAJFINSV Weight,BRITANNIA Weight,DIVISLAB Weight,GRASIM Weight,HCLTECH Weight,HDFCBANK Weight,HINDALCO Weight,HINDUNILVR Weight,ICICIBANK Weight,INFY Weight,JSWSTEEL Weight,NESTLEIND Weight,POWERGRID Weight,RELIANCE Weight,TCS Weight,TATACONSUM Weight,TATASTEEL Weight,TECHM Weight,TITAN Weight,UPL Weight,WIPRO Weight
0,-0.04150416987824218,1.3437579083867823,-0.03820579167793794,1.14288466980281,5.077444376565419,5.514617677316821,6.388964278819623,2.8915778728084143,5.077444376565419,2.454404572057013,2.8915778728084143,3.765924474311216,2.8915778728084143,3.328751173559815,3.328751173559815,5.951790978068221,1.580057970554211,6.8261375795710215,6.388964278819623,3.328751173559815,6.8261375795710215,2.454404572057013,2.454404572057013,5.951790978068221,6.8261375795710215,1.14288466980281,5.514617677316821
