,Returns,Standard Deviation,Sharpe Ratio,ADANIPORTS Weight,ASIANPAINT Weight,BAJFINANCE Weight,BAJAJFINSV Weight,BRITANNIA Weight,DIVISLAB Weight,GRASIM Weight,HCLTECH Weight,HDFCBANK Weight,HINDALCO Weight,HINDUNILVR Weight,ICICIBANK Weight,INFY Weight,JSWSTEEL Weight,NESTLEIND Weight,POWERGRID Weight,RELIANCE Weight,TCS Weight,TATACONSUM Weight,TATASTEEL Weight,TECHM Weight,TITAN Weight,UPL Weight,WIPRO Weight
0,-0.013791584373277653,1.0118540725052951,-0.02334995712370259,4.873560837157229,3.4979829918783,6.70766463086247,5.79061273400985,1.20535324974675,7.624716527715089,2.1224051465993696,3.0394570434519896,2.5809310950256803,2.1224051465993696,6.249138682436159,3.9565089403046096,3.4979829918783,2.5809310950256803,4.415034888730919,4.415034888730919,7.624716527715089,3.9565089403046096,5.79061273400985,4.415034888730919,6.249138682436159,3.9565089403046096,2.1224051465993696,1.20535324974675
