,Returns,Standard Deviation,Sharpe Ratio,ADANIPORTS Weight,ASIANPAINT Weight,BAJFINANCE Weight,BAJAJFINSV Weight,BRITANNIA Weight,DIVISLAB Weight,GRASIM Weight,HCLTECH Weight,HDFCBANK Weight,HINDALCO Weight,HINDUNILVR Weight,ICICIBANK Weight,INFY Weight,JSWSTEEL Weight,NESTLEIND Weight,POWERGRID Weight,RELIANCE Weight,TCS Weight,TATACONSUM Weight,TATASTEEL Weight,TECHM Weight,TITAN Weight,UPL Weight,WIPRO Weight
0,-0.0021533284543349997,0.9599056662964058,-0.012489241089444669,2.2991391015497515,3.2951538029454395,6.7812052578303454,2.7971464522475955,4.7891758550389705,6.283197907132503,1.8011317508519082,4.291168504341127,4.7891758550389705,5.785190556434658,2.2991391015497515,3.793161153643284,3.2951538029454395,1.8011317508519082,4.7891758550389705,3.793161153643284,6.7812052578303454,4.7891758550389705,4.7891758550389705,1.8011317508519082,2.2991391015497515,6.283197907132503,2.7971464522475955,7.7772199592260325
