,Returns,Standard Deviation,Sharpe Ratio,ADANIPORTS Weight,ASIANPAINT Weight,BAJFINANCE Weight,BAJAJFINSV Weight,BRITANNIA Weight,DIVISLAB Weight,GRASIM Weight,HCLTECH Weight,HDFCBANK Weight,HINDALCO Weight,HINDUNILVR Weight,ICICIBANK Weight,INFY Weight,JSWSTEEL Weight,NESTLEIND Weight,POWERGRID Weight,RELIANCE Weight,TCS Weight,TATACONSUM Weight,TATASTEEL Weight,TECHM Weight,TITAN Weight,UPL Weight,WIPRO Weight
0,0.010881780907912704,0.9252451656503843,0.0011311770237806844,2.912239947444221,4.657529295927624,3.784884621685922,1.6032729360816689,6.839140981531877,7.275463318652729,2.039595273202519,6.839140981531877,2.47591761032337,1.1669505989608178,5.530173970169326,4.657529295927624,6.839140981531877,1.1669505989608178,5.530173970169326,2.039595273202519,7.275463318652729,7.275463318652729,3.3485622845650718,4.657529295927624,3.3485622845650718,4.221206958806773,2.039595273202519,2.47591761032337
