,Returns,Standard Deviation,Sharpe Ratio,ADANIPORTS Weight,ASIANPAINT Weight,BAJFINANCE Weight,BAJAJFINSV Weight,BRITANNIA Weight,DIVISLAB Weight,GRASIM Weight,HCLTECH Weight,HDFCBANK Weight,HINDALCO Weight,HINDUNILVR Weight,ICICIBANK Weight,INFY Weight,JSWSTEEL Weight,NESTLEIND Weight,POWERGRID Weight,RELIANCE Weight,TCS Weight,TATACONSUM Weight,TATASTEEL Weight,TECHM Weight,TITAN Weight,UPL Weight,WIPRO Weight
0,0.033617971426188685,0.9472707418111761,0.025106662268013544,1.176571560422279,2.9594854125928456,1.176571560422279,6.525313116933979,2.5137569495502037,6.971041579976619,5.188127727806053,6.079584653891336,4.742399264763412,1.176571560422279,5.633856190848696,1.176571560422279,6.079584653891336,1.6223000234649203,7.4167700430192625,2.5137569495502037,2.5137569495502037,5.633856190848696,7.4167700430192625,1.6223000234649203,7.4167700430192625,6.971041579976619,4.29667080172077,1.176571560422279
