,Returns,Standard Deviation,Sharpe Ratio,ADANIPORTS Weight,ASIANPAINT Weight,BAJFINANCE Weight,BAJAJFINSV Weight,BRITANNIA Weight,DIVISLAB Weight,GRASIM Weight,HCLTECH Weight,HDFCBANK Weight,HINDALCO Weight,HINDUNILVR Weight,ICICIBANK Weight,INFY Weight,JSWSTEEL Weight,NESTLEIND Weight,POWERGRID Weight,RELIANCE Weight,TCS Weight,TATACONSUM Weight,TATASTEEL Weight,TECHM Weight,TITAN Weight,UPL Weight,WIPRO Weight
0,-0.05563042897783523,1.3731339568649437,-0.04767604317532657,4.061408667353937,3.6403766701030094,7.008632648110422,1.1141846865974498,2.3772806783502296,5.324504659106716,4.061408667353937,4.90347266185579,3.6403766701030094,3.219344672852083,5.745536656357642,1.1141846865974498,2.798312675601156,2.798312675601156,6.166568653608569,2.798312675601156,3.219344672852083,7.008632648110422,6.166568653608569,1.9562486810993027,6.166568653608569,7.008632648110422,1.9562486810993027,5.745536656357642
