,Returns,Standard Deviation,Sharpe Ratio,ADANIPORTS Weight,ASIANPAINT Weight,BAJFINANCE Weight,BAJAJFINSV Weight,BRITANNIA Weight,DIVISLAB Weight,GRASIM Weight,HCLTECH Weight,HDFCBANK Weight,HINDALCO Weight,HINDUNILVR Weight,ICICIBANK Weight,INFY Weight,JSWSTEEL Weight,NESTLEIND Weight,POWERGRID Weight,RELIANCE Weight,TCS Weight,TATACONSUM Weight,TATASTEEL Weight,TECHM Weight,TITAN Weight,UPL Weight,WIPRO Weight
0,-0.0589114366525746,1.1083251304720896,-0.06202746793123504,3.9781005859830234,5.212351295912327,5.212351295912327,1.9210160694341862,2.743849876053721,6.858018909151395,3.5666836826732564,4.389517489292792,3.9781005859830234,1.0981822628146511,4.389517489292792,5.212351295912327,5.212351295912327,1.0981822628146511,3.9781005859830234,2.3324329727439537,6.858018909151395,6.858018909151395,3.9781005859830234,1.0981822628146511,6.446602005841628,4.389517489292792,3.1552667793634885,6.0351851025318615
