,Returns,Standard Deviation,Sharpe Ratio,ADANIPORTS Weight,ASIANPAINT Weight,BAJFINANCE Weight,BAJAJFINSV Weight,BRITANNIA Weight,DIVISLAB Weight,GRASIM Weight,HCLTECH Weight,HDFCBANK Weight,HINDALCO Weight,HINDUNILVR Weight,ICICIBANK Weight,INFY Weight,JSWSTEEL Weight,NESTLEIND Weight,POWERGRID Weight,RELIANCE Weight,TCS Weight,TATACONSUM Weight,TATASTEEL Weight,TECHM Weight,TITAN Weight,UPL Weight,WIPRO Weight
0,-0.03662556923045944,1.0581092471278102,-0.04390920331878759,3.867989119071262,6.108070726036791,5.2120380832505795,1.1798911907126282,7.004103368823003,7.452119690216108,1.1798911907126282,7.452119690216108,1.6279075121057338,2.0759238334988397,5.2120380832505795,4.764021761857474,4.764021761857474,2.523940154891945,3.867989119071262,1.6279075121057338,6.108070726036791,7.004103368823003,5.2120380832505795,1.1798911907126282,2.523940154891945,2.523940154891945,2.523940154891945,7.004103368823003
