,Returns,Standard Deviation,Sharpe Ratio,ADANIPORTS Weight,ASIANPAINT Weight,BAJFINANCE Weight,BAJAJFINSV Weight,BRITANNIA Weight,DIVISLAB Weight,GRASIM Weight,HCLTECH Weight,HDFCBANK Weight,HINDALCO Weight,HINDUNILVR Weight,ICICIBANK Weight,INFY Weight,JSWSTEEL Weight,NESTLEIND Weight,POWERGRID Weight,RELIANCE Weight,TCS Weight,TATACONSUM Weight,TATASTEEL Weight,TECHM Weight,TITAN Weight,UPL Weight,WIPRO Weight
0,-0.0631917113105788,1.0067396847596832,-0.07253799294022636,1.1513188490444057,5.09868326484082,5.975875357240023,2.4671069876432106,5.537279311040422,4.221491172441617,1.1513188490444057,5.975875357240023,6.414471403439624,2.0285109414436087,1.1513188490444057,4.660087218641219,6.853067449639226,2.4671069876432106,5.975875357240023,5.537279311040422,4.660087218641219,4.660087218641219,4.660087218641219,1.1513188490444057,2.4671069876432106,7.291663495838828,2.0285109414436087,6.414471403439624
