,Returns,Standard Deviation,Sharpe Ratio,ADANIPORTS Weight,ASIANPAINT Weight,BAJFINANCE Weight,BAJAJFINSV Weight,BRITANNIA Weight,DIVISLAB Weight,GRASIM Weight,HCLTECH Weight,HDFCBANK Weight,HINDALCO Weight,HINDUNILVR Weight,ICICIBANK Weight,INFY Weight,JSWSTEEL Weight,NESTLEIND Weight,POWERGRID Weight,RELIANCE Weight,TCS Weight,TATACONSUM Weight,TATASTEEL Weight,TECHM Weight,TITAN Weight,UPL Weight,WIPRO Weight
0,-0.028088304550403488,1.1386550827105946,-0.033305493438180275,2.4041281603767377,4.113256408900305,1.5495640361149534,4.540538471031197,1.9768460982458456,5.3951025952929825,1.5495640361149534,6.676948781685659,1.9768460982458456,1.5495640361149534,4.540538471031197,6.676948781685659,4.967820533162091,6.2496667195547655,6.2496667195547655,1.1222819739840617,4.540538471031197,6.676948781685659,6.2496667195547655,4.113256408900305,4.540538471031197,6.676948781685659,1.1222819739840617,4.540538471031197
