,Returns,Standard Deviation,Sharpe Ratio,ADANIPORTS Weight,ASIANPAINT Weight,BAJFINANCE Weight,BAJAJFINSV Weight,BRITANNIA Weight,DIVISLAB Weight,GRASIM Weight,HCLTECH Weight,HDFCBANK Weight,HINDALCO Weight,HINDUNILVR Weight,ICICIBANK Weight,INFY Weight,JSWSTEEL Weight,NESTLEIND Weight,POWERGRID Weight,RELIANCE Weight,TCS Weight,TATACONSUM Weight,TATASTEEL Weight,TECHM Weight,TITAN Weight,UPL Weight,WIPRO Weight
0,-0.015821251960705864,1.416680205618041,-0.01811023877804365,1.2016058319990663,5.307074680000359,3.0262586533329743,4.850911474666883,2.1139322426660208,7.131727501334267,1.6577690373325435,4.394748269333405,4.850911474666883,2.5700954479994977,2.5700954479994977,1.6577690373325435,6.219401090667313,5.307074680000359,5.763237885333837,1.2016058319990663,4.394748269333405,3.0262586533329743,6.6755642960007915,4.394748269333405,7.5878907066677455,5.307074680000359,4.850911474666883,3.9385850639999282
