,Returns,Standard Deviation,Sharpe Ratio,ADANIPORTS Weight,ASIANPAINT Weight,BAJFINANCE Weight,BAJAJFINSV Weight,BRITANNIA Weight,DIVISLAB Weight,GRASIM Weight,HCLTECH Weight,HDFCBANK Weight,HINDALCO Weight,HINDUNILVR Weight,ICICIBANK Weight,INFY Weight,JSWSTEEL Weight,NESTLEIND Weight,POWERGRID Weight,RELIANCE Weight,TCS Weight,TATACONSUM Weight,TATASTEEL Weight,TECHM Weight,TITAN Weight,UPL Weight,WIPRO Weight
0,-0.04392515583293808,1.41264292687303,-0.038056553178023984,3.3451745441629113,7.38944345495063,2.8396409303144465,3.850708158011377,1.3230400887690519,7.894977068799094,7.38944345495063,1.3230400887690519,3.3451745441629113,1.828573702617517,2.334107316465982,4.861775385708306,4.861775385708306,2.8396409303144465,3.850708158011377,1.3230400887690519,5.872842613405235,7.894977068799094,5.872842613405235,2.334107316465982,7.38944345495063,5.872842613405235,1.3230400887690519,2.8396409303144465
