,Returns,Standard Deviation,Sharpe Ratio,ADANIPORTS Weight,ASIANPAINT Weight,BAJFINANCE Weight,BAJAJFINSV Weight,BRITANNIA Weight,DIVISLAB Weight,GRASIM Weight,HCLTECH Weight,HDFCBANK Weight,HINDALCO Weight,HINDUNILVR Weight,ICICIBANK Weight,INFY Weight,JSWSTEEL Weight,NESTLEIND Weight,POWERGRID Weight,RELIANCE Weight,TCS Weight,TATACONSUM Weight,TATASTEEL Weight,TECHM Weight,TITAN Weight,UPL Weight,WIPRO Weight
0,-0.07206058582912397,1.1667618140443565,-0.07019063332250554,7.660554209686181,6.7390893631755375,5.817624516664898,4.435427246898936,1.2103002841116923,4.896159670154256,2.1317651306223335,1.671032707367013,3.0532299771329745,1.671032707367013,3.0532299771329745,4.435427246898936,6.278356939920219,2.1317651306223335,5.356892093409577,2.592497553877654,1.671032707367013,3.974694823643616,7.660554209686181,3.974694823643616,5.356892093409577,7.19982178643086,1.671032707367013,5.356892093409577
