,Returns,Standard Deviation,Sharpe Ratio,ADANIPORTS Weight,ASIANPAINT Weight,BAJFINANCE Weight,BAJAJFINSV Weight,BRITANNIA Weight,DIVISLAB Weight,GRASIM Weight,HCLTECH Weight,HDFCBANK Weight,HINDALCO Weight,HINDUNILVR Weight,ICICIBANK Weight,INFY Weight,JSWSTEEL Weight,NESTLEIND Weight,POWERGRID Weight,RELIANCE Weight,TCS Weight,TATACONSUM Weight,TATASTEEL Weight,TECHM Weight,TITAN Weight,UPL Weight,WIPRO Weight
0,-0.07775941150194425,1.1156460939385053,-0.0785146623225997,3.046594055535822,8.960577442306684,3.5842289088786274,6.810038028935461,3.5842289088786274,3.046594055535822,4.121863762221433,6.810038028935461,1.9713243488502106,2.508959202193016,1.9713243488502106,1.4336894955074047,7.347672882278267,2.508959202193016,3.5842289088786274,1.4336894955074047,8.960577442306684,2.508959202193016,5.197133468907045,3.5842289088786274,2.508959202193016,8.960577442306684,1.4336894955074047,4.121863762221433
