,Returns,Standard Deviation,Sharpe Ratio,ADANIPORTS Weight,ASIANPAINT Weight,BAJFINANCE Weight,BAJAJFINSV Weight,BRITANNIA Weight,DIVISLAB Weight,GRASIM Weight,HCLTECH Weight,HDFCBANK Weight,HINDALCO Weight,HINDUNILVR Weight,ICICIBANK Weight,INFY Weight,JSWSTEEL Weight,NESTLEIND Weight,POWERGRID Weight,RELIANCE Weight,TCS Weight,TATACONSUM Weight,TATASTEEL Weight,TECHM Weight,TITAN Weight,UPL Weight,WIPRO Weight
0,-0.00441450521536051,1.371864257947755,-0.010387084558819391,3.685355751296772,2.2414230051870834,2.2414230051870834,1.7601120898171876,8.017153989625836,7.535843074255939,3.2040448359268754,2.7227339205569794,1.2788011744472916,1.7601120898171876,7.535843074255939,1.7601120898171876,3.685355751296772,1.2788011744472916,2.7227339205569794,3.2040448359268754,7.535843074255939,5.12928849740646,6.573221243516148,5.12928849740646,6.573221243516148,5.610599412776356,2.7227339205569794,6.091910328146252
