,Returns,Standard Deviation,Sharpe Ratio,ADANIPORTS Weight,ASIANPAINT Weight,BAJFINANCE Weight,BAJAJFINSV Weight,BRITANNIA Weight,DIVISLAB Weight,GRASIM Weight,HCLTECH Weight,HDFCBANK Weight,HINDALCO Weight,HINDUNILVR Weight,ICICIBANK Weight,INFY Weight,JSWSTEEL Weight,NESTLEIND Weight,POWERGRID Weight,RELIANCE Weight,TCS Weight,TATACONSUM Weight,TATASTEEL Weight,TECHM Weight,TITAN Weight,UPL Weight,WIPRO Weight
0,-0.04793774901298368,1.095891129772425,-0.05271774930794973,1.5663885960691217,3.733286988233743,5.033426023532515,1.5663885960691217,1.1330089176361973,7.200324415697137,1.9997682745020458,6.3335650588312875,6.3335650588312875,1.1330089176361973,3.299907309800818,5.900185380398365,2.43314795293497,5.900185380398365,5.46680570196544,1.5663885960691217,7.200324415697137,5.900185380398365,5.033426023532515,2.8665276313678945,3.733286988233743,5.033426023532515,5.033426023532515,4.600046345099591
