,Returns,Standard Deviation,Sharpe Ratio,ADANIPORTS Weight,ASIANPAINT Weight,BAJFINANCE Weight,BAJAJFINSV Weight,BRITANNIA Weight,DIVISLAB Weight,GRASIM Weight,HCLTECH Weight,HDFCBANK Weight,HINDALCO Weight,HINDUNILVR Weight,ICICIBANK Weight,INFY Weight,JSWSTEEL Weight,NESTLEIND Weight,POWERGRID Weight,RELIANCE Weight,TCS Weight,TATACONSUM Weight,TATASTEEL Weight,TECHM Weight,TITAN Weight,UPL Weight,WIPRO Weight
0,0.04165686658515081,1.4098837116782463,0.022570444275937632,5.446931214255869,8.007460309434276,3.910613757148826,3.398507938113145,4.422719576184507,8.007460309434276,2.886402119077464,1.3500846619704203,3.910613757148826,1.8621904810061012,1.3500846619704203,2.3742963000417823,1.3500846619704203,3.398507938113145,2.886402119077464,4.934825395220188,4.422719576184507,8.007460309434276,4.934825395220188,1.3500846619704203,3.910613757148826,6.471142852327231,3.398507938113145,8.007460309434276
