,Returns,Standard Deviation,Sharpe Ratio,ADANIPORTS Weight,ASIANPAINT Weight,BAJFINANCE Weight,BAJAJFINSV Weight,BRITANNIA Weight,DIVISLAB Weight,GRASIM Weight,HCLTECH Weight,HDFCBANK Weight,HINDALCO Weight,HINDUNILVR Weight,ICICIBANK Weight,INFY Weight,JSWSTEEL Weight,NESTLEIND Weight,POWERGRID Weight,RELIANCE Weight,TCS Weight,TATACONSUM Weight,TATASTEEL Weight,TECHM Weight,TITAN Weight,UPL Weight,WIPRO Weight
0,0.02727506248870093,0.9931051569088261,0.017560977840272357,4.130858245518764,1.9823529766447165,6.709064568167624,4.130858245518764,4.9902603530683844,4.9902603530683844,3.2714561379691447,3.2714561379691447,3.7011571917439547,3.2714561379691447,6.279363514392814,2.4120540304195264,6.279363514392814,1.9823529766447165,6.709064568167624,2.4120540304195264,7.138765621942432,5.849662460618004,5.4199614068431945,2.4120540304195264,5.4199614068431945,1.9823529766447165,1.9823529766447165,3.2714561379691447
