,Returns,Standard Deviation,Sharpe Ratio,ADANIPORTS Weight,ASIANPAINT Weight,BAJFINANCE Weight,BAJAJFINSV Weight,BRITANNIA Weight,DIVISLAB Weight,GRASIM Weight,HCLTECH Weight,HDFCBANK Weight,HINDALCO Weight,HINDUNILVR Weight,ICICIBANK Weight,INFY Weight,JSWSTEEL Weight,NESTLEIND Weight,POWERGRID Weight,RELIANCE Weight,TCS Weight,TATACONSUM Weight,TATASTEEL Weight,TECHM Weight,TITAN Weight,UPL Weight,WIPRO Weight
0,-0.0028690632440671092,0.9986851439977052,-0.012720954302351309,2.2641589383472334,3.246098411028232,6.191916829071226,6.191916829071226,2.2641589383472334,7.664826038092723,4.719007620049728,1.2822194656662353,4.22803788370923,4.719007620049728,6.682886565411724,6.191916829071226,6.191916829071226,2.755128674687733,2.2641589383472334,1.2822194656662353,6.191916829071226,3.246098411028232,5.209977356390228,2.755128674687733,3.246098411028232,6.191916829071226,1.7731892020067346,3.246098411028232
