,Returns,Standard Deviation,Sharpe Ratio,ADANIPORTS Weight,ASIANPAINT Weight,BAJFINANCE Weight,BAJAJFINSV Weight,BRITANNIA Weight,DIVISLAB Weight,GRASIM Weight,HCLTECH Weight,HDFCBANK Weight,HINDALCO Weight,HINDUNILVR Weight,ICICIBANK Weight,INFY Weight,JSWSTEEL Weight,NESTLEIND Weight,POWERGRID Weight,RELIANCE Weight,TCS Weight,TATACONSUM Weight,TATASTEEL Weight,TECHM Weight,TITAN Weight,UPL Weight,WIPRO Weight
0,0.03377015688369834,1.0115687019567066,0.02366126196098728,1.240847732723426,5.922158027032611,7.794682144756286,4.517764938739856,3.581502879878019,6.39028905646353,2.6452408210161815,1.7089787621543444,6.858420085894449,1.240847732723426,1.240847732723426,1.240847732723426,4.049633909308937,1.240847732723426,7.794682144756286,4.985895968170774,7.326551115325368,1.7089787621543444,5.454026997601693,5.454026997601693,4.985895968170774,6.858420085894449,1.240847732723426,4.517764938739856
