,Returns,Standard Deviation,Sharpe Ratio,ADANIPORTS Weight,ASIANPAINT Weight,BAJFINANCE Weight,BAJAJFINSV Weight,BRITANNIA Weight,DIVISLAB Weight,GRASIM Weight,HCLTECH Weight,HDFCBANK Weight,HINDALCO Weight,HINDUNILVR Weight,ICICIBANK Weight,INFY Weight,JSWSTEEL Weight,NESTLEIND Weight,POWERGRID Weight,RELIANCE Weight,TCS Weight,TATACONSUM Weight,TATASTEEL Weight,TECHM Weight,TITAN Weight,UPL Weight,WIPRO Weight
0,-0.061549795542578126,1.1221628508508914,-0.06361372622842985,2.1382492307296346,7.23827021251417,3.9928023150149197,1.210972688586992,4.4564405860862415,4.920078857157562,3.5291640439435987,5.383717128228883,3.5291640439435987,1.210972688586992,4.4564405860862415,2.1382492307296346,5.383717128228883,7.23827021251417,2.6018875018009555,5.847355399300206,7.23827021251417,2.1382492307296346,2.1382492307296346,2.1382492307296346,7.70190848358549,5.847355399300206,1.210972688586992,6.310993670371527
