,Returns,Standard Deviation,Sharpe Ratio,ADANIPORTS Weight,ASIANPAINT Weight,BAJFINANCE Weight,BAJAJFINSV Weight,BRITANNIA Weight,DIVISLAB Weight,GRASIM Weight,HCLTECH Weight,HDFCBANK Weight,HINDALCO Weight,HINDUNILVR Weight,ICICIBANK Weight,INFY Weight,JSWSTEEL Weight,NESTLEIND Weight,POWERGRID Weight,RELIANCE Weight,TCS Weight,TATACONSUM Weight,TATASTEEL Weight,TECHM Weight,TITAN Weight,UPL Weight,WIPRO Weight
0,-0.0007390304189302784,1.3844310656370715,-0.007637935550968877,1.972700279331606,2.4992522122920207,4.078908011173263,7.764771541896165,1.446148346371192,6.711667675975337,2.4992522122920207,2.4992522122920207,1.446148346371192,4.078908011173263,6.185115743014921,4.078908011173263,1.972700279331606,4.078908011173263,8.817875407816993,3.552356078212849,5.658563810054506,3.552356078212849,3.552356078212849,1.446148346371192,7.238219608935749,7.238219608935749,1.446148346371192,6.185115743014921
