,Returns,Standard Deviation,Sharpe Ratio,ADANIPORTS Weight,ASIANPAINT Weight,BAJFINANCE Weight,BAJAJFINSV Weight,BRITANNIA Weight,DIVISLAB Weight,GRASIM Weight,HCLTECH Weight,HDFCBANK Weight,HINDALCO Weight,HINDUNILVR Weight,ICICIBANK Weight,INFY Weight,JSWSTEEL Weight,NESTLEIND Weight,POWERGRID Weight,RELIANCE Weight,TCS Weight,TATACONSUM Weight,TATASTEEL Weight,TECHM Weight,TITAN Weight,UPL Weight,WIPRO Weight
0,-0.015108106575561971,1.1370515336084277,-0.021936799409231215,4.765075846611222,7.457917156361724,2.969848306777556,1.6234276519023059,6.56030338644489,4.316268961652805,2.0722345368607225,1.6234276519023059,4.765075846611222,1.6234276519023059,7.009110271403306,2.521041421819139,7.009110271403306,1.1746207669438895,7.009110271403306,2.969848306777556,5.6626896165280565,4.765075846611222,3.8674620766943897,2.0722345368607225,4.316268961652805,7.009110271403306,3.4186551917359727,3.4186551917359727
