,Returns,Standard Deviation,Sharpe Ratio,ADANIPORTS Weight,ASIANPAINT Weight,BAJFINANCE Weight,BAJAJFINSV Weight,BRITANNIA Weight,DIVISLAB Weight,GRASIM Weight,HCLTECH Weight,HDFCBANK Weight,HINDALCO Weight,HINDUNILVR Weight,ICICIBANK Weight,INFY Weight,JSWSTEEL Weight,NESTLEIND Weight,POWERGRID Weight,RELIANCE Weight,TCS Weight,TATACONSUM Weight,TATASTEEL Weight,TECHM Weight,TITAN Weight,UPL Weight,WIPRO Weight
0,-0.03750471406344934,1.19473350508908,-0.03962379785698275,1.7084822392116297,2.1804536492829967,3.5963678794970986,5.956224929853934,2.652425059354364,5.484253519782567,2.1804536492829967,1.7084822392116297,5.956224929853934,4.068339289568465,7.844110570139404,2.652425059354364,4.068339289568465,1.7084822392116297,5.0122821097112,2.652425059354364,6.900167749996669,6.900167749996669,2.1804536492829967,1.7084822392116297,6.900167749996669,6.900167749996669,1.7084822392116297,7.372139160068036
