,Returns,Standard Deviation,Sharpe Ratio,ADANIPORTS Weight,ASIANPAINT Weight,BAJFINANCE Weight,BAJAJFINSV Weight,BRITANNIA Weight,DIVISLAB Weight,GRASIM Weight,HCLTECH Weight,HDFCBANK Weight,HINDALCO Weight,HINDUNILVR Weight,ICICIBANK Weight,INFY Weight,JSWSTEEL Weight,NESTLEIND Weight,POWERGRID Weight,RELIANCE Weight,TCS Weight,TATACONSUM Weight,TATASTEEL Weight,TECHM Weight,TITAN Weight,UPL Weight,WIPRO Weight
0,-0.03392128949979022,1.2299486778161957,-0.03557583753221778,1.3472174748653376,2.3647630478462682,2.873535834336734,4.39985419380813,1.3472174748653376,3.8910814073176647,2.873535834336734,4.908626980298595,4.908626980298595,1.3472174748653376,7.961263699241387,1.3472174748653376,7.452490912750923,5.926172553279526,3.8910814073176647,3.382308620827199,5.926172553279526,8.470036485731853,1.3472174748653376,2.3647630478462682,3.8910814073176647,7.961263699241387,1.3472174748653376,8.470036485731853
