,Returns,Standard Deviation,Sharpe Ratio,ADANIPORTS Weight,ASIANPAINT Weight,BAJFINANCE Weight,BAJAJFINSV Weight,BRITANNIA Weight,DIVISLAB Weight,GRASIM Weight,HCLTECH Weight,HDFCBANK Weight,HINDALCO Weight,HINDUNILVR Weight,ICICIBANK Weight,INFY Weight,JSWSTEEL Weight,NESTLEIND Weight,POWERGRID Weight,RELIANCE Weight,TCS Weight,TATACONSUM Weight,TATASTEEL Weight,TECHM Weight,TITAN Weight,UPL Weight,WIPRO Weight
0,-0.08370667304174154,1.041539426638652,-0.08981113483028948,3.4496865381841317,1.3639261644167575,2.4068063513004443,1.3639261644167575,7.62120728571888,8.142647379160723,5.014006818509662,2.4068063513004443,8.664087472602567,1.8853662578586012,2.4068063513004443,1.3639261644167575,8.664087472602567,4.492566725067819,5.014006818509662,1.8853662578586012,2.4068063513004443,7.099767192277037,1.3639261644167575,3.971126631625975,3.971126631625975,7.62120728571888,1.3639261644167575,6.056887005393349
