,Returns,Standard Deviation,Sharpe Ratio,ADANIPORTS Weight,ASIANPAINT Weight,BAJFINANCE Weight,BAJAJFINSV Weight,BRITANNIA Weight,DIVISLAB Weight,GRASIM Weight,HCLTECH Weight,HDFCBANK Weight,HINDALCO Weight,HINDUNILVR Weight,ICICIBANK Weight,INFY Weight,JSWSTEEL Weight,NESTLEIND Weight,POWERGRID Weight,RELIANCE Weight,TCS Weight,TATACONSUM Weight,TATASTEEL Weight,TECHM Weight,TITAN Weight,UPL Weight,WIPRO Weight
0,-0.08341466045162571,1.0595241233753723,-0.08801104498661201,1.3990534608525835,3.716124981999258,1.785232047710363,6.4193750900037125,3.3299463951414796,6.033196503145933,3.3299463951414796,5.260839329430375,4.4884821557148165,3.3299463951414796,6.4193750900037125,1.0128748739948048,3.716124981999258,1.0128748739948048,5.647017916288154,2.5575892214259213,5.260839329430375,6.4193750900037125,5.647017916288154,5.647017916288154,6.033196503145933,4.102303568857038,2.1714106345681423,5.260839329430375
