,Returns,Standard Deviation,Sharpe Ratio,ADANIPORTS Weight,ASIANPAINT Weight,BAJFINANCE Weight,BAJAJFINSV Weight,BRITANNIA Weight,DIVISLAB Weight,GRASIM Weight,HCLTECH Weight,HDFCBANK Weight,HINDALCO Weight,HINDUNILVR Weight,ICICIBANK Weight,INFY Weight,JSWSTEEL Weight,NESTLEIND Weight,POWERGRID Weight,RELIANCE Weight,TCS Weight,TATACONSUM Weight,TATASTEEL Weight,TECHM Weight,TITAN Weight,UPL Weight,WIPRO Weight
0,-0.030439444847077658,1.3976747396512426,-0.02881543791246602,2.6678850897568536,7.400879543156266,5.0343823164565595,2.1945856444169123,4.087783425776677,7.874178988496207,5.5076817617965,3.141184535096795,1.2479867537370302,1.7212861990769708,5.5076817617965,1.2479867537370302,2.6678850897568536,2.1945856444169123,5.5076817617965,4.087783425776677,5.5076817617965,3.6144839804367357,1.7212861990769708,4.087783425776677,4.561082871116619,7.874178988496207,3.6144839804367357,6.927580097816325
