,Returns,Standard Deviation,Sharpe Ratio,ADANIPORTS Weight,ASIANPAINT Weight,BAJFINANCE Weight,BAJAJFINSV Weight,BRITANNIA Weight,DIVISLAB Weight,GRASIM Weight,HCLTECH Weight,HDFCBANK Weight,HINDALCO Weight,HINDUNILVR Weight,ICICIBANK Weight,INFY Weight,JSWSTEEL Weight,NESTLEIND Weight,POWERGRID Weight,RELIANCE Weight,TCS Weight,TATACONSUM Weight,TATASTEEL Weight,TECHM Weight,TITAN Weight,UPL Weight,WIPRO Weight
0,-0.03339979666101242,1.1153570543168831,-0.038763337111502066,2.1241649183926863,3.923065540725734,6.621416474225306,5.27224100747552,3.923065540725734,5.721966163058782,1.224714607226163,5.721966163058782,4.3727906963089955,1.224714607226163,6.621416474225306,2.1241649183926863,2.5738900739759485,3.4733403851424725,3.4733403851424725,2.5738900739759485,7.5208667853918305,6.621416474225306,4.3727906963089955,2.1241649183926863,7.5208667853918305,7.5208667853918305,1.224714607226163,2.1241649183926863
