,Returns,Semi-Deviation,Sortino Ratio,Adj Close Weight
0,13.339270855972817,12.072387817089632,0.8083960690989089,100.0
