,Returns,Semi-Deviation,Sortino Ratio,ASIANPAINT Weight,BAJFINANCE Weight,BAJAJFINSV Weight,BRITANNIA Weight,DIVISLAB Weight,GRASIM Weight,HCLTECH Weight,HDFCBANK Weight,HINDALCO Weight,HINDUNILVR Weight,ICICIBANK Weight,INFY Weight,JSWSTEEL Weight,LT Weight,NESTLEIND Weight,POWERGRID Weight,RELIANCE Weight,TCS Weight,TATACONSUM Weight,TATASTEEL Weight,TECHM Weight,TITAN Weight,ULTRACEMCO Weight,WIPRO Weight
29004,27.759144145492666,10.51580544471664,2.299314519710972,6.790801986274839,5.635279346934976,0.6340611448958107,9.210508396652575,7.729473082994777,1.9315062666264677,5.975561268008859,3.2320744289768304,0.7569738564446038,7.567932112933158,0.5946908815040464,3.3835757414163425,3.4700201806303497,0.42678400009489426,8.191921333947368,7.122644885305415,9.096754431557255,3.474481188993793,3.1560714987029814,1.2730438648473237,0.18541479820548415,8.103562938323384,1.6410778412483544,0.41578452448011854
