,Returns,Semi Deviation,Sortino Ratio,ADANIPORTS Weight,ASIANPAINT Weight,BAJFINANCE Weight,BAJAJFINSV Weight,BRITANNIA Weight,DIVISLAB Weight,GRASIM Weight,HCLTECH Weight,HDFCBANK Weight,HINDALCO Weight,HINDUNILVR Weight,ICICIBANK Weight,INFY Weight,JSWSTEEL Weight,NESTLEIND Weight,POWERGRID Weight,RELIANCE Weight,TCS Weight,TATACONSUM Weight,TATASTEEL Weight,TECHM Weight,TITAN Weight,UPL Weight,WIPRO Weight
0,0.29110067144126484,0.48578712738963264,0.5789892130684371,0.6867419161284011,0.6867419161284011,1.7643960324241221,2.842050148719844,7.69149367205059,7.69149367205059,4.4585313231634265,3.380877206867704,8.23032073019845,3.380877206867704,4.997358381311287,0.6867419161284011,3.380877206867704,7.69149367205059,7.152666613902728,7.69149367205059,6.6138395557548675,6.075012497607007,1.2255689742762617,1.2255689742762617,2.303223090571983,6.075012497607007,0.6867419161284011,3.380877206867704
