,Returns,Semi Deviation,Sortino Ratio,ADANIPORTS Weight,ASIANPAINT Weight,BAJFINANCE Weight,BAJAJFINSV Weight,BRITANNIA Weight,DIVISLAB Weight,GRASIM Weight,HCLTECH Weight,HDFCBANK Weight,HINDALCO Weight,HINDUNILVR Weight,ICICIBANK Weight,INFY Weight,JSWSTEEL Weight,NESTLEIND Weight,POWERGRID Weight,RELIANCE Weight,TCS Weight,TATACONSUM Weight,TATASTEEL Weight,TECHM Weight,TITAN Weight,UPL Weight,WIPRO Weight
0,0.3278544596196368,0.5198473808886555,0.6117551159742931,1.1579799476399244,4.7175529673335355,5.734573830103138,2.6835112417943296,6.24308426148794,3.700532104563932,1.6664903790247259,3.192021673179131,5.734573830103138,3.700532104563932,6.751594692872742,3.192021673179131,1.6664903790247259,7.768615555642347,5.226063398718337,3.700532104563932,6.751594692872742,3.700532104563932,3.700532104563932,1.6664903790247259,5.734573830103138,7.768615555642347,1.6664903790247259,2.1750008104095278
