,Returns,Semi Deviation,Sortino Ratio,ADANIPORTS Weight,ASIANPAINT Weight,BAJFINANCE Weight,BAJAJFINSV Weight,BRITANNIA Weight,DIVISLAB Weight,GRASIM Weight,HCLTECH Weight,HDFCBANK Weight,HINDALCO Weight,HINDUNILVR Weight,ICICIBANK Weight,INFY Weight,JSWSTEEL Weight,NESTLEIND Weight,POWERGRID Weight,RELIANCE Weight,TCS Weight,TATACONSUM Weight,TATASTEEL Weight,TECHM Weight,TITAN Weight,UPL Weight,WIPRO Weight
0,0.12059288588146198,0.6665254655569193,0.1661717770284334,2.7816772465157356,3.836907280916445,5.41975233251751,3.3092922637160895,3.836907280916445,5.41975233251751,2.7816772465157356,8.057827418519285,3.3092922637160895,4.364522298116801,5.947367349717865,2.7816772465157356,7.53021240131893,2.2540622293153803,8.057827418519285,1.726447212115025,3.3092922637160895,3.836907280916445,0.671217177714315,2.2540622293153803,2.7816772465157356,7.002597384118574,0.671217177714315,8.057827418519285
