,Returns,Semi Deviation,Sortino Ratio,ADANIPORTS Weight,ASIANPAINT Weight,BAJFINANCE Weight,BAJAJFINSV Weight,BRITANNIA Weight,DIVISLAB Weight,GRASIM Weight,HCLTECH Weight,HDFCBANK Weight,HINDALCO Weight,HINDUNILVR Weight,ICICIBANK Weight,INFY Weight,JSWSTEEL Weight,NESTLEIND Weight,POWERGRID Weight,RELIANCE Weight,TCS Weight,TATACONSUM Weight,TATASTEEL Weight,TECHM Weight,TITAN Weight,UPL Weight,WIPRO Weight
0,0.053193379358036336,0.46982947402678815,0.09228500321884736,3.9535049726271065,1.3955646441524039,4.379828360706224,3.9535049726271065,2.6745348083897547,6.51144530110181,2.248211420310639,4.379828360706224,0.5429178679941697,0.5429178679941697,4.379828360706224,2.248211420310639,6.51144530110181,4.379828360706224,6.51144530110181,3.9535049726271065,6.085121913022693,5.2324751368644575,4.379828360706224,4.806151748785341,3.5271815845479892,5.658798524943576,5.2324751368644575,6.51144530110181
