,Returns,Semi Deviation,Sortino Ratio,ADANIPORTS Weight,ASIANPAINT Weight,BAJFINANCE Weight,BAJAJFINSV Weight,BRITANNIA Weight,DIVISLAB Weight,GRASIM Weight,HCLTECH Weight,HDFCBANK Weight,HINDALCO Weight,HINDUNILVR Weight,ICICIBANK Weight,INFY Weight,JSWSTEEL Weight,NESTLEIND Weight,POWERGRID Weight,RELIANCE Weight,TCS Weight,TATACONSUM Weight,TATASTEEL Weight,TECHM Weight,TITAN Weight,UPL Weight,WIPRO Weight
0,0.1469706377922824,0.48494941344159775,0.2827830473778534,2.5295384469294353,2.5295384469294353,6.362814278509292,2.5295384469294353,5.404495320614328,5.88365479956181,3.9670168837718824,7.321133236404257,3.0086979258769175,1.571219489034471,7.321133236404257,3.0086979258769175,6.841973757456773,1.092060010086989,7.321133236404257,3.0086979258769175,7.321133236404257,2.5295384469294353,7.321133236404257,6.841973757456773,0.6129005311395069,1.092060010086989,3.4878574048243993,1.092060010086989
