,Returns,Semi Deviation,Sortino Ratio,ADANIPORTS Weight,ASIANPAINT Weight,BAJFINANCE Weight,BAJAJFINSV Weight,BRITANNIA Weight,DIVISLAB Weight,GRASIM Weight,HCLTECH Weight,HDFCBANK Weight,HINDALCO Weight,HINDUNILVR Weight,ICICIBANK Weight,INFY Weight,JSWSTEEL Weight,NESTLEIND Weight,POWERGRID Weight,RELIANCE Weight,TCS Weight,TATACONSUM Weight,TATASTEEL Weight,TECHM Weight,TITAN Weight,UPL Weight,WIPRO Weight
0,0.2827977556793207,0.32668744717176523,0.8355466156023987,1.1778176730434429,7.3705407677447985,7.3705407677447985,1.1778176730434429,3.7581189625023415,7.886601025636578,1.1778176730434429,1.693877930935222,2.209938188827002,0.6617574151516632,5.306299736177681,3.7581189625023415,2.725998446718782,1.693877930935222,5.306299736177681,4.7902394782859,4.7902394782859,5.82235999406946,5.306299736177681,5.82235999406946,3.242058704610561,7.886601025636578,1.1778176730434429,7.886601025636578
