,Returns,Semi Deviation,Sortino Ratio,ADANIPORTS Weight,ASIANPAINT Weight,BAJFINANCE Weight,BAJAJFINSV Weight,BRITANNIA Weight,DIVISLAB Weight,GRASIM Weight,HCLTECH Weight,HDFCBANK Weight,HINDALCO Weight,HINDUNILVR Weight,ICICIBANK Weight,INFY Weight,JSWSTEEL Weight,NESTLEIND Weight,POWERGRID Weight,RELIANCE Weight,TCS Weight,TATACONSUM Weight,TATASTEEL Weight,TECHM Weight,TITAN Weight,UPL Weight,WIPRO Weight
0,0.21464234058897608,0.6212294233873705,0.32968041764194217,7.850633382324371,7.336591515023295,5.794465913120069,2.7102147093136213,1.6821309747114714,6.308507780421145,2.1961728420125466,3.224256576614695,1.1680891074103967,5.794465913120069,7.850633382324371,3.738298443915771,1.6821309747114714,4.252340311216845,6.308507780421145,0.654047240109322,6.82254964772222,7.850633382324371,6.308507780421145,2.1961728420125466,2.7102147093136213,3.738298443915771,0.654047240109322,1.1680891074103967
