,Returns,Semi Deviation,Sortino Ratio,ADANIPORTS Weight,ASIANPAINT Weight,BAJFINANCE Weight,BAJAJFINSV Weight,BRITANNIA Weight,DIVISLAB Weight,GRASIM Weight,HCLTECH Weight,HDFCBANK Weight,HINDALCO Weight,HINDUNILVR Weight,ICICIBANK Weight,INFY Weight,JSWSTEEL Weight,NESTLEIND Weight,POWERGRID Weight,RELIANCE Weight,TCS Weight,TATACONSUM Weight,TATASTEEL Weight,TECHM Weight,TITAN Weight,UPL Weight,WIPRO Weight
0,0.21228262442417803,0.32790436648263793,0.6173978765840329,3.3079318009233276,4.557000696550003,5.181535144363341,2.68339735310999,3.3079318009233276,8.304207383430029,0.8097940096699772,3.932466248736665,7.679672935616691,1.4343284574833148,9.553276279056705,2.0588629052966523,1.4343284574833148,4.557000696550003,2.68339735310999,5.806069592176679,5.181535144363341,5.181535144363341,6.430604039990016,5.806069592176679,0.8097940096699772,4.557000696550003,0.8097940096699772,3.932466248736665
