,Returns,Semi Deviation,Sortino Ratio,ADANIPORTS Weight,ASIANPAINT Weight,BAJFINANCE Weight,BAJAJFINSV Weight,BRITANNIA Weight,DIVISLAB Weight,GRASIM Weight,HCLTECH Weight,HDFCBANK Weight,HINDALCO Weight,HINDUNILVR Weight,ICICIBANK Weight,INFY Weight,JSWSTEEL Weight,NESTLEIND Weight,POWERGRID Weight,RELIANCE Weight,TCS Weight,TATACONSUM Weight,TATASTEEL Weight,TECHM Weight,TITAN Weight,UPL Weight,WIPRO Weight
0,0.3167543363541861,0.6011317965912099,0.510568852387186,0.7388409580137315,0.7388409580137315,5.952998373992845,3.0562442540044485,0.7388409580137315,7.691050845985884,1.3181917820114109,4.214945901999807,7.111700021988203,3.6355950780021273,3.0562442540044485,4.794296725997485,1.3181917820114109,8.270401669983563,3.0562442540044485,4.214945901999807,8.849752493981242,7.111700021988203,7.111700021988203,6.5323491979905235,0.7388409580137315,7.691050845985884,1.3181917820114109,0.7388409580137315
