,Returns,Semi Deviation,Sortino Ratio,ADANIPORTS Weight,ASIANPAINT Weight,BAJFINANCE Weight,BAJAJFINSV Weight,BRITANNIA Weight,DIVISLAB Weight,GRASIM Weight,HCLTECH Weight,HDFCBANK Weight,HINDALCO Weight,HINDUNILVR Weight,ICICIBANK Weight,INFY Weight,JSWSTEEL Weight,NESTLEIND Weight,POWERGRID Weight,RELIANCE Weight,TCS Weight,TATACONSUM Weight,TATASTEEL Weight,TECHM Weight,TITAN Weight,UPL Weight,WIPRO Weight
0,0.19652261231433302,0.30477390491502804,0.6125440678105865,2.796765870903651,2.796765870903651,5.978470944933883,3.327050049908689,2.796765870903651,4.917902586923805,3.327050049908689,1.7361975128935736,1.2059133338885353,0.6756291548834965,8.099607660954039,6.508755123938921,4.387618407918767,8.099607660954039,4.387618407918767,6.508755123938921,6.508755123938921,4.917902586923805,8.099607660954039,3.857334228913728,1.7361975128935736,4.387618407918767,0.6756291548834965,2.2664816918986124
