,Returns,Semi Deviation,Sortino Ratio,ADANIPORTS Weight,ASIANPAINT Weight,BAJFINANCE Weight,BAJAJFINSV Weight,BRITANNIA Weight,DIVISLAB Weight,GRASIM Weight,HCLTECH Weight,HDFCBANK Weight,HINDALCO Weight,HINDUNILVR Weight,ICICIBANK Weight,INFY Weight,JSWSTEEL Weight,NESTLEIND Weight,POWERGRID Weight,RELIANCE Weight,TCS Weight,TATACONSUM Weight,TATASTEEL Weight,TECHM Weight,TITAN Weight,UPL Weight,WIPRO Weight
0,0.24802620265597242,0.35050491627457425,0.6795654690167495,1.0209627343579861,1.9197352864461812,6.413598046887155,5.514825494798958,6.862984322931252,6.413598046887155,1.4703490104020838,5.514825494798958,1.4703490104020838,4.166666666666668,6.862984322931252,3.7172803906225704,4.166666666666668,6.862984322931252,6.413598046887155,0.5715764583138889,1.9197352864461812,2.8185078385343756,6.862984322931252,6.862984322931252,3.7172803906225704,3.2678941145784726,1.9197352864461812,3.2678941145784726
