,Returns,Semi Deviation,Sortino Ratio,ADANIPORTS Weight,ASIANPAINT Weight,BAJFINANCE Weight,BAJAJFINSV Weight,BRITANNIA Weight,DIVISLAB Weight,GRASIM Weight,HCLTECH Weight,HDFCBANK Weight,HINDALCO Weight,HINDUNILVR Weight,ICICIBANK Weight,INFY Weight,JSWSTEEL Weight,NESTLEIND Weight,POWERGRID Weight,RELIANCE Weight,TCS Weight,TATACONSUM Weight,TATASTEEL Weight,TECHM Weight,TITAN Weight,UPL Weight,WIPRO Weight
0,0.34757149005486393,0.5116466952379422,0.6600967588828739,2.297772450569527,10.006961091970227,9.306125760933801,2.297772450569527,2.297772450569527,4.400278443678809,0.8961017884966727,1.5969371195331001,5.801949105751665,0.8961017884966727,6.502784436788092,0.8961017884966727,9.306125760933801,4.400278443678809,10.707796423006656,5.801949105751665,2.297772450569527,1.5969371195331001,0.8961017884966727,1.5969371195331001,4.400278443678809,6.502784436788092,1.5969371195331001,3.6994431126423826
