,Returns,Semi Deviation,Sortino Ratio,ADANIPORTS Weight,ASIANPAINT Weight,BAJFINANCE Weight,BAJAJFINSV Weight,BRITANNIA Weight,DIVISLAB Weight,GRASIM Weight,HCLTECH Weight,HDFCBANK Weight,HINDALCO Weight,HINDUNILVR Weight,ICICIBANK Weight,INFY Weight,JSWSTEEL Weight,NESTLEIND Weight,POWERGRID Weight,RELIANCE Weight,TCS Weight,TATACONSUM Weight,TATASTEEL Weight,TECHM Weight,TITAN Weight,UPL Weight,WIPRO Weight
0,0.05773569973344378,0.4361469982067656,0.10982658391602775,1.4912708660908727,4.767265723938785,6.07766366707795,6.732862638647533,3.4568677807996195,4.767265723938785,0.8360718945212903,3.4568677807996195,0.8360718945212903,0.8360718945212903,5.422464695508367,0.8360718945212903,8.043260581786695,8.698459553356278,10.008857496495445,2.1464698376604545,4.767265723938785,10.008857496495445,2.1464698376604545,4.112066752369202,4.112066752369202,3.4568677807996195,1.4912708660908727,1.4912708660908727
