,Returns,Semi Deviation,Sortino Ratio,ADANIPORTS Weight,ASIANPAINT Weight,BAJFINANCE Weight,BAJAJFINSV Weight,BRITANNIA Weight,DIVISLAB Weight,GRASIM Weight,HCLTECH Weight,HDFCBANK Weight,HINDALCO Weight,HINDUNILVR Weight,ICICIBANK Weight,INFY Weight,JSWSTEEL Weight,NESTLEIND Weight,POWERGRID Weight,RELIANCE Weight,TCS Weight,TATACONSUM Weight,TATASTEEL Weight,TECHM Weight,TITAN Weight,UPL Weight,WIPRO Weight
0,0.13381488126450666,0.43321396729510114,0.28618587069905815,2.6148075986863284,2.00424009653013,3.2253751008425273,6.888780113779715,6.888780113779715,6.278212611623518,0.7831050922177335,3.8359426029987245,0.7831050922177335,0.7831050922177335,5.66764510946732,2.6148075986863284,4.446510105154923,9.331050122404509,7.499347615935912,1.3936725943739317,5.057077607311121,3.8359426029987245,5.057077607311121,0.7831050922177335,6.888780113779715,5.057077607311121,0.7831050922177335,7.499347615935912
