,Returns,Semi Deviation,Sortino Ratio,ADANIPORTS Weight,ASIANPAINT Weight,BAJFINANCE Weight,BAJAJFINSV Weight,BRITANNIA Weight,DIVISLAB Weight,GRASIM Weight,HCLTECH Weight,HDFCBANK Weight,HINDALCO Weight,HINDUNILVR Weight,ICICIBANK Weight,INFY Weight,JSWSTEEL Weight,NESTLEIND Weight,POWERGRID Weight,RELIANCE Weight,TCS Weight,TATACONSUM Weight,TATASTEEL Weight,TECHM Weight,TITAN Weight,UPL Weight,WIPRO Weight
0,-0.07788796649989907,0.5735168001374886,-0.1529565155092826,0.7521620434486486,2.5208263087126577,8.416373859592687,0.7521620434486486,0.7521620434486486,7.826819104504683,0.7521620434486486,5.468600084152673,9.00592861468069,3.699935818888663,4.87904532906467,3.110381063800661,1.9312715536246545,4.87904532906467,8.416373859592687,2.5208263087126577,5.468600084152673,1.9312715536246545,1.3417167985366516,8.416373859592687,0.7521620434486486,8.416373859592687,1.3417167985366516,6.6477095943286795
