,Returns,Semi Deviation,Sortino Ratio,ADANIPORTS Weight,ASIANPAINT Weight,BAJFINANCE Weight,BAJAJFINSV Weight,BRITANNIA Weight,DIVISLAB Weight,GRASIM Weight,HCLTECH Weight,HDFCBANK Weight,HINDALCO Weight,HINDUNILVR Weight,ICICIBANK Weight,INFY Weight,JSWSTEEL Weight,NESTLEIND Weight,POWERGRID Weight,RELIANCE Weight,TCS Weight,TATACONSUM Weight,TATASTEEL Weight,TECHM Weight,TITAN Weight,UPL Weight,WIPRO Weight
0,0.26911314630028604,0.23332448396070007,1.1112334936473818,1.6933431824562855,3.7580306127536476,1.1771713248819446,5.30654618547667,4.274202470327988,0.660999467307604,1.1771713248819446,2.725686897604967,4.274202470327988,1.6933431824562855,4.790374327902329,3.2418587551793063,7.371233615774034,1.6933431824562855,6.855061758199693,1.6933431824562855,7.887405473348373,4.274202470327988,7.887405473348373,6.338889900625351,7.887405473348373,6.338889900625351,1.6933431824562855,5.30654618547667
