,Returns,Semi Deviation,Sortino Ratio,ADANIPORTS Weight,ASIANPAINT Weight,BAJFINANCE Weight,BAJAJFINSV Weight,BRITANNIA Weight,DIVISLAB Weight,GRASIM Weight,HCLTECH Weight,HDFCBANK Weight,HINDALCO Weight,HINDUNILVR Weight,ICICIBANK Weight,INFY Weight,JSWSTEEL Weight,NESTLEIND Weight,POWERGRID Weight,RELIANCE Weight,TCS Weight,TATACONSUM Weight,TATASTEEL Weight,TECHM Weight,TITAN Weight,UPL Weight,WIPRO Weight
0,0.22336872737375824,0.2271975870477124,0.93985840832786,0.5673360480064542,1.9031700920452959,5.4653942094822066,1.4578920773656818,1.9031700920452959,4.1295601654433645,5.020116194802593,6.801228253521048,5.020116194802593,1.012614062686068,4.5748381801229785,6.355950238841433,6.355950238841433,2.793726121404523,6.801228253521048,1.4578920773656818,6.355950238841433,6.355950238841433,6.801228253521048,1.012614062686068,2.3484481067249097,5.910672224161821,2.793726121404523,6.801228253521048
