,Returns,Semi Deviation,Sortino Ratio,ADANIPORTS Weight,ASIANPAINT Weight,BAJFINANCE Weight,BAJAJFINSV Weight,BRITANNIA Weight,DIVISLAB Weight,GRASIM Weight,HCLTECH Weight,HDFCBANK Weight,HINDALCO Weight,HINDUNILVR Weight,ICICIBANK Weight,INFY Weight,JSWSTEEL Weight,NESTLEIND Weight,POWERGRID Weight,RELIANCE Weight,TCS Weight,TATACONSUM Weight,TATASTEEL Weight,TECHM Weight,TITAN Weight,UPL Weight,WIPRO Weight
0,0.09554934789186527,0.6810767989287003,0.12585098066991057,4.556867110835385,5.658609541429411,3.455124680241359,1.2516398190533073,6.760351972023434,6.209480756726423,1.2516398190533073,2.9042534649443463,2.353382249647333,2.9042534649443463,5.658609541429411,2.353382249647333,5.658609541429411,0.7007686037562945,6.209480756726423,7.862094402617463,0.7007686037562945,5.658609541429411,7.31122318732045,1.2516398190533073,6.209480756726423,6.760351972023434,1.8025110343503201,4.556867110835385
