,Returns,Semi Deviation,Sortino Ratio,ADANIPORTS Weight,ASIANPAINT Weight,BAJFINANCE Weight,BAJAJFINSV Weight,BRITANNIA Weight,DIVISLAB Weight,GRASIM Weight,HCLTECH Weight,HDFCBANK Weight,HINDALCO Weight,HINDUNILVR Weight,ICICIBANK Weight,INFY Weight,JSWSTEEL Weight,NESTLEIND Weight,POWERGRID Weight,RELIANCE Weight,TCS Weight,TATACONSUM Weight,TATASTEEL Weight,TECHM Weight,TITAN Weight,UPL Weight,WIPRO Weight
0,0.12581484725468628,0.44007494296520194,0.26354529898488743,4.187757080989534,5.706266912235928,7.224776743482322,0.644567474747946,5.200096968487131,6.212436855984725,0.644567474747946,2.163077305994341,5.706266912235928,3.175417193491937,6.212436855984725,1.6569073622455424,3.175417193491937,2.163077305994341,6.212436855984725,5.200096968487131,6.212436855984725,3.6815871372407356,5.200096968487131,7.73094668723112,0.644567474747946,4.187757080989534,0.644567474747946,6.212436855984725
