,Returns,Semi Deviation,Sortino Ratio,ADANIPORTS Weight,ASIANPAINT Weight,BAJFINANCE Weight,BAJAJFINSV Weight,BRITANNIA Weight,DIVISLAB Weight,GRASIM Weight,HCLTECH Weight,HDFCBANK Weight,HINDALCO Weight,HINDUNILVR Weight,ICICIBANK Weight,INFY Weight,JSWSTEEL Weight,NESTLEIND Weight,POWERGRID Weight,RELIANCE Weight,TCS Weight,TATACONSUM Weight,TATASTEEL Weight,TECHM Weight,TITAN Weight,UPL Weight,WIPRO Weight
0,0.21381670297340177,0.3019448949566243,0.6755588239620337,6.809103283582206,1.5639659387273008,7.285933951296289,3.9481192772977125,2.0407966064413836,7.285933951296289,1.0871352710132185,2.994457941869548,2.994457941869548,2.517627274155466,4.424949945011796,2.0407966064413836,3.9481192772977125,4.424949945011796,6.332272615868124,2.517627274155466,7.285933951296289,3.9481192772977125,6.809103283582206,3.47128860958363,0.6103046032991362,7.285933951296289,2.0407966064413836,6.332272615868124
