,Returns,Semi Deviation,Sortino Ratio,ADANIPORTS Weight,ASIANPAINT Weight,BAJFINANCE Weight,BAJAJFINSV Weight,BRITANNIA Weight,DIVISLAB Weight,GRASIM Weight,HCLTECH Weight,HDFCBANK Weight,HINDALCO Weight,HINDUNILVR Weight,ICICIBANK Weight,INFY Weight,JSWSTEEL Weight,NESTLEIND Weight,POWERGRID Weight,RELIANCE Weight,TCS Weight,TATACONSUM Weight,TATASTEEL Weight,TECHM Weight,TITAN Weight,UPL Weight,WIPRO Weight
0,0.3111809731389587,0.5164970132514318,0.5834415312622497,1.7740243178382524,3.3992153472311366,2.315754660969214,6.107867062885945,6.649597406016908,8.274788435409791,6.649597406016908,3.9409456903620987,5.566136719754984,2.857485004100176,8.274788435409791,1.2322939747072914,0.6905636315763297,1.7740243178382524,7.73305809227883,1.7740243178382524,0.6905636315763297,7.73305809227883,7.73305809227883,2.315754660969214,5.024406376624022,3.3992153472311366,1.2322939747072914,2.857485004100176
