,Returns,Semi Deviation,Sortino Ratio,ADANIPORTS Weight,ASIANPAINT Weight,BAJFINANCE Weight,BAJAJFINSV Weight,BRITANNIA Weight,DIVISLAB Weight,GRASIM Weight,HCLTECH Weight,HDFCBANK Weight,HINDALCO Weight,HINDUNILVR Weight,ICICIBANK Weight,INFY Weight,JSWSTEEL Weight,NESTLEIND Weight,POWERGRID Weight,RELIANCE Weight,TCS Weight,TATACONSUM Weight,TATASTEEL Weight,TECHM Weight,TITAN Weight,UPL Weight,WIPRO Weight
0,-0.0008965420683852655,0.5068856848299799,-0.021171848455633035,0.5909386503811739,5.229720941778569,6.157477400058049,4.30196448349909,4.765842712638832,5.229720941778569,2.9103297960798713,2.446451566940132,1.9825733378003925,1.5186951086606528,4.765842712638832,5.229720941778569,6.6213556291977875,4.765842712638832,7.085233858337528,0.5909386503811739,2.9103297960798713,7.085233858337528,4.30196448349909,3.374208025219612,3.374208025219612,5.693599170918309,1.9825733378003925,7.085233858337528
