,Returns,Semi Deviation,Sortino Ratio,ADANIPORTS Weight,ASIANPAINT Weight,BAJFINANCE Weight,BAJAJFINSV Weight,BRITANNIA Weight,DIVISLAB Weight,GRASIM Weight,HCLTECH Weight,HDFCBANK Weight,HINDALCO Weight,HINDUNILVR Weight,ICICIBANK Weight,INFY Weight,JSWSTEEL Weight,NESTLEIND Weight,POWERGRID Weight,RELIANCE Weight,TCS Weight,TATACONSUM Weight,TATASTEEL Weight,TECHM Weight,TITAN Weight,UPL Weight,WIPRO Weight
0,0.2268967725467399,0.733510365120721,0.29592166386885493,8.417018718446043,0.7516439198612694,5.468797642067286,8.417018718446043,4.289509211515782,4.289509211515782,1.3412881351370214,6.058441857343038,1.3412881351370214,3.6998649962400294,4.289509211515782,1.3412881351370214,6.648086072618789,1.3412881351370214,7.827374503170292,1.930932350412773,6.648086072618789,2.520576565688525,6.058441857343038,1.3412881351370214,4.879153426791535,3.1102207809642777,0.7516439198612694,7.237730287894541
