,Returns,Semi Deviation,Sortino Ratio,ADANIPORTS Weight,ASIANPAINT Weight,BAJFINANCE Weight,BAJAJFINSV Weight,BRITANNIA Weight,DIVISLAB Weight,GRASIM Weight,HCLTECH Weight,HDFCBANK Weight,HINDALCO Weight,HINDUNILVR Weight,ICICIBANK Weight,INFY Weight,JSWSTEEL Weight,NESTLEIND Weight,POWERGRID Weight,RELIANCE Weight,TCS Weight,TATACONSUM Weight,TATASTEEL Weight,TECHM Weight,TITAN Weight,UPL Weight,WIPRO Weight
0,0.2605440658658998,0.5363302783174688,0.4674524470578806,1.9206391153209768,8.365761653965126,3.092479576892641,1.3347188845351454,7.779841423179295,1.3347188845351454,1.9206391153209768,1.3347188845351454,2.506559346106809,4.850240269250135,7.1939211923934625,4.264320038464304,3.6783998076784723,3.092479576892641,8.365761653965126,2.506559346106809,3.092479576892641,4.264320038464304,8.365761653965126,3.092479576892641,1.3347188845351454,8.95168188475096,1.9206391153209768,5.436160500035968
