,Returns,Semi Deviation,Sortino Ratio,ADANIPORTS Weight,ASIANPAINT Weight,BAJFINANCE Weight,BAJAJFINSV Weight,BRITANNIA Weight,DIVISLAB Weight,GRASIM Weight,HCLTECH Weight,HDFCBANK Weight,HINDALCO Weight,HINDUNILVR Weight,ICICIBANK Weight,INFY Weight,JSWSTEEL Weight,NESTLEIND Weight,POWERGRID Weight,RELIANCE Weight,TCS Weight,TATACONSUM Weight,TATASTEEL Weight,TECHM Weight,TITAN Weight,UPL Weight,WIPRO Weight
0,0.19022221000314452,0.6760207077206077,0.2668365674421497,0.6204590707477715,3.0521442793778704,6.4565035714600105,0.6204590707477715,1.593133154199811,7.42917765491205,2.079470195925831,2.565807237651851,3.538481321103891,6.4565035714600105,3.0521442793778704,1.1067961124737913,7.42917765491205,6.4565035714600105,6.94284061318603,3.538481321103891,7.42917765491205,2.565807237651851,5.483829488007971,2.079470195925831,6.94284061318603,5.970166529733991,2.565807237651851,4.024818362829911
