,Returns,Semi Deviation,Sortino Ratio,ADANIPORTS Weight,ASIANPAINT Weight,BAJFINANCE Weight,BAJAJFINSV Weight,BRITANNIA Weight,DIVISLAB Weight,GRASIM Weight,HCLTECH Weight,HDFCBANK Weight,HINDALCO Weight,HINDUNILVR Weight,ICICIBANK Weight,INFY Weight,JSWSTEEL Weight,NESTLEIND Weight,POWERGRID Weight,RELIANCE Weight,TCS Weight,TATACONSUM Weight,TATASTEEL Weight,TECHM Weight,TITAN Weight,UPL Weight,WIPRO Weight
0,0.24688110207031003,0.3336382782908955,0.7104878326594992,3.6264687479723614,6.618334143817743,3.6264687479723614,2.6291802826905677,1.1332475847678762,7.116978376458641,2.1305360500496704,5.122401445895052,4.623757213254155,2.6291802826905677,4.125112980613259,1.1332475847678762,6.119689911176845,0.6346033521269792,5.621045678535949,7.615622609099539,6.119689911176845,3.6264687479723614,7.116978376458641,6.119689911176845,1.631891817408773,7.116978376458641,0.6346033521269792,3.1278245153314637
