,Returns,Semi Deviation,Sortino Ratio,ADANIPORTS Weight,ASIANPAINT Weight,BAJFINANCE Weight,BAJAJFINSV Weight,BRITANNIA Weight,DIVISLAB Weight,GRASIM Weight,HCLTECH Weight,HDFCBANK Weight,HINDALCO Weight,HINDUNILVR Weight,ICICIBANK Weight,INFY Weight,JSWSTEEL Weight,NESTLEIND Weight,POWERGRID Weight,RELIANCE Weight,TCS Weight,TATACONSUM Weight,TATASTEEL Weight,TECHM Weight,TITAN Weight,UPL Weight,WIPRO Weight
0,0.16861823350901012,0.7073921487292115,0.22446258268357902,2.304595142736839,4.45831642342676,6.612037704116683,8.227328664634124,7.150468024289163,8.227328664634124,0.689304182219398,3.91988610325428,2.304595142736839,2.8430254629093197,0.689304182219398,2.8430254629093197,1.227734502391878,0.689304182219398,1.227734502391878,2.304595142736839,8.227328664634124,6.073607383944202,7.688898344461642,4.996746743599241,3.91988610325428,3.91988610325428,1.227734502391878,8.227328664634124
