,Returns,Semi Deviation,Sortino Ratio,ADANIPORTS Weight,ASIANPAINT Weight,BAJFINANCE Weight,BAJAJFINSV Weight,BRITANNIA Weight,DIVISLAB Weight,GRASIM Weight,HCLTECH Weight,HDFCBANK Weight,HINDALCO Weight,HINDUNILVR Weight,ICICIBANK Weight,INFY Weight,JSWSTEEL Weight,NESTLEIND Weight,POWERGRID Weight,RELIANCE Weight,TCS Weight,TATACONSUM Weight,TATASTEEL Weight,TECHM Weight,TITAN Weight,UPL Weight,WIPRO Weight
0,0.2098230645679918,0.5224764122157116,0.38276924097821113,4.005497019144768,3.521988076579067,7.390059617104661,0.6209344211848741,2.55497019144767,6.906550674538963,2.0714612488819713,2.55497019144767,3.521988076579067,4.4890059617104665,6.906550674538963,0.6209344211848741,3.0384791340133686,1.104443363750573,6.906550674538963,5.939532789407563,3.521988076579067,7.390059617104661,7.390059617104661,5.456023846841864,2.0714612488819713,5.456023846841864,1.104443363750573,5.456023846841864
