,Returns,Semi Deviation,Sortino Ratio,ADANIPORTS Weight,ASIANPAINT Weight,BAJFINANCE Weight,BAJAJFINSV Weight,BRITANNIA Weight,DIVISLAB Weight,GRASIM Weight,HCLTECH Weight,HDFCBANK Weight,HINDALCO Weight,HINDUNILVR Weight,ICICIBANK Weight,INFY Weight,JSWSTEEL Weight,NESTLEIND Weight,POWERGRID Weight,RELIANCE Weight,TCS Weight,TATACONSUM Weight,TATASTEEL Weight,TECHM Weight,TITAN Weight,UPL Weight,WIPRO Weight
0,0.297908017145282,0.5653218892122027,0.5095731437386185,2.379713152833349,3.4936582004177543,1.8227406290411454,1.8227406290411454,2.379713152833349,3.4936582004177543,3.4936582004177543,5.164575771794364,0.7087955814567394,7.3924658669631755,2.936685676625552,2.936685676625552,5.721548295586567,6.278520819378769,7.94943839075538,4.050630724209958,8.506410914547583,8.506410914547583,6.835493343170973,1.2657681052489425,4.050630724209958,2.936685676625552,0.7087955814567394,5.164575771794364
