,Returns,Semi Deviation,Sortino Ratio,ADANIPORTS Weight,ASIANPAINT Weight,BAJFINANCE Weight,BAJAJFINSV Weight,BRITANNIA Weight,DIVISLAB Weight,GRASIM Weight,HCLTECH Weight,HDFCBANK Weight,HINDALCO Weight,HINDUNILVR Weight,ICICIBANK Weight,INFY Weight,JSWSTEEL Weight,NESTLEIND Weight,POWERGRID Weight,RELIANCE Weight,TCS Weight,TATACONSUM Weight,TATASTEEL Weight,TECHM Weight,TITAN Weight,UPL Weight,WIPRO Weight
0,-0.07847206206069324,0.5968189734598179,-0.1479631694413675,0.6326662228254101,7.536294996840888,6.056945973837571,4.577596950834254,2.6051315868298324,5.563829632836465,4.577596950834254,7.043178655839783,2.6051315868298324,4.084480609833148,2.6051315868298324,0.6326662228254101,1.618898904827621,1.1257825638265158,5.07071329183536,2.1120152458287267,7.536294996840888,5.07071329183536,6.5500623148386765,7.043178655839783,1.618898904827621,5.07071329183536,2.6051315868298324,6.056945973837571
