,Returns,Semi Deviation,Sortino Ratio,ADANIPORTS Weight,ASIANPAINT Weight,BAJFINANCE Weight,BAJAJFINSV Weight,BRITANNIA Weight,DIVISLAB Weight,GRASIM Weight,HCLTECH Weight,HDFCBANK Weight,HINDALCO Weight,HINDUNILVR Weight,ICICIBANK Weight,INFY Weight,JSWSTEEL Weight,NESTLEIND Weight,POWERGRID Weight,RELIANCE Weight,TCS Weight,TATACONSUM Weight,TATASTEEL Weight,TECHM Weight,TITAN Weight,UPL Weight,WIPRO Weight
0,0.2651497106362926,0.5516217258201167,0.462843528183271,1.5110020049146895,2.896566176263547,2.4347114524805953,4.743985071395358,6.129549242744213,7.053258690310117,1.0491472811317375,6.591403966527166,4.743985071395358,1.5110020049146895,5.667694518961261,1.0491472811317375,1.0491472811317375,5.667694518961261,3.3584209000465,2.4347114524805953,7.053258690310117,3.8202756238294526,6.129549242744213,0.587292557348785,6.591403966527166,7.053258690310117,5.20583979517831,5.667694518961261
