,Returns,Semi Deviation,Sortino Ratio,ADANIPORTS Weight,ASIANPAINT Weight,BAJFINANCE Weight,BAJAJFINSV Weight,BRITANNIA Weight,DIVISLAB Weight,GRASIM Weight,HCLTECH Weight,HDFCBANK Weight,HINDALCO Weight,HINDUNILVR Weight,ICICIBANK Weight,INFY Weight,JSWSTEEL Weight,NESTLEIND Weight,POWERGRID Weight,RELIANCE Weight,TCS Weight,TATACONSUM Weight,TATASTEEL Weight,TECHM Weight,TITAN Weight,UPL Weight,WIPRO Weight
0,0.23083146344422778,0.5870551803792294,0.3764489369914127,0.7213220701555734,5.818544212939108,4.119470165344596,7.51761826053362,3.553112149479759,5.818544212939108,0.7213220701555734,1.2876800860204107,5.252186197074272,2.420396117750085,2.9867541336149226,6.384902228803946,0.7213220701555734,1.2876800860204107,4.119470165344596,2.9867541336149226,7.51761826053362,1.8540381018852476,8.650334292263295,5.818544212939108,6.384902228803946,8.083976276398458,1.8540381018852476,4.119470165344596
