,Returns,Semi Deviation,Sortino Ratio,ADANIPORTS Weight,ASIANPAINT Weight,BAJFINANCE Weight,BAJAJFINSV Weight,BRITANNIA Weight,DIVISLAB Weight,GRASIM Weight,HCLTECH Weight,HDFCBANK Weight,HINDALCO Weight,HINDUNILVR Weight,ICICIBANK Weight,INFY Weight,JSWSTEEL Weight,NESTLEIND Weight,POWERGRID Weight,RELIANCE Weight,TCS Weight,TATACONSUM Weight,TATASTEEL Weight,TECHM Weight,TITAN Weight,UPL Weight,WIPRO Weight
0,0.23843112384859533,0.2659403759604844,0.8595759789682975,0.6965254088354628,1.240861292416828,3.4182048267422895,0.6965254088354628,3.4182048267422895,7.228556011811847,1.240861292416828,5.595548361067752,3.4182048267422895,3.962540710323655,2.8738689431609243,0.6965254088354628,6.684220128230481,3.4182048267422895,8.317227778974576,3.962540710323655,7.7728918953932125,8.317227778974576,5.051212477486386,3.962540710323655,1.240861292416828,7.7728918953932125,5.595548361067752,3.4182048267422895
