,Returns,Semi Deviation,Sortino Ratio,ADANIPORTS Weight,ASIANPAINT Weight,BAJFINANCE Weight,BAJAJFINSV Weight,BRITANNIA Weight,DIVISLAB Weight,GRASIM Weight,HCLTECH Weight,HDFCBANK Weight,HINDALCO Weight,HINDUNILVR Weight,ICICIBANK Weight,INFY Weight,JSWSTEEL Weight,NESTLEIND Weight,POWERGRID Weight,RELIANCE Weight,TCS Weight,TATACONSUM Weight,TATASTEEL Weight,TECHM Weight,TITAN Weight,UPL Weight,WIPRO Weight
0,0.21613654928247872,0.6157680848735845,0.33503097921950115,6.3487087951086,1.2807399806628195,8.601139379306725,8.601139379306725,1.8438476267123503,8.038031733257194,2.970062918811413,4.659385856960007,1.8438476267123503,0.7176323346132883,2.4069552727618815,1.8438476267123503,8.601139379306725,1.2807399806628195,4.659385856960007,1.8438476267123503,5.785601149059069,8.601139379306725,6.3487087951086,1.2807399806628195,2.970062918811413,2.4069552727618815,3.5331705648609444,3.5331705648609444
