,Returns,Semi Deviation,Sortino Ratio,ADANIPORTS Weight,ASIANPAINT Weight,BAJFINANCE Weight,BAJAJFINSV Weight,BRITANNIA Weight,DIVISLAB Weight,GRASIM Weight,HCLTECH Weight,HDFCBANK Weight,HINDALCO Weight,HINDUNILVR Weight,ICICIBANK Weight,INFY Weight,JSWSTEEL Weight,NESTLEIND Weight,POWERGRID Weight,RELIANCE Weight,TCS Weight,TATACONSUM Weight,TATASTEEL Weight,TECHM Weight,TITAN Weight,UPL Weight,WIPRO Weight
0,0.18545638079014107,0.40543735978068385,0.4331648569583628,3.0981397770616352,2.6049735203208524,5.070804804024771,6.057137317506336,2.6049735203208524,5.563971060765553,4.5776385472839864,2.6049735203208524,5.563971060765553,1.6186410068392845,7.536636087728688,1.6186410068392845,4.084472290543203,0.6323084933577179,5.070804804024771,2.1118072635800686,7.536636087728688,6.550303574247119,2.6049735203208524,2.6049735203208524,5.563971060765553,7.536636087728688,0.6323084933577179,6.550303574247119
