,Returns,Semi Deviation,Sortino Ratio,ADANIPORTS Weight,ASIANPAINT Weight,BAJFINANCE Weight,BAJAJFINSV Weight,BRITANNIA Weight,DIVISLAB Weight,GRASIM Weight,HCLTECH Weight,HDFCBANK Weight,HINDALCO Weight,HINDUNILVR Weight,ICICIBANK Weight,INFY Weight,JSWSTEEL Weight,NESTLEIND Weight,POWERGRID Weight,RELIANCE Weight,TCS Weight,TATACONSUM Weight,TATASTEEL Weight,TECHM Weight,TITAN Weight,UPL Weight,WIPRO Weight
0,0.08958107994642343,0.7348034125097755,0.10852687093392845,2.5161527525969882,5.856952000352483,4.9024379295652,5.379694964958841,4.425180894171557,4.425180894171557,2.0388957172033457,3.470666823384273,4.425180894171557,5.379694964958841,2.0388957172033457,1.0843816464160614,5.379694964958841,0.6071246110224191,6.811466071139767,2.0388957172033457,6.811466071139767,6.811466071139767,5.856952000352483,4.9024379295652,2.99340978799063,7.28872310653341,1.5616386818097034,2.99340978799063
