,Returns,Semi Deviation,Sortino Ratio,ADANIPORTS Weight,ASIANPAINT Weight,BAJFINANCE Weight,BAJAJFINSV Weight,BRITANNIA Weight,DIVISLAB Weight,GRASIM Weight,HCLTECH Weight,HDFCBANK Weight,HINDALCO Weight,HINDUNILVR Weight,ICICIBANK Weight,INFY Weight,JSWSTEEL Weight,NESTLEIND Weight,POWERGRID Weight,RELIANCE Weight,TCS Weight,TATACONSUM Weight,TATASTEEL Weight,TECHM Weight,TITAN Weight,UPL Weight,WIPRO Weight
0,0.25397662076359523,0.23786190934676787,1.026399967102374,0.896922711826981,5.234673486086665,6.023355445042971,4.445991527130358,4.445991527130358,4.840332506608512,2.0799456502614406,2.8686276092177465,4.051650547652205,0.5025817323488281,3.2629685886959,4.445991527130358,5.6290144655648175,5.234673486086665,5.234673486086665,4.840332506608512,6.023355445042971,6.023355445042971,5.234673486086665,3.2629685886959,4.445991527130358,4.445991527130358,0.5025817323488281,6.023355445042971
