,Returns,Semi Deviation,Sortino Ratio,ADANIPORTS Weight,ASIANPAINT Weight,BAJFINANCE Weight,BAJAJFINSV Weight,BRITANNIA Weight,DIVISLAB Weight,GRASIM Weight,HCLTECH Weight,HDFCBANK Weight,HINDALCO Weight,HINDUNILVR Weight,ICICIBANK Weight,INFY Weight,JSWSTEEL Weight,NESTLEIND Weight,POWERGRID Weight,RELIANCE Weight,TCS Weight,TATACONSUM Weight,TATASTEEL Weight,TECHM Weight,TITAN Weight,UPL Weight,WIPRO Weight
0,0.21385949818050867,0.3006337689461729,0.6786474256053167,0.7117266496269277,2.937728271343807,5.163729893060687,8.502732325636005,4.607229487631466,7.389731514777563,0.7117266496269277,5.7202302984899065,4.050729082202246,0.7117266496269277,1.8247274604853672,4.050729082202246,3.4942286767730257,5.7202302984899065,7.946231920206784,1.2682270550561474,7.389731514777563,7.389731514777563,2.937728271343807,6.833231109348345,0.7117266496269277,1.8247274604853672,0.7117266496269277,7.389731514777563
