,Returns,Semi Deviation,Sortino Ratio,ADANIPORTS Weight,ASIANPAINT Weight,BAJFINANCE Weight,BAJAJFINSV Weight,BRITANNIA Weight,DIVISLAB Weight,GRASIM Weight,HCLTECH Weight,HDFCBANK Weight,HINDALCO Weight,HINDUNILVR Weight,ICICIBANK Weight,INFY Weight,JSWSTEEL Weight,NESTLEIND Weight,POWERGRID Weight,RELIANCE Weight,TCS Weight,TATACONSUM Weight,TATASTEEL Weight,TECHM Weight,TITAN Weight,UPL Weight,WIPRO Weight
0,0.2823668933045304,0.5588603485114315,0.4876562260952583,2.725631052493121,2.725631052493121,3.2418229142866286,2.725631052493121,4.274206637873647,7.887549670428208,1.1770554671125943,5.306590361460665,7.3713578086347,1.6932473289061027,7.3713578086347,4.274206637873647,1.1770554671125943,4.790398499667156,1.6932473289061027,5.306590361460665,7.887549670428208,4.790398499667156,6.338974085047683,2.209439190699612,3.758014776080138,3.758014776080138,1.6932473289061027,5.8227822232541735
