,Returns,Semi Deviation,Sortino Ratio,ADANIPORTS Weight,ASIANPAINT Weight,BAJFINANCE Weight,BAJAJFINSV Weight,BRITANNIA Weight,DIVISLAB Weight,GRASIM Weight,HCLTECH Weight,HDFCBANK Weight,HINDALCO Weight,HINDUNILVR Weight,ICICIBANK Weight,INFY Weight,JSWSTEEL Weight,NESTLEIND Weight,POWERGRID Weight,RELIANCE Weight,TCS Weight,TATACONSUM Weight,TATASTEEL Weight,TECHM Weight,TITAN Weight,UPL Weight,WIPRO Weight
0,0.2568932885173471,0.26722957857594737,0.9245163839973937,3.143426638300391,4.1457842171081705,6.651678164127621,4.6469630065120615,3.143426638300391,6.651678164127621,3.143426638300391,4.6469630065120615,3.143426638300391,1.1387114806848306,6.15049937472373,3.6446054277042803,3.6446054277042803,5.649320585319841,7.152856953531511,0.6375326912809405,4.1457842171081705,4.6469630065120615,4.1457842171081705,4.6469630065120615,6.15049937472373,2.642247848896501,0.6375326912809405,5.649320585319841
