,Returns,Semi Deviation,Sortino Ratio,ADANIPORTS Weight,ASIANPAINT Weight,BAJFINANCE Weight,BAJAJFINSV Weight,BRITANNIA Weight,DIVISLAB Weight,GRASIM Weight,HCLTECH Weight,HDFCBANK Weight,HINDALCO Weight,HINDUNILVR Weight,ICICIBANK Weight,INFY Weight,JSWSTEEL Weight,NESTLEIND Weight,POWERGRID Weight,RELIANCE Weight,TCS Weight,TATACONSUM Weight,TATASTEEL Weight,TECHM Weight,TITAN Weight,UPL Weight,WIPRO Weight
0,0.26927992421950186,0.5491727249239642,0.4724283410474518,2.6972913463837562,5.763813753930698,6.274900821855188,3.208378414308246,5.252726686006208,7.29707495770417,1.1640301426102844,4.741639618081718,3.719465482232737,1.1640301426102844,6.78598788977968,4.230552550157228,2.1862042784592655,1.6751172105347747,6.78598788977968,1.1640301426102844,5.763813753930698,4.230552550157228,5.252726686006208,2.1862042784592655,4.741639618081718,5.252726686006208,1.6751172105347747,6.78598788977968
