,Returns,Semi Deviation,Sortino Ratio,ADANIPORTS Weight,ASIANPAINT Weight,BAJFINANCE Weight,BAJAJFINSV Weight,BRITANNIA Weight,DIVISLAB Weight,GRASIM Weight,HCLTECH Weight,HDFCBANK Weight,HINDALCO Weight,HINDUNILVR Weight,ICICIBANK Weight,INFY Weight,JSWSTEEL Weight,NESTLEIND Weight,POWERGRID Weight,RELIANCE Weight,TCS Weight,TATACONSUM Weight,TATASTEEL Weight,TECHM Weight,TITAN Weight,UPL Weight,WIPRO Weight
0,0.19607693349498362,0.31233032490712365,0.5962974255388128,2.5298314863363696,5.8833474655496625,2.0507577750201844,2.0507577750201844,6.841494888182032,6.841494888182032,3.4879789089687385,3.4879789089687385,3.008905197652554,5.8833474655496625,5.404273754233478,1.5716840637039997,4.925200042917292,6.841494888182032,7.320568599498216,3.008905197652554,3.967052620284923,3.967052620284923,5.8833474655496625,3.4879789089687385,2.5298314863363696,5.8833474655496625,0.6135366410716303,2.5298314863363696
