,Returns,Semi Deviation,Sortino Ratio,ADANIPORTS Weight,ASIANPAINT Weight,BAJFINANCE Weight,BAJAJFINSV Weight,BRITANNIA Weight,DIVISLAB Weight,GRASIM Weight,HCLTECH Weight,HDFCBANK Weight,HINDALCO Weight,HINDUNILVR Weight,ICICIBANK Weight,INFY Weight,JSWSTEEL Weight,NESTLEIND Weight,POWERGRID Weight,RELIANCE Weight,TCS Weight,TATACONSUM Weight,TATASTEEL Weight,TECHM Weight,TITAN Weight,UPL Weight,WIPRO Weight
0,0.26404829648711475,0.5757457666246139,0.44153712695502423,5.199390613858808,5.199390613858808,6.716862536263587,3.1760947173191014,0.6469748466444686,2.164446769049248,2.164446769049248,6.716862536263587,0.6469748466444686,3.1760947173191014,6.716862536263587,2.164446769049248,5.199390613858808,4.6935666397238816,6.21103856212866,2.164446769049248,6.21103856212866,7.222686510398514,6.21103856212866,3.1760947173191014,1.6586227949143217,5.705214587993734,1.152798820779395,5.705214587993734
