,Returns,Semi Deviation,Sortino Ratio,ADANIPORTS Weight,ASIANPAINT Weight,BAJFINANCE Weight,BAJAJFINSV Weight,BRITANNIA Weight,DIVISLAB Weight,GRASIM Weight,HCLTECH Weight,HDFCBANK Weight,HINDALCO Weight,HINDUNILVR Weight,ICICIBANK Weight,INFY Weight,JSWSTEEL Weight,NESTLEIND Weight,POWERGRID Weight,RELIANCE Weight,TCS Weight,TATACONSUM Weight,TATASTEEL Weight,TECHM Weight,TITAN Weight,UPL Weight,WIPRO Weight
0,0.1321367599131573,0.6229214197320948,0.19633551071432373,4.411037709134799,3.8778645255679667,3.8778645255679667,1.2119986077338065,2.811518158434303,7.61007681053579,1.2119986077338065,6.010557259835295,8.143249994102622,3.8778645255679667,6.543730443402127,2.2783449748674705,1.2119986077338065,3.3446913420011346,6.543730443402127,5.477384076268463,7.076903626968958,3.8778645255679667,0.6788254241669747,3.3446913420011346,2.811518158434303,7.61007681053579,1.2119986077338065,4.944210892701631
