,Returns,Semi Deviation,Sortino Ratio,ADANIPORTS Weight,ASIANPAINT Weight,BAJFINANCE Weight,BAJAJFINSV Weight,BRITANNIA Weight,DIVISLAB Weight,GRASIM Weight,HCLTECH Weight,HDFCBANK Weight,HINDALCO Weight,HINDUNILVR Weight,ICICIBANK Weight,INFY Weight,JSWSTEEL Weight,NESTLEIND Weight,POWERGRID Weight,RELIANCE Weight,TCS Weight,TATACONSUM Weight,TATASTEEL Weight,TECHM Weight,TITAN Weight,UPL Weight,WIPRO Weight
0,0.12809197858732005,0.4399012110574866,0.2688258426656191,1.8139576736752157,7.903322126123677,2.36753626026144,4.02827202002011,3.4746934334338864,6.242586366365005,4.02827202002011,3.4746934334338864,1.8139576736752157,4.02827202002011,4.02827202002011,0.7068005005027682,7.903322126123677,4.581850606606334,5.689007779778782,3.4746934334338864,5.13542919319256,5.13542919319256,7.349743539537454,2.9211148468476638,1.8139576736752157,8.456900712709901,0.7068005005027682,2.9211148468476638
