,Returns,Semi Deviation,Sortino Ratio,ADANIPORTS Weight,ASIANPAINT Weight,BAJFINANCE Weight,BAJAJFINSV Weight,BRITANNIA Weight,DIVISLAB Weight,GRASIM Weight,HCLTECH Weight,HDFCBANK Weight,HINDALCO Weight,HINDUNILVR Weight,ICICIBANK Weight,INFY Weight,JSWSTEEL Weight,NESTLEIND Weight,POWERGRID Weight,RELIANCE Weight,TCS Weight,TATACONSUM Weight,TATASTEEL Weight,TECHM Weight,TITAN Weight,UPL Weight,WIPRO Weight
0,0.2315439860271362,0.6222178911668578,0.3563202285556211,7.809620286147472,1.1628277172702155,6.7870368140125095,4.230578133675103,0.6515359812027341,7.298328550079989,4.741869869742585,6.275745077945027,6.7870368140125095,2.185411189405178,6.275745077945027,1.1628277172702155,2.185411189405178,6.275745077945027,7.809620286147472,1.1628277172702155,6.7870368140125095,2.185411189405178,5.764453341877547,0.6515359812027341,0.6515359812027341,5.764453341877547,3.719286397607622,1.6741194533376964
