,Returns,Semi Deviation,Sortino Ratio,ADANIPORTS Weight,ASIANPAINT Weight,BAJFINANCE Weight,BAJAJFINSV Weight,BRITANNIA Weight,DIVISLAB Weight,GRASIM Weight,HCLTECH Weight,HDFCBANK Weight,HINDALCO Weight,HINDUNILVR Weight,ICICIBANK Weight,INFY Weight,JSWSTEEL Weight,NESTLEIND Weight,POWERGRID Weight,RELIANCE Weight,TCS Weight,TATACONSUM Weight,TATASTEEL Weight,TECHM Weight,TITAN Weight,UPL Weight,WIPRO Weight
0,0.2517765626816903,0.3226043333717525,0.7499632609327809,2.290260545945495,0.6819124424702051,2.290260545945495,3.8986086494207846,4.434724683912548,4.970840718404311,2.826376580437258,8.187536925354891,2.290260545945495,0.6819124424702051,8.187536925354891,1.7541445114537317,7.651420890863127,4.434724683912548,4.434724683912548,1.7541445114537317,7.651420890863127,2.826376580437258,3.362492614929021,7.115304856371364,3.8986086494207846,8.187536925354891,4.970840718404311,1.2180284769619683
