,Returns,Semi Deviation,Sortino Ratio,ADANIPORTS Weight,ASIANPAINT Weight,BAJFINANCE Weight,BAJAJFINSV Weight,BRITANNIA Weight,DIVISLAB Weight,GRASIM Weight,HCLTECH Weight,HDFCBANK Weight,HINDALCO Weight,HINDUNILVR Weight,ICICIBANK Weight,INFY Weight,JSWSTEEL Weight,NESTLEIND Weight,POWERGRID Weight,RELIANCE Weight,TCS Weight,TATACONSUM Weight,TATASTEEL Weight,TECHM Weight,TITAN Weight,UPL Weight,WIPRO Weight
0,0.2207161078521882,0.22272798972642494,0.9468093492696936,1.4083375870384425,1.4083375870384425,7.595243933868104,0.7896469523554762,5.12048139513624,8.213934568551071,4.501790760453274,0.7896469523554762,9.451315837917003,0.7896469523554762,2.645718856404375,1.4083375870384425,3.2644094910873416,0.7896469523554762,5.739172029819207,4.501790760453274,9.451315837917003,2.645718856404375,6.976553299185138,1.4083375870384425,3.2644094910873416,8.213934568551071,2.645718856404375,6.976553299185138
