,Returns,Semi Deviation,Sortino Ratio,ADANIPORTS Weight,ASIANPAINT Weight,BAJFINANCE Weight,BAJAJFINSV Weight,BRITANNIA Weight,DIVISLAB Weight,GRASIM Weight,HCLTECH Weight,HDFCBANK Weight,HINDALCO Weight,HINDUNILVR Weight,ICICIBANK Weight,INFY Weight,JSWSTEEL Weight,NESTLEIND Weight,POWERGRID Weight,RELIANCE Weight,TCS Weight,TATACONSUM Weight,TATASTEEL Weight,TECHM Weight,TITAN Weight,UPL Weight,WIPRO Weight
0,-0.02496664460897436,0.5338273798850548,-0.06519300199932199,1.385326417698036,6.455111175311743,3.075254670235939,4.342700859639366,6.0326291121772675,3.9202187965048902,1.8078084808325117,2.2302905439669876,4.342700859639366,3.075254670235939,1.8078084808325117,1.385326417698036,5.610147049042792,4.765182922773841,6.455111175311743,0.9628443545635607,5.187664985908316,4.765182922773841,6.0326291121772675,5.187664985908316,6.0326291121772675,6.0326291121772675,2.652772607101463,6.455111175311743
