,Returns,Semi Deviation,Sortino Ratio,ADANIPORTS Weight,ASIANPAINT Weight,BAJFINANCE Weight,BAJAJFINSV Weight,BRITANNIA Weight,DIVISLAB Weight,GRASIM Weight,HCLTECH Weight,HDFCBANK Weight,HINDALCO Weight,HINDUNILVR Weight,ICICIBANK Weight,INFY Weight,JSWSTEEL Weight,NESTLEIND Weight,POWERGRID Weight,RELIANCE Weight,TCS Weight,TATACONSUM Weight,TATASTEEL Weight,TECHM Weight,TITAN Weight,UPL Weight,WIPRO Weight
0,-0.02310383267584692,0.5038284253675602,-0.06537740995256792,0.6154730704984246,4.949133052263059,2.060026397753303,1.5785086220016766,4.949133052263059,6.393686379517936,1.5785086220016766,6.875204155269563,2.541544173504929,1.5785086220016766,7.356721931021188,1.0969908462500506,4.949133052263059,5.91216860376631,4.467615276511433,2.541544173504929,6.875204155269563,6.393686379517936,5.91216860376631,1.5785086220016766,3.986097500759807,7.356721931021188,4.949133052263059,3.5045797250081807
