,Returns,Semi Deviation,Sortino Ratio,ADANIPORTS Weight,ASIANPAINT Weight,BAJFINANCE Weight,BAJAJFINSV Weight,BRITANNIA Weight,DIVISLAB Weight,GRASIM Weight,HCLTECH Weight,HDFCBANK Weight,HINDALCO Weight,HINDUNILVR Weight,ICICIBANK Weight,INFY Weight,JSWSTEEL Weight,NESTLEIND Weight,POWERGRID Weight,RELIANCE Weight,TCS Weight,TATACONSUM Weight,TATASTEEL Weight,TECHM Weight,TITAN Weight,UPL Weight,WIPRO Weight
0,0.22873245604220988,0.6215112508661294,0.35220165508185547,7.8107471267991695,3.71914801366794,7.2992972376577665,4.742047791950748,2.1847983462437277,4.742047791950748,0.6504486788195163,7.8107471267991695,7.8107471267991695,1.1618985679609202,7.8107471267991695,3.71914801366794,3.71914801366794,6.276397459374959,3.2076981245265355,2.696248235385132,6.276397459374959,4.230597902809344,3.2076981245265355,0.6504486788195163,1.1618985679609202,4.230597902809344,1.1618985679609202,3.71914801366794
