,Returns,Semi Deviation,Sortino Ratio,ADANIPORTS Weight,ASIANPAINT Weight,BAJFINANCE Weight,BAJAJFINSV Weight,BRITANNIA Weight,DIVISLAB Weight,GRASIM Weight,HCLTECH Weight,HDFCBANK Weight,HINDALCO Weight,HINDUNILVR Weight,ICICIBANK Weight,INFY Weight,JSWSTEEL Weight,NESTLEIND Weight,POWERGRID Weight,RELIANCE Weight,TCS Weight,TATACONSUM Weight,TATASTEEL Weight,TECHM Weight,TITAN Weight,UPL Weight,WIPRO Weight
0,0.16133431215495142,0.6502456608946701,0.232987555982057,3.2751822578455254,6.928093981795561,2.2314931938598015,1.7096486618669395,4.31887132183125,6.928093981795561,3.2751822578455254,6.928093981795561,2.7533377258526643,2.2314931938598015,5.362560385816974,7.971783045781283,2.7533377258526643,2.7533377258526643,6.928093981795561,5.884404917809836,4.840715853824112,4.31887132183125,6.406249449802698,1.7096486618669395,1.1878041298740774,6.928093981795561,1.1878041298740774,1.1878041298740774
