,Returns,Semi Deviation,Sortino Ratio,ADANIPORTS Weight,ASIANPAINT Weight,BAJFINANCE Weight,BAJAJFINSV Weight,BRITANNIA Weight,DIVISLAB Weight,GRASIM Weight,HCLTECH Weight,HDFCBANK Weight,HINDALCO Weight,HINDUNILVR Weight,ICICIBANK Weight,INFY Weight,JSWSTEEL Weight,NESTLEIND Weight,POWERGRID Weight,RELIANCE Weight,TCS Weight,TATACONSUM Weight,TATASTEEL Weight,TECHM Weight,TITAN Weight,UPL Weight,WIPRO Weight
0,0.0966068730914861,0.703667797540635,0.12331345637756068,1.8878443480050289,3.2110315007763015,2.76996911651921,4.093156269290484,3.2110315007763015,4.975281037804664,1.0057195794908471,4.975281037804664,6.739530574833028,4.093156269290484,5.416343422061757,4.975281037804664,1.4467819637479378,6.739530574833028,6.739530574833028,3.2110315007763015,4.534218653547574,6.739530574833028,5.857405806318846,2.3289067322621197,5.416343422061757,6.739530574833028,0.5646571952337565,2.3289067322621197
