,Returns,Semi Deviation,Sortino Ratio,ADANIPORTS Weight,ASIANPAINT Weight,BAJFINANCE Weight,BAJAJFINSV Weight,BRITANNIA Weight,DIVISLAB Weight,GRASIM Weight,HCLTECH Weight,HDFCBANK Weight,HINDALCO Weight,HINDUNILVR Weight,ICICIBANK Weight,INFY Weight,JSWSTEEL Weight,NESTLEIND Weight,POWERGRID Weight,RELIANCE Weight,TCS Weight,TATACONSUM Weight,TATASTEEL Weight,TECHM Weight,TITAN Weight,UPL Weight,WIPRO Weight
0,0.17666944981857174,0.3464370004380444,0.4815717858440556,3.9479177109894654,0.6070245697376649,0.6070245697376649,2.5161063647386945,6.334269954740752,5.856999505990495,4.425188159739724,5.856999505990495,6.811540403491009,1.5615654672381796,7.288810852241268,1.0842950184879223,2.0388359159884373,4.425188159739724,6.811540403491009,2.5161063647386945,2.0388359159884373,5.856999505990495,6.811540403491009,5.856999505990495,3.9479177109894654,5.856999505990495,3.4706472622392086,3.4706472622392086
