,Returns,Semi Deviation,Sortino Ratio,ADANIPORTS Weight,ASIANPAINT Weight,BAJFINANCE Weight,BAJAJFINSV Weight,BRITANNIA Weight,DIVISLAB Weight,GRASIM Weight,HCLTECH Weight,HDFCBANK Weight,HINDALCO Weight,HINDUNILVR Weight,ICICIBANK Weight,INFY Weight,JSWSTEEL Weight,NESTLEIND Weight,POWERGRID Weight,RELIANCE Weight,TCS Weight,TATACONSUM Weight,TATASTEEL Weight,TECHM Weight,TITAN Weight,UPL Weight,WIPRO Weight
0,0.20324973013903974,0.2837392098076624,0.6816631562306259,2.6137873542299,9.33444536215296,3.224756264041088,1.3918495346075248,2.002818444418712,5.057662993474649,0.7808806247963377,1.3918495346075248,7.501538632719399,0.7808806247963377,2.6137873542299,1.3918495346075248,3.224756264041088,5.668631903285836,8.723476452341771,1.3918495346075248,8.112507542530583,8.112507542530583,8.112507542530583,6.89056972290821,6.279600813097025,3.224756264041088,0.7808806247963377,1.3918495346075248
