,Returns,Semi Deviation,Sortino Ratio,ADANIPORTS Weight,ASIANPAINT Weight,BAJFINANCE Weight,BAJAJFINSV Weight,BRITANNIA Weight,DIVISLAB Weight,GRASIM Weight,HCLTECH Weight,HDFCBANK Weight,HINDALCO Weight,HINDUNILVR Weight,ICICIBANK Weight,INFY Weight,JSWSTEEL Weight,NESTLEIND Weight,POWERGRID Weight,RELIANCE Weight,TCS Weight,TATACONSUM Weight,TATASTEEL Weight,TECHM Weight,TITAN Weight,UPL Weight,WIPRO Weight
0,0.1605781978563994,0.42016837565442366,0.358768155234073,3.476473276204137,4.580782700944185,1.8200091390940638,5.13293741331421,1.26785442672404,8.445865687534353,0.7156997143540159,7.341556262794305,7.341556262794305,0.7156997143540159,7.341556262794305,1.8200091390940638,1.8200091390940638,0.7156997143540159,5.685092125684234,1.8200091390940638,6.237246838054258,6.789401550424282,4.0286279885741605,2.372163851464088,3.476473276204137,8.445865687534353,1.8200091390940638,6.789401550424282
