,Returns,Semi Deviation,Sortino Ratio,ADANIPORTS Weight,ASIANPAINT Weight,BAJFINANCE Weight,BAJAJFINSV Weight,BRITANNIA Weight,DIVISLAB Weight,GRASIM Weight,HCLTECH Weight,HDFCBANK Weight,HINDALCO Weight,HINDUNILVR Weight,ICICIBANK Weight,INFY Weight,JSWSTEEL Weight,NESTLEIND Weight,POWERGRID Weight,RELIANCE Weight,TCS Weight,TATACONSUM Weight,TATASTEEL Weight,TECHM Weight,TITAN Weight,UPL Weight,WIPRO Weight
0,0.21870136406646037,0.29241529216092826,0.7142793309056757,1.4356847480445463,5.217044327675177,7.107724117490491,3.956591134464966,2.696137941254756,6.477497520885386,2.696137941254756,1.4356847480445463,6.477497520885386,1.4356847480445463,5.217044327675177,0.8054581514394414,4.586817731070071,2.0659113446496513,5.847270924280282,3.3263645378598614,5.847270924280282,9.628630503910914,3.956591134464966,0.8054581514394414,5.217044327675177,3.956591134464966,0.8054581514394414,8.998403907305807
