,Returns,Semi Deviation,Sortino Ratio,ADANIPORTS Weight,ASIANPAINT Weight,BAJFINANCE Weight,BAJAJFINSV Weight,BRITANNIA Weight,DIVISLAB Weight,GRASIM Weight,HCLTECH Weight,HDFCBANK Weight,HINDALCO Weight,HINDUNILVR Weight,ICICIBANK Weight,INFY Weight,JSWSTEEL Weight,NESTLEIND Weight,POWERGRID Weight,RELIANCE Weight,TCS Weight,TATACONSUM Weight,TATASTEEL Weight,TECHM Weight,TITAN Weight,UPL Weight,WIPRO Weight
0,0.1882298952367364,0.3064475469777661,0.5821378965533529,4.321978280174265,4.321978280174265,6.185717642265439,0.5944995559919144,5.719782801742646,5.2538479612198525,4.321978280174265,1.526369237037502,1.992304077560296,0.5944995559919144,7.117587323311028,0.5944995559919144,3.390108599128677,6.185717642265439,7.117587323311028,3.390108599128677,6.651652482788234,6.651652482788234,7.117587323311028,2.4582389180830897,3.856043439651471,6.651652482788234,1.526369237037502,2.4582389180830897
