,Returns,Semi Deviation,Sortino Ratio,ADANIPORTS Weight,ASIANPAINT Weight,BAJFINANCE Weight,BAJAJFINSV Weight,BRITANNIA Weight,DIVISLAB Weight,GRASIM Weight,HCLTECH Weight,HDFCBANK Weight,HINDALCO Weight,HINDUNILVR Weight,ICICIBANK Weight,INFY Weight,JSWSTEEL Weight,NESTLEIND Weight,POWERGRID Weight,RELIANCE Weight,TCS Weight,TATACONSUM Weight,TATASTEEL Weight,TECHM Weight,TITAN Weight,UPL Weight,WIPRO Weight
0,0.17227147920642702,0.6909825095744229,0.23508021132301443,2.9704150856544813,6.911008528988738,5.222182767559771,4.659240847083448,1.8445312447018358,8.036892369941382,1.8445312447018358,3.533357006130803,1.2815893242255139,1.8445312447018358,5.222182767559771,4.096298926607126,2.4074731651781587,2.4074731651781587,5.222182767559771,6.348066608512417,8.599834290417705,2.9704150856544813,4.096298926607126,5.785124688036094,3.533357006130803,8.036892369941382,0.7186474037491912,2.4074731651781587
