,Returns,Semi Deviation,Sortino Ratio,ADANIPORTS Weight,ASIANPAINT Weight,BAJFINANCE Weight,BAJAJFINSV Weight,BRITANNIA Weight,DIVISLAB Weight,GRASIM Weight,HCLTECH Weight,HDFCBANK Weight,HINDALCO Weight,HINDUNILVR Weight,ICICIBANK Weight,INFY Weight,JSWSTEEL Weight,NESTLEIND Weight,POWERGRID Weight,RELIANCE Weight,TCS Weight,TATACONSUM Weight,TATASTEEL Weight,TECHM Weight,TITAN Weight,UPL Weight,WIPRO Weight
0,-0.0432178473837212,0.5570753691005673,-0.0952348912940513,4.7906392523992665,2.2086837252298874,1.1759015143621356,2.2086837252298874,7.372594779568646,5.823421463267018,3.7578570415315147,6.339812568700894,3.7578570415315147,1.1759015143621356,7.372594779568646,2.2086837252298874,7.888985885002521,2.7250748306637633,7.372594779568646,1.1759015143621356,3.241465936097639,4.274248146965391,3.7578570415315147,1.692292619796011,6.85620367413477,4.7906392523992665,0.6595104089282597,7.372594779568646
