,Returns,Semi Deviation,Sortino Ratio,ADANIPORTS Weight,ASIANPAINT Weight,BAJFINANCE Weight,BAJAJFINSV Weight,BRITANNIA Weight,DIVISLAB Weight,GRASIM Weight,HCLTECH Weight,HDFCBANK Weight,HINDALCO Weight,HINDUNILVR Weight,ICICIBANK Weight,INFY Weight,JSWSTEEL Weight,NESTLEIND Weight,POWERGRID Weight,RELIANCE Weight,TCS Weight,TATACONSUM Weight,TATASTEEL Weight,TECHM Weight,TITAN Weight,UPL Weight,WIPRO Weight
0,0.15739126900937492,0.6283897256304074,0.2348162265482304,1.1394496636488436,5.147902522817272,2.6426194858370047,5.147902522817272,3.1436760932330574,7.6531855597975404,3.6447327006291106,2.141562878440951,5.648959130213325,6.150015737609379,3.1436760932330574,2.6426194858370047,7.6531855597975404,1.6405062710448972,7.6531855597975404,7.152128952401486,2.6426194858370047,2.141562878440951,7.6531855597975404,1.1394496636488436,3.1436760932330574,6.150015737609379,0.6383930562527901,4.145789308025165
