,Returns,Semi Deviation,Sortino Ratio,ADANIPORTS Weight,ASIANPAINT Weight,BAJFINANCE Weight,BAJAJFINSV Weight,BRITANNIA Weight,DIVISLAB Weight,GRASIM Weight,HCLTECH Weight,HDFCBANK Weight,HINDALCO Weight,HINDUNILVR Weight,ICICIBANK Weight,INFY Weight,JSWSTEEL Weight,NESTLEIND Weight,POWERGRID Weight,RELIANCE Weight,TCS Weight,TATACONSUM Weight,TATASTEEL Weight,TECHM Weight,TITAN Weight,UPL Weight,WIPRO Weight
0,0.11583884775362113,0.6874870897498713,0.15419007061939688,3.4879350353505187,6.362563120924787,2.529725673492429,6.8416678018538315,1.5715163116343391,6.8416678018538315,5.883458439995743,1.5715163116343391,7.320772482782878,0.6133069497762499,5.404353759066698,3.4879350353505187,7.320772482782878,0.6133069497762499,7.320772482782878,3.0088303544214736,4.4461443972086085,4.4461443972086085,5.883458439995743,2.0506209925633847,3.0088303544214736,6.8416678018538315,0.6133069497762499,2.529725673492429
