,Returns,Semi Deviation,Sortino Ratio,ADANIPORTS Weight,ASIANPAINT Weight,BAJFINANCE Weight,BAJAJFINSV Weight,BRITANNIA Weight,DIVISLAB Weight,GRASIM Weight,HCLTECH Weight,HDFCBANK Weight,HINDALCO Weight,HINDUNILVR Weight,ICICIBANK Weight,INFY Weight,JSWSTEEL Weight,NESTLEIND Weight,POWERGRID Weight,RELIANCE Weight,TCS Weight,TATACONSUM Weight,TATASTEEL Weight,TECHM Weight,TITAN Weight,UPL Weight,WIPRO Weight
0,0.2556353907212542,0.5631113022153851,0.43650380469911604,1.0640252676376285,4.342287877932462,4.81061110797458,4.81061110797458,2.9373181878061043,3.873964647890342,2.4689949577639854,2.0006717277218664,4.342287877932462,5.278934338016699,5.747257568058817,3.873964647890342,4.342287877932462,3.405641417848223,7.152227258185176,2.4689949577639854,4.342287877932462,2.9373181878061043,6.683904028143055,2.9373181878061043,2.0006717277218664,6.683904028143055,4.81061110797458,6.683904028143055
