,Returns,Semi Deviation,Sortino Ratio,ADANIPORTS Weight,ASIANPAINT Weight,BAJFINANCE Weight,BAJAJFINSV Weight,BRITANNIA Weight,DIVISLAB Weight,GRASIM Weight,HCLTECH Weight,HDFCBANK Weight,HINDALCO Weight,HINDUNILVR Weight,ICICIBANK Weight,INFY Weight,JSWSTEEL Weight,NESTLEIND Weight,POWERGRID Weight,RELIANCE Weight,TCS Weight,TATACONSUM Weight,TATASTEEL Weight,TECHM Weight,TITAN Weight,UPL Weight,WIPRO Weight
0,0.1702938773409821,0.4175960697125379,0.38424382829147036,6.9659509333823175,3.81675613332721,5.916219333363948,4.341621933336395,2.7670245333088417,5.916219333363948,2.7670245333088417,6.441085133373132,1.192427133281288,0.6675613332721032,8.015682533400687,2.7670245333088417,8.015682533400687,1.717292933290472,2.7670245333088417,1.192427133281288,8.015682533400687,7.490816733391502,6.9659509333823175,1.192427133281288,1.192427133281288,5.916219333363948,3.291890333318025,0.6675613332721032
