,Returns,Semi Deviation,Sortino Ratio,ADANIPORTS Weight,ASIANPAINT Weight,BAJFINANCE Weight,BAJAJFINSV Weight,BRITANNIA Weight,DIVISLAB Weight,GRASIM Weight,HCLTECH Weight,HDFCBANK Weight,HINDALCO Weight,HINDUNILVR Weight,ICICIBANK Weight,INFY Weight,JSWSTEEL Weight,NESTLEIND Weight,POWERGRID Weight,RELIANCE Weight,TCS Weight,TATACONSUM Weight,TATASTEEL Weight,TECHM Weight,TITAN Weight,UPL Weight,WIPRO Weight
0,0.14865370509313452,0.7096576596841058,0.1956133895881048,8.054821616351623,8.054821616351623,2.255539657499484,2.255539657499484,0.673917305085264,5.418784362327924,0.673917305085264,3.8371620099137034,8.054821616351623,3.309954559108963,7.527614165546883,3.8371620099137034,0.673917305085264,1.201124755890004,7.527614165546883,3.8371620099137034,8.054821616351623,1.7283322066947437,8.054821616351623,2.255539657499484,4.364369460718443,5.418784362327924,1.201124755890004,1.7283322066947437
