,Returns,Semi Deviation,Sortino Ratio,ADANIPORTS Weight,ASIANPAINT Weight,BAJFINANCE Weight,BAJAJFINSV Weight,BRITANNIA Weight,DIVISLAB Weight,GRASIM Weight,HCLTECH Weight,HDFCBANK Weight,HINDALCO Weight,HINDUNILVR Weight,ICICIBANK Weight,INFY Weight,JSWSTEEL Weight,NESTLEIND Weight,POWERGRID Weight,RELIANCE Weight,TCS Weight,TATACONSUM Weight,TATASTEEL Weight,TECHM Weight,TITAN Weight,UPL Weight,WIPRO Weight
0,0.22406865793135047,0.2604307814433422,0.8226120273067378,4.458311436376739,5.5351536629985425,3.9198903230658373,2.8430480964440346,1.7662058698222312,7.688838116242149,1.7662058698222312,8.227259229553049,3.3814692097549357,2.304626983133133,0.689363643200428,4.996732549687641,3.9198903230658373,1.7662058698222312,5.5351536629985425,4.458311436376739,8.227259229553049,4.996732549687641,7.688838116242149,2.304626983133133,1.7662058698222312,4.458311436376739,2.8430480964440346,4.458311436376739
