,Returns,Semi Deviation,Sortino Ratio,ADANIPORTS Weight,ASIANPAINT Weight,BAJFINANCE Weight,BAJAJFINSV Weight,BRITANNIA Weight,DIVISLAB Weight,GRASIM Weight,HCLTECH Weight,HDFCBANK Weight,HINDALCO Weight,HINDUNILVR Weight,ICICIBANK Weight,INFY Weight,JSWSTEEL Weight,NESTLEIND Weight,POWERGRID Weight,RELIANCE Weight,TCS Weight,TATACONSUM Weight,TATASTEEL Weight,TECHM Weight,TITAN Weight,UPL Weight,WIPRO Weight
0,0.2688845774642198,0.5285277523438164,0.4901339834668489,1.52255367777683,6.8664451921647105,1.52255367777683,4.19449943497077,4.862485874269254,8.870404510060164,4.862485874269254,3.5265129956722845,0.854567238478345,2.8585265563738,10.206377388657135,2.1905401170753147,0.854567238478345,2.8585265563738,2.8585265563738,4.19449943497077,8.202418070761679,3.5265129956722845,6.8664451921647105,3.5265129956722845,0.854567238478345,7.534431631463195,2.1905401170753147,4.19449943497077
