,Returns,Semi Deviation,Sortino Ratio,ADANIPORTS Weight,ASIANPAINT Weight,BAJFINANCE Weight,BAJAJFINSV Weight,BRITANNIA Weight,DIVISLAB Weight,GRASIM Weight,HCLTECH Weight,HDFCBANK Weight,HINDALCO Weight,HINDUNILVR Weight,ICICIBANK Weight,INFY Weight,JSWSTEEL Weight,NESTLEIND Weight,POWERGRID Weight,RELIANCE Weight,TCS Weight,TATACONSUM Weight,TATASTEEL Weight,TECHM Weight,TITAN Weight,UPL Weight,WIPRO Weight
0,0.14038982901228347,0.6365935644034776,0.2050832296733244,1.3149137680053689,4.190630976739451,7.64149162722035,0.7397703262585523,3.615487534992634,7.64149162722035,3.0403440932458183,7.64149162722035,4.190630976739451,1.8900572097521853,7.64149162722035,0.7397703262585523,3.0403440932458183,1.8900572097521853,7.64149162722035,7.066348185473534,1.8900572097521853,8.216635068967166,7.066348185473534,5.916061301979901,1.8900572097521853,3.0403440932458183,0.7397703262585523,1.3149137680053689
