,Returns,Semi Deviation,Sortino Ratio,ADANIPORTS Weight,ASIANPAINT Weight,BAJFINANCE Weight,BAJAJFINSV Weight,BRITANNIA Weight,DIVISLAB Weight,GRASIM Weight,HCLTECH Weight,HDFCBANK Weight,HINDALCO Weight,HINDUNILVR Weight,ICICIBANK Weight,INFY Weight,JSWSTEEL Weight,NESTLEIND Weight,POWERGRID Weight,RELIANCE Weight,TCS Weight,TATACONSUM Weight,TATASTEEL Weight,TECHM Weight,TITAN Weight,UPL Weight,WIPRO Weight
0,0.06351493809834101,0.421798555692188,0.1272640044371076,1.1236188578050441,7.538692617026845,1.6170860700528744,1.1236188578050441,2.6040204945485366,3.0974877067963664,5.56482376803552,7.045225404779012,5.56482376803552,1.6170860700528744,2.110553282300706,4.084422131292027,1.1236188578050441,1.6170860700528744,7.538692617026845,5.56482376803552,7.045225404779012,7.045225404779012,6.551758192531182,2.6040204945485366,1.6170860700528744,7.538692617026845,2.110553282300706,6.551758192531182
