,Returns,Semi Deviation,Sortino Ratio,ADANIPORTS Weight,ASIANPAINT Weight,BAJFINANCE Weight,BAJAJFINSV Weight,BRITANNIA Weight,DIVISLAB Weight,GRASIM Weight,HCLTECH Weight,HDFCBANK Weight,HINDALCO Weight,HINDUNILVR Weight,ICICIBANK Weight,INFY Weight,JSWSTEEL Weight,NESTLEIND Weight,POWERGRID Weight,RELIANCE Weight,TCS Weight,TATACONSUM Weight,TATASTEEL Weight,TECHM Weight,TITAN Weight,UPL Weight,WIPRO Weight
0,0.19801165823619551,0.6384323719855342,0.29474773156599027,8.650370834721038,4.119469780687147,5.252195044195621,3.553107148932911,2.9867445171786757,3.553107148932911,0.7212939901617305,8.0840082029668,3.553107148932911,1.2876566219159669,8.0840082029668,8.0840082029668,5.252195044195621,1.8540192536702027,2.9867445171786757,4.119469780687147,5.252195044195621,3.553107148932911,6.95128293945833,4.119469780687147,0.7212939901617305,2.9867445171786757,1.2876566219159669,2.9867445171786757
