,Returns,Semi Deviation,Sortino Ratio,ADANIPORTS Weight,ASIANPAINT Weight,BAJFINANCE Weight,BAJAJFINSV Weight,BRITANNIA Weight,DIVISLAB Weight,GRASIM Weight,HCLTECH Weight,HDFCBANK Weight,HINDALCO Weight,HINDUNILVR Weight,ICICIBANK Weight,INFY Weight,JSWSTEEL Weight,NESTLEIND Weight,POWERGRID Weight,RELIANCE Weight,TCS Weight,TATACONSUM Weight,TATASTEEL Weight,TECHM Weight,TITAN Weight,UPL Weight,WIPRO Weight
0,0.2766529145212809,0.5373790817639977,0.4965168141831303,4.587013834004906,9.000659091056406,4.587013834004906,3.9564930829975475,3.9564930829975475,5.84805533601962,0.803889327960762,5.84805533601962,0.803889327960762,1.4344100789681191,2.0649308299754763,0.803889327960762,9.000659091056406,4.587013834004906,5.84805533601962,2.6954515809828337,5.84805533601962,7.739617589041689,4.587013834004906,0.803889327960762,2.6954515809828337,6.478576087026977,4.587013834004906,1.4344100789681191
