,Returns,Semi Deviation,Sortino Ratio,ADANIPORTS Weight,ASIANPAINT Weight,BAJFINANCE Weight,BAJAJFINSV Weight,BRITANNIA Weight,DIVISLAB Weight,GRASIM Weight,HCLTECH Weight,HDFCBANK Weight,HINDALCO Weight,HINDUNILVR Weight,ICICIBANK Weight,INFY Weight,JSWSTEEL Weight,NESTLEIND Weight,POWERGRID Weight,RELIANCE Weight,TCS Weight,TATACONSUM Weight,TATASTEEL Weight,TECHM Weight,TITAN Weight,UPL Weight,WIPRO Weight
0,0.16652965786550067,0.6993630172024106,0.22405315862589442,0.7412669590630551,7.109615711227516,8.84643809818146,4.793852528622258,1.8991485503656844,5.951734119924888,1.3202077547143698,0.7412669590630551,5.951734119924888,4.214911732970943,4.793852528622258,5.372793324273573,6.530674915576203,4.214911732970943,7.6885565068788315,2.4780893460169993,6.530674915576203,4.793852528622258,7.6885565068788315,1.8991485503656844,0.7412669590630551,4.214911732970943,0.7412669590630551,0.7412669590630551
