,Returns,Semi Deviation,Sortino Ratio,ADANIPORTS Weight,ASIANPAINT Weight,BAJFINANCE Weight,BAJAJFINSV Weight,BRITANNIA Weight,DIVISLAB Weight,GRASIM Weight,HCLTECH Weight,HDFCBANK Weight,HINDALCO Weight,HINDUNILVR Weight,ICICIBANK Weight,INFY Weight,JSWSTEEL Weight,NESTLEIND Weight,POWERGRID Weight,RELIANCE Weight,TCS Weight,TATACONSUM Weight,TATASTEEL Weight,TECHM Weight,TITAN Weight,UPL Weight,WIPRO Weight
0,0.1244362618008795,0.6143494002077641,0.1865405857431589,3.347573947314812,7.7865280392861544,0.8110287519026158,8.420664338139202,6.518255441580058,5.884119142727008,2.079301349608714,1.445165050755665,7.7865280392861544,1.445165050755665,7.1523917404331065,0.8110287519026158,3.347573947314812,3.347573947314812,6.518255441580058,5.884119142727008,4.61584654502091,7.1523917404331065,3.347573947314812,2.079301349608714,0.8110287519026158,3.9817102461678604,1.445165050755665,3.9817102461678604
