,Returns,Semi Deviation,Sortino Ratio,ADANIPORTS Weight,ASIANPAINT Weight,BAJFINANCE Weight,BAJAJFINSV Weight,BRITANNIA Weight,DIVISLAB Weight,GRASIM Weight,HCLTECH Weight,HDFCBANK Weight,HINDALCO Weight,HINDUNILVR Weight,ICICIBANK Weight,INFY Weight,JSWSTEEL Weight,NESTLEIND Weight,POWERGRID Weight,RELIANCE Weight,TCS Weight,TATACONSUM Weight,TATASTEEL Weight,TECHM Weight,TITAN Weight,UPL Weight,WIPRO Weight
0,0.15628258909812504,0.42713302016484145,0.3428613976190425,1.26587784423953,8.506246745017663,2.936732205957561,1.26587784423953,8.506246745017663,4.050635113769582,1.26587784423953,6.278440929393622,0.7089263903335198,1.26587784423953,5.721489475487612,0.7089263903335198,6.835392383299631,2.37978075205155,3.4936836598635708,7.392343837205642,7.392343837205642,3.4936836598635708,4.607586567675591,8.506246745017663,3.4936836598635708,4.050635113769582,1.82282929814554,4.050635113769582
