,Returns,Semi Deviation,Sortino Ratio,ADANIPORTS Weight,ASIANPAINT Weight,BAJFINANCE Weight,BAJAJFINSV Weight,BRITANNIA Weight,DIVISLAB Weight,GRASIM Weight,HCLTECH Weight,HDFCBANK Weight,HINDALCO Weight,HINDUNILVR Weight,ICICIBANK Weight,INFY Weight,JSWSTEEL Weight,NESTLEIND Weight,POWERGRID Weight,RELIANCE Weight,TCS Weight,TATACONSUM Weight,TATASTEEL Weight,TECHM Weight,TITAN Weight,UPL Weight,WIPRO Weight
0,0.060768887795083854,0.7169555468579543,0.07104167501476935,1.4620067260168619,3.3900811391533567,2.747389668107858,7.8889214364718425,1.4620067260168619,8.53161290751734,0.8193152549713638,4.032772610198854,8.53161290751734,2.1046981970623597,6.603538494380847,3.3900811391533567,0.8193152549713638,1.4620067260168619,7.8889214364718425,5.960847023335349,2.747389668107858,0.8193152549713638,2.747389668107858,7.8889214364718425,7.8889214364718425,5.960847023335349,1.4620067260168619,3.3900811391533567
