,Returns,Semi Deviation,Sortino Ratio,ADANIPORTS Weight,ASIANPAINT Weight,BAJFINANCE Weight,BAJAJFINSV Weight,BRITANNIA Weight,DIVISLAB Weight,GRASIM Weight,HCLTECH Weight,HDFCBANK Weight,HINDALCO Weight,HINDUNILVR Weight,ICICIBANK Weight,INFY Weight,JSWSTEEL Weight,NESTLEIND Weight,POWERGRID Weight,RELIANCE Weight,TCS Weight,TATACONSUM Weight,TATASTEEL Weight,TECHM Weight,TITAN Weight,UPL Weight,WIPRO Weight
0,0.21248775435014272,0.5022939865688751,0.40345414226293935,1.9649539788492199,4.721881170551068,4.721881170551068,6.559832631685629,6.100344766401989,5.181369035834708,0.586490382998297,7.019320496969271,1.045978248281938,3.8029054399837845,6.559832631685629,2.883929709416502,2.4244418441328612,3.8029054399837845,5.640856901118347,2.883929709416502,3.8029054399837845,7.019320496969271,3.8029054399837845,7.019320496969271,1.045978248281938,7.019320496969271,1.045978248281938,3.343417574700143
