,Returns,Semi Deviation,Sortino Ratio,ADANIPORTS Weight,ASIANPAINT Weight,BAJFINANCE Weight,BAJAJFINSV Weight,BRITANNIA Weight,DIVISLAB Weight,GRASIM Weight,HCLTECH Weight,HDFCBANK Weight,HINDALCO Weight,HINDUNILVR Weight,ICICIBANK Weight,INFY Weight,JSWSTEEL Weight,NESTLEIND Weight,POWERGRID Weight,RELIANCE Weight,TCS Weight,TATACONSUM Weight,TATASTEEL Weight,TECHM Weight,TITAN Weight,UPL Weight,WIPRO Weight
0,0.06587985315192531,0.62891843779597,0.08911280851165339,1.3365058775781167,3.6787079099272613,4.264258418014548,7.777561466538264,5.435359434189121,1.922056385665403,0.7509553694908305,1.922056385665403,5.435359434189121,0.7509553694908305,8.36311197462555,3.0931574018399757,1.3365058775781167,0.7509553694908305,7.777561466538264,0.7509553694908305,8.36311197462555,8.948662482712837,7.192010958450979,2.507606893752689,8.36311197462555,1.922056385665403,1.922056385665403,5.435359434189121
