,Returns,Semi Deviation,Sortino Ratio,ADANIPORTS Weight,ASIANPAINT Weight,BAJFINANCE Weight,BAJAJFINSV Weight,BRITANNIA Weight,DIVISLAB Weight,GRASIM Weight,HCLTECH Weight,HDFCBANK Weight,HINDALCO Weight,HINDUNILVR Weight,ICICIBANK Weight,INFY Weight,JSWSTEEL Weight,NESTLEIND Weight,POWERGRID Weight,RELIANCE Weight,TCS Weight,TATACONSUM Weight,TATASTEEL Weight,TECHM Weight,TITAN Weight,UPL Weight,WIPRO Weight
0,0.1821996574387125,0.3066425839384128,0.5621022703036117,0.7287479316717806,1.3017343875042617,3.593680210834186,3.0206937550017052,5.3126395783316305,4.166666666666666,2.447707299169224,3.593680210834186,4.166666666666666,1.3017343875042617,7.031598945829072,0.7287479316717806,0.7287479316717806,8.177571857494033,7.031598945829072,3.593680210834186,6.458612489996591,3.593680210834186,8.177571857494033,0.7287479316717806,7.031598945829072,7.604585401661554,3.593680210834186,5.885626034164112
