,Returns,Semi Deviation,Sortino Ratio,ADANIPORTS Weight,ASIANPAINT Weight,BAJFINANCE Weight,BAJAJFINSV Weight,BRITANNIA Weight,DIVISLAB Weight,GRASIM Weight,HCLTECH Weight,HDFCBANK Weight,HINDALCO Weight,HINDUNILVR Weight,ICICIBANK Weight,INFY Weight,JSWSTEEL Weight,NESTLEIND Weight,POWERGRID Weight,RELIANCE Weight,TCS Weight,TATACONSUM Weight,TATASTEEL Weight,TECHM Weight,TITAN Weight,UPL Weight,WIPRO Weight
0,0.364400251015058,0.5567548832850985,0.636842346290352,1.287442654855465,6.951489891205369,1.853847378490455,2.9866568257604365,3.553061549395427,3.553061549395427,0.7210379312204744,6.951489891205369,8.08429933847535,5.8186804439353885,3.553061549395427,1.853847378490455,1.287442654855465,1.853847378490455,8.650704062110341,0.7210379312204744,5.8186804439353885,1.853847378490455,6.951489891205369,5.8186804439353885,1.853847378490455,8.08429933847535,5.8186804439353885,4.119466273030416
