,Returns,Semi Deviation,Sortino Ratio,ADANIPORTS Weight,ASIANPAINT Weight,BAJFINANCE Weight,BAJAJFINSV Weight,BRITANNIA Weight,DIVISLAB Weight,GRASIM Weight,HCLTECH Weight,HDFCBANK Weight,HINDALCO Weight,HINDUNILVR Weight,ICICIBANK Weight,INFY Weight,JSWSTEEL Weight,NESTLEIND Weight,POWERGRID Weight,RELIANCE Weight,TCS Weight,TATACONSUM Weight,TATASTEEL Weight,TECHM Weight,TITAN Weight,UPL Weight,WIPRO Weight
0,0.14356390347063874,0.6542570537996661,0.20439785533656887,2.8197348491682614,2.1600131426384293,10.07667362099641,0.8405697295787671,6.778065088347251,8.097508501406914,0.8405697295787671,10.07667362099641,10.07667362099641,1.5002914361085984,8.757230207936745,4.139178262227924,0.8405697295787671,0.8405697295787671,1.5002914361085984,1.5002914361085984,2.8197348491682614,2.1600131426384293,1.5002914361085984,2.8197348491682614,4.798899968757755,10.07667362099641,0.8405697295787671,4.139178262227924
