,Returns,Semi Deviation,Sortino Ratio,ADANIPORTS Weight,ASIANPAINT Weight,BAJFINANCE Weight,BAJAJFINSV Weight,BRITANNIA Weight,DIVISLAB Weight,GRASIM Weight,HCLTECH Weight,HDFCBANK Weight,HINDALCO Weight,HINDUNILVR Weight,ICICIBANK Weight,INFY Weight,JSWSTEEL Weight,NESTLEIND Weight,POWERGRID Weight,RELIANCE Weight,TCS Weight,TATACONSUM Weight,TATASTEEL Weight,TECHM Weight,TITAN Weight,UPL Weight,WIPRO Weight
0,0.23264555934538114,0.3883538696535712,0.5737303318465012,2.857222987404236,5.024578042735156,2.3153842235715056,1.7735454597387752,3.3990617512369656,8.275610625731538,1.7735454597387752,7.733771861898806,5.5664168065678865,2.3153842235715056,1.7735454597387752,1.2317066959060452,8.275610625731538,3.9409005150696954,2.857222987404236,2.3153842235715056,5.5664168065678865,1.2317066959060452,4.482739278902425,8.275610625731538,7.191933098066075,6.108255570400616,0.689867932073315,5.024578042735156
