,Returns,Semi Deviation,Sortino Ratio,ADANIPORTS Weight,ASIANPAINT Weight,BAJFINANCE Weight,BAJAJFINSV Weight,BRITANNIA Weight,DIVISLAB Weight,GRASIM Weight,HCLTECH Weight,HDFCBANK Weight,HINDALCO Weight,HINDUNILVR Weight,ICICIBANK Weight,INFY Weight,JSWSTEEL Weight,NESTLEIND Weight,POWERGRID Weight,RELIANCE Weight,TCS Weight,TATACONSUM Weight,TATASTEEL Weight,TECHM Weight,TITAN Weight,UPL Weight,WIPRO Weight
0,0.17754161694686602,0.7199909282233977,0.23292856276053725,7.466867408072179,2.5776811245084588,7.466867408072179,4.533355637933947,6.000111523003063,6.000111523003063,1.5998438677957134,6.977948779715808,1.1109252394393416,4.044437009577575,5.511192894646692,6.489030151359436,2.088762496152086,3.0665997528648297,7.466867408072179,3.5555183812212023,7.466867408072179,1.5998438677957134,1.1109252394393416,0.6220066110829695,1.1109252394393416,7.466867408072179,0.6220066110829695,4.044437009577575
