,Returns,Semi Deviation,Sortino Ratio,ADANIPORTS Weight,ASIANPAINT Weight,BAJFINANCE Weight,BAJAJFINSV Weight,BRITANNIA Weight,DIVISLAB Weight,GRASIM Weight,HCLTECH Weight,HDFCBANK Weight,HINDALCO Weight,HINDUNILVR Weight,ICICIBANK Weight,INFY Weight,JSWSTEEL Weight,NESTLEIND Weight,POWERGRID Weight,RELIANCE Weight,TCS Weight,TATACONSUM Weight,TATASTEEL Weight,TECHM Weight,TITAN Weight,UPL Weight,WIPRO Weight
0,0.2144546026888302,0.3221663199101662,0.6351360313229578,3.399377554190977,7.190688462894383,5.024225086492437,1.2329141777890307,6.6490726187938956,6.6490726187938956,0.6912983336885442,2.857761710090491,1.2329141777890307,1.2329141777890307,5.565840930592923,0.6912983336885442,2.857761710090491,3.940993398291463,6.6490726187938956,6.6490726187938956,1.2329141777890307,7.732304306994868,5.024225086492437,2.316145865990004,6.6490726187938956,5.565840930592923,1.2329141777890307,7.732304306994868
