,Returns,Semi Deviation,Sortino Ratio,ADANIPORTS Weight,ASIANPAINT Weight,BAJFINANCE Weight,BAJAJFINSV Weight,BRITANNIA Weight,DIVISLAB Weight,GRASIM Weight,HCLTECH Weight,HDFCBANK Weight,HINDALCO Weight,HINDUNILVR Weight,ICICIBANK Weight,INFY Weight,JSWSTEEL Weight,NESTLEIND Weight,POWERGRID Weight,RELIANCE Weight,TCS Weight,TATACONSUM Weight,TATASTEEL Weight,TECHM Weight,TITAN Weight,UPL Weight,WIPRO Weight
0,0.12883830488555936,0.7176941526367737,0.16581316653226547,0.8453880817774317,2.1738995157331256,5.495178100622361,2.8381552327109727,3.5024109496888203,5.495178100622361,0.8453880817774317,2.1738995157331256,5.495178100622361,2.8381552327109727,4.830922383644514,2.1738995157331256,4.166666666666666,3.5024109496888203,0.8453880817774317,6.823689534578056,5.495178100622361,8.152200968533748,9.480712402489445,4.166666666666666,6.159433817600209,5.495178100622361,2.8381552327109727,4.166666666666666
