,Returns,Semi Deviation,Sortino Ratio,ADANIPORTS Weight,ASIANPAINT Weight,BAJFINANCE Weight,BAJAJFINSV Weight,BRITANNIA Weight,DIVISLAB Weight,GRASIM Weight,HCLTECH Weight,HDFCBANK Weight,HINDALCO Weight,HINDUNILVR Weight,ICICIBANK Weight,INFY Weight,JSWSTEEL Weight,NESTLEIND Weight,POWERGRID Weight,RELIANCE Weight,TCS Weight,TATACONSUM Weight,TATASTEEL Weight,TECHM Weight,TITAN Weight,UPL Weight,WIPRO Weight
0,0.1951825923972429,0.6934053666484519,0.26730024957543624,4.507213361023752,3.9623386500524145,2.872589228109741,8.32133633782311,4.507213361023752,8.32133633782311,1.237965095195729,5.596962782966426,5.596962782966426,3.417463939081077,0.6930903842243921,1.237965095195729,1.237965095195729,1.237965095195729,6.1418374939377625,5.0520880719950885,7.2315869158804365,4.507213361023752,5.596962782966426,3.417463939081077,7.2315869158804365,5.596962782966426,1.237965095195729,1.237965095195729
