,Returns,Semi Deviation,Sortino Ratio,ADANIPORTS Weight,ASIANPAINT Weight,BAJFINANCE Weight,BAJAJFINSV Weight,BRITANNIA Weight,DIVISLAB Weight,GRASIM Weight,HCLTECH Weight,HDFCBANK Weight,HINDALCO Weight,HINDUNILVR Weight,ICICIBANK Weight,INFY Weight,JSWSTEEL Weight,NESTLEIND Weight,POWERGRID Weight,RELIANCE Weight,TCS Weight,TATACONSUM Weight,TATASTEEL Weight,TECHM Weight,TITAN Weight,UPL Weight,WIPRO Weight
0,0.23626269343622464,0.4666734148089847,0.48519483093704713,3.615113238573705,4.766181262419888,1.312977190881339,2.464045214727522,3.039579226650614,8.794919345881528,1.8885112028044302,5.917249286266071,3.039579226650614,1.312977190881339,8.219385333958435,0.7374431789582473,4.766181262419888,3.615113238573705,4.766181262419888,7.643851322035344,8.219385333958435,7.068317310112253,7.643851322035344,1.8885112028044302,1.8885112028044302,3.615113238573705,3.039579226650614,0.7374431789582473
