,Returns,Semi Deviation,Sortino Ratio,ADANIPORTS Weight,ASIANPAINT Weight,BAJFINANCE Weight,BAJAJFINSV Weight,BRITANNIA Weight,DIVISLAB Weight,GRASIM Weight,HCLTECH Weight,HDFCBANK Weight,HINDALCO Weight,HINDUNILVR Weight,ICICIBANK Weight,INFY Weight,JSWSTEEL Weight,NESTLEIND Weight,POWERGRID Weight,RELIANCE Weight,TCS Weight,TATACONSUM Weight,TATASTEEL Weight,TECHM Weight,TITAN Weight,UPL Weight,WIPRO Weight
0,0.2563827863753322,0.22794997815838713,1.0815865109180136,0.6222841649406192,1.111164510006281,2.5778055452032658,6.488848305728559,6.488848305728559,7.466608995859882,0.6222841649406192,6.488848305728559,5.999967960662897,2.5778055452032658,2.5778055452032658,3.0666858902689276,6.977728650794219,0.6222841649406192,7.466608995859882,3.55556623533459,6.488848305728559,2.5778055452032658,4.5333269254659125,4.044446580400251,5.022207270531575,5.999967960662897,1.6000448550719422,5.022207270531575
