,Returns,Semi Deviation,Sortino Ratio,ADANIPORTS Weight,ASIANPAINT Weight,BAJFINANCE Weight,BAJAJFINSV Weight,BRITANNIA Weight,DIVISLAB Weight,GRASIM Weight,HCLTECH Weight,HDFCBANK Weight,HINDALCO Weight,HINDUNILVR Weight,ICICIBANK Weight,INFY Weight,JSWSTEEL Weight,NESTLEIND Weight,POWERGRID Weight,RELIANCE Weight,TCS Weight,TATACONSUM Weight,TATASTEEL Weight,TECHM Weight,TITAN Weight,UPL Weight,WIPRO Weight
0,0.2778268067789581,0.6441276941212213,0.41605359370460276,9.170421223795005,6.7686190363734005,3.165915755240999,4.9672673958072,1.965014661530198,9.170421223795005,0.7641135678193974,8.569970676939603,1.364564114674798,3.7663663020963996,4.3668168489518004,3.165915755240999,0.7641135678193974,5.567717942662601,1.965014661530198,0.7641135678193974,8.569970676939603,7.369069583228803,1.364564114674798,4.3668168489518004,1.965014661530198,7.969520130084204,0.7641135678193974,1.364564114674798
