,Returns,Semi Deviation,Sortino Ratio,ADANIPORTS Weight,ASIANPAINT Weight,BAJFINANCE Weight,BAJAJFINSV Weight,BRITANNIA Weight,DIVISLAB Weight,GRASIM Weight,HCLTECH Weight,HDFCBANK Weight,HINDALCO Weight,HINDUNILVR Weight,ICICIBANK Weight,INFY Weight,JSWSTEEL Weight,NESTLEIND Weight,POWERGRID Weight,RELIANCE Weight,TCS Weight,TATACONSUM Weight,TATASTEEL Weight,TECHM Weight,TITAN Weight,UPL Weight,WIPRO Weight
0,0.22108470289059245,0.5719131647947873,0.36937344873190275,5.11907760757074,4.501297537795124,0.7946171191414301,6.972417816897587,8.207977956448822,5.11907760757074,2.6479573284682774,2.6479573284682774,3.265737398243893,1.412397188917046,6.3546377471219735,2.6479573284682774,1.412397188917046,1.412397188917046,2.030177258692661,5.736857677346356,5.736857677346356,8.825758026224435,8.825758026224435,1.412397188917046,0.7946171191414301,9.44353809600005,0.7946171191414301,3.8835174680195097
