,Returns,Semi Deviation,Sortino Ratio,ADANIPORTS Weight,ASIANPAINT Weight,BAJFINANCE Weight,BAJAJFINSV Weight,BRITANNIA Weight,DIVISLAB Weight,GRASIM Weight,HCLTECH Weight,HDFCBANK Weight,HINDALCO Weight,HINDUNILVR Weight,ICICIBANK Weight,INFY Weight,JSWSTEEL Weight,NESTLEIND Weight,POWERGRID Weight,RELIANCE Weight,TCS Weight,TATACONSUM Weight,TATASTEEL Weight,TECHM Weight,TITAN Weight,UPL Weight,WIPRO Weight
0,-0.032859602917248126,0.552471920381893,-0.07727952530673497,1.6823925018018735,4.766319051289203,2.1963802600497617,3.7383435347934273,6.822270084280755,7.336257842528643,7.336257842528643,1.6823925018018735,5.794294567784981,2.1963802600497617,5.280306809537093,1.6823925018018735,4.2523312930413155,3.7383435347934273,7.336257842528643,1.6823925018018735,4.766319051289203,5.794294567784981,6.822270084280755,3.2243557765455377,1.1684047435539853,3.7383435347934273,0.6544169853060969,6.3082823260328675
