,Returns,Semi Deviation,Sortino Ratio,ADANIPORTS Weight,ASIANPAINT Weight,BAJFINANCE Weight,BAJAJFINSV Weight,BRITANNIA Weight,DIVISLAB Weight,GRASIM Weight,HCLTECH Weight,HDFCBANK Weight,HINDALCO Weight,HINDUNILVR Weight,ICICIBANK Weight,INFY Weight,JSWSTEEL Weight,NESTLEIND Weight,POWERGRID Weight,RELIANCE Weight,TCS Weight,TATACONSUM Weight,TATASTEEL Weight,TECHM Weight,TITAN Weight,UPL Weight,WIPRO Weight
0,-0.040015312362223165,0.7554298889492305,-0.06598954837056793,2.3537070239410363,5.107569772385031,4.006024673007434,7.861432520829026,0.7013893748746395,5.107569772385031,0.7013893748746395,7.310659971140226,5.107569772385031,2.9044795736298354,7.861432520829026,1.8029344742522373,3.455252123318634,2.9044795736298354,5.107569772385031,2.9044795736298354,7.861432520829026,1.2521619245634386,8.412205070517825,4.006024673007434,0.7013893748746395,5.65834232207383,3.455252123318634,3.455252123318634
