,Returns,Semi Deviation,Sortino Ratio,ADANIPORTS Weight,ASIANPAINT Weight,BAJFINANCE Weight,BAJAJFINSV Weight,BRITANNIA Weight,DIVISLAB Weight,GRASIM Weight,HCLTECH Weight,HDFCBANK Weight,HINDALCO Weight,HINDUNILVR Weight,ICICIBANK Weight,INFY Weight,JSWSTEEL Weight,NESTLEIND Weight,POWERGRID Weight,RELIANCE Weight,TCS Weight,TATACONSUM Weight,TATASTEEL Weight,TECHM Weight,TITAN Weight,UPL Weight,WIPRO Weight
0,-0.010585351275369718,0.5816305370652376,-0.035109085251217,1.2122553065318933,7.076650788303172,0.6791284445526858,8.142904512261588,3.344762754448722,8.142904512261588,2.2785090304903077,2.811635892469515,1.7453821685111004,1.7453821685111004,2.2785090304903077,6.543523926323965,8.142904512261588,1.2122553065318933,3.344762754448722,2.811635892469515,3.344762754448722,6.543523926323965,7.609777650282378,3.344762754448722,5.477270202365552,3.8778896164279293,1.2122553065318933,7.076650788303172
