,Returns,Semi Deviation,Sortino Ratio,ADANIPORTS Weight,ASIANPAINT Weight,BAJFINANCE Weight,BAJAJFINSV Weight,BRITANNIA Weight,DIVISLAB Weight,GRASIM Weight,HCLTECH Weight,HDFCBANK Weight,HINDALCO Weight,HINDUNILVR Weight,ICICIBANK Weight,INFY Weight,JSWSTEEL Weight,NESTLEIND Weight,POWERGRID Weight,RELIANCE Weight,TCS Weight,TATACONSUM Weight,TATASTEEL Weight,TECHM Weight,TITAN Weight,UPL Weight,WIPRO Weight
0,-0.006566744634041007,0.7172086038227324,-0.022869091895695928,2.08897323937665,4.533318447953141,5.511056531383736,5.999925573099034,3.066711322807246,7.466532698244928,3.066711322807246,5.022187489668439,2.5778422810919484,1.1112351559460543,2.5778422810919484,5.511056531383736,7.466532698244928,5.511056531383736,7.466532698244928,5.022187489668439,1.1112351559460543,2.5778422810919484,6.9776636565296295,1.1112351559460543,3.066711322807246,6.488794614814332,0.6223661142307564,4.044449406237843
