,Returns,Semi Deviation,Sortino Ratio,ADANIPORTS Weight,ASIANPAINT Weight,BAJFINANCE Weight,BAJAJFINSV Weight,BRITANNIA Weight,DIVISLAB Weight,GRASIM Weight,HCLTECH Weight,HDFCBANK Weight,HINDALCO Weight,HINDUNILVR Weight,ICICIBANK Weight,INFY Weight,JSWSTEEL Weight,NESTLEIND Weight,POWERGRID Weight,RELIANCE Weight,TCS Weight,TATACONSUM Weight,TATASTEEL Weight,TECHM Weight,TITAN Weight,UPL Weight,WIPRO Weight
0,-0.042906199145226365,0.7498992016876289,-0.07033127100508724,1.0961869267616686,6.394269615225193,4.949337972916959,2.5411185690699023,5.912625734455781,5.912625734455781,0.6145430459922574,2.0594746883004915,2.5411185690699023,2.5411185690699023,7.3575573767640154,4.467694092147547,2.5411185690699023,5.4309818536863705,7.3575573767640154,4.949337972916959,1.0961869267616686,2.5411185690699023,5.912625734455781,6.875913495994604,5.4309818536863705,5.912625734455781,0.6145430459922574,4.949337972916959
