,Returns,Semi Deviation,Sortino Ratio,ADANIPORTS Weight,ASIANPAINT Weight,BAJFINANCE Weight,BAJAJFINSV Weight,BRITANNIA Weight,DIVISLAB Weight,GRASIM Weight,HCLTECH Weight,HDFCBANK Weight,HINDALCO Weight,HINDUNILVR Weight,ICICIBANK Weight,INFY Weight,JSWSTEEL Weight,NESTLEIND Weight,POWERGRID Weight,RELIANCE Weight,TCS Weight,TATACONSUM Weight,TATASTEEL Weight,TECHM Weight,TITAN Weight,UPL Weight,WIPRO Weight
0,-0.0156624001196385,0.8678554175293945,-0.029379968644304425,7.336575291525718,0.6540652174985271,1.682143690425787,3.224261399816677,5.280418345671198,4.766379109207567,3.224261399816677,5.280418345671198,1.682143690425787,0.6540652174985271,7.336575291525718,1.1681044539621572,7.336575291525718,0.6540652174985271,6.822536055062087,6.308496818598458,6.308496818598458,3.7383006362803077,6.822536055062087,4.766379109207567,3.7383006362803077,6.308496818598458,1.1681044539621572,3.7383006362803077
