,Returns,Semi Deviation,Sortino Ratio,ADANIPORTS Weight,ASIANPAINT Weight,BAJFINANCE Weight,BAJAJFINSV Weight,BRITANNIA Weight,DIVISLAB Weight,GRASIM Weight,HCLTECH Weight,HDFCBANK Weight,HINDALCO Weight,HINDUNILVR Weight,ICICIBANK Weight,INFY Weight,JSWSTEEL Weight,NESTLEIND Weight,POWERGRID Weight,RELIANCE Weight,TCS Weight,TATACONSUM Weight,TATASTEEL Weight,TECHM Weight,TITAN Weight,UPL Weight,WIPRO Weight
0,0.001482724865233505,0.8065925293606774,-0.010355216129452196,2.520993137060752,0.7525081500215608,4.878973119779674,6.057963111139135,3.699983128420213,8.415943093858056,1.3420031457012915,6.647458106818865,2.520993137060752,3.699983128420213,6.647458106818865,1.9314981413810213,3.1104881327404827,2.520993137060752,0.7525081500215608,0.7525081500215608,7.236953102498594,4.289478124099944,6.057963111139135,2.520993137060752,7.826448098178325,8.415943093858056,2.520993137060752,4.878973119779674
