,Returns,Semi Deviation,Sortino Ratio,ADANIPORTS Weight,ASIANPAINT Weight,BAJFINANCE Weight,BAJAJFINSV Weight,BRITANNIA Weight,DIVISLAB Weight,GRASIM Weight,HCLTECH Weight,HDFCBANK Weight,HINDALCO Weight,HINDUNILVR Weight,ICICIBANK Weight,INFY Weight,JSWSTEEL Weight,NESTLEIND Weight,POWERGRID Weight,RELIANCE Weight,TCS Weight,TATACONSUM Weight,TATASTEEL Weight,TECHM Weight,TITAN Weight,UPL Weight,WIPRO Weight
0,-0.0767343817724131,0.650608247071837,-0.13305940555963988,1.2181790376149078,3.3625336769252776,8.187331615373612,2.8264450170976856,7.65124295554602,7.115154295718426,1.7542676974425002,6.579065635890833,1.2181790376149078,1.7542676974425002,7.115154295718426,2.8264450170976856,4.434710996580463,3.89862233675287,8.187331615373612,2.8264450170976856,4.434710996580463,6.579065635890833,1.7542676974425002,2.8264450170976856,4.970799656408055,1.7542676974425002,2.8264450170976856,3.89862233675287
