,Returns,Semi Deviation,Sortino Ratio,ADANIPORTS Weight,ASIANPAINT Weight,BAJFINANCE Weight,BAJAJFINSV Weight,BRITANNIA Weight,DIVISLAB Weight,GRASIM Weight,HCLTECH Weight,HDFCBANK Weight,HINDALCO Weight,HINDUNILVR Weight,ICICIBANK Weight,INFY Weight,JSWSTEEL Weight,NESTLEIND Weight,POWERGRID Weight,RELIANCE Weight,TCS Weight,TATACONSUM Weight,TATASTEEL Weight,TECHM Weight,TITAN Weight,UPL Weight,WIPRO Weight
0,0.007463138338216914,0.9108868128800718,-0.002604084792322298,5.163921949815402,2.3808839503305603,4.050706750021464,1.8242763504335926,4.607314349918433,7.946959949300241,1.2676687505366244,4.607314349918433,3.4940991501244967,1.2676687505366244,2.937491550227529,6.277137149609338,7.390352349403272,0.7110611506396564,5.163921949815402,2.937491550227529,3.4940991501244967,2.937491550227529,8.50356754919721,7.946959949300241,6.833744749506303,5.163921949815402,0.7110611506396564,2.3808839503305603
