,Returns,Semi Deviation,Sortino Ratio,ADANIPORTS Weight,ASIANPAINT Weight,BAJFINANCE Weight,BAJAJFINSV Weight,BRITANNIA Weight,DIVISLAB Weight,GRASIM Weight,HCLTECH Weight,HDFCBANK Weight,HINDALCO Weight,HINDUNILVR Weight,ICICIBANK Weight,INFY Weight,JSWSTEEL Weight,NESTLEIND Weight,POWERGRID Weight,RELIANCE Weight,TCS Weight,TATACONSUM Weight,TATASTEEL Weight,TECHM Weight,TITAN Weight,UPL Weight,WIPRO Weight
0,-0.0191990758311416,0.720267455232256,-0.040310360346552256,6.2125714742355,1.656742212020364,5.200164971521027,6.718774725592737,2.1629454633776017,4.693961720163789,1.656742212020364,3.6815552174493136,1.656742212020364,4.693961720163789,7.224977976949976,1.1505389606631267,7.224977976949976,1.656742212020364,7.224977976949976,2.669148714734839,2.669148714734839,7.224977976949976,6.2125714742355,1.1505389606631267,5.706368222878264,6.2125714742355,0.6443357093058893,4.693961720163789
