,Returns,Semi Deviation,Sortino Ratio,ADANIPORTS Weight,ASIANPAINT Weight,BAJFINANCE Weight,BAJAJFINSV Weight,BRITANNIA Weight,DIVISLAB Weight,GRASIM Weight,HCLTECH Weight,HDFCBANK Weight,HINDALCO Weight,HINDUNILVR Weight,ICICIBANK Weight,INFY Weight,JSWSTEEL Weight,NESTLEIND Weight,POWERGRID Weight,RELIANCE Weight,TCS Weight,TATACONSUM Weight,TATASTEEL Weight,TECHM Weight,TITAN Weight,UPL Weight,WIPRO Weight
0,0.006756792801921669,0.594791483163842,-0.005175548272595548,1.2379276450740242,2.3276910019457047,2.8725726803815457,1.782809323509864,2.3276910019457047,6.686744429432428,0.6930459666381836,2.3276910019457047,3.4174543588173854,7.231626107868269,8.321389464739951,2.3276910019457047,4.507217715689067,5.052099394124907,4.507217715689067,1.2379276450740242,5.596981072560748,8.321389464739951,2.8725726803815457,6.686744429432428,1.2379276450740242,6.141862750996588,3.962336037253226,8.321389464739951
