,Returns,Semi Deviation,Sortino Ratio,ADANIPORTS Weight,ASIANPAINT Weight,BAJFINANCE Weight,BAJAJFINSV Weight,BRITANNIA Weight,DIVISLAB Weight,GRASIM Weight,HCLTECH Weight,HDFCBANK Weight,HINDALCO Weight,HINDUNILVR Weight,ICICIBANK Weight,INFY Weight,JSWSTEEL Weight,NESTLEIND Weight,POWERGRID Weight,RELIANCE Weight,TCS Weight,TATACONSUM Weight,TATASTEEL Weight,TECHM Weight,TITAN Weight,UPL Weight,WIPRO Weight
0,0.03833085490565275,0.5662643132813192,0.05032224246194251,2.781846262254983,3.3093968925070523,3.836947522759123,1.199194371498772,2.2542956320029126,7.529801934523614,1.7267450017508421,4.892048783263263,7.002251304271543,1.199194371498772,5.419599413515334,7.002251304271543,7.002251304271543,1.7267450017508421,2.2542956320029126,3.836947522759123,2.2542956320029126,7.002251304271543,7.529801934523614,7.529801934523614,0.671643741246702,3.3093968925070523,0.671643741246702,8.057352564775684
