,Returns,Semi Deviation,Sortino Ratio,ADANIPORTS Weight,ASIANPAINT Weight,BAJFINANCE Weight,BAJAJFINSV Weight,BRITANNIA Weight,DIVISLAB Weight,GRASIM Weight,HCLTECH Weight,HDFCBANK Weight,HINDALCO Weight,HINDUNILVR Weight,ICICIBANK Weight,INFY Weight,JSWSTEEL Weight,NESTLEIND Weight,POWERGRID Weight,RELIANCE Weight,TCS Weight,TATACONSUM Weight,TATASTEEL Weight,TECHM Weight,TITAN Weight,UPL Weight,WIPRO Weight
0,-0.08314696024800164,0.7570684862427968,-0.12281864424792147,1.2546033854869358,0.7042922142403726,4.556470412966315,1.804914556733499,7.3080262691991305,8.408648611692259,6.757715097952567,6.2074039267060055,1.804914556733499,2.3552257279800624,2.3552257279800624,1.804914556733499,8.408648611692259,2.3552257279800624,2.9055368992266257,1.804914556733499,4.006159241719752,6.2074039267060055,7.858337440445695,3.4558480704731886,2.3552257279800624,7.858337440445695,1.804914556733499,5.657092755459442
