,Returns,Semi Deviation,Sortino Ratio,ADANIPORTS Weight,ASIANPAINT Weight,BAJFINANCE Weight,BAJAJFINSV Weight,BRITANNIA Weight,DIVISLAB Weight,GRASIM Weight,HCLTECH Weight,HDFCBANK Weight,HINDALCO Weight,HINDUNILVR Weight,ICICIBANK Weight,INFY Weight,JSWSTEEL Weight,NESTLEIND Weight,POWERGRID Weight,RELIANCE Weight,TCS Weight,TATACONSUM Weight,TATASTEEL Weight,TECHM Weight,TITAN Weight,UPL Weight,WIPRO Weight
0,-0.03550509631156014,0.7499992552327388,-0.060453741560923334,4.6595042684809425,3.533018321476881,4.6595042684809425,1.2800464274687584,5.785990215485005,8.602205082995159,5.222747241982973,4.096261294978912,4.096261294978912,1.843289400970789,3.533018321476881,0.7168034539667276,8.602205082995159,1.843289400970789,4.096261294978912,0.7168034539667276,8.602205082995159,1.843289400970789,5.222747241982973,6.912476162489065,3.533018321476881,4.6595042684809425,1.843289400970789,4.096261294978912
