,Returns,Semi Deviation,Sortino Ratio,ADANIPORTS Weight,ASIANPAINT Weight,BAJFINANCE Weight,BAJAJFINSV Weight,BRITANNIA Weight,DIVISLAB Weight,GRASIM Weight,HCLTECH Weight,HDFCBANK Weight,HINDALCO Weight,HINDUNILVR Weight,ICICIBANK Weight,INFY Weight,JSWSTEEL Weight,NESTLEIND Weight,POWERGRID Weight,RELIANCE Weight,TCS Weight,TATACONSUM Weight,TATASTEEL Weight,TECHM Weight,TITAN Weight,UPL Weight,WIPRO Weight
0,0.04128212207889983,0.5671180925140631,0.05545045671939162,1.2517520439689718,4.006002081163644,1.2517520439689718,7.8619521332361835,6.209402110919382,6.209402110919382,2.9043020662857755,7.311102125797249,0.7009020365300375,1.8026020514079062,2.9043020662857755,4.006002081163644,8.41280214067512,4.556852088602578,4.006002081163644,1.2517520439689718,2.3534520588468406,7.8619521332361835,6.209402110919382,2.3534520588468406,0.7009020365300375,6.209402110919382,2.3534520588468406,7.311102125797249
