,Returns,Semi Deviation,Sortino Ratio,ADANIPORTS Weight,ASIANPAINT Weight,BAJFINANCE Weight,BAJAJFINSV Weight,BRITANNIA Weight,DIVISLAB Weight,GRASIM Weight,HCLTECH Weight,HDFCBANK Weight,HINDALCO Weight,HINDUNILVR Weight,ICICIBANK Weight,INFY Weight,JSWSTEEL Weight,NESTLEIND Weight,POWERGRID Weight,RELIANCE Weight,TCS Weight,TATACONSUM Weight,TATASTEEL Weight,TECHM Weight,TITAN Weight,UPL Weight,WIPRO Weight
0,-0.03718503245708227,0.8795787820989763,-0.053457630230734764,1.1249034795022856,3.0979390603656687,2.1114212699339774,7.044010222092433,2.1114212699339774,6.550751326876589,1.1249034795022856,2.6046801651498233,6.550751326876589,2.6046801651498233,7.5372691173082815,0.6316445842864402,2.6046801651498233,3.0979390603656687,5.564233536444898,4.577715746013206,7.044010222092433,6.057492431660743,7.5372691173082815,4.08445685079736,4.08445685079736,4.08445685079736,1.1249034795022856,7.044010222092433
