,Returns,Semi Deviation,Sortino Ratio,ADANIPORTS Weight,ASIANPAINT Weight,BAJFINANCE Weight,BAJAJFINSV Weight,BRITANNIA Weight,DIVISLAB Weight,GRASIM Weight,HCLTECH Weight,HDFCBANK Weight,HINDALCO Weight,HINDUNILVR Weight,ICICIBANK Weight,INFY Weight,JSWSTEEL Weight,NESTLEIND Weight,POWERGRID Weight,RELIANCE Weight,TCS Weight,TATACONSUM Weight,TATASTEEL Weight,TECHM Weight,TITAN Weight,UPL Weight,WIPRO Weight
0,-0.06804059809717118,0.7369543676751482,-0.10567243556478101,5.199711960787998,4.693730592238775,3.6817678551403286,3.1757864865911047,6.211674697886443,6.7176560664356675,4.1877492236895515,3.1757864865911047,3.6817678551403286,0.6458796438449889,4.693730592238775,1.1518610123942121,4.1877492236895515,6.211674697886443,6.211674697886443,1.657842380943435,7.223637434984891,5.199711960787998,5.199711960787998,2.6698051180418814,1.1518610123942121,6.211674697886443,1.657842380943435,5.199711960787998
