,Returns,Semi Deviation,Sortino Ratio,ADANIPORTS Weight,ASIANPAINT Weight,BAJFINANCE Weight,BAJAJFINSV Weight,BRITANNIA Weight,DIVISLAB Weight,GRASIM Weight,HCLTECH Weight,HDFCBANK Weight,HINDALCO Weight,HINDUNILVR Weight,ICICIBANK Weight,INFY Weight,JSWSTEEL Weight,NESTLEIND Weight,POWERGRID Weight,RELIANCE Weight,TCS Weight,TATACONSUM Weight,TATASTEEL Weight,TECHM Weight,TITAN Weight,UPL Weight,WIPRO Weight
0,-0.040230876203380096,0.721667899383761,-0.0693754579929311,1.3168992717379786,8.851877468498579,4.214967808953594,7.113036346169209,1.3168992717379786,8.851877468498579,3.0557403940673478,8.851877468498579,1.8965129791811013,1.8965129791811013,4.214967808953594,3.6353541015104707,7.113036346169209,1.3168992717379786,4.7945815163967165,2.4761266866242244,4.214967808953594,6.533422638726086,7.113036346169209,0.7372855642948557,4.7945815163967165,1.8965129791811013,1.3168992717379786,2.4761266866242244
