,Returns,Semi Deviation,Sortino Ratio,ADANIPORTS Weight,ASIANPAINT Weight,BAJFINANCE Weight,BAJAJFINSV Weight,BRITANNIA Weight,DIVISLAB Weight,GRASIM Weight,HCLTECH Weight,HDFCBANK Weight,HINDALCO Weight,HINDUNILVR Weight,ICICIBANK Weight,INFY Weight,JSWSTEEL Weight,NESTLEIND Weight,POWERGRID Weight,RELIANCE Weight,TCS Weight,TATACONSUM Weight,TATASTEEL Weight,TECHM Weight,TITAN Weight,UPL Weight,WIPRO Weight
0,-0.0003249411202770682,0.8516829502227093,-0.011929446225012609,0.7604547570798459,6.13083265832622,0.7604547570798459,2.5505807241619705,7.9209586254083435,7.9209586254083435,2.5505807241619705,7.9209586254083435,2.5505807241619705,3.147289379856013,6.727541314020261,2.5505807241619705,1.3571634127738876,1.9538720684679287,1.3571634127738876,6.727541314020261,6.727541314020261,5.534124002632179,6.13083265832622,0.7604547570798459,4.9374153469381366,9.11437593679643,0.7604547570798459,3.147289379856013
