,Returns,Semi Deviation,Sortino Ratio,ADANIPORTS Weight,ASIANPAINT Weight,BAJFINANCE Weight,BAJAJFINSV Weight,BRITANNIA Weight,DIVISLAB Weight,GRASIM Weight,HCLTECH Weight,HDFCBANK Weight,HINDALCO Weight,HINDUNILVR Weight,ICICIBANK Weight,INFY Weight,JSWSTEEL Weight,NESTLEIND Weight,POWERGRID Weight,RELIANCE Weight,TCS Weight,TATACONSUM Weight,TATASTEEL Weight,TECHM Weight,TITAN Weight,UPL Weight,WIPRO Weight
0,0.03210218915319173,0.5459244060613221,0.04078774290139671,3.5942013160021253,7.601458770653909,5.884062718660289,2.449270614673045,2.449270614673045,8.746389471982992,1.304339913343964,3.5942013160021253,0.7318745626794233,2.449270614673045,5.884062718660289,8.173924121318448,7.601458770653909,3.021735965337586,8.746389471982992,4.166666666666666,3.021735965337586,0.7318745626794233,3.021735965337586,1.304339913343964,2.449270614673045,4.166666666666666,0.7318745626794233,8.173924121318448
