,Returns,Semi Deviation,Sortino Ratio,ADANIPORTS Weight,ASIANPAINT Weight,BAJFINANCE Weight,BAJAJFINSV Weight,BRITANNIA Weight,DIVISLAB Weight,GRASIM Weight,HCLTECH Weight,HDFCBANK Weight,HINDALCO Weight,HINDUNILVR Weight,ICICIBANK Weight,INFY Weight,JSWSTEEL Weight,NESTLEIND Weight,POWERGRID Weight,RELIANCE Weight,TCS Weight,TATACONSUM Weight,TATASTEEL Weight,TECHM Weight,TITAN Weight,UPL Weight,WIPRO Weight
0,-0.05326817945497504,0.9118665983362945,-0.06920238596881635,1.5324253503412353,5.747211456461926,7.152140158502157,2.469044485034723,2.000734917687979,6.2155210238086696,1.5324253503412353,2.469044485034723,6.683830591155412,1.5324253503412353,5.747211456461926,2.469044485034723,3.4056636197282093,2.000734917687979,5.747211456461926,3.4056636197282093,4.81059232176844,2.469044485034723,7.152140158502157,6.683830591155412,6.2155210238086696,3.8739731870749528,1.5324253503412353,7.152140158502157
