,Returns,Semi Deviation,Sortino Ratio,ADANIPORTS Weight,ASIANPAINT Weight,BAJFINANCE Weight,BAJAJFINSV Weight,BRITANNIA Weight,DIVISLAB Weight,GRASIM Weight,HCLTECH Weight,HDFCBANK Weight,HINDALCO Weight,HINDUNILVR Weight,ICICIBANK Weight,INFY Weight,JSWSTEEL Weight,NESTLEIND Weight,POWERGRID Weight,RELIANCE Weight,TCS Weight,TATACONSUM Weight,TATASTEEL Weight,TECHM Weight,TITAN Weight,UPL Weight,WIPRO Weight
0,-0.023105408913542385,0.9164489277709912,-0.0359437091915488,3.455555626471972,2.354480467460833,8.410393842022101,2.905018046966403,3.455555626471972,8.410393842022101,2.354480467460833,2.354480467460833,1.8039428879552626,4.0060932059775425,3.455555626471972,2.354480467460833,7.859856262516532,1.2534053084496923,7.309318683010961,1.8039428879552626,4.0060932059775425,1.2534053084496923,4.0060932059775425,7.859856262516532,4.0060932059775425,8.410393842022101,1.2534053084496923,5.657705944494253
