,Returns,Semi Deviation,Sortino Ratio,ADANIPORTS Weight,ASIANPAINT Weight,BAJFINANCE Weight,BAJAJFINSV Weight,BRITANNIA Weight,DIVISLAB Weight,GRASIM Weight,HCLTECH Weight,HDFCBANK Weight,HINDALCO Weight,HINDUNILVR Weight,ICICIBANK Weight,INFY Weight,JSWSTEEL Weight,NESTLEIND Weight,POWERGRID Weight,RELIANCE Weight,TCS Weight,TATACONSUM Weight,TATASTEEL Weight,TECHM Weight,TITAN Weight,UPL Weight,WIPRO Weight
0,0.006772380966303302,0.5831281563535444,-0.005252334046110783,1.9193662881098816,5.436879924111806,4.264375378777831,2.505618560776869,4.850627651444818,4.850627651444818,1.9193662881098816,8.368141287446743,7.781889014779754,1.3331140154428947,4.850627651444818,0.7468617427759072,7.195636742112767,3.678123106110843,0.7468617427759072,1.9193662881098816,4.850627651444818,1.9193662881098816,8.95439356011373,1.3331140154428947,6.609384469445781,8.368141287446743,2.505618560776869,3.0918708334438567
