,Returns,Semi Deviation,Sortino Ratio,ADANIPORTS Weight,ASIANPAINT Weight,BAJFINANCE Weight,BAJAJFINSV Weight,BRITANNIA Weight,DIVISLAB Weight,GRASIM Weight,HCLTECH Weight,HDFCBANK Weight,HINDALCO Weight,HINDUNILVR Weight,ICICIBANK Weight,INFY Weight,JSWSTEEL Weight,NESTLEIND Weight,POWERGRID Weight,RELIANCE Weight,TCS Weight,TATACONSUM Weight,TATASTEEL Weight,TECHM Weight,TITAN Weight,UPL Weight,WIPRO Weight
0,0.0206689141556999,0.9067496829469335,0.011947894247203281,0.681134974299775,6.542156418789326,5.4765161561548625,7.074976550106558,2.2795953682514707,7.074976550106558,0.681134974299775,8.140616812741023,4.410875893520399,2.2795953682514707,4.943696024837631,3.878055762203166,7.60779668142379,2.812415499568703,2.2795953682514707,0.681134974299775,2.2795953682514707,6.009336287472094,4.943696024837631,1.2139551056170066,8.140616812741023,8.140616812741023,1.2139551056170066,1.2139551056170066
