,Returns,Semi Deviation,Sortino Ratio,ADANIPORTS Weight,ASIANPAINT Weight,BAJFINANCE Weight,BAJAJFINSV Weight,BRITANNIA Weight,DIVISLAB Weight,GRASIM Weight,HCLTECH Weight,HDFCBANK Weight,HINDALCO Weight,HINDUNILVR Weight,ICICIBANK Weight,INFY Weight,JSWSTEEL Weight,NESTLEIND Weight,POWERGRID Weight,RELIANCE Weight,TCS Weight,TATACONSUM Weight,TATASTEEL Weight,TECHM Weight,TITAN Weight,UPL Weight,WIPRO Weight
0,0.04899685474669703,0.9328630680886926,0.04198010538863874,0.8237214806661123,8.58798126750611,5.352873022989446,2.117764778472779,2.117764778472779,8.58798126750611,2.7647864273761127,5.352873022989446,9.235002916409444,1.4707431295694458,1.4707431295694458,0.8237214806661123,4.058829725182779,7.940959618602777,6.646916320796113,0.8237214806661123,4.058829725182779,4.705851374086112,7.293937969699445,4.058829725182779,7.293937969699445,1.4707431295694458,0.8237214806661123,2.117764778472779
