,Returns,Semi Deviation,Sortino Ratio,ADANIPORTS Weight,ASIANPAINT Weight,BAJFINANCE Weight,BAJAJFINSV Weight,BRITANNIA Weight,DIVISLAB Weight,GRASIM Weight,HCLTECH Weight,HDFCBANK Weight,HINDALCO Weight,HINDUNILVR Weight,ICICIBANK Weight,INFY Weight,JSWSTEEL Weight,NESTLEIND Weight,POWERGRID Weight,RELIANCE Weight,TCS Weight,TATACONSUM Weight,TATASTEEL Weight,TECHM Weight,TITAN Weight,UPL Weight,WIPRO Weight
0,-0.021360404523235916,0.8298539142576149,-0.037591639712042844,2.5814769997309037,1.9775952218506125,1.3737134439703225,1.9775952218506125,1.3737134439703225,1.9775952218506125,1.3737134439703225,9.2241765564141,3.7892405554914834,0.769831666090032,1.3737134439703225,6.8086494448929376,9.2241765564141,3.7892405554914834,9.2241765564141,6.8086494448929376,2.5814769997309037,8.016413000653516,9.2241765564141,2.5814769997309037,3.7892405554914834,5.600885889132357,1.3737134439703225,3.185358777611194
