,Returns,Semi Deviation,Sortino Ratio,ADANIPORTS Weight,ASIANPAINT Weight,BAJFINANCE Weight,BAJAJFINSV Weight,BRITANNIA Weight,DIVISLAB Weight,GRASIM Weight,HCLTECH Weight,HDFCBANK Weight,HINDALCO Weight,HINDUNILVR Weight,ICICIBANK Weight,INFY Weight,JSWSTEEL Weight,NESTLEIND Weight,POWERGRID Weight,RELIANCE Weight,TCS Weight,TATACONSUM Weight,TATASTEEL Weight,TECHM Weight,TITAN Weight,UPL Weight,WIPRO Weight
0,-0.08011010466298066,0.6463762732452133,-0.13915311130862518,4.096257573013727,8.039166817578348,0.7166210776726255,2.969712074566693,4.659530322237244,8.039166817578348,1.8431665761196587,2.969712074566693,5.222803071460761,1.8431665761196587,6.349348569907794,1.2798938268961424,2.969712074566693,1.2798938268961424,4.659530322237244,3.5329848237902097,6.349348569907794,8.039166817578348,5.222803071460761,3.5329848237902097,5.786075820684278,1.8431665761196587,1.8431665761196587,6.912621319131311
