,Returns,Standard Deviation,Semi-Deviation,Sharpe Ratio,Sortino Ratio,Nifty 50 Weight
0,13.339270855972817,17.987750141972363,12.072387817089632,0.5425509460018945,0.8083960690989089,100.0
