,Returns,Semi-Deviation,Sortino Ratio,ASIANPAINT Weight,BAJFINANCE Weight,BAJAJFINSV Weight,BRITANNIA Weight,DIVISLAB Weight,HCLTECH Weight,HDFCBANK Weight,HINDALCO Weight,HINDUNILVR Weight,HDFC Weight,ICICIBANK Weight,INFY Weight,JSWSTEEL Weight,KOTAKBANK Weight,NESTLEIND Weight,RELIANCE Weight,SHREECEM Weight,TCS Weight,TATASTEEL Weight,TECHM Weight,TITAN Weight,WIPRO Weight
42453,29.579703128463937,11.210221244718939,2.319285459304581,9.750171812913837,9.403798824388495,0.19247390949291748,6.4481811628122845,9.514148884673896,0.17077316443576523,3.611893577314275,2.106041643178881,2.0759296180234905,0.09568042141467017,1.26854772630986,10.317076724441106,7.467519169057891,1.9224163542675663,8.038293971469262,8.561395376792724,0.16447918221090685,2.5647559445623744,5.430362151229986,0.25845598825028593,2.933661209002686,7.70394318375684
