,Returns,Semi Deviation,Sortino Ratio,ADANIPORTS Weight,ASIANPAINT Weight,BAJFINANCE Weight,BAJAJFINSV Weight,BRITANNIA Weight,DIVISLAB Weight,GRASIM Weight,HCLTECH Weight,HDFCBANK Weight,HINDALCO Weight,HINDUNILVR Weight,ICICIBANK Weight,INFY Weight,JSWSTEEL Weight,NESTLEIND Weight,POWERGRID Weight,RELIANCE Weight,TCS Weight,TATACONSUM Weight,TATASTEEL Weight,TECHM Weight,TITAN Weight,UPL Weight,WIPRO Weight
0,-25.64836207788474,2.644835818672149,-11.051106413311873,1.9492031487546986,6.519884808368081,7.30192091460393,2.1101885721552462,8.050783439399805,6.733238950357817,0.6990800015724515,0.9604810372406809,7.8119939795247175,1.1695687059943383,0.3282219329332851,1.8977832864774085,3.864295135786275,2.6689478240848787,7.044999271089031,5.692265070703572,5.214516452064492,5.447319239172199,0.1955471649557631,4.805731218839788,2.179142380879447,6.419368559547246,3.1204066222133395,7.815112283281474
