,Returns,Semi Deviation,Sortino Ratio,ADANIPORTS Weight,ASIANPAINT Weight,BAJFINANCE Weight,BAJAJFINSV Weight,BRITANNIA Weight,DIVISLAB Weight,GRASIM Weight,HCLTECH Weight,HDFCBANK Weight,HINDALCO Weight,HINDUNILVR Weight,ICICIBANK Weight,INFY Weight,JSWSTEEL Weight,NESTLEIND Weight,POWERGRID Weight,RELIANCE Weight,TCS Weight,TATACONSUM Weight,TATASTEEL Weight,TECHM Weight,TITAN Weight,UPL Weight,WIPRO Weight
0,0.16865751787894273,0.6819758050803353,0.2328856124522907,0.6114721823266239,0.9943340466234838,7.57918366084094,8.061837265092727,1.8250758420871986,8.860332401010858,0.6357956151838039,9.060006551632048,1.1937065045082071,3.4038660162404,4.00636690709981,0.6525970146439786,1.1319164147549299,1.5824068237204785,9.384774388383505,8.846138275391043,3.986043539503791,7.658582293134128,8.736244917873275,2.8629517490954846,0.902158863302834,4.322085843016947,1.2950043262186097,2.407118558314882
