,Returns,Semi Deviation,Sortino Ratio,ADANIPORTS Weight,ASIANPAINT Weight,BAJFINANCE Weight,BAJAJFINSV Weight,BRITANNIA Weight,DIVISLAB Weight,GRASIM Weight,HCLTECH Weight,HDFCBANK Weight,HINDALCO Weight,HINDUNILVR Weight,ICICIBANK Weight,INFY Weight,JSWSTEEL Weight,NESTLEIND Weight,POWERGRID Weight,RELIANCE Weight,TCS Weight,TATACONSUM Weight,TATASTEEL Weight,TECHM Weight,TITAN Weight,UPL Weight,WIPRO Weight
0,-32.33937348209612,4.715776283224701,-7.6168527353324835,2.9306795173857907,6.4221718363931295,2.2473164526349865,2.8706784231563764,2.4718097267818715,3.1197317466118935,1.2302587869155048,3.751331835786056,2.561524989684458,4.828180649425944,4.456327803520731,4.036690156157306,6.791709538750433,4.331772635178735,5.150339430892834,6.883734655010568,2.399801393518831,6.995612357636591,6.822100504046446,7.833763412130517,2.668780562770145,3.544062615743165,2.2886832946001787,3.3629376752675166
