,Returns,Semi Deviation,Sortino Ratio,ADANIPORTS Weight,ASIANPAINT Weight,BAJFINANCE Weight,BAJAJFINSV Weight,BRITANNIA Weight,DIVISLAB Weight,GRASIM Weight,HCLTECH Weight,HDFCBANK Weight,HINDALCO Weight,HINDUNILVR Weight,ICICIBANK Weight,INFY Weight,JSWSTEEL Weight,NESTLEIND Weight,POWERGRID Weight,RELIANCE Weight,TCS Weight,TATACONSUM Weight,TATASTEEL Weight,TECHM Weight,TITAN Weight,UPL Weight,WIPRO Weight
0,-38.972480492996134,4.596924644399339,-9.256727874545415,7.017479414810768,2.268884250116076,3.4841506027722637,6.111331622533566,0.8519973634270024,6.033704475771871,3.435239477164007,5.441919948423145,5.183431429346017,0.29669328115576565,6.8097830260424,7.289542456381577,2.371008633619063,3.0154787498825857,2.4341412612751614,1.1283429032526497,3.2234120457555275,5.711361383257722,5.44419739309341,7.653973083219825,3.996038080072977,1.2178272253076279,1.432748155146066,8.147313738172896
