,Returns,Semi Deviation,Sortino Ratio,ADANIPORTS Weight,ASIANPAINT Weight,BAJFINANCE Weight,BAJAJFINSV Weight,BRITANNIA Weight,DIVISLAB Weight,GRASIM Weight,HCLTECH Weight,HDFCBANK Weight,HINDALCO Weight,HINDUNILVR Weight,ICICIBANK Weight,INFY Weight,JSWSTEEL Weight,NESTLEIND Weight,POWERGRID Weight,RELIANCE Weight,TCS Weight,TATACONSUM Weight,TATASTEEL Weight,TECHM Weight,TITAN Weight,UPL Weight,WIPRO Weight
0,-37.52369480610364,5.503721214331608,-7.468346089018868,6.657911589504279,1.9053162515902073,7.667486799967735,6.032122181974581,0.38254939426659773,2.6853707751984186,1.2468862747053453,4.162990883960614,4.891766179254212,7.540572435180354,3.581906558673311,2.971117206308697,5.4721958087839315,1.2023120164677612,1.9762776085517506,1.3305513793559378,4.800843853361295,7.393932753841819,5.822532613183674,7.547180189920959,0.2630298803116972,6.311817683688194,0.9442964880217625,7.209033193926892
