,Returns,Semi Deviation,Sortino Ratio,ADANIPORTS Weight,ASIANPAINT Weight,BAJFINANCE Weight,BAJAJFINSV Weight,BRITANNIA Weight,DIVISLAB Weight,GRASIM Weight,HCLTECH Weight,HDFCBANK Weight,HINDALCO Weight,HINDUNILVR Weight,ICICIBANK Weight,INFY Weight,JSWSTEEL Weight,NESTLEIND Weight,POWERGRID Weight,RELIANCE Weight,TCS Weight,TATACONSUM Weight,TATASTEEL Weight,TECHM Weight,TITAN Weight,UPL Weight,WIPRO Weight
0,0.2112355581468894,0.26718891348737733,0.7537752621657305,9.108495347240131,4.071240025436014,5.985081884147263,0.5693675291496704,2.591394234870074,3.4960403509827693,1.4857279105694934,3.1289191209425358,1.9805302815781098,0.6158686974330687,6.5474647872151275,0.7492783280697066,9.005050909395873,0.5309065815083036,6.264172137377774,0.8753751620545304,5.244793463194223,9.957008251769144,8.482364337350944,0.7238991528890605,1.4253743889670396,9.25614600022034,0.20970916600522527,7.6957919516335735
