,Returns,Semi Deviation,Sortino Ratio,ADANIPORTS Weight,ASIANPAINT Weight,BAJFINANCE Weight,BAJAJFINSV Weight,BRITANNIA Weight,DIVISLAB Weight,GRASIM Weight,HCLTECH Weight,HDFCBANK Weight,HINDALCO Weight,HINDUNILVR Weight,ICICIBANK Weight,INFY Weight,JSWSTEEL Weight,NESTLEIND Weight,POWERGRID Weight,RELIANCE Weight,TCS Weight,TATACONSUM Weight,TATASTEEL Weight,TECHM Weight,TITAN Weight,UPL Weight,WIPRO Weight
0,0.05249135987567648,0.684808536489491,0.06228922796315965,0.14808844119045653,1.9913396509482368,6.097644747886899,5.95269663616925,1.9037105697397334,7.958619485206675,0.09746964191091778,8.613136851146184,5.399332742825582,0.7819596565743482,9.771214066485667,2.2305936329423215,10.405426655251706,0.04856104884444284,8.141864075929323,2.106072017317956,0.646018435161814,0.8117086332788171,3.867575965212391,3.5412070909991247,0.11138121852979412,10.488633198925115,0.8068366262843155,8.078908911238916
