,Returns,Semi Deviation,Sortino Ratio,ADANIPORTS Weight,ASIANPAINT Weight,BAJFINANCE Weight,BAJAJFINSV Weight,BRITANNIA Weight,DIVISLAB Weight,GRASIM Weight,HCLTECH Weight,HDFCBANK Weight,HINDALCO Weight,HINDUNILVR Weight,ICICIBANK Weight,INFY Weight,JSWSTEEL Weight,NESTLEIND Weight,POWERGRID Weight,RELIANCE Weight,TCS Weight,TATACONSUM Weight,TATASTEEL Weight,TECHM Weight,TITAN Weight,UPL Weight,WIPRO Weight
0,-30.652697364059616,3.903527237780987,-8.769683232316744,6.620560683022042,0.6251740528735215,2.584391884656255,0.08615409655687066,3.1254839036077198,0.9080425149716538,7.1907485773843485,7.6910920087673444,7.102246747608061,5.6185011471252935,9.016786250286192,0.4275168357140797,2.8343347091150006,0.622222706362577,6.3400559896377775,5.197158106659439,8.70465969964581,7.628795139647904,7.791153236182058,2.676356149004889,0.463958341165606,2.478611794614109,2.664814077633261,1.6011813477581829
