,Returns,Semi Deviation,Sortino Ratio,ADANIPORTS Weight,ASIANPAINT Weight,BAJFINANCE Weight,BAJAJFINSV Weight,BRITANNIA Weight,DIVISLAB Weight,GRASIM Weight,HCLTECH Weight,HDFCBANK Weight,HINDALCO Weight,HINDUNILVR Weight,ICICIBANK Weight,INFY Weight,JSWSTEEL Weight,NESTLEIND Weight,POWERGRID Weight,RELIANCE Weight,TCS Weight,TATACONSUM Weight,TATASTEEL Weight,TECHM Weight,TITAN Weight,UPL Weight,WIPRO Weight
0,-28.19199384136889,2.983026647746189,-10.650925249150578,5.435924419175167,6.943318514622372,0.16016763650112895,5.900023621338133,7.067106315926727,5.717085444563687,4.442269126667055,0.5092629049871786,7.171131411412935,6.751541143356849,0.5363553529970551,0.9395694288585398,4.940157622070583,0.11310340508285197,0.9535015836588208,5.522423546738786,3.1085708679774733,7.139408903270658,5.089578540759148,7.826748820710024,0.8998540776760353,7.795474928234286,1.7837158411760388,3.2537065422384646
