,Returns,Semi Deviation,Sortino Ratio,ADANIPORTS Weight,ASIANPAINT Weight,BAJFINANCE Weight,BAJAJFINSV Weight,BRITANNIA Weight,DIVISLAB Weight,GRASIM Weight,HCLTECH Weight,HDFCBANK Weight,HINDALCO Weight,HINDUNILVR Weight,ICICIBANK Weight,INFY Weight,JSWSTEEL Weight,NESTLEIND Weight,POWERGRID Weight,RELIANCE Weight,TCS Weight,TATACONSUM Weight,TATASTEEL Weight,TECHM Weight,TITAN Weight,UPL Weight,WIPRO Weight
0,-26.627596949751858,2.5241147709566807,-11.967600402854378,3.4996108067129335,5.719135418540775,2.1293829121218373,4.367634891079773,6.501397179754904,6.474222873190694,2.4950398633659927,1.5099968212881127,1.7408383981257463,3.8956780272679694,5.965259328210474,6.319563529882237,4.7079670503085005,5.148149011214377,3.5135098003829897,2.9529472071563356,6.216950823735488,3.2175208832019235,6.140089249114317,3.431837445283095,0.33013766030302194,5.47151765910251,5.599102577168445,2.652510583487531
