,Returns,Semi Deviation,Sortino Ratio,ADANIPORTS Weight,ASIANPAINT Weight,BAJFINANCE Weight,BAJAJFINSV Weight,BRITANNIA Weight,DIVISLAB Weight,GRASIM Weight,HCLTECH Weight,HDFCBANK Weight,HINDALCO Weight,HINDUNILVR Weight,ICICIBANK Weight,INFY Weight,JSWSTEEL Weight,NESTLEIND Weight,POWERGRID Weight,RELIANCE Weight,TCS Weight,TATACONSUM Weight,TATASTEEL Weight,TECHM Weight,TITAN Weight,UPL Weight,WIPRO Weight
0,0.2056348992652586,0.5958883035537152,0.328584624437831,3.5496291777525073,2.569465407732272,5.548838283582292,9.595622648772268,4.588139202230417,7.4774547204697654,0.2787646163751348,4.765886481505674,2.1030069280342194,8.243457523868727,7.701188552463628,0.7205222440336354,3.9343244192112508,0.01102683190070729,8.858455522117364,3.162775384611341,7.650523120780816,3.6129767603202545,8.294942238913826,1.6671361790024672,0.9537577026539852,3.241314275226328,0.8664612996284946,0.6043304788126079
