,Returns,Semi Deviation,Sortino Ratio,ADANIPORTS Weight,ASIANPAINT Weight,BAJFINANCE Weight,BAJAJFINSV Weight,BRITANNIA Weight,DIVISLAB Weight,GRASIM Weight,HCLTECH Weight,HDFCBANK Weight,HINDALCO Weight,HINDUNILVR Weight,ICICIBANK Weight,INFY Weight,JSWSTEEL Weight,NESTLEIND Weight,POWERGRID Weight,RELIANCE Weight,TCS Weight,TATACONSUM Weight,TATASTEEL Weight,TECHM Weight,TITAN Weight,UPL Weight,WIPRO Weight
0,0.26435831130589965,0.5782994654474264,0.4401234337538458,6.027502301528461,4.944962417045707,6.468001141358509,2.2957379940098144,5.386934165558657,7.793146219382837,0.27366736160733207,3.1035868838322385,1.433218665346204,0.21711244115343908,3.0941057987935463,0.8608403471955095,8.358947239156649,0.38882471234593535,2.7877228429270136,3.7780335338342868,5.470074294353429,2.9025828498932227,8.821865544951862,5.428170605711624,1.241359974304906,9.356110765092051,0.2732068831016383,9.294285017515156
