,Returns,Semi Deviation,Sortino Ratio,ADANIPORTS Weight,ASIANPAINT Weight,BAJFINANCE Weight,BAJAJFINSV Weight,BRITANNIA Weight,DIVISLAB Weight,GRASIM Weight,HCLTECH Weight,HDFCBANK Weight,HINDALCO Weight,HINDUNILVR Weight,ICICIBANK Weight,INFY Weight,JSWSTEEL Weight,NESTLEIND Weight,POWERGRID Weight,RELIANCE Weight,TCS Weight,TATACONSUM Weight,TATASTEEL Weight,TECHM Weight,TITAN Weight,UPL Weight,WIPRO Weight
0,0.2555095706445254,0.231020278936105,1.0634322101104752,0.9993330208813088,6.977572456426187,0.4420339390850076,0.3085775365340855,3.8888017859003474,7.745025421217585,2.8785315290582085,2.1176907213039606,4.87069249159958,2.6911474734534058,6.22140651854665,0.23723241316363758,7.389440846548889,4.654936921550283,3.3798614710219126,0.6529508443754064,7.727290154277091,6.488989118719466,7.6261121901670474,7.323373162002353,0.7255963403416604,6.285589430947572,0.24801745806327644,8.119796754815077
