,Returns,Semi Deviation,Sortino Ratio,ADANIPORTS Weight,ASIANPAINT Weight,BAJFINANCE Weight,BAJAJFINSV Weight,BRITANNIA Weight,DIVISLAB Weight,GRASIM Weight,HCLTECH Weight,HDFCBANK Weight,HINDALCO Weight,HINDUNILVR Weight,ICICIBANK Weight,INFY Weight,JSWSTEEL Weight,NESTLEIND Weight,POWERGRID Weight,RELIANCE Weight,TCS Weight,TATACONSUM Weight,TATASTEEL Weight,TECHM Weight,TITAN Weight,UPL Weight,WIPRO Weight
0,-32.24421547663724,4.345661384053242,-8.243673933753122,2.532118969806749,1.623674972414047,8.15423795462679,0.5672543345934125,5.6858068280918275,4.3771296055099524,2.8245372597598206,3.5538894230066127,2.1668193976216483,0.3154535511849203,6.942505587345196,0.731173457147681,2.089699175373668,7.123377191327298,7.755504863740104,3.4591317862703406,2.1375022086127387,6.6758353338572896,8.138266581369544,2.0212358467257214,9.015379578903028,5.01067746516679,3.5775497886242418,3.521238838920574
