,Returns,Semi Deviation,Sortino Ratio,ADANIPORTS Weight,ASIANPAINT Weight,BAJFINANCE Weight,BAJAJFINSV Weight,BRITANNIA Weight,DIVISLAB Weight,GRASIM Weight,HCLTECH Weight,HDFCBANK Weight,HINDALCO Weight,HINDUNILVR Weight,ICICIBANK Weight,INFY Weight,JSWSTEEL Weight,NESTLEIND Weight,POWERGRID Weight,RELIANCE Weight,TCS Weight,TATACONSUM Weight,TATASTEEL Weight,TECHM Weight,TITAN Weight,UPL Weight,WIPRO Weight
0,-36.78026723548006,5.192511796379293,-7.772782964811563,4.595908131242181,6.622936202617607,4.727065309301533,5.60529569903948,6.620119209701114,5.695661638180026,0.3905232799450671,2.079978975286883,4.6190742630833626,4.19121319337144,3.2207996435891673,1.6734081349204417,7.355892832186087,0.8362430132566246,5.662171942948256,4.308033371821032,0.4583729910432174,5.334597674183065,3.1772931581302952,4.796030641655085,5.9476897046248265,2.0369455845849647,4.250208952739326,5.794536452548922
