,Returns,Semi Deviation,Sortino Ratio,ADANIPORTS Weight,ASIANPAINT Weight,BAJFINANCE Weight,BAJAJFINSV Weight,BRITANNIA Weight,DIVISLAB Weight,GRASIM Weight,HCLTECH Weight,HDFCBANK Weight,HINDALCO Weight,HINDUNILVR Weight,ICICIBANK Weight,INFY Weight,JSWSTEEL Weight,NESTLEIND Weight,POWERGRID Weight,RELIANCE Weight,TCS Weight,TATACONSUM Weight,TATASTEEL Weight,TECHM Weight,TITAN Weight,UPL Weight,WIPRO Weight
0,-38.340361108667295,5.469816722790954,-7.66394254747124,8.208183206885684,2.5467013520968074,1.9072728434240904,8.563405358580683,0.23385975030305825,1.0040240085469467,2.045214925049426,1.3963533368325762,7.002161224678839,7.218534552205489,5.331754630148468,8.158404507982791,3.222534988289288,2.9203982647454554,1.7891728944963186,4.906079404378403,4.395883497620093,5.148012273933362,6.262554286013092,5.141218891087848,4.143828219967529,7.188119908413912,0.9077102437662796,0.3586174305535705
