,Returns,Semi Deviation,Sortino Ratio,ADANIPORTS Weight,ASIANPAINT Weight,BAJFINANCE Weight,BAJAJFINSV Weight,BRITANNIA Weight,DIVISLAB Weight,GRASIM Weight,HCLTECH Weight,HDFCBANK Weight,HINDALCO Weight,HINDUNILVR Weight,ICICIBANK Weight,INFY Weight,JSWSTEEL Weight,NESTLEIND Weight,POWERGRID Weight,RELIANCE Weight,TCS Weight,TATACONSUM Weight,TATASTEEL Weight,TECHM Weight,TITAN Weight,UPL Weight,WIPRO Weight
0,0.11368731934988234,0.4991906443307549,0.20804106746421092,8.393602184426989,3.6521741904663148,4.771183217572269,3.6016973873443625,7.821013227654866,5.323105455567577,0.32641523846915876,4.883070634594108,1.4905900668459857,0.8746280431977328,9.615233315205353,0.2710272559041908,0.7955420785885243,1.4330628207627758,9.640830650217817,2.17635963035391,3.376672935164811,1.5862345775750766,7.616469266410582,2.0609376942868467,3.5179751638134,9.927219375747024,1.172614803563851,5.672340786266441
