,Returns,Semi Deviation,Sortino Ratio,ADANIPORTS Weight,ASIANPAINT Weight,BAJFINANCE Weight,BAJAJFINSV Weight,BRITANNIA Weight,DIVISLAB Weight,GRASIM Weight,HCLTECH Weight,HDFCBANK Weight,HINDALCO Weight,HINDUNILVR Weight,ICICIBANK Weight,INFY Weight,JSWSTEEL Weight,NESTLEIND Weight,POWERGRID Weight,RELIANCE Weight,TCS Weight,TATACONSUM Weight,TATASTEEL Weight,TECHM Weight,TITAN Weight,UPL Weight,WIPRO Weight
0,0.19727245097612214,0.3151646126980538,0.594728210557488,3.644751459292871,0.4306184894613157,3.3232418995723614,0.8793936239419187,5.025268477067498,8.392717155872795,2.5424441189576226,9.50687560944249,2.732986232932792,0.8221504217083292,3.2750470937737384,0.5262761963110593,5.630078150326025,9.370389197564348,6.721329415626089,1.6337277956946603,9.422565258175224,2.2629436118055963,9.215922374148901,4.293511750302191,0.09558075834519984,0.8820081694057047,1.2831024288652955,8.087070311405993
