,Returns,Semi Deviation,Sortino Ratio,ADANIPORTS Weight,ASIANPAINT Weight,BAJFINANCE Weight,BAJAJFINSV Weight,BRITANNIA Weight,DIVISLAB Weight,GRASIM Weight,HCLTECH Weight,HDFCBANK Weight,HINDALCO Weight,HINDUNILVR Weight,ICICIBANK Weight,INFY Weight,JSWSTEEL Weight,NESTLEIND Weight,POWERGRID Weight,RELIANCE Weight,TCS Weight,TATACONSUM Weight,TATASTEEL Weight,TECHM Weight,TITAN Weight,UPL Weight,WIPRO Weight
0,-25.81895898610877,2.696896384265299,-10.901033928345663,2.7889317424197837,1.7901416750077208,7.542861174481034,6.472493764245316,0.338494615941879,1.6179138723891515,2.7428767645452696,7.361140240967587,7.083670908283344,4.268722522982985,3.3552636381979264,2.825591505772513,4.902915671431669,6.246495913542861,3.0234162093784183,7.0421134311692795,6.196442960855152,3.5838185919741994,4.4222271414246475,0.4518538361343776,4.602941890574853,1.7846192342137528,2.859752569761389,6.695300124304906
