,Returns,Semi Deviation,Sortino Ratio,ADANIPORTS Weight,ASIANPAINT Weight,BAJFINANCE Weight,BAJAJFINSV Weight,BRITANNIA Weight,DIVISLAB Weight,GRASIM Weight,HCLTECH Weight,HDFCBANK Weight,HINDALCO Weight,HINDUNILVR Weight,ICICIBANK Weight,INFY Weight,JSWSTEEL Weight,NESTLEIND Weight,POWERGRID Weight,RELIANCE Weight,TCS Weight,TATACONSUM Weight,TATASTEEL Weight,TECHM Weight,TITAN Weight,UPL Weight,WIPRO Weight
0,-27.310777972311364,2.8179743848060337,-10.962050662656265,3.7446129065882143,1.305119365498512,3.7828973935876022,2.715515831347502,1.9524269397266192,4.933849437685338,5.276329161181169,0.37318323910812845,0.24073640738371269,6.106052929816062,7.243152724616513,3.167478586273126,1.83343517888996,1.8027863204992673,6.74357133920869,7.703108177937497,6.266525923260528,6.41772301858006,7.37001535521636,3.316147146182944,4.68699814129708,0.2987735494351869,5.2516111549068825,7.467949771773051
