,Returns,Semi Deviation,Sortino Ratio,ADANIPORTS Weight,ASIANPAINT Weight,BAJFINANCE Weight,BAJAJFINSV Weight,BRITANNIA Weight,DIVISLAB Weight,GRASIM Weight,HCLTECH Weight,HDFCBANK Weight,HINDALCO Weight,HINDUNILVR Weight,ICICIBANK Weight,INFY Weight,JSWSTEEL Weight,NESTLEIND Weight,POWERGRID Weight,RELIANCE Weight,TCS Weight,TATACONSUM Weight,TATASTEEL Weight,TECHM Weight,TITAN Weight,UPL Weight,WIPRO Weight
0,-24.745142954099318,2.2056507920233575,-12.84207956061585,4.873063192452902,5.78091985704621,1.737706393040175,4.398550896642196,7.793799467222573,2.9049073592640013,8.737380670585093,1.774704023279906,2.5333052758679218,4.775366966442908,6.044721652488944,1.065891798968844,6.687043325889756,7.8657112677181935,8.421465457623377,0.6563968133559996,4.701319266072462,0.529492677155052,8.091448093333524,1.8620925188176793,0.4244803755464709,7.899307742530932,0.22757471062425286,0.21335019803065558
