,Returns,Semi Deviation,Sortino Ratio,ADANIPORTS Weight,ASIANPAINT Weight,BAJFINANCE Weight,BAJAJFINSV Weight,BRITANNIA Weight,DIVISLAB Weight,GRASIM Weight,HCLTECH Weight,HDFCBANK Weight,HINDALCO Weight,HINDUNILVR Weight,ICICIBANK Weight,INFY Weight,JSWSTEEL Weight,NESTLEIND Weight,POWERGRID Weight,RELIANCE Weight,TCS Weight,TATACONSUM Weight,TATASTEEL Weight,TECHM Weight,TITAN Weight,UPL Weight,WIPRO Weight
0,-32.867572828063274,4.5701595556225385,-7.975120427299492,4.358262765472834,6.071048395226839,5.014960629017205,6.914194884571353,6.848942088306901,5.927745881517495,0.6182668436058743,3.6139961251445687,3.1346091625381294,6.6212302852392835,4.899299425252603,4.210919450551696,7.5563678682697475,3.1452448677541973,5.548603259687523,6.463321333735853,7.285912585044827,0.6539154686911042,0.6759825905300747,3.1849683446446937,2.5328404399076287,1.014633406050271,0.741524750507963,2.963209148731338
