,Returns,Semi Deviation,Sortino Ratio,ADANIPORTS Weight,ASIANPAINT Weight,BAJFINANCE Weight,BAJAJFINSV Weight,BRITANNIA Weight,DIVISLAB Weight,GRASIM Weight,HCLTECH Weight,HDFCBANK Weight,HINDALCO Weight,HINDUNILVR Weight,ICICIBANK Weight,INFY Weight,JSWSTEEL Weight,NESTLEIND Weight,POWERGRID Weight,RELIANCE Weight,TCS Weight,TATACONSUM Weight,TATASTEEL Weight,TECHM Weight,TITAN Weight,UPL Weight,WIPRO Weight
0,0.2646063713131194,0.5290352355550685,0.48157700915827717,0.21382436372463604,1.497831869522082,4.300834182804703,1.789557451555244,3.043211279008614,10.657105112229322,0.9565492949629865,2.165614143326449,5.77226537439946,6.0323526802965395,11.595024162228967,0.2174009616127406,5.167458322288505,7.9067131388467455,9.610658933721831,0.8516271526317509,6.655828708351391,6.634012484889551,3.336450694927233,0.9916398353462171,4.348414673093904,3.1456211868044397,1.753691715589947,1.3563122778367358
