,Returns,Semi Deviation,Sortino Ratio,ADANIPORTS Weight,ASIANPAINT Weight,BAJFINANCE Weight,BAJAJFINSV Weight,BRITANNIA Weight,DIVISLAB Weight,GRASIM Weight,HCLTECH Weight,HDFCBANK Weight,HINDALCO Weight,HINDUNILVR Weight,ICICIBANK Weight,INFY Weight,JSWSTEEL Weight,NESTLEIND Weight,POWERGRID Weight,RELIANCE Weight,TCS Weight,TATACONSUM Weight,TATASTEEL Weight,TECHM Weight,TITAN Weight,UPL Weight,WIPRO Weight
0,-35.02595412539757,4.717121951306635,-8.184217945585186,7.500043329630747,8.366362420706189,0.2837066987328295,7.346904951502687,6.4921132689953645,0.6186573739467098,2.090397839874786,5.464013660239577,8.866924091084668,2.559900668692617,3.678194267392717,0.31211526281320773,0.2911102361155964,7.213449531025483,6.0631265559087275,2.6687942568504033,6.674834127452824,6.250868844052173,7.562196228684622,3.203086579186323,1.317599696907227,3.00285192126401,1.1561014329837724,1.0166467559567234
