,Returns,Semi Deviation,Sortino Ratio,ADANIPORTS Weight,ASIANPAINT Weight,BAJFINANCE Weight,BAJAJFINSV Weight,BRITANNIA Weight,DIVISLAB Weight,GRASIM Weight,HCLTECH Weight,HDFCBANK Weight,HINDALCO Weight,HINDUNILVR Weight,ICICIBANK Weight,INFY Weight,JSWSTEEL Weight,NESTLEIND Weight,POWERGRID Weight,RELIANCE Weight,TCS Weight,TATACONSUM Weight,TATASTEEL Weight,TECHM Weight,TITAN Weight,UPL Weight,WIPRO Weight
0,-32.54793167510399,4.519423139171227,-7.993925455213989,2.780072357052847,0.38611432243049193,1.7309222000384354,3.2992493428164535,1.5083494563426556,6.796353403334435,3.754632162370133,4.303081078793458,0.17423841091128955,6.1941010970778665,5.202296080514269,4.646519542743504,5.896072158843986,6.166111094400943,6.673913454238502,4.494528643219278,4.094399571133778,2.857835082501229,6.706891879499239,3.940928281655967,4.033574189171948,7.016242230244468,3.8802800568957623,3.4632939037690704
