,Returns,Semi Deviation,Sortino Ratio,ADANIPORTS Weight,ASIANPAINT Weight,BAJFINANCE Weight,BAJAJFINSV Weight,BRITANNIA Weight,DIVISLAB Weight,GRASIM Weight,HCLTECH Weight,HDFCBANK Weight,HINDALCO Weight,HINDUNILVR Weight,ICICIBANK Weight,INFY Weight,JSWSTEEL Weight,NESTLEIND Weight,POWERGRID Weight,RELIANCE Weight,TCS Weight,TATACONSUM Weight,TATASTEEL Weight,TECHM Weight,TITAN Weight,UPL Weight,WIPRO Weight
0,-40.750531420386736,5.519789966187417,-8.031198957196256,1.1328913623645782,4.23958085863073,5.550563115680486,2.290054497893518,4.336448998670845,2.469032668547917,1.3433661846044935,7.607052696670256,6.0591172155334405,7.265060886004461,6.370437426206515,5.834770509261098,0.12421597192018324,2.4667879974076277,3.870480397605954,4.196275486459693,4.9149615574064764,1.8968932723667133,7.4229776352138215,0.004139595153290059,4.960966006083375,4.5984924877757845,3.394737604124778,7.6506955684139495
