,Returns,Semi Deviation,Sortino Ratio,ADANIPORTS Weight,ASIANPAINT Weight,BAJFINANCE Weight,BAJAJFINSV Weight,BRITANNIA Weight,DIVISLAB Weight,GRASIM Weight,HCLTECH Weight,HDFCBANK Weight,HINDALCO Weight,HINDUNILVR Weight,ICICIBANK Weight,INFY Weight,JSWSTEEL Weight,NESTLEIND Weight,POWERGRID Weight,RELIANCE Weight,TCS Weight,TATACONSUM Weight,TATASTEEL Weight,TECHM Weight,TITAN Weight,UPL Weight,WIPRO Weight
0,-26.614955208213388,3.000015726417175,-10.064932307629691,7.116890094437214,3.1926333151606743,1.4228838185417105,1.427005392603119,3.7938377563938337,5.065400838776115,4.062797594663267,5.150017112003309,0.20077196796793664,6.941129377117298,0.6280116321120992,5.851687345507985,2.5992856954954324,5.85093257257443,4.561217028270056,4.089079095371563,6.727579156314064,6.666277172733656,6.442438053874932,5.015247151485807,5.495917904894772,2.179076670997305,0.8636600400598019,4.656223212643617
