,Returns,Semi Deviation,Sortino Ratio,ADANIPORTS Weight,ASIANPAINT Weight,BAJFINANCE Weight,BAJAJFINSV Weight,BRITANNIA Weight,DIVISLAB Weight,GRASIM Weight,HCLTECH Weight,HDFCBANK Weight,HINDALCO Weight,HINDUNILVR Weight,ICICIBANK Weight,INFY Weight,JSWSTEEL Weight,NESTLEIND Weight,POWERGRID Weight,RELIANCE Weight,TCS Weight,TATACONSUM Weight,TATASTEEL Weight,TECHM Weight,TITAN Weight,UPL Weight,WIPRO Weight
0,0.15987447902581867,0.6399703037523712,0.23444730686864765,0.1663211923766093,0.7651388599422784,5.669495576198624,7.187361747191609,0.2700973667125996,7.982508979426897,0.4535484224358172,8.703549127541532,8.27681708147062,0.19585814760411951,4.402307717594238,3.6854767727280975,4.74139504011564,2.125256988960645,7.4579413961146885,1.182982542578414,8.712140340455242,8.832899834486978,6.025267753892906,1.7427655834421014,0.4765554013676166,8.565652475177874,1.1415387647372612,1.2371228874475804
