,Returns,Semi Deviation,Sortino Ratio,ADANIPORTS Weight,ASIANPAINT Weight,BAJFINANCE Weight,BAJAJFINSV Weight,BRITANNIA Weight,DIVISLAB Weight,GRASIM Weight,HCLTECH Weight,HDFCBANK Weight,HINDALCO Weight,HINDUNILVR Weight,ICICIBANK Weight,INFY Weight,JSWSTEEL Weight,NESTLEIND Weight,POWERGRID Weight,RELIANCE Weight,TCS Weight,TATACONSUM Weight,TATASTEEL Weight,TECHM Weight,TITAN Weight,UPL Weight,WIPRO Weight
0,0.23160584479525267,0.2786038551087411,0.7960072191877213,1.5168573622741763,4.257672934736019,6.92256248528726,0.9795447944890268,2.469567732190755,5.835840301911946,1.4321686389847919,4.096012601545131,3.5427555552740047,0.5065873739787256,8.397129074402539,1.0632233244834148,6.34810496958025,2.4682067194235717,6.7726323106356014,0.62776888552122,8.579633350475534,1.1664311269152836,9.67874241764452,0.009671383162529721,7.76787721920488,6.773751402850743,1.6738810132874962,7.113377021740577
