,Returns,Semi Deviation,Sortino Ratio,ADANIPORTS Weight,ASIANPAINT Weight,BAJFINANCE Weight,BAJAJFINSV Weight,BRITANNIA Weight,DIVISLAB Weight,GRASIM Weight,HCLTECH Weight,HDFCBANK Weight,HINDALCO Weight,HINDUNILVR Weight,ICICIBANK Weight,INFY Weight,JSWSTEEL Weight,NESTLEIND Weight,POWERGRID Weight,RELIANCE Weight,TCS Weight,TATACONSUM Weight,TATASTEEL Weight,TECHM Weight,TITAN Weight,UPL Weight,WIPRO Weight
0,-0.01805371446868461,0.5323561871508254,-0.052387630644645924,1.3381352915526095,3.522455626257049,1.6705527028030944,0.8975726207695399,0.28354707848184363,8.088814297014704,0.4357365108378115,3.263728447988104,1.9634577681552463,0.14498068445811435,7.480697453898193,4.138915252082928,6.077354156138295,4.551174831352177,6.723122351697965,4.324699687642145,6.944110596733114,5.511070208695075,7.840022474730778,7.990288589441582,4.877081164533932,8.142980307821428,0.4035701999777834,3.385931696936475
