,Returns,Semi Deviation,Sortino Ratio,ADANIPORTS Weight,ASIANPAINT Weight,BAJFINANCE Weight,BAJAJFINSV Weight,BRITANNIA Weight,DIVISLAB Weight,GRASIM Weight,HCLTECH Weight,HDFCBANK Weight,HINDALCO Weight,HINDUNILVR Weight,ICICIBANK Weight,INFY Weight,JSWSTEEL Weight,NESTLEIND Weight,POWERGRID Weight,RELIANCE Weight,TCS Weight,TATACONSUM Weight,TATASTEEL Weight,TECHM Weight,TITAN Weight,UPL Weight,WIPRO Weight
0,-26.304775378410174,2.6472501687033496,-11.288987996570059,0.4978980363910755,5.742806601198728,4.860594033503177,5.42593853408217,6.204241666818632,3.495967641082922,2.4361345476942935,6.4222816012853015,5.721893933103379,0.8691240558214921,5.70603241545494,1.3629396535808558,5.478370265012083,5.3792628108950815,3.0854956548922488,7.611846509352994,6.234454161002745,5.7724630940251815,3.7165841567313023,1.393013070658266,2.2679172699767127,0.9654140473171381,2.6158958257715694,6.7334304143476995
