,Returns,Semi Deviation,Sortino Ratio,ADANIPORTS Weight,ASIANPAINT Weight,BAJFINANCE Weight,BAJAJFINSV Weight,BRITANNIA Weight,DIVISLAB Weight,GRASIM Weight,HCLTECH Weight,HDFCBANK Weight,HINDALCO Weight,HINDUNILVR Weight,ICICIBANK Weight,INFY Weight,JSWSTEEL Weight,NESTLEIND Weight,POWERGRID Weight,RELIANCE Weight,TCS Weight,TATACONSUM Weight,TATASTEEL Weight,TECHM Weight,TITAN Weight,UPL Weight,WIPRO Weight
0,-29.61320618930839,3.9097025733484494,-8.48995686157277,2.074767039462934,6.0092820281914605,7.12099574000203,4.485022374725883,6.414033221576012,0.6121476430540096,4.734506314164119,3.1933806177357735,6.727068002287765,0.2890528464709623,6.513816087101643,0.7018958698768306,7.247992294356148,6.798833794709346,3.6931737266439746,1.4714532912534835,7.3357590670587225,0.8368366205861186,4.497742996629974,4.299573187370248,3.4736851858074007,4.641927954366385,1.166268080949088,5.660786015619717
