,Returns,Semi Deviation,Sortino Ratio,ADANIPORTS Weight,ASIANPAINT Weight,BAJFINANCE Weight,BAJAJFINSV Weight,BRITANNIA Weight,DIVISLAB Weight,GRASIM Weight,HCLTECH Weight,HDFCBANK Weight,HINDALCO Weight,HINDUNILVR Weight,ICICIBANK Weight,INFY Weight,JSWSTEEL Weight,NESTLEIND Weight,POWERGRID Weight,RELIANCE Weight,TCS Weight,TATACONSUM Weight,TATASTEEL Weight,TECHM Weight,TITAN Weight,UPL Weight,WIPRO Weight
0,-37.76530944147087,5.55464150295423,-7.4433803548764415,0.19532123385828368,2.596924841330801,5.158346800831091,6.688573540394308,2.493682503006861,1.1164523484740947,4.963502432673372,4.885418643211789,6.7409394837525465,0.6712274130231392,7.756693281109212,0.5176294453616241,6.514141286806215,6.001810138102421,1.1566850930591595,6.247992495076891,6.0417797129533515,4.187431278235807,7.394180845672145,4.140300229789709,2.334874229746252,0.7903042157179423,5.114929135525916,6.290859372287104
