,Returns,Semi Deviation,Sortino Ratio,ADANIPORTS Weight,ASIANPAINT Weight,BAJFINANCE Weight,BAJAJFINSV Weight,BRITANNIA Weight,DIVISLAB Weight,GRASIM Weight,HCLTECH Weight,HDFCBANK Weight,HINDALCO Weight,HINDUNILVR Weight,ICICIBANK Weight,INFY Weight,JSWSTEEL Weight,NESTLEIND Weight,POWERGRID Weight,RELIANCE Weight,TCS Weight,TATACONSUM Weight,TATASTEEL Weight,TECHM Weight,TITAN Weight,UPL Weight,WIPRO Weight
0,0.2145196956342812,0.2580475842956071,0.793204599678172,0.2791136013944856,4.373770784281946,2.904109355600777,3.8121697787962017,0.8353382256592595,9.262612595236948,1.5583014942722513,4.528321789305992,4.896720164283221,0.6607610447044159,1.4428889357826091,0.2710760530717561,2.201453388840708,6.382487024342572,8.223384165379978,7.4177840931986605,6.1565641686059385,2.932634161106415,8.810952156269321,1.4147847351567548,2.094258189993473,7.507265772532308,1.8736497665588954,10.1595985556251
