,Returns,Semi Deviation,Sortino Ratio,ADANIPORTS Weight,ASIANPAINT Weight,BAJFINANCE Weight,BAJAJFINSV Weight,BRITANNIA Weight,DIVISLAB Weight,GRASIM Weight,HCLTECH Weight,HDFCBANK Weight,HINDALCO Weight,HINDUNILVR Weight,ICICIBANK Weight,INFY Weight,JSWSTEEL Weight,NESTLEIND Weight,POWERGRID Weight,RELIANCE Weight,TCS Weight,TATACONSUM Weight,TATASTEEL Weight,TECHM Weight,TITAN Weight,UPL Weight,WIPRO Weight
0,-45.419501598213444,5.972504739268055,-8.204179609277038,4.725350615704164,5.99742921092065,5.507873772165833,3.53035525136692,0.27540722131893886,3.0001349968150204,2.4629470863034624,6.85722848284448,5.056111798926528,3.7174876942793125,5.436570827698527,5.417526245826255,3.786937837547478,1.0815908552358664,4.611366549571545,2.504889777848742,4.620811539498285,4.5925770789652445,4.049237451475659,4.454919612956546,2.09974885215079,5.622184474353345,6.106330163678571,4.48498260254782
