,Returns,Semi Deviation,Sortino Ratio,ADANIPORTS Weight,ASIANPAINT Weight,BAJFINANCE Weight,BAJAJFINSV Weight,BRITANNIA Weight,DIVISLAB Weight,GRASIM Weight,HCLTECH Weight,HDFCBANK Weight,HINDALCO Weight,HINDUNILVR Weight,ICICIBANK Weight,INFY Weight,JSWSTEEL Weight,NESTLEIND Weight,POWERGRID Weight,RELIANCE Weight,TCS Weight,TATACONSUM Weight,TATASTEEL Weight,TECHM Weight,TITAN Weight,UPL Weight,WIPRO Weight
0,-40.07786033163463,4.899349853593257,-8.910949745631106,3.737678961856127,1.4054432535377754,7.650679825905267,1.8533682891855616,1.0340581417197658,8.191502016409512,1.3206904785997247,8.269384495153178,1.1301785549646883,6.50219179306258,7.6068492917438055,1.4023382862910134,7.203635969513174,1.3284585740823112,3.9137858619648433,1.085423747305617,4.689664592632274,1.209190227860333,7.758456000128969,6.566528149946651,1.6829364173111514,6.202575043811088,6.63638566153137,1.6185963654832296
