,Returns,Semi Deviation,Sortino Ratio,ADANIPORTS Weight,ASIANPAINT Weight,BAJFINANCE Weight,BAJAJFINSV Weight,BRITANNIA Weight,DIVISLAB Weight,GRASIM Weight,HCLTECH Weight,HDFCBANK Weight,HINDALCO Weight,HINDUNILVR Weight,ICICIBANK Weight,INFY Weight,JSWSTEEL Weight,NESTLEIND Weight,POWERGRID Weight,RELIANCE Weight,TCS Weight,TATACONSUM Weight,TATASTEEL Weight,TECHM Weight,TITAN Weight,UPL Weight,WIPRO Weight
0,0.2714256931578149,0.20826857904044158,1.2560249343798249,1.7516538794986947,1.8558888761962231,5.799642676310892,3.6401504445571913,7.284198270127515,8.451055290588716,1.939831776659866,8.033679652802066,1.6232633619911883,0.2975451710793302,7.8851823491015205,1.339239967615381,6.423764547981362,0.24069277288117447,7.984754242628325,2.13059752791959,8.266977448616675,7.215278989762311,2.0625805774324206,1.8773911995159123,3.4761751857566936,5.7642533323953495,0.3766059577294972,4.279596500852108
