,Returns,Semi Deviation,Sortino Ratio,ADANIPORTS Weight,ASIANPAINT Weight,BAJFINANCE Weight,BAJAJFINSV Weight,BRITANNIA Weight,DIVISLAB Weight,GRASIM Weight,HCLTECH Weight,HDFCBANK Weight,HINDALCO Weight,HINDUNILVR Weight,ICICIBANK Weight,INFY Weight,JSWSTEEL Weight,NESTLEIND Weight,POWERGRID Weight,RELIANCE Weight,TCS Weight,TATACONSUM Weight,TATASTEEL Weight,TECHM Weight,TITAN Weight,UPL Weight,WIPRO Weight
0,-37.7224010397106,5.642552274042879,-7.31980831258077,1.0207383201775622,9.281643908081277,8.77013822520695,9.4302256545251,4.141651017908909,6.11513480091095,2.9035693215354663,0.5658439093700777,7.426564123849497,0.9915553758005781,2.997153530814185,7.687088834869615,3.5972822202038706,7.071955435207104,2.6025578839642907,2.685072781530772,6.546554272304425,8.68420865226492,1.87280503787931,0.5276585727172206,0.14604724895552523,1.3373989622533897,0.08631274773120685,3.510839161937777
