,Returns,Semi Deviation,Sortino Ratio,ADANIPORTS Weight,ASIANPAINT Weight,BAJFINANCE Weight,BAJAJFINSV Weight,BRITANNIA Weight,DIVISLAB Weight,GRASIM Weight,HCLTECH Weight,HDFCBANK Weight,HINDALCO Weight,HINDUNILVR Weight,ICICIBANK Weight,INFY Weight,JSWSTEEL Weight,NESTLEIND Weight,POWERGRID Weight,RELIANCE Weight,TCS Weight,TATACONSUM Weight,TATASTEEL Weight,TECHM Weight,TITAN Weight,UPL Weight,WIPRO Weight
0,-25.225384306895887,2.5432620620499238,-11.326156567474658,1.8641789096776402,0.7193612502905359,6.518156580309556,0.106704194561659,6.4285385319602675,5.708564449194998,4.360253565678616,1.102224493375656,4.8566748642980055,2.264281962900002,7.1009057937236335,0.8115986249847359,3.1951398710673304,3.324509298919994,3.5856960787015626,4.158385547228934,5.623965610053542,6.430565818278253,6.7628300037287055,6.269320614530711,0.006590001791065025,5.747828467657508,5.896059371806282,7.157666095280792
