,Returns,Semi Deviation,Sortino Ratio,ADANIPORTS Weight,ASIANPAINT Weight,BAJFINANCE Weight,BAJAJFINSV Weight,BRITANNIA Weight,DIVISLAB Weight,GRASIM Weight,HCLTECH Weight,HDFCBANK Weight,HINDALCO Weight,HINDUNILVR Weight,ICICIBANK Weight,INFY Weight,JSWSTEEL Weight,NESTLEIND Weight,POWERGRID Weight,RELIANCE Weight,TCS Weight,TATACONSUM Weight,TATASTEEL Weight,TECHM Weight,TITAN Weight,UPL Weight,WIPRO Weight
0,-29.893615169048708,3.3049093428855003,-10.128451856359563,1.1970242637230428,5.621435603601941,3.4207437691474203,3.05332196683338,2.079347721790492,7.488736458351069,6.097760661411512,1.1519347480878748,1.4445976962966236,2.584805114900346,5.672636034958376,6.946714758935106,7.373649181260437,6.16970587001692,4.669606313024306,0.7762623292112034,8.334702578660421,1.549408605241477,8.065064990235822,3.6872878850850244,4.035160049586415,0.2484588373595516,4.301811404716991,4.029823157564243
