,Returns,Semi Deviation,Sortino Ratio,ADANIPORTS Weight,ASIANPAINT Weight,BAJFINANCE Weight,BAJAJFINSV Weight,BRITANNIA Weight,DIVISLAB Weight,GRASIM Weight,HCLTECH Weight,HDFCBANK Weight,HINDALCO Weight,HINDUNILVR Weight,ICICIBANK Weight,INFY Weight,JSWSTEEL Weight,NESTLEIND Weight,POWERGRID Weight,RELIANCE Weight,TCS Weight,TATACONSUM Weight,TATASTEEL Weight,TECHM Weight,TITAN Weight,UPL Weight,WIPRO Weight
0,0.07936029975418925,0.6869291662520232,0.10121150525368255,0.1617187042185325,6.529756603201882,5.72212987445023,4.979628240975749,8.944394802623663,6.4136236668474425,0.6815385433006745,5.355919859825562,1.6389609059129697,0.5945458369081056,1.1567591410475313,0.10847674152335575,5.5730457554162935,0.6000141566181126,4.820040960601987,2.993156163094403,8.432367238958168,5.454187632261693,8.973965387703501,0.5818622610560649,6.327561324700675,4.123382503280261,1.3058928786524233,8.52707081682071
