,Returns,Semi Deviation,Sortino Ratio,ADANIPORTS Weight,ASIANPAINT Weight,BAJFINANCE Weight,BAJAJFINSV Weight,BRITANNIA Weight,DIVISLAB Weight,GRASIM Weight,HCLTECH Weight,HDFCBANK Weight,HINDALCO Weight,HINDUNILVR Weight,ICICIBANK Weight,INFY Weight,JSWSTEEL Weight,NESTLEIND Weight,POWERGRID Weight,RELIANCE Weight,TCS Weight,TATACONSUM Weight,TATASTEEL Weight,TECHM Weight,TITAN Weight,UPL Weight,WIPRO Weight
0,-36.82696270713497,4.336652204543256,-9.317547453956063,4.975235661319786,3.5466745161036046,1.0546858607929288,7.397408093285033,0.8103562870865502,7.702557210006946,0.1852995128107055,6.5718203230257375,1.3320997817397615,7.443956559754944,6.255400172170152,3.967122825262387,2.6850616350339114,6.082400178777196,0.18592787046088943,6.701685829465791,7.65021557468253,4.671707618225601,0.7143707738197123,7.725574834747826,0.9381381288071836,4.239542417041241,2.3527785017771126,4.809979833802469
