,Returns,Semi Deviation,Sortino Ratio,ADANIPORTS Weight,ASIANPAINT Weight,BAJFINANCE Weight,BAJAJFINSV Weight,BRITANNIA Weight,DIVISLAB Weight,GRASIM Weight,HCLTECH Weight,HDFCBANK Weight,HINDALCO Weight,HINDUNILVR Weight,ICICIBANK Weight,INFY Weight,JSWSTEEL Weight,NESTLEIND Weight,POWERGRID Weight,RELIANCE Weight,TCS Weight,TATACONSUM Weight,TATASTEEL Weight,TECHM Weight,TITAN Weight,UPL Weight,WIPRO Weight
0,-38.938916877931675,5.302453226161403,-8.018725496370353,2.743502863672963,2.400972766867236,1.4625400102002737,7.309226785944831,3.863186183286361,4.273812593482716,4.710591372429226,6.969809157762484,6.686807902916055,1.8240578349875771,6.90824603595102,5.7226645176599185,1.208945661605377,5.850240226639513,6.089096113662306,0.05420233928977406,4.406119769599611,4.508973876750463,5.28160370118723,2.7283781665513662,4.31048233465518,4.295834558141156,3.6010091942080735,2.7896960325493185
