,Returns,Semi Deviation,Sortino Ratio,ADANIPORTS Weight,ASIANPAINT Weight,BAJFINANCE Weight,BAJAJFINSV Weight,BRITANNIA Weight,DIVISLAB Weight,GRASIM Weight,HCLTECH Weight,HDFCBANK Weight,HINDALCO Weight,HINDUNILVR Weight,ICICIBANK Weight,INFY Weight,JSWSTEEL Weight,NESTLEIND Weight,POWERGRID Weight,RELIANCE Weight,TCS Weight,TATACONSUM Weight,TATASTEEL Weight,TECHM Weight,TITAN Weight,UPL Weight,WIPRO Weight
0,-37.06985059074407,5.419399924348464,-7.500802885594592,3.778890302938514,2.511389588297844,3.6754160723423452,1.526296067358281,0.5705446706205131,6.917457213324986,4.7697949468027545,5.122431894083078,2.572608719770249,4.6990287103103405,6.704239122499689,3.7699472209260105,2.9121368749881977,0.9682072435009811,5.840908736147278,2.6500412165066245,7.414294011193004,7.447662474372726,7.126830444428232,1.6141815729783107,5.7519417597216265,3.426528659879844,5.858141285974264,2.3710811910342766
