,Returns,Semi Deviation,Sortino Ratio,ADANIPORTS Weight,ASIANPAINT Weight,BAJFINANCE Weight,BAJAJFINSV Weight,BRITANNIA Weight,DIVISLAB Weight,GRASIM Weight,HCLTECH Weight,HDFCBANK Weight,HINDALCO Weight,HINDUNILVR Weight,ICICIBANK Weight,INFY Weight,JSWSTEEL Weight,NESTLEIND Weight,POWERGRID Weight,RELIANCE Weight,TCS Weight,TATACONSUM Weight,TATASTEEL Weight,TECHM Weight,TITAN Weight,UPL Weight,WIPRO Weight
0,-24.979725969003862,2.2228747718265733,-12.84810387475668,4.099351693413129,6.656126102012482,1.7306646087042525,3.903891144837943,5.130610895534139,4.318693127272022,1.1442007284046414,4.069488302968774,0.9850173952118556,6.182211920865844,0.2131786770208065,6.405818998304396,5.807851063211202,4.585392797936206,6.735718258595861,4.956997976761936,5.353730787128093,2.3328560998485246,5.503571409297035,1.8255184038216525,2.5939141929080773,4.099461153892406,5.732814142404189,5.632920119644519
