,Returns,Semi Deviation,Sortino Ratio,ADANIPORTS Weight,ASIANPAINT Weight,BAJFINANCE Weight,BAJAJFINSV Weight,BRITANNIA Weight,DIVISLAB Weight,GRASIM Weight,HCLTECH Weight,HDFCBANK Weight,HINDALCO Weight,HINDUNILVR Weight,ICICIBANK Weight,INFY Weight,JSWSTEEL Weight,NESTLEIND Weight,POWERGRID Weight,RELIANCE Weight,TCS Weight,TATACONSUM Weight,TATASTEEL Weight,TECHM Weight,TITAN Weight,UPL Weight,WIPRO Weight
0,0.2815461398348751,0.542954144769495,0.500430796260082,1.497063612331987,0.5177552242668972,7.250910133953297,5.558619704620635,0.4315234701267764,4.930934261315562,2.2450222114027314,0.22395431221297543,1.00635130807134,0.14025415871030772,8.680245451546307,2.8827783667179863,0.2640459177543463,4.003832768435435,9.788009293451136,7.325141536160573,9.59189589647564,5.462899957316225,7.467561788382378,3.110926069768289,1.6958862476652317,7.0832513149998615,1.2666716105457498,7.574465383768358
