,Returns,Semi Deviation,Sortino Ratio,ADANIPORTS Weight,ASIANPAINT Weight,BAJFINANCE Weight,BAJAJFINSV Weight,BRITANNIA Weight,DIVISLAB Weight,GRASIM Weight,HCLTECH Weight,HDFCBANK Weight,HINDALCO Weight,HINDUNILVR Weight,ICICIBANK Weight,INFY Weight,JSWSTEEL Weight,NESTLEIND Weight,POWERGRID Weight,RELIANCE Weight,TCS Weight,TATACONSUM Weight,TATASTEEL Weight,TECHM Weight,TITAN Weight,UPL Weight,WIPRO Weight
0,0.07885631019141702,0.6106773408471329,0.11302391744305741,1.3935880824123739,3.390812785142263,2.4801106836095785,3.4131576144774542,5.689634356826905,9.583709920701095,1.3919723474095835,8.912727637057216,7.760327313469355,0.08569910954793587,8.931218503361425,0.684396116239346,0.9127796742753321,1.435977563842592,2.5968733219273608,1.0751618526079496,8.474346700856291,3.7437933944643653,8.994814818639615,0.22587991929015144,5.238365315655238,8.378347740263754,0.8643316884316884,4.341973539491118
