,Returns,Semi Deviation,Sortino Ratio,ADANIPORTS Weight,ASIANPAINT Weight,BAJFINANCE Weight,BAJAJFINSV Weight,BRITANNIA Weight,DIVISLAB Weight,GRASIM Weight,HCLTECH Weight,HDFCBANK Weight,HINDALCO Weight,HINDUNILVR Weight,ICICIBANK Weight,INFY Weight,JSWSTEEL Weight,NESTLEIND Weight,POWERGRID Weight,RELIANCE Weight,TCS Weight,TATACONSUM Weight,TATASTEEL Weight,TECHM Weight,TITAN Weight,UPL Weight,WIPRO Weight
0,-39.88412991396653,4.908427316475991,-8.855001227800932,0.02531439196129973,0.3258637202585986,8.238699479887163,6.819815314643561,7.17760682597945,7.776461724194809,3.7991057172312104,7.547541288340723,6.3572334594503355,4.665830426433228,6.772501525657441,0.6627680020835035,0.7707323505173274,0.8050185208411563,2.2943812528720646,0.3681883376675695,5.5692868867501915,1.7330573570420504,7.527713024188722,2.025318383606,2.7017620142668326,6.956747083897212,1.6501699193299586,7.428882992899559
