,Returns,Semi Deviation,Sortino Ratio,ADANIPORTS Weight,ASIANPAINT Weight,BAJFINANCE Weight,BAJAJFINSV Weight,BRITANNIA Weight,DIVISLAB Weight,GRASIM Weight,HCLTECH Weight,HDFCBANK Weight,HINDALCO Weight,HINDUNILVR Weight,ICICIBANK Weight,INFY Weight,JSWSTEEL Weight,NESTLEIND Weight,POWERGRID Weight,RELIANCE Weight,TCS Weight,TATACONSUM Weight,TATASTEEL Weight,TECHM Weight,TITAN Weight,UPL Weight,WIPRO Weight
0,0.1985510508371834,0.5005421259580005,0.37702298411113816,3.8137411651950885,2.4793860091374893,0.11728063509578994,4.341806591238959,1.7209473653506817,8.482426998433318,0.0016084842448573153,5.849454086558016,2.889051653544959,5.709037453318851,6.240767177275432,0.850166854182399,2.6946001437585103,6.259022833320964,7.822289161962158,0.2675650737974437,6.846447989179059,7.641837646331519,8.837218934968872,1.6800531043294855,0.1024798586343241,8.91658241794188,0.6516416495351198,5.784586712664812
