,Returns,Semi Deviation,Sortino Ratio,ADANIPORTS Weight,ASIANPAINT Weight,BAJFINANCE Weight,BAJAJFINSV Weight,BRITANNIA Weight,DIVISLAB Weight,GRASIM Weight,HCLTECH Weight,HDFCBANK Weight,HINDALCO Weight,HINDUNILVR Weight,ICICIBANK Weight,INFY Weight,JSWSTEEL Weight,NESTLEIND Weight,POWERGRID Weight,RELIANCE Weight,TCS Weight,TATACONSUM Weight,TATASTEEL Weight,TECHM Weight,TITAN Weight,UPL Weight,WIPRO Weight
0,0.27654941501724295,0.348454884853647,0.7654197480804424,1.2625887282540171,4.503925113042916,6.465509594376467,1.7456886736332025,0.4940528634349836,10.557295670785741,0.4639162807152676,11.26688955876432,5.945680779027294,0.5753010564995797,11.541117251976475,0.5102748596540745,4.789342322442665,0.9668469892031413,2.265364446982415,1.1925601601448188,1.2210238931525677,4.885387334478699,6.500844827937432,4.149155252268639,1.1702475268876011,7.4877053083177545,0.16748899421510316,9.8717925138048
