,Returns,Semi Deviation,Sortino Ratio,ADANIPORTS Weight,ASIANPAINT Weight,BAJFINANCE Weight,BAJAJFINSV Weight,BRITANNIA Weight,DIVISLAB Weight,GRASIM Weight,HCLTECH Weight,HDFCBANK Weight,HINDALCO Weight,HINDUNILVR Weight,ICICIBANK Weight,INFY Weight,JSWSTEEL Weight,NESTLEIND Weight,POWERGRID Weight,RELIANCE Weight,TCS Weight,TATACONSUM Weight,TATASTEEL Weight,TECHM Weight,TITAN Weight,UPL Weight,WIPRO Weight
0,0.29830060583280127,0.5718415770316168,0.5044499256158272,1.0097781273718984,6.545801165655128,5.514846834237872,4.4098555083196125,0.271660009923498,8.783990386619243,0.3093335262726609,3.18755385383038,3.323254313042194,5.847754579638679,5.272854406640011,1.0313944300361093,0.2353321972210566,0.9869756058558933,9.466282246969342,1.0162791716517638,8.370946173181263,9.703566052008627,9.244473237701948,0.8907266393284591,1.7022742308216967,3.1573708044964537,0.8102956671434027,8.907400832032787
