,Returns,Semi Deviation,Sortino Ratio,ADANIPORTS Weight,ASIANPAINT Weight,BAJFINANCE Weight,BAJAJFINSV Weight,BRITANNIA Weight,DIVISLAB Weight,GRASIM Weight,HCLTECH Weight,HDFCBANK Weight,HINDALCO Weight,HINDUNILVR Weight,ICICIBANK Weight,INFY Weight,JSWSTEEL Weight,NESTLEIND Weight,POWERGRID Weight,RELIANCE Weight,TCS Weight,TATACONSUM Weight,TATASTEEL Weight,TECHM Weight,TITAN Weight,UPL Weight,WIPRO Weight
0,-39.60007115428831,5.655984557102307,-7.634404004881242,1.9322062141181884,4.439593617906379,2.308540234952589,5.999886425876652,4.149404716920529,2.2967761680737966,5.578575371053372,6.297379640662102,5.741688699912528,5.038747987493931,4.011822000717937,3.817961489525812,4.890972531930599,1.7599567639562983,2.117881254885938,5.91676538162186,6.015834518683675,4.658562520843921,4.443563384768055,3.59378190350735,6.474176830274485,1.3147433359020486,1.9925673601212797,5.20861164629068
