,Returns,Semi Deviation,Sortino Ratio,ADANIPORTS Weight,ASIANPAINT Weight,BAJFINANCE Weight,BAJAJFINSV Weight,BRITANNIA Weight,DIVISLAB Weight,GRASIM Weight,HCLTECH Weight,HDFCBANK Weight,HINDALCO Weight,HINDUNILVR Weight,ICICIBANK Weight,INFY Weight,JSWSTEEL Weight,NESTLEIND Weight,POWERGRID Weight,RELIANCE Weight,TCS Weight,TATACONSUM Weight,TATASTEEL Weight,TECHM Weight,TITAN Weight,UPL Weight,WIPRO Weight
0,-38.80258797502813,4.366000610532859,-9.707416868605396,3.2550862580114535,5.093163228293595,0.16303423558291552,5.87418663883049,2.264755356339592,8.469321564904682,2.5416671295848787,0.41420464969142945,7.909393000831458,3.5773257202395006,7.91341398912354,2.885240879842487,6.449400635711239,6.361691601741702,2.4427101013571466,3.0593804151578747,6.021416263197754,8.045976091034342,6.941484813388385,2.0390416261232893,1.9578915176071257,0.04594867886324932,0.09130969080560683,6.182955913736266
