,Returns,Semi Deviation,Sortino Ratio,ADANIPORTS Weight,ASIANPAINT Weight,BAJFINANCE Weight,BAJAJFINSV Weight,BRITANNIA Weight,DIVISLAB Weight,GRASIM Weight,HCLTECH Weight,HDFCBANK Weight,HINDALCO Weight,HINDUNILVR Weight,ICICIBANK Weight,INFY Weight,JSWSTEEL Weight,NESTLEIND Weight,POWERGRID Weight,RELIANCE Weight,TCS Weight,TATACONSUM Weight,TATASTEEL Weight,TECHM Weight,TITAN Weight,UPL Weight,WIPRO Weight
0,0.25829011901310006,0.542851188255643,0.4576851990990415,1.0559686313270693,2.3716983050293106,6.927797035358542,6.2905512418201495,5.287108254521679,6.676540788244704,0.4433217975557003,1.707081116998528,0.4663050814254325,1.674387625431094,7.278058757714081,0.7730742512903022,3.731931125611543,3.143168014976351,3.3694550809499497,6.3508936144619295,7.834499333370161,7.842134252452977,7.080067458414286,4.405999382244836,1.9526963907040031,5.2653611903633,0.35974929852193305,7.712151971212111
