,Returns,Semi Deviation,Sortino Ratio,ADANIPORTS Weight,ASIANPAINT Weight,BAJFINANCE Weight,BAJAJFINSV Weight,BRITANNIA Weight,DIVISLAB Weight,GRASIM Weight,HCLTECH Weight,HDFCBANK Weight,HINDALCO Weight,HINDUNILVR Weight,ICICIBANK Weight,INFY Weight,JSWSTEEL Weight,NESTLEIND Weight,POWERGRID Weight,RELIANCE Weight,TCS Weight,TATACONSUM Weight,TATASTEEL Weight,TECHM Weight,TITAN Weight,UPL Weight,WIPRO Weight
0,0.09648197425776327,0.61402077824142,0.14111380671963308,3.3989125629196817,5.768287854515757,5.337121050288986,0.42092923050164693,1.0631485999057,3.485421069232655,0.24591303789331487,3.293671276740193,4.852568960847396,0.10251135789117066,5.882496553187047,4.967611472348592,2.5031446286730796,4.022807206170351,10.02751955906986,0.5411746636328609,9.15095531080406,11.49983345031453,11.230964761079102,1.2294053166989642,0.22846999347033883,5.677286366543488,2.0144794267898254,3.0553662904814103
