,Returns,Semi Deviation,Sortino Ratio,ADANIPORTS Weight,ASIANPAINT Weight,BAJFINANCE Weight,BAJAJFINSV Weight,BRITANNIA Weight,DIVISLAB Weight,GRASIM Weight,HCLTECH Weight,HDFCBANK Weight,HINDALCO Weight,HINDUNILVR Weight,ICICIBANK Weight,INFY Weight,JSWSTEEL Weight,NESTLEIND Weight,POWERGRID Weight,RELIANCE Weight,TCS Weight,TATACONSUM Weight,TATASTEEL Weight,TECHM Weight,TITAN Weight,UPL Weight,WIPRO Weight
0,0.269315696864088,0.23507416956056584,1.1038240931106176,1.6852053075022067,7.140460427228787,3.9622281652874034,3.0817661344405893,6.021191293198722,1.5965430936427427,0.500695722054532,1.2446393061638636,0.4384904848926341,1.6669817905768491,4.164828049687541,0.8478044783007175,6.383126752592842,2.6847117791518698,7.360048974146942,2.9153546664955345,7.4214727982885265,9.853151586785755,9.406367190464234,8.023702153629081,3.0654189625922,6.789502208689078,0.38150433407936446,3.364804340107967
