,Returns,Semi Deviation,Sortino Ratio,ADANIPORTS Weight,ASIANPAINT Weight,BAJFINANCE Weight,BAJAJFINSV Weight,BRITANNIA Weight,DIVISLAB Weight,GRASIM Weight,HCLTECH Weight,HDFCBANK Weight,HINDALCO Weight,HINDUNILVR Weight,ICICIBANK Weight,INFY Weight,JSWSTEEL Weight,NESTLEIND Weight,POWERGRID Weight,RELIANCE Weight,TCS Weight,TATACONSUM Weight,TATASTEEL Weight,TECHM Weight,TITAN Weight,UPL Weight,WIPRO Weight
0,-32.73423118671005,3.9213729303285794,-9.260591081722799,6.087671681574508,3.2829333428220844,8.86748661497183,4.5762001101140735,3.8462686623116715,4.361540649256244,4.500729678947777,7.416617812560683,6.833959395155685,4.541976071593976,0.586467837721973,4.2166839538059655,7.510803067655396,4.899001348418057,2.1410923143343212,0.42751416714453566,0.7330986859264914,0.8183848992111395,4.67981809198874,8.195877978206356,0.7021499363574631,4.927412487857356,0.16837822555916518,5.677932986504526
