,Returns,Semi Deviation,Sortino Ratio,ADANIPORTS Weight,ASIANPAINT Weight,BAJFINANCE Weight,BAJAJFINSV Weight,BRITANNIA Weight,DIVISLAB Weight,GRASIM Weight,HCLTECH Weight,HDFCBANK Weight,HINDALCO Weight,HINDUNILVR Weight,ICICIBANK Weight,INFY Weight,JSWSTEEL Weight,NESTLEIND Weight,POWERGRID Weight,RELIANCE Weight,TCS Weight,TATACONSUM Weight,TATASTEEL Weight,TECHM Weight,TITAN Weight,UPL Weight,WIPRO Weight
0,-28.20907003547648,3.2643119881452654,-9.738367579729585,5.033083013792448,1.8900556152870722,7.182101040154169,0.36837124196344656,2.372193772392918,7.479116439827322,1.0896784804610091,4.565592957886469,1.9157696638282367,4.515150737945165,1.4388114822033382,5.660904815199725,5.1150279652821835,7.827877957828891,4.738077068333363,0.16845344232468007,8.158130378982955,6.602403474105502,7.45737252419648,3.5140337488625772,2.8136598105626534,2.025159512746349,6.25341756421799,1.815557291615032
