,Returns,Semi Deviation,Sortino Ratio,ADANIPORTS Weight,ASIANPAINT Weight,BAJFINANCE Weight,BAJAJFINSV Weight,BRITANNIA Weight,DIVISLAB Weight,GRASIM Weight,HCLTECH Weight,HDFCBANK Weight,HINDALCO Weight,HINDUNILVR Weight,ICICIBANK Weight,INFY Weight,JSWSTEEL Weight,NESTLEIND Weight,POWERGRID Weight,RELIANCE Weight,TCS Weight,TATACONSUM Weight,TATASTEEL Weight,TECHM Weight,TITAN Weight,UPL Weight,WIPRO Weight
0,-33.965268985335314,4.487758803697826,-8.366151263387584,7.404759660588746,1.5906030383830898,3.1501619890820143,1.6815625554522133,2.9563795013576497,6.088316657975753,1.9001872547222916,4.882240858677301,7.2753608775159195,6.478808181179466,4.0732669253228995,1.989326908832236,6.046542399848359,0.7713021233372672,7.289126209940935,6.202906416686389,5.780423042833493,5.045776977280351,3.427614506329634,5.338823248474107,2.3178699561170637,3.6781899774363143,1.6671752245955553,2.963275508030964
