,Returns,Semi Deviation,Sortino Ratio,ADANIPORTS Weight,ASIANPAINT Weight,BAJFINANCE Weight,BAJAJFINSV Weight,BRITANNIA Weight,DIVISLAB Weight,GRASIM Weight,HCLTECH Weight,HDFCBANK Weight,HINDALCO Weight,HINDUNILVR Weight,ICICIBANK Weight,INFY Weight,JSWSTEEL Weight,NESTLEIND Weight,POWERGRID Weight,RELIANCE Weight,TCS Weight,TATACONSUM Weight,TATASTEEL Weight,TECHM Weight,TITAN Weight,UPL Weight,WIPRO Weight
0,0.1390197864087847,0.443434022763657,0.29132771718437384,0.634981556153859,4.884649366583286,1.799673961597088,2.350751085680287,1.19027050730809,7.6625576917425455,1.668274758674183,6.0852210607915,1.7454274995892478,1.257202245627535,7.702795482337943,3.210455843064823,4.701488271310728,3.8675088221074088,8.991624937933015,4.364023464188156,8.5942041046181,6.668756867249839,3.842458720043456,7.49804996634531,0.10944165886941555,3.684945445977665,0.15492814801386234,7.33030853419267
