,Returns,Semi Deviation,Sortino Ratio,ADANIPORTS Weight,ASIANPAINT Weight,BAJFINANCE Weight,BAJAJFINSV Weight,BRITANNIA Weight,DIVISLAB Weight,GRASIM Weight,HCLTECH Weight,HDFCBANK Weight,HINDALCO Weight,HINDUNILVR Weight,ICICIBANK Weight,INFY Weight,JSWSTEEL Weight,NESTLEIND Weight,POWERGRID Weight,RELIANCE Weight,TCS Weight,TATACONSUM Weight,TATASTEEL Weight,TECHM Weight,TITAN Weight,UPL Weight,WIPRO Weight
0,-40.37899195802868,4.7062177533661895,-9.340620060894203,6.931077616964329,5.632305992689235,2.830017205987817,0.07931468506015345,6.540137315944899,1.8354542508770788,1.147361451468114,7.680159394269856,0.3246521822211644,2.1421167924869295,1.5239908324522973,5.9400758378718015,7.513510644941078,3.0098249046453875,2.4288285662325317,5.740254132169934,7.826092979791653,3.7793404019908263,7.5747912134418085,3.8119582532056433,5.137005775791364,7.553186524822878,0.3724958123513238,2.6460472323218975
