,Returns,Semi Deviation,Sortino Ratio,ADANIPORTS Weight,ASIANPAINT Weight,BAJFINANCE Weight,BAJAJFINSV Weight,BRITANNIA Weight,DIVISLAB Weight,GRASIM Weight,HCLTECH Weight,HDFCBANK Weight,HINDALCO Weight,HINDUNILVR Weight,ICICIBANK Weight,INFY Weight,JSWSTEEL Weight,NESTLEIND Weight,POWERGRID Weight,RELIANCE Weight,TCS Weight,TATACONSUM Weight,TATASTEEL Weight,TECHM Weight,TITAN Weight,UPL Weight,WIPRO Weight
0,0.2871225697170479,0.2290534618479623,1.2105794107837444,2.0464495565050336,3.217172923166135,4.578849848508316,2.321036884555304,7.405858936345866,5.828595704405834,0.46477494130889385,3.5172788275042826,0.8245318047557394,1.1406642017516724,5.571861054417396,1.7815057860355143,5.961926147133393,2.4347977235035474,7.322568025237166,3.626165356925537,3.8065746971790473,8.252748938474692,8.07703426979614,4.64150272327645,3.1833066594696264,5.534884124286391,0.23395745270845467,8.225953412749584
