,Returns,Semi Deviation,Sortino Ratio,ADANIPORTS Weight,ASIANPAINT Weight,BAJFINANCE Weight,BAJAJFINSV Weight,BRITANNIA Weight,DIVISLAB Weight,GRASIM Weight,HCLTECH Weight,HDFCBANK Weight,HINDALCO Weight,HINDUNILVR Weight,ICICIBANK Weight,INFY Weight,JSWSTEEL Weight,NESTLEIND Weight,POWERGRID Weight,RELIANCE Weight,TCS Weight,TATACONSUM Weight,TATASTEEL Weight,TECHM Weight,TITAN Weight,UPL Weight,WIPRO Weight
0,-29.114621673805974,3.864507926626733,-8.460228907421232,2.38769972058077,1.3827708069066036,5.35158109639122,4.259091739899869,7.884298044468231,10.253190893595402,2.335489172930306,4.660650982441695,1.4022439536544933,2.209980243418479,3.7849229574648535,7.135744505417345,3.7922904970451032,4.006902210230604,1.8731003306575098,3.648380845384147,4.803390397831899,5.572561678284458,8.625348240052947,1.2578051839115063,3.145986060872077,0.7054017395937806,2.8469766885786307,6.674192010388088
