,Returns,Semi Deviation,Sortino Ratio,ADANIPORTS Weight,ASIANPAINT Weight,BAJFINANCE Weight,BAJAJFINSV Weight,BRITANNIA Weight,DIVISLAB Weight,GRASIM Weight,HCLTECH Weight,HDFCBANK Weight,HINDALCO Weight,HINDUNILVR Weight,ICICIBANK Weight,INFY Weight,JSWSTEEL Weight,NESTLEIND Weight,POWERGRID Weight,RELIANCE Weight,TCS Weight,TATACONSUM Weight,TATASTEEL Weight,TECHM Weight,TITAN Weight,UPL Weight,WIPRO Weight
0,-31.987127716030255,4.157235388561997,-8.555476029547862,6.352207718368461,1.5549052214257348,6.0157818644909185,6.553045982299366,7.051291402270335,4.521266853462395,0.7300179697489044,7.382375336206323,0.500493762430901,1.1656259501087196,4.56359081235886,0.3169018462440872,4.766513896548708,6.26574547586396,4.15676558678063,7.343831453556845,1.7108050038897051,0.9166732566605263,3.8623709253284315,4.487805075421659,4.664155461400871,6.0261165775322505,4.971483954607324,4.120228612994078
