,Returns,Semi Deviation,Sortino Ratio,ADANIPORTS Weight,ASIANPAINT Weight,BAJFINANCE Weight,BAJAJFINSV Weight,BRITANNIA Weight,DIVISLAB Weight,GRASIM Weight,HCLTECH Weight,HDFCBANK Weight,HINDALCO Weight,HINDUNILVR Weight,ICICIBANK Weight,INFY Weight,JSWSTEEL Weight,NESTLEIND Weight,POWERGRID Weight,RELIANCE Weight,TCS Weight,TATACONSUM Weight,TATASTEEL Weight,TECHM Weight,TITAN Weight,UPL Weight,WIPRO Weight
0,0.10883495998818252,0.6125235214429287,0.16162611179371975,2.942607982167296,3.1460844037897386,7.1287114430805625,2.6458923341127636,8.37241362330898,7.419852490441052,1.5749823816066484,2.5444269936133215,5.2210531474836595,0.4322832000435495,1.159008828014668,0.3958548965584884,3.0326309451049775,0.23217462434377634,6.548669157649685,7.264688910433523,8.096062693600503,5.652220583479329,8.536947186818434,1.6765693591568807,0.6951245135554033,6.896306329169034,1.6364486557318505,6.748985316735864
