,Returns,Semi Deviation,Sortino Ratio,ADANIPORTS Weight,ASIANPAINT Weight,BAJFINANCE Weight,BAJAJFINSV Weight,BRITANNIA Weight,DIVISLAB Weight,GRASIM Weight,HCLTECH Weight,HDFCBANK Weight,HINDALCO Weight,HINDUNILVR Weight,ICICIBANK Weight,INFY Weight,JSWSTEEL Weight,NESTLEIND Weight,POWERGRID Weight,RELIANCE Weight,TCS Weight,TATACONSUM Weight,TATASTEEL Weight,TECHM Weight,TITAN Weight,UPL Weight,WIPRO Weight
0,0.13177876636777272,0.639504309949257,0.1906845655853106,0.9839378223791905,4.140603788383688,6.475189278463861,0.3734006973207963,4.733193304592395,8.67355744453777,0.9009210297300934,3.475189862810843,0.21394982130345097,3.3068798129753607,5.925309254240293,5.818653143208547,4.622050278039486,4.739716740585358,6.463528141425442,6.6773807667054665,8.59550084423756,5.3570298075319105,6.749009770211521,0.0536339927617469,1.5557113845744241,4.797441953344353,0.6286116101031007,4.739599450533339
