,Returns,Semi Deviation,Sortino Ratio,ADANIPORTS Weight,ASIANPAINT Weight,BAJFINANCE Weight,BAJAJFINSV Weight,BRITANNIA Weight,DIVISLAB Weight,GRASIM Weight,HCLTECH Weight,HDFCBANK Weight,HINDALCO Weight,HINDUNILVR Weight,ICICIBANK Weight,INFY Weight,JSWSTEEL Weight,NESTLEIND Weight,POWERGRID Weight,RELIANCE Weight,TCS Weight,TATACONSUM Weight,TATASTEEL Weight,TECHM Weight,TITAN Weight,UPL Weight,WIPRO Weight
0,-0.0019783787832045856,0.4537128994742045,-0.026037486772053017,1.7151709595119495,5.412104285218871,9.138071440159855,0.35190416884002346,4.023489257132671,10.402600521235003,0.5823956100475854,5.634493408774328,1.2079846260934786,0.18807027902727755,8.417261393578016,1.3346807121375064,7.035105210373254,2.3155828083971497,10.76389038258932,8.62239411423763,3.997386364745385,2.956929149870922,3.7249491376841575,1.102027258972458,0.6099872119704793,7.387393890487469,0.2794409477252146,2.79668686119
