,Returns,Semi Deviation,Sortino Ratio,ADANIPORTS Weight,ASIANPAINT Weight,BAJFINANCE Weight,BAJAJFINSV Weight,BRITANNIA Weight,DIVISLAB Weight,GRASIM Weight,HCLTECH Weight,HDFCBANK Weight,HINDALCO Weight,HINDUNILVR Weight,ICICIBANK Weight,INFY Weight,JSWSTEEL Weight,NESTLEIND Weight,POWERGRID Weight,RELIANCE Weight,TCS Weight,TATACONSUM Weight,TATASTEEL Weight,TECHM Weight,TITAN Weight,UPL Weight,WIPRO Weight
0,-38.80722958519932,5.054333150081077,-8.386314935437008,3.2035766301075435,1.7366366221154468,2.2335827331718408,5.824372881411226,0.7623902971537864,8.04530510129679,2.5387879379842677,5.451586628483521,6.4313788443924516,0.18729842273917768,4.23540853425238,6.549690096062378,2.6655429114734197,7.4082359970803315,3.426906753771534,0.09504386988848444,3.24576102099629,0.6921732622396926,8.183139680545805,8.287491700112078,9.52788766860749,6.381403167102246,0.16547416718563512,2.7209250718261804
