,Returns,Semi Deviation,Sortino Ratio,ADANIPORTS Weight,ASIANPAINT Weight,BAJFINANCE Weight,BAJAJFINSV Weight,BRITANNIA Weight,DIVISLAB Weight,GRASIM Weight,HCLTECH Weight,HDFCBANK Weight,HINDALCO Weight,HINDUNILVR Weight,ICICIBANK Weight,INFY Weight,JSWSTEEL Weight,NESTLEIND Weight,POWERGRID Weight,RELIANCE Weight,TCS Weight,TATACONSUM Weight,TATASTEEL Weight,TECHM Weight,TITAN Weight,UPL Weight,WIPRO Weight
0,-24.043219662160123,1.9644436695137442,-14.061599266421144,4.774683257937607,6.759104949106705,6.059601285289269,6.725077955928219,1.1262770134068525,6.679015999333618,0.8566682297702337,3.9291691559922457,4.023135247673296,2.0101512771072083,0.7681174291021121,5.927465740238756,2.3832658118093573,3.001140974870273,5.691844597056533,3.7451057010953486,4.887621211668367,5.0193372892543415,6.855660268111031,2.490250169851922,0.7228667999310244,3.4085488690609753,5.161032144014845,6.994858622389839
