,Returns,Semi Deviation,Sortino Ratio,ADANIPORTS Weight,ASIANPAINT Weight,BAJFINANCE Weight,BAJAJFINSV Weight,BRITANNIA Weight,DIVISLAB Weight,GRASIM Weight,HCLTECH Weight,HDFCBANK Weight,HINDALCO Weight,HINDUNILVR Weight,ICICIBANK Weight,INFY Weight,JSWSTEEL Weight,NESTLEIND Weight,POWERGRID Weight,RELIANCE Weight,TCS Weight,TATACONSUM Weight,TATASTEEL Weight,TECHM Weight,TITAN Weight,UPL Weight,WIPRO Weight
0,-0.06502639729892838,0.5677977641204148,-0.13184546834217029,2.6066794140538625,6.478548620631148,0.9745385468451662,7.56542058781164,5.771935347885414,8.573773776741742,1.3543389656609561,4.495535050694375,1.3401418189973582,0.06990621032849635,7.81376594748963,0.9008063328929882,7.319928550412409,2.4026889472548616,7.16181456848649,0.46037145482321196,5.24990618411759,4.4694295397540476,4.935116425619078,3.6945851379320125,3.8165065275607972,6.964554798639323,0.35024122888179443,5.229466016485566
