,Returns,Semi Deviation,Sortino Ratio,ADANIPORTS Weight,ASIANPAINT Weight,BAJFINANCE Weight,BAJAJFINSV Weight,BRITANNIA Weight,DIVISLAB Weight,GRASIM Weight,HCLTECH Weight,HDFCBANK Weight,HINDALCO Weight,HINDUNILVR Weight,ICICIBANK Weight,INFY Weight,JSWSTEEL Weight,NESTLEIND Weight,POWERGRID Weight,RELIANCE Weight,TCS Weight,TATACONSUM Weight,TATASTEEL Weight,TECHM Weight,TITAN Weight,UPL Weight,WIPRO Weight
0,-33.24983921211336,4.706366259294224,-7.825536131910912,0.37708638657291405,0.36286518147851377,3.6694960215278947,4.416544727623227,1.246684357609957,5.875202369238049,3.413328852881539,4.3630089760854665,4.667657364444554,4.564035284648544,0.11094324806481129,4.438577290301966,6.701232383294464,4.10104859909441,5.630024307869532,3.275389892811035,6.1489174561806275,3.724643769265265,5.337378643919586,5.1310551602194,1.6530751360512754,7.186923241161349,6.316180540793721,7.288700808861884
