,Returns,Semi Deviation,Sortino Ratio,ADANIPORTS Weight,ASIANPAINT Weight,BAJFINANCE Weight,BAJAJFINSV Weight,BRITANNIA Weight,DIVISLAB Weight,GRASIM Weight,HCLTECH Weight,HDFCBANK Weight,HINDALCO Weight,HINDUNILVR Weight,ICICIBANK Weight,INFY Weight,JSWSTEEL Weight,NESTLEIND Weight,POWERGRID Weight,RELIANCE Weight,TCS Weight,TATACONSUM Weight,TATASTEEL Weight,TECHM Weight,TITAN Weight,UPL Weight,WIPRO Weight
0,-40.114668297640335,5.055904395390236,-8.642305091346135,1.129966286413763,0.678760179643667,8.931755486586772,6.056030052247528,2.4272365863682466,0.4126451474852711,6.5617376915764805,6.510312751070855,0.8521601564720429,2.1040154997436287,4.186831980364899,1.1499624296554913,8.16166387980688,6.033731942758925,8.918435872690265,8.158685629141301,0.8067736128055286,2.190619002720016,6.446513229971352,5.839096885486891,2.21520026349474,4.047704296318795,4.822402106617015,1.3577590305596328
