,Returns,Semi Deviation,Sortino Ratio,ADANIPORTS Weight,ASIANPAINT Weight,BAJFINANCE Weight,BAJAJFINSV Weight,BRITANNIA Weight,DIVISLAB Weight,GRASIM Weight,HCLTECH Weight,HDFCBANK Weight,HINDALCO Weight,HINDUNILVR Weight,ICICIBANK Weight,INFY Weight,JSWSTEEL Weight,NESTLEIND Weight,POWERGRID Weight,RELIANCE Weight,TCS Weight,TATACONSUM Weight,TATASTEEL Weight,TECHM Weight,TITAN Weight,UPL Weight,WIPRO Weight
0,-24.919017652290012,2.3420335154797125,-12.168492664142185,3.037505810495115,4.354375391679211,6.312936782482054,3.140102977389724,2.3765157373937376,2.3115581310161857,5.76850409194339,1.9427789839401495,6.3532799763007475,0.23466474356620862,4.9849278885996995,2.910746603864424,2.7640160219364733,4.591408480424637,7.567943797099994,4.51192814996666,3.2868941305975237,7.734866563711465,0.9793910008136059,7.353049166172414,2.6513755306089504,2.190693352097004,5.9978408440661966,6.642695843834439
