,Returns,Semi Deviation,Sortino Ratio,ADANIPORTS Weight,ASIANPAINT Weight,BAJFINANCE Weight,BAJAJFINSV Weight,BRITANNIA Weight,DIVISLAB Weight,GRASIM Weight,HCLTECH Weight,HDFCBANK Weight,HINDALCO Weight,HINDUNILVR Weight,ICICIBANK Weight,INFY Weight,JSWSTEEL Weight,NESTLEIND Weight,POWERGRID Weight,RELIANCE Weight,TCS Weight,TATACONSUM Weight,TATASTEEL Weight,TECHM Weight,TITAN Weight,UPL Weight,WIPRO Weight
0,-41.85939471167214,5.202045735141438,-8.734908731139152,0.7243202042220509,1.4047121074362923,6.266479728860776,6.7327879746349835,0.4870052878337392,3.251059260514714,0.12537703007653933,1.040739069101611,7.740946871435654,0.27345039957539596,2.355868637504831,6.715738772126201,6.945868893619375,0.7234128273420234,2.7039401499795748,4.012121909896401,5.339784760312676,7.06176564523477,7.361368090525977,7.839560510892795,0.9792229890212019,4.869444543223146,7.785400822301345,7.259623514327938
