,Returns,Semi Deviation,Sortino Ratio,ADANIPORTS Weight,ASIANPAINT Weight,BAJFINANCE Weight,BAJAJFINSV Weight,BRITANNIA Weight,DIVISLAB Weight,GRASIM Weight,HCLTECH Weight,HDFCBANK Weight,HINDALCO Weight,HINDUNILVR Weight,ICICIBANK Weight,INFY Weight,JSWSTEEL Weight,NESTLEIND Weight,POWERGRID Weight,RELIANCE Weight,TCS Weight,TATACONSUM Weight,TATASTEEL Weight,TECHM Weight,TITAN Weight,UPL Weight,WIPRO Weight
0,0.21119350501058362,0.5974510677447892,0.33702900713775646,0.8441642427716441,0.3923602662257568,6.096419147997546,4.14872475744087,3.557758219583161,9.99723501644935,0.4895579353599884,2.0145275768397597,5.030185223086544,5.309479943866924,6.778481988046425,2.1717241785224926,1.5542914102209033,3.7499847476205175,7.311017411222689,0.3638624395173444,9.17953110627147,1.7046793065147097,9.890309053555288,7.941405877302834,1.6187765100434133,5.971830416659371,0.18871640086363994,3.6949768240173477
