,Returns,Semi Deviation,Sortino Ratio,ADANIPORTS Weight,ASIANPAINT Weight,BAJFINANCE Weight,BAJAJFINSV Weight,BRITANNIA Weight,DIVISLAB Weight,GRASIM Weight,HCLTECH Weight,HDFCBANK Weight,HINDALCO Weight,HINDUNILVR Weight,ICICIBANK Weight,INFY Weight,JSWSTEEL Weight,NESTLEIND Weight,POWERGRID Weight,RELIANCE Weight,TCS Weight,TATACONSUM Weight,TATASTEEL Weight,TECHM Weight,TITAN Weight,UPL Weight,WIPRO Weight
0,-25.08797352662826,2.662753820527667,-10.766287632608577,7.453870712296117,2.8848309191088464,2.2012386040038168,0.2609486745022527,0.588131415714609,8.378917564991047,0.9608402609366974,7.453004963386851,7.446226640816827,3.8075151064857917,0.2915782678916948,5.7552595755445495,4.694298156334556,7.393830708567954,4.068854890532083,2.0802029041426504,4.788530765482523,8.072844095898944,3.7470941531506354,1.0330063258359619,3.950804987142625,3.224195444864956,3.9693939561310274,5.494580906236977
