,Returns,Semi Deviation,Sortino Ratio,ADANIPORTS Weight,ASIANPAINT Weight,BAJFINANCE Weight,BAJAJFINSV Weight,BRITANNIA Weight,DIVISLAB Weight,GRASIM Weight,HCLTECH Weight,HDFCBANK Weight,HINDALCO Weight,HINDUNILVR Weight,ICICIBANK Weight,INFY Weight,JSWSTEEL Weight,NESTLEIND Weight,POWERGRID Weight,RELIANCE Weight,TCS Weight,TATACONSUM Weight,TATASTEEL Weight,TECHM Weight,TITAN Weight,UPL Weight,WIPRO Weight
0,-29.18577256416212,3.112527318988402,-10.527063445923835,6.051383778346295,3.4591395719076266,2.672414853758157,5.468133009777136,1.9321362872339827,5.162174068289421,1.287194863787784,4.7332800037385265,6.093373687601325,1.1034626784986064,5.381660384348397,5.258865903451957,4.777710721490794,0.8317707045897441,5.560287815299395,5.753921094130134,5.966721638050385,5.333216714876929,6.268585718323734,0.6794966894187868,3.725437955176424,4.896632969499659,3.3707741487078438,4.232224739696961
