,Returns,Semi Deviation,Sortino Ratio,ADANIPORTS Weight,ASIANPAINT Weight,BAJFINANCE Weight,BAJAJFINSV Weight,BRITANNIA Weight,DIVISLAB Weight,GRASIM Weight,HCLTECH Weight,HDFCBANK Weight,HINDALCO Weight,HINDUNILVR Weight,ICICIBANK Weight,INFY Weight,JSWSTEEL Weight,NESTLEIND Weight,POWERGRID Weight,RELIANCE Weight,TCS Weight,TATACONSUM Weight,TATASTEEL Weight,TECHM Weight,TITAN Weight,UPL Weight,WIPRO Weight
0,0.2204454700221061,0.2819187656067439,0.7470602559346023,2.2764510743487976,7.046595274486665,3.597842714671101,2.554492502778812,0.686992229992527,7.89818849277895,1.6664957391777167,3.9811764804199417,3.370627619581295,0.24894081831720238,8.097991774658993,1.823717835000637,2.4443978943224245,9.119318792180495,7.798814201412927,2.111946175151338,4.76020594480469,3.2611073431891233,8.544321949287902,8.137583947505592,1.8917370793456691,3.4243663315187143,0.010149304274999582,5.246538480793485
