,Returns,Semi Deviation,Sortino Ratio,ADANIPORTS Weight,ASIANPAINT Weight,BAJFINANCE Weight,BAJAJFINSV Weight,BRITANNIA Weight,DIVISLAB Weight,GRASIM Weight,HCLTECH Weight,HDFCBANK Weight,HINDALCO Weight,HINDUNILVR Weight,ICICIBANK Weight,INFY Weight,JSWSTEEL Weight,NESTLEIND Weight,POWERGRID Weight,RELIANCE Weight,TCS Weight,TATACONSUM Weight,TATASTEEL Weight,TECHM Weight,TITAN Weight,UPL Weight,WIPRO Weight
0,-29.10485184592967,3.3441014891938807,-9.77388154981163,5.558217882180661,7.0751293224751075,4.537615611907643,2.5255998902404353,4.682077581435302,5.885769292865855,0.8956050221368375,3.873929460071595,4.311329109373298,6.5724206917547265,2.6346286920668645,0.16558820811635086,3.190171457031655,4.874571849674278,4.920311619045225,1.7865131698791052,3.2442855093375926,4.7082731229582855,3.9542435442445547,6.441598482692138,6.295804729353397,3.917785603712648,3.708040346253173,4.2404898011932755
