,Returns,Semi Deviation,Sortino Ratio,ADANIPORTS Weight,ASIANPAINT Weight,BAJFINANCE Weight,BAJAJFINSV Weight,BRITANNIA Weight,DIVISLAB Weight,GRASIM Weight,HCLTECH Weight,HDFCBANK Weight,HINDALCO Weight,HINDUNILVR Weight,ICICIBANK Weight,INFY Weight,JSWSTEEL Weight,NESTLEIND Weight,POWERGRID Weight,RELIANCE Weight,TCS Weight,TATACONSUM Weight,TATASTEEL Weight,TECHM Weight,TITAN Weight,UPL Weight,WIPRO Weight
0,-24.38121759644934,2.449595624061857,-11.414625876121043,0.8766888965180945,0.6213446630027841,5.785184827333582,5.927694038014466,3.4167891661988947,4.240750633272881,6.584899138296796,3.817511894298172,5.045651500853145,6.332331976170559,5.772684684863992,2.7651141348662445,0.07183481693070856,4.157964177135818,6.515695311375688,0.7946927812737392,2.8657864550118273,3.3966692709244373,7.754627198679005,6.420432712613968,1.7000362206622421,5.945907988676052,6.27186809315824,2.9178394198686526
