,Returns,Semi Deviation,Sortino Ratio,ADANIPORTS Weight,ASIANPAINT Weight,BAJFINANCE Weight,BAJAJFINSV Weight,BRITANNIA Weight,DIVISLAB Weight,GRASIM Weight,HCLTECH Weight,HDFCBANK Weight,HINDALCO Weight,HINDUNILVR Weight,ICICIBANK Weight,INFY Weight,JSWSTEEL Weight,NESTLEIND Weight,POWERGRID Weight,RELIANCE Weight,TCS Weight,TATACONSUM Weight,TATASTEEL Weight,TECHM Weight,TITAN Weight,UPL Weight,WIPRO Weight
0,-26.43790288082367,3.065361521037593,-9.79261423972691,4.33585832530734,2.834459828601321,1.3377754092721956,2.3698487097043053,1.9646297672571909,7.872478872189002,2.21237748739129,7.649495088697766,5.3655927957659975,0.5829480985728368,1.474538714450287,1.7108137540785884,7.458455205853048,3.6643446601474103,2.172208825903482,2.068973859120814,5.838847059993105,3.3059747552426773,4.874138534562196,4.320906393353411,6.861186364052328,6.253212418794312,4.387247846684559,9.08368722500454
