,Returns,Semi Deviation,Sortino Ratio,ADANIPORTS Weight,ASIANPAINT Weight,BAJFINANCE Weight,BAJAJFINSV Weight,BRITANNIA Weight,DIVISLAB Weight,GRASIM Weight,HCLTECH Weight,HDFCBANK Weight,HINDALCO Weight,HINDUNILVR Weight,ICICIBANK Weight,INFY Weight,JSWSTEEL Weight,NESTLEIND Weight,POWERGRID Weight,RELIANCE Weight,TCS Weight,TATACONSUM Weight,TATASTEEL Weight,TECHM Weight,TITAN Weight,UPL Weight,WIPRO Weight
0,-27.300113700412144,2.7557620753759635,-11.205653048331188,5.8345931825317345,2.766857091132312,7.7667971800373286,8.605002630965691,0.7431124274966611,8.454251902358157,1.7235098745706983,1.860221514816967,1.0587393871853377,0.7062562318750379,7.108245810400611,4.048876432065575,1.5390818440110854,4.6102193558152145,3.7786932333907814,0.712908846913662,8.307830591193072,0.6421413084946479,3.468471188620178,8.51195319975908,1.5186206208277,1.0213944702729603,7.594809629139003,7.617412046126497
