,Returns,Semi Deviation,Sortino Ratio,ADANIPORTS Weight,ASIANPAINT Weight,BAJFINANCE Weight,BAJAJFINSV Weight,BRITANNIA Weight,DIVISLAB Weight,GRASIM Weight,HCLTECH Weight,HDFCBANK Weight,HINDALCO Weight,HINDUNILVR Weight,ICICIBANK Weight,INFY Weight,JSWSTEEL Weight,NESTLEIND Weight,POWERGRID Weight,RELIANCE Weight,TCS Weight,TATACONSUM Weight,TATASTEEL Weight,TECHM Weight,TITAN Weight,UPL Weight,WIPRO Weight
0,0.04268248912721956,0.4292790812442922,0.07651741192895938,1.1453435361606654,6.090603995927102,0.7840848526177274,3.3963147918940226,1.9188046455518943,8.068698676747903,0.6679063548339516,6.481453679930362,2.3041054792365583,0.7303306618486027,8.381939659785665,2.28831368944289,9.01981605966016,4.912928308338899,8.959306679709583,1.5816627355113042,5.305489587600102,8.022664485967562,6.629945392376848,5.61690888733595,2.5219961109810694,1.2787090967654797,0.47812049785690336,3.414552133918796
