,Returns,Semi Deviation,Sortino Ratio,ADANIPORTS Weight,ASIANPAINT Weight,BAJFINANCE Weight,BAJAJFINSV Weight,BRITANNIA Weight,DIVISLAB Weight,GRASIM Weight,HCLTECH Weight,HDFCBANK Weight,HINDALCO Weight,HINDUNILVR Weight,ICICIBANK Weight,INFY Weight,JSWSTEEL Weight,NESTLEIND Weight,POWERGRID Weight,RELIANCE Weight,TCS Weight,TATACONSUM Weight,TATASTEEL Weight,TECHM Weight,TITAN Weight,UPL Weight,WIPRO Weight
0,-0.06910909366349396,0.6142796378635706,-0.12851518043675092,0.32481217451577793,1.7598441851099358,9.368441091619726,1.2587526085276484,2.149479469200798,7.828333483918643,0.07909330164950872,3.6182465021290784,7.992158982607968,0.050279949549484115,1.0329143405099308,0.9071447109714036,4.640129357326913,1.268738444744274,4.563484487824435,0.5654045509647898,9.224533090709446,6.445619954120339,7.286322478077099,6.768674601900762,0.6187663030885647,9.928496984993796,2.2880691944172247,10.032259751522462
