,Returns,Semi Deviation,Sortino Ratio,ADANIPORTS Weight,ASIANPAINT Weight,BAJFINANCE Weight,BAJAJFINSV Weight,BRITANNIA Weight,DIVISLAB Weight,GRASIM Weight,HCLTECH Weight,HDFCBANK Weight,HINDALCO Weight,HINDUNILVR Weight,ICICIBANK Weight,INFY Weight,JSWSTEEL Weight,NESTLEIND Weight,POWERGRID Weight,RELIANCE Weight,TCS Weight,TATACONSUM Weight,TATASTEEL Weight,TECHM Weight,TITAN Weight,UPL Weight,WIPRO Weight
0,0.23127763449056699,0.30605941722501745,0.7235277112633192,1.8542769784847468,6.837121501824314,2.99087602279866,2.3428786923233416,4.355425117692762,5.43563158383389,0.0001330725679676265,6.078504283996073,3.681540209900885,0.16054035701175529,6.037563754882469,3.602873467546562,6.103399981192796,7.050833565940927,5.394868077661025,6.206290297060307,2.7908116842738226,7.72526553583,7.707343246729901,0.5677152905125619,0.45324635395240137,6.5254936527041565,0.5066427122366823,5.5907245590419885
