,Returns,Semi Deviation,Sortino Ratio,ADANIPORTS Weight,ASIANPAINT Weight,BAJFINANCE Weight,BAJAJFINSV Weight,BRITANNIA Weight,DIVISLAB Weight,GRASIM Weight,HCLTECH Weight,HDFCBANK Weight,HINDALCO Weight,HINDUNILVR Weight,ICICIBANK Weight,INFY Weight,JSWSTEEL Weight,NESTLEIND Weight,POWERGRID Weight,RELIANCE Weight,TCS Weight,TATACONSUM Weight,TATASTEEL Weight,TECHM Weight,TITAN Weight,UPL Weight,WIPRO Weight
0,-32.08597412825963,4.490194519068271,-7.943079966090294,1.576462445750927,5.945247667029337,4.565114794353006,1.4377069929283832,0.18938301340250174,2.3443280836835405,0.19352268019420205,2.4608744439412926,2.80271543992387,7.177756448177684,6.443606143578899,4.127581396157991,4.019187943400517,6.513605908260484,3.1127535535369706,5.5608462403417835,5.339260074060975,4.80538560620766,7.5335932136311285,3.8493588398833154,7.033759906657079,2.03094988163735,4.845853313454415,6.091145969806696
