,Returns,Semi Deviation,Sortino Ratio,ADANIPORTS Weight,ASIANPAINT Weight,BAJFINANCE Weight,BAJAJFINSV Weight,BRITANNIA Weight,DIVISLAB Weight,GRASIM Weight,HCLTECH Weight,HDFCBANK Weight,HINDALCO Weight,HINDUNILVR Weight,ICICIBANK Weight,INFY Weight,JSWSTEEL Weight,NESTLEIND Weight,POWERGRID Weight,RELIANCE Weight,TCS Weight,TATACONSUM Weight,TATASTEEL Weight,TECHM Weight,TITAN Weight,UPL Weight,WIPRO Weight
0,-0.08258735721361199,0.6108667210352349,-0.15129735974509878,3.969332658477925,7.330750491064075,8.09561563036214,6.863014851929561,0.4186355879553138,6.300692580675625,1.805621272009725,0.04299008735303155,3.229348142534441,0.2518560154989191,7.916099436022128,0.21208508871876033,0.9239348097992937,2.264687251989552,7.27148286881837,1.7390603583809598,5.851776698259457,4.634412619008318,7.870254634568084,2.949089901920892,3.5947311198077614,7.814814294535785,1.1690097713493615,7.480703828960536
