,Returns,Semi Deviation,Sortino Ratio,ADANIPORTS Weight,ASIANPAINT Weight,BAJFINANCE Weight,BAJAJFINSV Weight,BRITANNIA Weight,DIVISLAB Weight,GRASIM Weight,HCLTECH Weight,HDFCBANK Weight,HINDALCO Weight,HINDUNILVR Weight,ICICIBANK Weight,INFY Weight,JSWSTEEL Weight,NESTLEIND Weight,POWERGRID Weight,RELIANCE Weight,TCS Weight,TATACONSUM Weight,TATASTEEL Weight,TECHM Weight,TITAN Weight,UPL Weight,WIPRO Weight
0,-37.53889253286323,4.375716669554827,-9.397064672618884,3.9044035671976394,6.047903151875202,7.503226006880712,3.9342638565698107,1.612159837971688,5.204119902857589,5.447743349490307,3.0111564000594284,1.7290833717111094,0.15697259983733633,3.2860399248699186,1.2158529093679518,2.7063479463654367,1.3633560024469606,5.599194627472917,4.964572016932053,2.0925271305354163,2.13878514848612,8.227998670869693,8.32041805466155,4.0470646932068055,7.391374694464579,3.3318430906895435,6.763593045180234
