,Returns,Semi Deviation,Sortino Ratio,ADANIPORTS Weight,ASIANPAINT Weight,BAJFINANCE Weight,BAJAJFINSV Weight,BRITANNIA Weight,DIVISLAB Weight,GRASIM Weight,HCLTECH Weight,HDFCBANK Weight,HINDALCO Weight,HINDUNILVR Weight,ICICIBANK Weight,INFY Weight,JSWSTEEL Weight,NESTLEIND Weight,POWERGRID Weight,RELIANCE Weight,TCS Weight,TATACONSUM Weight,TATASTEEL Weight,TECHM Weight,TITAN Weight,UPL Weight,WIPRO Weight
0,-31.887863587367825,3.753095297454026,-9.450296562261032,0.43778642174300303,1.108126669036838,9.338427452660197,2.451867721899899,1.9100702736046304,5.946147536511447,0.2284268178408566,1.2332680706559027,4.569104283164009,7.2309134925647625,2.525692111806167,0.6420575537869729,9.440292486392625,3.871575718044557,4.98886685776804,6.48847080115231,2.5067573370353586,1.065028149094679,7.1601587650220235,8.675625379452805,6.545404278217205,3.557340887280691,3.277878390204362,4.800712545060678
