,Returns,Semi Deviation,Sortino Ratio,ADANIPORTS Weight,ASIANPAINT Weight,BAJFINANCE Weight,BAJAJFINSV Weight,BRITANNIA Weight,DIVISLAB Weight,GRASIM Weight,HCLTECH Weight,HDFCBANK Weight,HINDALCO Weight,HINDUNILVR Weight,ICICIBANK Weight,INFY Weight,JSWSTEEL Weight,NESTLEIND Weight,POWERGRID Weight,RELIANCE Weight,TCS Weight,TATACONSUM Weight,TATASTEEL Weight,TECHM Weight,TITAN Weight,UPL Weight,WIPRO Weight
0,0.12058998120329245,0.6690130256516311,0.16554956648302976,1.3403645796380683,5.7175180450550585,5.420445740371919,8.276706342125216,3.468198614938231,6.94777069165426,0.5150223723130942,1.0528398650759088,0.014896784718661921,1.6108126870332706,10.010878610302761,1.7444288821433653,2.0615854279471555,0.16815719702621723,9.420207247367216,0.5681851939626164,9.077902488688526,8.754769659556638,10.575211822615199,0.5109255337796532,3.3789407762053822,5.302396482417585,3.5449111868690353,0.516923768194924
