,Returns,Semi Deviation,Sortino Ratio,ADANIPORTS Weight,ASIANPAINT Weight,BAJFINANCE Weight,BAJAJFINSV Weight,BRITANNIA Weight,DIVISLAB Weight,GRASIM Weight,HCLTECH Weight,HDFCBANK Weight,HINDALCO Weight,HINDUNILVR Weight,ICICIBANK Weight,INFY Weight,JSWSTEEL Weight,NESTLEIND Weight,POWERGRID Weight,RELIANCE Weight,TCS Weight,TATACONSUM Weight,TATASTEEL Weight,TECHM Weight,TITAN Weight,UPL Weight,WIPRO Weight
0,0.11828768407949762,0.4257592450750607,0.25472733827591404,1.0614499856486028,1.46951644165802,7.935591357034577,0.4171462415230538,1.2389225368162207,10.154527339720413,1.6300267890525952,4.237900036983111,5.020689160111118,0.74362343433455,10.106075900999604,0.4143285156727456,0.7187875024123523,3.009128822137371,5.08620354420725,3.702250891371456,1.2652065541644024,6.946036971070233,10.224943980783205,4.746296358186086,2.8524331083103514,7.569373200470671,0.6093080845616369,8.840233242770383
