,Returns,Semi Deviation,Sortino Ratio,ADANIPORTS Weight,ASIANPAINT Weight,BAJFINANCE Weight,BAJAJFINSV Weight,BRITANNIA Weight,DIVISLAB Weight,GRASIM Weight,HCLTECH Weight,HDFCBANK Weight,HINDALCO Weight,HINDUNILVR Weight,ICICIBANK Weight,INFY Weight,JSWSTEEL Weight,NESTLEIND Weight,POWERGRID Weight,RELIANCE Weight,TCS Weight,TATACONSUM Weight,TATASTEEL Weight,TECHM Weight,TITAN Weight,UPL Weight,WIPRO Weight
0,0.1965004542103371,0.5768622016006518,0.32358731228570986,2.0959390658888597,1.6976322815284999,7.61799033763564,1.1213404762620833,5.12987568392779,8.964473640270173,0.2915807138858272,8.517913153794106,0.46935229897427744,0.017063481562162156,1.3352104398994065,7.640704786908029,1.6215061072790953,0.44662236325865146,8.641962399202,1.7989769820043684,10.016035760363849,7.620256010573023,7.405198917333979,1.816884345584658,3.0696412581474504,7.991809910464426,1.5940674038639615,3.0779621813876727
