,Returns,Semi Deviation,Sortino Ratio,ADANIPORTS Weight,ASIANPAINT Weight,BAJFINANCE Weight,BAJAJFINSV Weight,BRITANNIA Weight,DIVISLAB Weight,GRASIM Weight,HCLTECH Weight,HDFCBANK Weight,HINDALCO Weight,HINDUNILVR Weight,ICICIBANK Weight,INFY Weight,JSWSTEEL Weight,NESTLEIND Weight,POWERGRID Weight,RELIANCE Weight,TCS Weight,TATACONSUM Weight,TATASTEEL Weight,TECHM Weight,TITAN Weight,UPL Weight,WIPRO Weight
0,-34.905744623985385,4.903396572044413,-7.848792986356234,6.242219802242288,2.159174385007581,7.317836530729073,5.600953998805092,0.5155505418783956,6.584820918433736,1.6600792369353052,3.1154930442477387,6.572202646647474,0.18971110038656616,4.1906593496439815,0.8960137476466311,3.450444925643166,3.68147162700616,5.372824826292591,0.16319689227597292,6.655202481916364,7.080924075719504,2.0737210673843154,6.191599162995213,5.094718621454708,6.305134719255802,6.546629192885164,2.3394171045671746
