,Returns,Semi Deviation,Sortino Ratio,ADANIPORTS Weight,ASIANPAINT Weight,BAJFINANCE Weight,BAJAJFINSV Weight,BRITANNIA Weight,DIVISLAB Weight,GRASIM Weight,HCLTECH Weight,HDFCBANK Weight,HINDALCO Weight,HINDUNILVR Weight,ICICIBANK Weight,INFY Weight,JSWSTEEL Weight,NESTLEIND Weight,POWERGRID Weight,RELIANCE Weight,TCS Weight,TATACONSUM Weight,TATASTEEL Weight,TECHM Weight,TITAN Weight,UPL Weight,WIPRO Weight
0,-31.622508938851652,4.1477341573329625,-8.487166149888267,6.04235903050941,3.6613985737756973,3.2602530461894217,0.37630789099009965,0.10012550064756487,7.010605465485534,5.7812945634726045,7.874289259714623,0.15122246320152932,1.7235815247129478,4.691022618449389,7.2579251605493456,4.715905544912928,6.196174929623729,7.027806453190408,1.931459464565359,0.5431037697246536,6.2777883495368405,4.866514235002888,4.213136225776162,1.889180144143916,6.9254387778563355,0.6321775474658252,6.850929460502803
