,Returns,Semi Deviation,Sortino Ratio,ADANIPORTS Weight,ASIANPAINT Weight,BAJFINANCE Weight,BAJAJFINSV Weight,BRITANNIA Weight,DIVISLAB Weight,GRASIM Weight,HCLTECH Weight,HDFCBANK Weight,HINDALCO Weight,HINDUNILVR Weight,ICICIBANK Weight,INFY Weight,JSWSTEEL Weight,NESTLEIND Weight,POWERGRID Weight,RELIANCE Weight,TCS Weight,TATACONSUM Weight,TATASTEEL Weight,TECHM Weight,TITAN Weight,UPL Weight,WIPRO Weight
0,-29.546819252911718,3.779136301720086,-8.765711688629473,3.3792445990315425,5.058775005969955,0.5792821480824457,4.91907997165355,2.1601215503931144,6.754849702211013,1.1824011504852328,6.2020016998158995,0.9013120483706825,4.482488338210256,0.6036450571911673,6.668029460302269,6.670409745154431,7.545227952529721,1.6854718486120357,4.800213742493421,4.399013114133785,0.19368256686568133,3.829419540178785,6.638393355699298,3.609713994871728,7.2876115162108634,3.64314901045348,6.806462881079647
