,Returns,Semi Deviation,Sortino Ratio,ADANIPORTS Weight,ASIANPAINT Weight,BAJFINANCE Weight,BAJAJFINSV Weight,BRITANNIA Weight,DIVISLAB Weight,GRASIM Weight,HCLTECH Weight,HDFCBANK Weight,HINDALCO Weight,HINDUNILVR Weight,ICICIBANK Weight,INFY Weight,JSWSTEEL Weight,NESTLEIND Weight,POWERGRID Weight,RELIANCE Weight,TCS Weight,TATACONSUM Weight,TATASTEEL Weight,TECHM Weight,TITAN Weight,UPL Weight,WIPRO Weight
0,-39.16626622754244,4.656303066039386,-9.180301544225314,2.556945548154459,0.010343623167436998,3.028341368830718,0.053145480389685806,0.9965727409560383,7.973024278023863,3.4012602591756966,1.1926341366362019,0.6239506652605269,6.366606471567912,11.02566426798489,2.60694450737047,0.8774496282280948,0.0764787032111167,3.202728213611259,3.551960138369809,7.940128394134114,12.845294905072373,9.843011625431705,7.095313099478457,7.470394970022638,3.5627335894179204,0.1966326925546069,3.5024406929500116
