,Returns,Semi Deviation,Sortino Ratio,ADANIPORTS Weight,ASIANPAINT Weight,BAJFINANCE Weight,BAJAJFINSV Weight,BRITANNIA Weight,DIVISLAB Weight,GRASIM Weight,HCLTECH Weight,HDFCBANK Weight,HINDALCO Weight,HINDUNILVR Weight,ICICIBANK Weight,INFY Weight,JSWSTEEL Weight,NESTLEIND Weight,POWERGRID Weight,RELIANCE Weight,TCS Weight,TATACONSUM Weight,TATASTEEL Weight,TECHM Weight,TITAN Weight,UPL Weight,WIPRO Weight
0,-34.28489628453663,3.633297807138332,-10.421632988670389,5.361976914297632,1.6942793292296456,0.9361134945889688,4.948849385173338,5.514867077815175,7.366989203307144,1.5591255885391968,2.352755701206944,1.8059169493179932,4.289477676203224,7.9103869323584055,2.8539303242176457,3.3853420155587095,7.323561124499185,1.5752900770561442,6.928987623222185,4.705184077717503,4.531200148382873,7.832889525040495,0.7046542714931716,4.845488306715116,3.5115060671385914,3.621716289176334,4.4395118977443655
