,Returns,Semi Deviation,Sortino Ratio,ADANIPORTS Weight,ASIANPAINT Weight,BAJFINANCE Weight,BAJAJFINSV Weight,BRITANNIA Weight,DIVISLAB Weight,GRASIM Weight,HCLTECH Weight,HDFCBANK Weight,HINDALCO Weight,HINDUNILVR Weight,ICICIBANK Weight,INFY Weight,JSWSTEEL Weight,NESTLEIND Weight,POWERGRID Weight,RELIANCE Weight,TCS Weight,TATACONSUM Weight,TATASTEEL Weight,TECHM Weight,TITAN Weight,UPL Weight,WIPRO Weight
0,-23.542730054495355,2.1669948695016252,-12.516287157031044,0.22852332080936294,0.7632554378782349,4.367259427227408,4.062640653889674,1.158113397597579,5.6693213506760065,0.6381670146422327,9.20361770267339,4.024532476571471,0.919908826683298,1.9829688726624983,3.558085950732322,5.617749832128883,5.41938088134778,3.8357813160466034,10.071510875264998,7.671276343980561,5.812381091523946,9.478978602064734,5.566810062513436,0.9392667437706682,1.7924871999877376,2.035227760332504,5.182754858994668
