,Returns,Semi Deviation,Sortino Ratio,ADANIPORTS Weight,ASIANPAINT Weight,BAJFINANCE Weight,BAJAJFINSV Weight,BRITANNIA Weight,DIVISLAB Weight,GRASIM Weight,HCLTECH Weight,HDFCBANK Weight,HINDALCO Weight,HINDUNILVR Weight,ICICIBANK Weight,INFY Weight,JSWSTEEL Weight,NESTLEIND Weight,POWERGRID Weight,RELIANCE Weight,TCS Weight,TATACONSUM Weight,TATASTEEL Weight,TECHM Weight,TITAN Weight,UPL Weight,WIPRO Weight
0,-30.91995434109231,3.3447546207726777,-10.314644346951349,3.0956957450133507,8.37049083992482,6.897616273671889,1.82764753727415,2.9942789882077547,7.066177277841806,1.518571923061708,5.195554273076328,4.090346349187161,2.9029251852691296,4.980845797467158,0.9378235209778377,6.306204092569274,1.0674506232108816,7.485509674083247,6.453696775485554,4.433220558229216,8.10812555827063,0.12320916701664877,6.583086818489125,2.664889714698129,4.91641894025502,1.010145010547128,0.9700693561720631
