,Returns,Semi Deviation,Sortino Ratio,ADANIPORTS Weight,ASIANPAINT Weight,BAJFINANCE Weight,BAJAJFINSV Weight,BRITANNIA Weight,DIVISLAB Weight,GRASIM Weight,HCLTECH Weight,HDFCBANK Weight,HINDALCO Weight,HINDUNILVR Weight,ICICIBANK Weight,INFY Weight,JSWSTEEL Weight,NESTLEIND Weight,POWERGRID Weight,RELIANCE Weight,TCS Weight,TATACONSUM Weight,TATASTEEL Weight,TECHM Weight,TITAN Weight,UPL Weight,WIPRO Weight
0,-26.873463301893285,2.540331523369459,-11.98798779676609,6.648650475287566,1.1642657247434798,6.55784505583385,5.327044255275205,0.031121693569262088,6.544031837338235,7.818808927699586,1.019753407601707,7.600445546453461,2.0523855382401877,3.1760592069398386,3.046866340190714,1.7907965098547494,6.023470504064779,4.561191505077587,5.9870159470599935,4.311674034098367,2.5257766783620976,8.262358108561815,4.515295444729773,2.312172391899069,5.311094649637759,1.6676345645916575,1.7442416528892766
