,Returns,Semi Deviation,Sortino Ratio,ADANIPORTS Weight,ASIANPAINT Weight,BAJFINANCE Weight,BAJAJFINSV Weight,BRITANNIA Weight,DIVISLAB Weight,GRASIM Weight,HCLTECH Weight,HDFCBANK Weight,HINDALCO Weight,HINDUNILVR Weight,ICICIBANK Weight,INFY Weight,JSWSTEEL Weight,NESTLEIND Weight,POWERGRID Weight,RELIANCE Weight,TCS Weight,TATACONSUM Weight,TATASTEEL Weight,TECHM Weight,TITAN Weight,UPL Weight,WIPRO Weight
0,-24.68746196264879,2.4614620540592034,-11.484012892269797,1.566241725361805,5.464257310493714,0.8626430698755408,0.891084047674846,2.1028224050838524,3.818731750943257,8.201626459060577,8.158063267440415,8.026240506507957,4.107201232451959,5.189583197638062,4.099986983325567,3.958579403835955,2.5785256002088572,6.271520573486206,6.0652636336041015,7.193994727461737,2.4575528709559307,6.100009281907178,0.1900315287726197,1.999458351074767,2.860305010135902,7.106782547621618,0.7294945150775661
