,Returns,Semi Deviation,Sortino Ratio,ADANIPORTS Weight,ASIANPAINT Weight,BAJFINANCE Weight,BAJAJFINSV Weight,BRITANNIA Weight,DIVISLAB Weight,GRASIM Weight,HCLTECH Weight,HDFCBANK Weight,HINDALCO Weight,HINDUNILVR Weight,ICICIBANK Weight,INFY Weight,JSWSTEEL Weight,NESTLEIND Weight,POWERGRID Weight,RELIANCE Weight,TCS Weight,TATACONSUM Weight,TATASTEEL Weight,TECHM Weight,TITAN Weight,UPL Weight,WIPRO Weight
0,0.2322331036842224,0.2658184837103995,0.836653402520168,1.8849013852400083,0.6797537347985976,3.6214316133901754,5.3499248846522285,1.7047946557697133,3.8250184731339996,1.8084486634521593,1.6567832450237838,2.7641280081801356,0.8274902719182335,8.956632916158403,2.1814370643055656,1.321547882860238,3.4365346235625753,9.55874383941894,0.6738849950257682,7.282327267429897,4.808205767136392,6.335732315344942,9.536828529793036,3.89160155057022,8.896410626145164,0.6312108819182642,8.366226804771577
