,Returns,Semi Deviation,Sortino Ratio,ADANIPORTS Weight,ASIANPAINT Weight,BAJFINANCE Weight,BAJAJFINSV Weight,BRITANNIA Weight,DIVISLAB Weight,GRASIM Weight,HCLTECH Weight,HDFCBANK Weight,HINDALCO Weight,HINDUNILVR Weight,ICICIBANK Weight,INFY Weight,JSWSTEEL Weight,NESTLEIND Weight,POWERGRID Weight,RELIANCE Weight,TCS Weight,TATACONSUM Weight,TATASTEEL Weight,TECHM Weight,TITAN Weight,UPL Weight,WIPRO Weight
0,-25.56144446588914,2.6484742930268386,-11.003106408325571,4.520219204797863,4.934342235121977,3.2219092998008945,2.6369028213837624,1.8376627731783775,0.015930766264190745,0.3875328003771797,7.017488907613795,5.962267870067802,2.3712696407221823,7.5300014282233345,2.303165240171415,7.889614786586314,2.780862067723455,1.9611836094171342,4.7085804426922975,2.1080251419669493,5.559113509567377,7.901688205068688,5.225487087644525,5.327426919983146,5.867480038248847,4.703948387527213,3.227896815851268
