,Returns,Semi Deviation,Sortino Ratio,ADANIPORTS Weight,ASIANPAINT Weight,BAJFINANCE Weight,BAJAJFINSV Weight,BRITANNIA Weight,DIVISLAB Weight,GRASIM Weight,HCLTECH Weight,HDFCBANK Weight,HINDALCO Weight,HINDUNILVR Weight,ICICIBANK Weight,INFY Weight,JSWSTEEL Weight,NESTLEIND Weight,POWERGRID Weight,RELIANCE Weight,TCS Weight,TATACONSUM Weight,TATASTEEL Weight,TECHM Weight,TITAN Weight,UPL Weight,WIPRO Weight
0,0.04650155237227613,0.6160048874574141,0.059522884125892794,0.5390064387030289,2.26955722027797,0.14269725290385205,1.2118000657393093,9.509291440664375,4.5517247663008975,1.8750063079297756,7.881357797715161,6.035027759735443,0.101760445544575,9.88872784653465,3.1613754681765034,3.9399885831255124,0.0875265226152757,7.77503315440094,6.439811808794438,9.169642611181038,0.7687556284529494,9.173810985733752,2.2254854670120454,1.7282507554038102,7.498748836218053,0.6287180371184945,3.396894799718159
