,Returns,Semi Deviation,Sortino Ratio,ADANIPORTS Weight,ASIANPAINT Weight,BAJFINANCE Weight,BAJAJFINSV Weight,BRITANNIA Weight,DIVISLAB Weight,GRASIM Weight,HCLTECH Weight,HDFCBANK Weight,HINDALCO Weight,HINDUNILVR Weight,ICICIBANK Weight,INFY Weight,JSWSTEEL Weight,NESTLEIND Weight,POWERGRID Weight,RELIANCE Weight,TCS Weight,TATACONSUM Weight,TATASTEEL Weight,TECHM Weight,TITAN Weight,UPL Weight,WIPRO Weight
0,-30.32161011002022,3.2473549579776004,-10.439761143676632,0.716809617950676,1.499499101885882,3.7349209928747977,1.5141348015853606,6.731959962902094,4.746284164798079,0.37351664093416903,5.544388256298881,6.237251139044188,0.3188577277179085,1.190968164010896,7.759035831448981,0.6589443640760663,6.2144922157177875,3.8126359915786465,5.265142151041167,6.9993694327567955,4.370254598607365,6.747543370168664,2.7316902719494114,1.8357598874120868,7.403817053782155,6.557849723753935,7.034874537704024
