,Returns,Semi Deviation,Sortino Ratio,ADANIPORTS Weight,ASIANPAINT Weight,BAJFINANCE Weight,BAJAJFINSV Weight,BRITANNIA Weight,DIVISLAB Weight,GRASIM Weight,HCLTECH Weight,HDFCBANK Weight,HINDALCO Weight,HINDUNILVR Weight,ICICIBANK Weight,INFY Weight,JSWSTEEL Weight,NESTLEIND Weight,POWERGRID Weight,RELIANCE Weight,TCS Weight,TATACONSUM Weight,TATASTEEL Weight,TECHM Weight,TITAN Weight,UPL Weight,WIPRO Weight
0,-28.22153095324086,3.774976682814958,-8.424298644813565,4.244358352172281,7.7103474280337,2.673168368910745,7.721978385322648,2.2910532945157884,5.889568204687927,6.201497220324172,1.1515692672936957,7.691205701095871,4.312354986577431,5.885282742593687,0.8847099263558575,6.128562082722483,5.849997747018128,5.678703115464509,1.5579135358591756,0.12828376089182505,3.583525947358543,7.92317538179415,3.1833164539156353,1.4634253129153496,1.2676532786072359,4.515757832036044,2.062591673533131
