,Returns,Semi Deviation,Sortino Ratio,ADANIPORTS Weight,ASIANPAINT Weight,BAJFINANCE Weight,BAJAJFINSV Weight,BRITANNIA Weight,DIVISLAB Weight,GRASIM Weight,HCLTECH Weight,HDFCBANK Weight,HINDALCO Weight,HINDUNILVR Weight,ICICIBANK Weight,INFY Weight,JSWSTEEL Weight,NESTLEIND Weight,POWERGRID Weight,RELIANCE Weight,TCS Weight,TATACONSUM Weight,TATASTEEL Weight,TECHM Weight,TITAN Weight,UPL Weight,WIPRO Weight
0,-29.111266907875606,3.8627654062658308,-8.46317688743064,1.7708677710653584,1.0980952732790972,7.197704742036811,0.6237036063595927,6.131074229992725,1.1154885352967032,7.900294590957039,7.407956542734493,0.5214141155730114,0.2396818166470667,7.820507224592962,7.948245861123129,4.787069943548414,4.609903284275521,5.031072341279439,5.11171760873292,0.8066892231546082,7.899032092013589,7.319646173602501,1.430857755200886,1.5227187763146661,2.3632701621571313,0.22598276616358068,9.117005563898752
