,Returns,Semi Deviation,Sortino Ratio,ADANIPORTS Weight,ASIANPAINT Weight,BAJFINANCE Weight,BAJAJFINSV Weight,BRITANNIA Weight,DIVISLAB Weight,GRASIM Weight,HCLTECH Weight,HDFCBANK Weight,HINDALCO Weight,HINDUNILVR Weight,ICICIBANK Weight,INFY Weight,JSWSTEEL Weight,NESTLEIND Weight,POWERGRID Weight,RELIANCE Weight,TCS Weight,TATACONSUM Weight,TATASTEEL Weight,TECHM Weight,TITAN Weight,UPL Weight,WIPRO Weight
0,-37.78589321097466,4.144323442406461,-9.98133803643351,1.7860964294611013,7.333720223375638,4.176898150461206,3.6299388814009443,6.348906974743911,2.1295688960594545,0.6359261092622689,4.675250124220762,6.9543214511343,0.060997433855831604,4.1866457370441275,2.734265758458881,1.995323686991512,6.153519656624046,6.234511583598644,0.9112111363453271,4.993825124748743,3.275156342660567,6.284694247411444,2.227485059623589,7.21182772853545,6.887795715367423,4.878557703585532,4.293555845029304
