,Returns,Semi Deviation,Sortino Ratio,ADANIPORTS Weight,ASIANPAINT Weight,BAJFINANCE Weight,BAJAJFINSV Weight,BRITANNIA Weight,DIVISLAB Weight,GRASIM Weight,HCLTECH Weight,HDFCBANK Weight,HINDALCO Weight,HINDUNILVR Weight,ICICIBANK Weight,INFY Weight,JSWSTEEL Weight,NESTLEIND Weight,POWERGRID Weight,RELIANCE Weight,TCS Weight,TATACONSUM Weight,TATASTEEL Weight,TECHM Weight,TITAN Weight,UPL Weight,WIPRO Weight
0,-40.25772182005909,4.555891544049369,-9.622204873888467,2.920469552212489,6.853002085427766,6.029513085243681,6.066121545081242,3.6328474340992054,6.014484678935074,1.3150145243565357,1.2263166254099522,5.387954412952724,6.732171975269765,5.840620941368049,5.2052585290989795,6.3422366457371995,2.012681060284241,0.9909030704376696,4.988655906693884,2.0915260070823263,3.761554184768968,1.5643936260918305,3.018594425619364,5.057965080745726,5.55784269101838,1.0013573577791655,6.388514554285784
