,Returns,Semi Deviation,Sortino Ratio,ADANIPORTS Weight,ASIANPAINT Weight,BAJFINANCE Weight,BAJAJFINSV Weight,BRITANNIA Weight,DIVISLAB Weight,GRASIM Weight,HCLTECH Weight,HDFCBANK Weight,HINDALCO Weight,HINDUNILVR Weight,ICICIBANK Weight,INFY Weight,JSWSTEEL Weight,NESTLEIND Weight,POWERGRID Weight,RELIANCE Weight,TCS Weight,TATACONSUM Weight,TATASTEEL Weight,TECHM Weight,TITAN Weight,UPL Weight,WIPRO Weight
0,-41.86466326924291,5.468360862903783,-8.310472627644236,3.467677719726383,4.850740179082176,6.885724749854527,0.7432454536227865,1.3538298227073062,6.987908799551207,2.951863147562527,3.1589908606728883,5.3666025336722285,0.12485124468281245,4.923699684297709,4.949101803706987,4.690878638725707,4.476655895154061,5.343226638943369,6.313315197621283,5.15674219138302,6.723669249969813,6.364553170351677,5.101476948484565,0.14570775654294255,4.807973658755079,1.2397714801851258,3.8717931747438215
