,Returns,Semi Deviation,Sortino Ratio,ADANIPORTS Weight,ASIANPAINT Weight,BAJFINANCE Weight,BAJAJFINSV Weight,BRITANNIA Weight,DIVISLAB Weight,GRASIM Weight,HCLTECH Weight,HDFCBANK Weight,HINDALCO Weight,HINDUNILVR Weight,ICICIBANK Weight,INFY Weight,JSWSTEEL Weight,NESTLEIND Weight,POWERGRID Weight,RELIANCE Weight,TCS Weight,TATACONSUM Weight,TATASTEEL Weight,TECHM Weight,TITAN Weight,UPL Weight,WIPRO Weight
0,-42.21992929598875,5.0730642216486395,-9.02806022059479,5.53075138562238,7.124807186482688,1.2378528790762358,6.391649934621194,0.07284738294377324,3.7559086484057542,0.26574866030773475,7.505535553369752,4.745150062330407,1.2403579803184364,6.39738495525369,7.424905113770326,6.584379773755679,6.850868760885135,4.418511668240196,0.6138236176115883,7.3034872775412945,3.55191004620297,4.6929565097178525,1.8021350079038168,0.8385820339480438,5.3001617577744735,3.293252610395288,3.0570311935212784
