,Returns,Semi Deviation,Sortino Ratio,ADANIPORTS Weight,ASIANPAINT Weight,BAJFINANCE Weight,BAJAJFINSV Weight,BRITANNIA Weight,DIVISLAB Weight,GRASIM Weight,HCLTECH Weight,HDFCBANK Weight,HINDALCO Weight,HINDUNILVR Weight,ICICIBANK Weight,INFY Weight,JSWSTEEL Weight,NESTLEIND Weight,POWERGRID Weight,RELIANCE Weight,TCS Weight,TATACONSUM Weight,TATASTEEL Weight,TECHM Weight,TITAN Weight,UPL Weight,WIPRO Weight
0,-32.651459683963225,4.642577847376531,-7.8041684760196794,1.9948200951534878,1.9585822953634011,5.9194904153328745,9.275944770735695,4.679399098598517,3.672814429789545,1.8195983859037792,7.6167797539289515,1.586120674342297,8.466673677229162,0.7679838279733009,3.006690060612691,1.3191198544980105,4.254226084592276,4.560507651237851,0.760723930995233,4.757509651547644,2.3866184543358804,9.295977582965321,3.2916654367118916,3.86192436428671,8.232731951652934,2.57218699054122,3.9419105616713135
