,Returns,Semi Deviation,Sortino Ratio,ADANIPORTS Weight,ASIANPAINT Weight,BAJFINANCE Weight,BAJAJFINSV Weight,BRITANNIA Weight,DIVISLAB Weight,GRASIM Weight,HCLTECH Weight,HDFCBANK Weight,HINDALCO Weight,HINDUNILVR Weight,ICICIBANK Weight,INFY Weight,JSWSTEEL Weight,NESTLEIND Weight,POWERGRID Weight,RELIANCE Weight,TCS Weight,TATACONSUM Weight,TATASTEEL Weight,TECHM Weight,TITAN Weight,UPL Weight,WIPRO Weight
0,0.16661288165122187,0.3295411887846762,0.47574543684278675,5.345819100970263,1.916213320690309,5.356020386996068,1.0909934001031163,8.533429853476832,8.54576480725721,1.1754773351060854,7.244860156601242,3.980970599709847,2.419764780074576,4.963941682652121,0.9503893976950761,7.5958313104837085,6.091506646312015,8.163934983085573,0.23209947495855596,7.437464583277179,2.6396187433813965,8.241436322550252,2.1951431592825363,0.9291136713629574,2.4886108483382996,0.352110466391041,2.1094849692437485
