,Returns,Semi Deviation,Sortino Ratio,ADANIPORTS Weight,ASIANPAINT Weight,BAJFINANCE Weight,BAJAJFINSV Weight,BRITANNIA Weight,DIVISLAB Weight,GRASIM Weight,HCLTECH Weight,HDFCBANK Weight,HINDALCO Weight,HINDUNILVR Weight,ICICIBANK Weight,INFY Weight,JSWSTEEL Weight,NESTLEIND Weight,POWERGRID Weight,RELIANCE Weight,TCS Weight,TATACONSUM Weight,TATASTEEL Weight,TECHM Weight,TITAN Weight,UPL Weight,WIPRO Weight
0,-26.708119699144532,2.3251573719259335,-13.026266550748264,9.35245123593249,2.785025566180951,4.1371347321002085,8.39775890590181,0.5009317808968747,3.3034333573990167,0.34849110916248194,0.043862916950924064,1.382396880710694,0.7096412803318658,6.121126228726336,1.8303446551678921,6.307762763177875,8.832929095867394,8.679194651713132,3.5387950312485996,5.712807502354346,3.2169581841496284,8.230802167958439,0.4718532509974495,5.35689578306242,2.6971490462612673,2.471868039746081,5.570385834001803
