,Returns,Semi Deviation,Sortino Ratio,ADANIPORTS Weight,ASIANPAINT Weight,BAJFINANCE Weight,BAJAJFINSV Weight,BRITANNIA Weight,DIVISLAB Weight,GRASIM Weight,HCLTECH Weight,HDFCBANK Weight,HINDALCO Weight,HINDUNILVR Weight,ICICIBANK Weight,INFY Weight,JSWSTEEL Weight,NESTLEIND Weight,POWERGRID Weight,RELIANCE Weight,TCS Weight,TATACONSUM Weight,TATASTEEL Weight,TECHM Weight,TITAN Weight,UPL Weight,WIPRO Weight
0,-33.93786009605993,3.5349609139957354,-10.613373389085567,0.13961391425062053,6.487856818277892,2.269614267465813,4.989679812025837,3.983816308576573,6.615218312782897,6.1554515605238445,3.3208106163813893,7.3433802421352015,0.7912247506723351,7.493086274838144,0.5614767763170684,7.911640315355979,0.03577031333250924,7.792636495462621,3.50156158787233,0.46263316168540575,4.268041206688608,1.647382049767269,2.4447595069864403,5.242716052220886,3.7390820928161825,4.970029427683149,7.8325181358810125
