,Returns,Semi Deviation,Sortino Ratio,ADANIPORTS Weight,ASIANPAINT Weight,BAJFINANCE Weight,BAJAJFINSV Weight,BRITANNIA Weight,DIVISLAB Weight,GRASIM Weight,HCLTECH Weight,HDFCBANK Weight,HINDALCO Weight,HINDUNILVR Weight,ICICIBANK Weight,INFY Weight,JSWSTEEL Weight,NESTLEIND Weight,POWERGRID Weight,RELIANCE Weight,TCS Weight,TATACONSUM Weight,TATASTEEL Weight,TECHM Weight,TITAN Weight,UPL Weight,WIPRO Weight
0,-26.90659600075691,2.9361828987529424,-10.383071168252222,6.672406790042563,0.510386873970355,3.792817947571775,1.177368066463543,0.2057292352409458,7.235763227387131,6.2378667266590835,1.405309842967263,0.9421335144336932,5.034617092804681,3.4022963039224217,6.854613032210826,5.6833346672894,0.2849089430189526,8.278307861572195,4.400353000191137,7.270719141319523,6.079337519931379,1.809699681571051,5.464861988777802,0.23025386553622904,0.8620997505028514,8.392905301679605,7.771909624935605
