,Returns,Semi Deviation,Sortino Ratio,ADANIPORTS Weight,ASIANPAINT Weight,BAJFINANCE Weight,BAJAJFINSV Weight,BRITANNIA Weight,DIVISLAB Weight,GRASIM Weight,HCLTECH Weight,HDFCBANK Weight,HINDALCO Weight,HINDUNILVR Weight,ICICIBANK Weight,INFY Weight,JSWSTEEL Weight,NESTLEIND Weight,POWERGRID Weight,RELIANCE Weight,TCS Weight,TATACONSUM Weight,TATASTEEL Weight,TECHM Weight,TITAN Weight,UPL Weight,WIPRO Weight
0,0.2458885842899332,0.2304489591021032,1.0243197468736756,1.575402972472905,5.645913610252689,1.9019611433182217,5.10903238551376,1.5400566941966238,4.375262383929859,0.43601995624750606,0.6800956857986863,0.0781821534743809,0.6541775467599981,8.751493580368736,0.9686939980164683,6.657910644182557,7.412806894749884,11.014735044290326,0.40822354114056014,10.341171571361734,8.022676379442757,7.9153828289381,1.9781503602243373,3.6849410748196676,6.967979394599168,0.5004120644561699,3.3793180914449112
