,Returns,Semi Deviation,Sortino Ratio,ADANIPORTS Weight,ASIANPAINT Weight,BAJFINANCE Weight,BAJAJFINSV Weight,BRITANNIA Weight,DIVISLAB Weight,GRASIM Weight,HCLTECH Weight,HDFCBANK Weight,HINDALCO Weight,HINDUNILVR Weight,ICICIBANK Weight,INFY Weight,JSWSTEEL Weight,NESTLEIND Weight,POWERGRID Weight,RELIANCE Weight,TCS Weight,TATACONSUM Weight,TATASTEEL Weight,TECHM Weight,TITAN Weight,UPL Weight,WIPRO Weight
0,-28.230582676468813,2.8463210070067952,-11.176034817633228,7.022683728053885,2.8602687800654962,1.032482325312869,2.840885357320249,1.0142782407490496,7.1069816870208955,0.23600743274157185,6.659830088372888,3.8645093321100616,2.2172610672277426,6.961449229238211,6.2334122256822635,0.39569751663664826,6.852624409228246,0.582193865636302,1.4376054039903001,4.042942190507339,5.301332761156191,4.870526718249909,5.308992198994867,5.992172776527161,5.567292684092939,4.221848675257103,7.376721305827812
