,Returns,Semi Deviation,Sortino Ratio,ADANIPORTS Weight,ASIANPAINT Weight,BAJFINANCE Weight,BAJAJFINSV Weight,BRITANNIA Weight,DIVISLAB Weight,GRASIM Weight,HCLTECH Weight,HDFCBANK Weight,HINDALCO Weight,HINDUNILVR Weight,ICICIBANK Weight,INFY Weight,JSWSTEEL Weight,NESTLEIND Weight,POWERGRID Weight,RELIANCE Weight,TCS Weight,TATACONSUM Weight,TATASTEEL Weight,TECHM Weight,TITAN Weight,UPL Weight,WIPRO Weight
0,0.23243903230983615,0.2997332742597258,0.7426731917717615,3.486093076941886,5.657772029750899,7.658981995167507,5.725613141158877,2.6828148691882694,8.555985987768446,0.5248148955108305,0.9968459541159566,3.3297848187272177,1.1056139549626647,6.661360924869221,2.3513016782300875,0.44529369823446635,4.463923362373788,5.170359822322181,0.2791058397774653,7.745092495699055,7.581693567301182,7.2987073196339205,5.338935168739702,1.1711421211039634,3.245145037793456,0.7443866384612067,7.7792316021677435
