,Returns,Semi Deviation,Sortino Ratio,ADANIPORTS Weight,ASIANPAINT Weight,BAJFINANCE Weight,BAJAJFINSV Weight,BRITANNIA Weight,DIVISLAB Weight,GRASIM Weight,HCLTECH Weight,HDFCBANK Weight,HINDALCO Weight,HINDUNILVR Weight,ICICIBANK Weight,INFY Weight,JSWSTEEL Weight,NESTLEIND Weight,POWERGRID Weight,RELIANCE Weight,TCS Weight,TATACONSUM Weight,TATASTEEL Weight,TECHM Weight,TITAN Weight,UPL Weight,WIPRO Weight
0,-32.47179179038196,4.458323604656976,-8.086400850921585,4.163758154464628,1.9428828406130372,6.413621029993241,5.910738042121881,1.7284374342909585,2.5149523571203183,5.84132190691145,4.06205289584358,1.0195365236956255,1.7874586142098354,7.644622009625651,1.3639752466460697,3.0850032043286384,7.969622549780656,7.836330078681907,2.6445971345783144,6.94237138299769,2.110873522057752,2.684912230962298,4.591599540985699,1.081326039056724,5.1267882337561215,2.6651939078392584,8.868025119438675
