,Returns,Semi Deviation,Sortino Ratio,ADANIPORTS Weight,ASIANPAINT Weight,BAJFINANCE Weight,BAJAJFINSV Weight,BRITANNIA Weight,DIVISLAB Weight,GRASIM Weight,HCLTECH Weight,HDFCBANK Weight,HINDALCO Weight,HINDUNILVR Weight,ICICIBANK Weight,INFY Weight,JSWSTEEL Weight,NESTLEIND Weight,POWERGRID Weight,RELIANCE Weight,TCS Weight,TATACONSUM Weight,TATASTEEL Weight,TECHM Weight,TITAN Weight,UPL Weight,WIPRO Weight
0,-25.900907479987932,2.5316355089041362,-11.645004731644514,7.056778830430624,3.7681460372650384,2.210333620527851,1.0133908484884748,3.5224568460479238,7.141461866474846,5.331685042981331,8.014629742209896,0.6975674408876277,1.9362397874798165,8.772747205701043,0.5426170665145247,5.462247473933915,4.238726567910337,7.623402003396654,1.8131693910907423,1.2352884851324055,3.510251723352606,3.4055023943346576,8.358885142657545,4.465737012387376,3.7801957027893387,4.219758429284625,1.8787813387208137
