,Returns,Semi Deviation,Sortino Ratio,ADANIPORTS Weight,ASIANPAINT Weight,BAJFINANCE Weight,BAJAJFINSV Weight,BRITANNIA Weight,DIVISLAB Weight,GRASIM Weight,HCLTECH Weight,HDFCBANK Weight,HINDALCO Weight,HINDUNILVR Weight,ICICIBANK Weight,INFY Weight,JSWSTEEL Weight,NESTLEIND Weight,POWERGRID Weight,RELIANCE Weight,TCS Weight,TATACONSUM Weight,TATASTEEL Weight,TECHM Weight,TITAN Weight,UPL Weight,WIPRO Weight
0,0.24213311377772878,0.25211777683760483,0.9213866307102679,3.353957776814484,1.6031483431380718,7.898973529771391,1.7624385575799546,2.670617805682107,8.730751069094445,0.42431523368553953,1.0849245432299488,3.105105815863823,0.9015737552458795,6.599826836775131,1.728753468692849,0.8743537909485797,3.849293591559592,9.471480190171766,7.892149988926608,6.359630224021079,5.40712505361804,7.142904983901369,1.7963813686364996,0.8365558136339638,6.000379826365621,1.9836757110908523,8.521682721552379
