,Returns,Semi Deviation,Sortino Ratio,ADANIPORTS Weight,ASIANPAINT Weight,BAJFINANCE Weight,BAJAJFINSV Weight,BRITANNIA Weight,DIVISLAB Weight,GRASIM Weight,HCLTECH Weight,HDFCBANK Weight,HINDALCO Weight,HINDUNILVR Weight,ICICIBANK Weight,INFY Weight,JSWSTEEL Weight,NESTLEIND Weight,POWERGRID Weight,RELIANCE Weight,TCS Weight,TATACONSUM Weight,TATASTEEL Weight,TECHM Weight,TITAN Weight,UPL Weight,WIPRO Weight
0,0.24157447050878306,0.24084933924635563,0.9621753848225463,0.7623527045699698,1.171293164293648,3.566742299445384,2.0533652272191465,3.673337670245156,8.444022750585574,0.10714114558167266,7.1635473135257905,7.515901223773634,2.3866608915746585,6.494951930197103,0.545609956593471,6.583385046061093,4.701861006811838,7.602981884613228,0.8739537103521772,8.680547777781907,9.166737946904014,6.983624407124569,0.6127013775319751,0.3755522873172474,8.52927998898786,1.5581833238684804,0.4462649650404149
