,Returns,Semi Deviation,Sortino Ratio,ADANIPORTS Weight,ASIANPAINT Weight,BAJFINANCE Weight,BAJAJFINSV Weight,BRITANNIA Weight,DIVISLAB Weight,GRASIM Weight,HCLTECH Weight,HDFCBANK Weight,HINDALCO Weight,HINDUNILVR Weight,ICICIBANK Weight,INFY Weight,JSWSTEEL Weight,NESTLEIND Weight,POWERGRID Weight,RELIANCE Weight,TCS Weight,TATACONSUM Weight,TATASTEEL Weight,TECHM Weight,TITAN Weight,UPL Weight,WIPRO Weight
0,-41.17512071709558,5.11427360443734,-8.751021978617711,0.5910421927432672,9.069448989939762,0.5425156179764502,7.794961023777261,3.2229292527960416,7.061443995927667,1.8348846644822916,5.938098738312021,4.193156299772382,7.080550739562409,6.777300652911876,0.15844439207862046,1.749159751199578,7.651111256778603,4.692025855345413,2.017440320207336,3.9337631281632506,1.7286941073433124,9.097578694515269,3.1460739364661294,6.104806916111237,0.475658264100332,2.2143811857191835,2.924530023770287
