,Returns,Semi Deviation,Sortino Ratio,ADANIPORTS Weight,ASIANPAINT Weight,BAJFINANCE Weight,BAJAJFINSV Weight,BRITANNIA Weight,DIVISLAB Weight,GRASIM Weight,HCLTECH Weight,HDFCBANK Weight,HINDALCO Weight,HINDUNILVR Weight,ICICIBANK Weight,INFY Weight,JSWSTEEL Weight,NESTLEIND Weight,POWERGRID Weight,RELIANCE Weight,TCS Weight,TATACONSUM Weight,TATASTEEL Weight,TECHM Weight,TITAN Weight,UPL Weight,WIPRO Weight
0,-35.82823968103128,4.66291109799464,-8.451424196781153,0.5899613118205032,5.766543783160017,9.328759014952857,4.7816599631573,5.842417465857947,5.966377186449448,3.978074788441161,5.160009488104865,5.299485095389753,3.6833270512329603,4.677757320885015,5.70353547544482,0.9704592784109378,1.804444844870935,0.5924259620403294,1.075820878518619,1.1643050694602963,7.160309996998718,6.791854024889571,3.4614117502197033,4.953940314594249,4.06222600260058,0.47091834840829927,6.7139755840911075
