,Returns,Semi Deviation,Sortino Ratio,ADANIPORTS Weight,ASIANPAINT Weight,BAJFINANCE Weight,BAJAJFINSV Weight,BRITANNIA Weight,DIVISLAB Weight,GRASIM Weight,HCLTECH Weight,HDFCBANK Weight,HINDALCO Weight,HINDUNILVR Weight,ICICIBANK Weight,INFY Weight,JSWSTEEL Weight,NESTLEIND Weight,POWERGRID Weight,RELIANCE Weight,TCS Weight,TATACONSUM Weight,TATASTEEL Weight,TECHM Weight,TITAN Weight,UPL Weight,WIPRO Weight
0,-34.13274222179772,4.5894515544595516,-8.21726556524001,8.22073340690713,7.156444452239382,3.9416492255685234,1.3598966464215834,0.11772788074737545,8.73583000045919,1.7673034292592118,6.233715471305379,8.837688272172946,3.9862467754273365,7.516647911296075,5.662284131070382,1.572209731452349,1.5823112736758866,8.993059775858775,0.08365681699141676,0.14822232394115464,0.6353322882518311,2.17319017309676,5.280617178611298,3.044498556444861,6.493214903571916,4.149113184768125,2.308406190461121
