,Returns,Semi Deviation,Sortino Ratio,ADANIPORTS Weight,ASIANPAINT Weight,BAJFINANCE Weight,BAJAJFINSV Weight,BRITANNIA Weight,DIVISLAB Weight,GRASIM Weight,HCLTECH Weight,HDFCBANK Weight,HINDALCO Weight,HINDUNILVR Weight,ICICIBANK Weight,INFY Weight,JSWSTEEL Weight,NESTLEIND Weight,POWERGRID Weight,RELIANCE Weight,TCS Weight,TATACONSUM Weight,TATASTEEL Weight,TECHM Weight,TITAN Weight,UPL Weight,WIPRO Weight
0,0.2591037958335453,0.34124752488199783,0.7304628248500166,3.6593256133799454,1.6335147225810303,0.7728845055979314,0.18774670340851338,2.5673103586400683,9.215972917028047,0.7137268942403772,9.514973827242253,0.24953245291057688,1.6774792636589042,1.9381005519718455,0.9513962089028062,8.117215471958259,7.572918599270982,9.135497393418076,1.43923667464907,2.9037961370755703,0.381721244344754,8.25215386528723,9.592614990458829,1.8250179392079864,8.222463092409749,0.46980846345637906,9.005592108900812
