,Returns,Semi Deviation,Sortino Ratio,ADANIPORTS Weight,ASIANPAINT Weight,BAJFINANCE Weight,BAJAJFINSV Weight,BRITANNIA Weight,DIVISLAB Weight,GRASIM Weight,HCLTECH Weight,HDFCBANK Weight,HINDALCO Weight,HINDUNILVR Weight,ICICIBANK Weight,INFY Weight,JSWSTEEL Weight,NESTLEIND Weight,POWERGRID Weight,RELIANCE Weight,TCS Weight,TATACONSUM Weight,TATASTEEL Weight,TECHM Weight,TITAN Weight,UPL Weight,WIPRO Weight
0,-34.93192987225691,4.370646918067609,-8.81149417791089,0.9050138030784296,4.869845026266212,4.3877704742371355,2.3653250033755535,5.309620609103876,4.61618603216752,2.9077371443086433,6.248556578824514,4.421737905372723,2.9037563433733657,5.5805947146550725,5.293721815279108,2.8432915572964417,4.8291196537919365,6.751438171657738,5.380033520471919,4.715377701704821,1.2007629577067902,2.4300924920174998,5.358438427076135,5.408925870019469,4.908817567082884,1.335057756658254,5.028778874473974
