,Returns,Semi Deviation,Sortino Ratio,ADANIPORTS Weight,ASIANPAINT Weight,BAJFINANCE Weight,BAJAJFINSV Weight,BRITANNIA Weight,DIVISLAB Weight,GRASIM Weight,HCLTECH Weight,HDFCBANK Weight,HINDALCO Weight,HINDUNILVR Weight,ICICIBANK Weight,INFY Weight,JSWSTEEL Weight,NESTLEIND Weight,POWERGRID Weight,RELIANCE Weight,TCS Weight,TATACONSUM Weight,TATASTEEL Weight,TECHM Weight,TITAN Weight,UPL Weight,WIPRO Weight
0,0.3007915947893157,0.5678677251271936,0.5123665548856137,0.1515983335531984,1.7869522647957468,0.85564114743755,2.2424521819118906,0.18148220138299795,5.838559581099361,0.10016160921752269,6.221039103039706,4.184278465109026,0.4398943604412797,7.023811125066026,8.288268059165098,0.3586077553318858,0.7718592698505318,9.199885755102933,2.1810064152961535,8.72141654901988,10.007232933103532,8.043359554676337,1.5548945565932115,3.4146966026470618,8.262424333294529,0.3715532415849148,9.798924601279605
