,Returns,Semi Deviation,Sortino Ratio,ADANIPORTS Weight,ASIANPAINT Weight,BAJFINANCE Weight,BAJAJFINSV Weight,BRITANNIA Weight,DIVISLAB Weight,GRASIM Weight,HCLTECH Weight,HDFCBANK Weight,HINDALCO Weight,HINDUNILVR Weight,ICICIBANK Weight,INFY Weight,JSWSTEEL Weight,NESTLEIND Weight,POWERGRID Weight,RELIANCE Weight,TCS Weight,TATACONSUM Weight,TATASTEEL Weight,TECHM Weight,TITAN Weight,UPL Weight,WIPRO Weight
0,-37.664103471286495,4.608419395099305,-8.94972873240365,5.107952381360937,0.9525091269966667,6.66200102235668,3.6020051034339335,4.439534099791211,4.276261732291224,1.8021855075773257,8.078784305304918,4.890165892794962,2.7413561291451645,5.9992974466091615,1.3327147453425798,7.347471640917931,3.0354653671695573,1.3012508405912975,3.104045100739292,6.339186424311164,6.845810463965252,1.4069850442869962,1.791639723332444,6.434973394194893,5.283190557844286,1.0300582238068263,6.195155725835285
