,Returns,Semi Deviation,Sortino Ratio,ADANIPORTS Weight,ASIANPAINT Weight,BAJFINANCE Weight,BAJAJFINSV Weight,BRITANNIA Weight,DIVISLAB Weight,GRASIM Weight,HCLTECH Weight,HDFCBANK Weight,HINDALCO Weight,HINDUNILVR Weight,ICICIBANK Weight,INFY Weight,JSWSTEEL Weight,NESTLEIND Weight,POWERGRID Weight,RELIANCE Weight,TCS Weight,TATACONSUM Weight,TATASTEEL Weight,TECHM Weight,TITAN Weight,UPL Weight,WIPRO Weight
0,-37.76173484292097,5.216795150000658,-7.924738015238294,0.040656772836676625,0.9819667903457365,6.00760618364748,4.820839932911231,3.579176274725852,2.843234130155734,6.332095435492239,5.586802634478686,2.080631081829445,3.9637297864926806,6.621509522938164,0.3793809827992889,0.8743491589707416,3.327991456205022,6.2856973088847505,3.1621306575753674,6.018432371377327,5.686298957062126,5.078516427874036,5.455110882350041,5.809025885479963,6.210624136814339,2.576505047206676,6.277688181546391
