,Returns,Semi Deviation,Sortino Ratio,ADANIPORTS Weight,ASIANPAINT Weight,BAJFINANCE Weight,BAJAJFINSV Weight,BRITANNIA Weight,DIVISLAB Weight,GRASIM Weight,HCLTECH Weight,HDFCBANK Weight,HINDALCO Weight,HINDUNILVR Weight,ICICIBANK Weight,INFY Weight,JSWSTEEL Weight,NESTLEIND Weight,POWERGRID Weight,RELIANCE Weight,TCS Weight,TATACONSUM Weight,TATASTEEL Weight,TECHM Weight,TITAN Weight,UPL Weight,WIPRO Weight
0,-24.72984034887026,2.567050313389346,-11.028159518810526,7.7793402517941646,5.618875767669281,6.463245533764289,4.764626804193836,3.3836124562567114,7.571454380682506,6.463888107220477,0.841375578445119,5.947900177084423,3.9888179606912155,1.912490506170331,0.6097533971008635,7.392033673641713,4.104614931224054,7.041626757949309,2.5241957385785674,1.7134766137234407,2.3743295595857092,5.093145908707375,4.514192448099196,0.08797996096450693,4.084265460239122,2.854537800327739,2.8702202258860763
