,Returns,Semi Deviation,Sortino Ratio,ADANIPORTS Weight,ASIANPAINT Weight,BAJFINANCE Weight,BAJAJFINSV Weight,BRITANNIA Weight,DIVISLAB Weight,GRASIM Weight,HCLTECH Weight,HDFCBANK Weight,HINDALCO Weight,HINDUNILVR Weight,ICICIBANK Weight,INFY Weight,JSWSTEEL Weight,NESTLEIND Weight,POWERGRID Weight,RELIANCE Weight,TCS Weight,TATACONSUM Weight,TATASTEEL Weight,TECHM Weight,TITAN Weight,UPL Weight,WIPRO Weight
0,-26.90884794174015,2.5405061884330964,-12.001091782635926,5.26263830717664,3.797041502553413,4.9939608509260855,7.682381383211642,2.962394679384962,7.507064836465719,7.9279915764274165,1.150677090661373,0.7440077964150257,0.911967559075425,1.9451579255585216,2.015149009669901,1.1266124078461146,5.948735026712628,3.503794922640349,4.42922579534142,4.628936387454092,6.425317049246559,5.171418339266766,5.92421710925917,2.980036539374557,3.8180807482261976,6.393753578358956,2.7494395787470727
