,Returns,Semi Deviation,Sortino Ratio,ADANIPORTS Weight,ASIANPAINT Weight,BAJFINANCE Weight,BAJAJFINSV Weight,BRITANNIA Weight,DIVISLAB Weight,GRASIM Weight,HCLTECH Weight,HDFCBANK Weight,HINDALCO Weight,HINDUNILVR Weight,ICICIBANK Weight,INFY Weight,JSWSTEEL Weight,NESTLEIND Weight,POWERGRID Weight,RELIANCE Weight,TCS Weight,TATACONSUM Weight,TATASTEEL Weight,TECHM Weight,TITAN Weight,UPL Weight,WIPRO Weight
0,-32.919261312877325,3.588648236812797,-10.170754809140497,2.6539533734951815,1.301209007024044,3.2634445181732405,7.008426032689191,3.0817471959577993,7.5916585036462605,4.483121693223877,7.049898363186805,5.233814490625611,7.026174240833108,8.362722902897337,4.883153262491972,3.667054692585708,6.718251148937955,7.584563422782295,0.5788994020181454,2.4227829971506902,1.3944772932063085,3.0679769206658793,2.8302317293596984,2.7712705013903385,1.1377759582888678,1.7733655394408867,4.114026809928782
