,Returns,Semi Deviation,Sortino Ratio,ADANIPORTS Weight,ASIANPAINT Weight,BAJFINANCE Weight,BAJAJFINSV Weight,BRITANNIA Weight,DIVISLAB Weight,GRASIM Weight,HCLTECH Weight,HDFCBANK Weight,HINDALCO Weight,HINDUNILVR Weight,ICICIBANK Weight,INFY Weight,JSWSTEEL Weight,NESTLEIND Weight,POWERGRID Weight,RELIANCE Weight,TCS Weight,TATACONSUM Weight,TATASTEEL Weight,TECHM Weight,TITAN Weight,UPL Weight,WIPRO Weight
0,-25.783700388917158,2.2944621768391196,-12.797639762956985,5.265773728399348,5.6998598707796635,4.353690688865449,5.65019605550817,6.564917851413332,3.9930852558677934,0.5386191287655835,7.5501592570460785,7.0535889678084605,3.8267336340145617,1.4751682802161918,5.31555219172758,1.7559650327378828,5.391629679066324,7.19818163410517,7.3794888890921255,2.625994045129555,5.5709809822967795,5.812366568516718,1.8717165433147271,0.25435708906004567,1.9657748497857956,1.9508567312674738,0.935343045215159
