,Returns,Semi Deviation,Sortino Ratio,ADANIPORTS Weight,ASIANPAINT Weight,BAJFINANCE Weight,BAJAJFINSV Weight,BRITANNIA Weight,DIVISLAB Weight,GRASIM Weight,HCLTECH Weight,HDFCBANK Weight,HINDALCO Weight,HINDUNILVR Weight,ICICIBANK Weight,INFY Weight,JSWSTEEL Weight,NESTLEIND Weight,POWERGRID Weight,RELIANCE Weight,TCS Weight,TATACONSUM Weight,TATASTEEL Weight,TECHM Weight,TITAN Weight,UPL Weight,WIPRO Weight
0,-33.58090804485301,3.523853392889003,-10.545531808968631,3.3718628221128317,5.305740509811804,8.373190769727067,7.479833796763178,1.6133999850236957,3.335963343327062,3.072257468547759,4.732947465030869,3.3088847248453632,0.4094296855783646,3.464363563469417,9.011286237949772,6.954258503817553,1.4186037329304875,7.0698459229130854,3.2459879518092047,4.946049919422957,0.06890011355149601,7.042108407595999,5.977886221120086,7.131018214654892,0.49332163090155856,2.151257395161769,0.021601613933730165
