,Returns,Semi Deviation,Sortino Ratio,ADANIPORTS Weight,ASIANPAINT Weight,BAJFINANCE Weight,BAJAJFINSV Weight,BRITANNIA Weight,DIVISLAB Weight,GRASIM Weight,HCLTECH Weight,HDFCBANK Weight,HINDALCO Weight,HINDUNILVR Weight,ICICIBANK Weight,INFY Weight,JSWSTEEL Weight,NESTLEIND Weight,POWERGRID Weight,RELIANCE Weight,TCS Weight,TATACONSUM Weight,TATASTEEL Weight,TECHM Weight,TITAN Weight,UPL Weight,WIPRO Weight
0,-34.295288798707126,3.8758090409887305,-9.772227784742725,4.345809730674429,4.984153607235041,7.57307984530672,1.9274077412096042,0.33119423448787894,2.839125908816239,7.146557348813701,7.1463857209302635,4.858631198340717,4.096207817542555,2.2114514029622434,1.7917684226810136,3.289405999882504,6.778807105078363,5.642799794256534,0.22600410417834454,3.0556451677201144,5.156005098846363,1.3899377351937678,6.114927279786663,4.146647561865258,7.454830896292656,1.3000522748880265,6.193164003010983
