,Returns,Semi Deviation,Sortino Ratio,ADANIPORTS Weight,ASIANPAINT Weight,BAJFINANCE Weight,BAJAJFINSV Weight,BRITANNIA Weight,DIVISLAB Weight,GRASIM Weight,HCLTECH Weight,HDFCBANK Weight,HINDALCO Weight,HINDUNILVR Weight,ICICIBANK Weight,INFY Weight,JSWSTEEL Weight,NESTLEIND Weight,POWERGRID Weight,RELIANCE Weight,TCS Weight,TATACONSUM Weight,TATASTEEL Weight,TECHM Weight,TITAN Weight,UPL Weight,WIPRO Weight
0,-36.74916992693836,5.102614809003967,-7.903628127244555,6.689637534853811,8.327194673185613,3.416687224752236,6.708417799871863,0.40584233275235504,3.1346620506098177,1.6500094644264602,6.540314956297085,8.639512668662894,7.3127884437621,1.6349248603718887,1.7926229850622861,1.7540627599651564,5.3762637969088765,4.785124586518968,0.6956661197135086,8.586610751956373,4.163824628223085,7.1254202585894575,0.8919750219496068,4.723864531588571,1.758729660784681,1.8522916964519176,2.0335511927413794
