,Returns,Semi Deviation,Sortino Ratio,ADANIPORTS Weight,ASIANPAINT Weight,BAJFINANCE Weight,BAJAJFINSV Weight,BRITANNIA Weight,DIVISLAB Weight,GRASIM Weight,HCLTECH Weight,HDFCBANK Weight,HINDALCO Weight,HINDUNILVR Weight,ICICIBANK Weight,INFY Weight,JSWSTEEL Weight,NESTLEIND Weight,POWERGRID Weight,RELIANCE Weight,TCS Weight,TATACONSUM Weight,TATASTEEL Weight,TECHM Weight,TITAN Weight,UPL Weight,WIPRO Weight
0,0.21809106170223416,0.322346063816573,0.6460630987744114,1.327974160818839,1.3241281802784606,7.232179542377631,0.8584979600021999,8.081846295292657,6.816217015621355,0.06517686494545845,3.4059506300246754,5.225383663139325,4.327239863377167,5.806780595598633,1.2911675214531895,8.333267114258822,3.690264252462061,5.832416466796861,2.500047123726283,8.880521548607446,1.2289050859921176,9.042868268558133,5.146970832835965,1.3083173771504426,6.615946560574831,0.7100367108976977,0.9478963652097405
