,Returns,Semi Deviation,Sortino Ratio,ADANIPORTS Weight,ASIANPAINT Weight,BAJFINANCE Weight,BAJAJFINSV Weight,BRITANNIA Weight,DIVISLAB Weight,GRASIM Weight,HCLTECH Weight,HDFCBANK Weight,HINDALCO Weight,HINDUNILVR Weight,ICICIBANK Weight,INFY Weight,JSWSTEEL Weight,NESTLEIND Weight,POWERGRID Weight,RELIANCE Weight,TCS Weight,TATACONSUM Weight,TATASTEEL Weight,TECHM Weight,TITAN Weight,UPL Weight,WIPRO Weight
0,0.009771955894401435,0.5146435151716204,-0.00012282082431820996,0.581568596757501,2.5572747263636004,7.452564579812429,0.4930266132943396,0.6288386401099784,4.696742705586596,0.1582154883721532,8.605515591549445,3.5233952285510495,0.7427752150894008,4.457022860614477,2.452512199877175,6.777040362980341,1.3684809626919943,6.9675715940496525,0.11867968200288512,7.35971923812369,8.41710208261625,10.142654844895402,0.3505314939086075,0.7479137982525892,8.770220271664057,3.5473755358754024,9.083257686960986
