,Returns,Semi Deviation,Sortino Ratio,ADANIPORTS Weight,ASIANPAINT Weight,BAJFINANCE Weight,BAJAJFINSV Weight,BRITANNIA Weight,DIVISLAB Weight,GRASIM Weight,HCLTECH Weight,HDFCBANK Weight,HINDALCO Weight,HINDUNILVR Weight,ICICIBANK Weight,INFY Weight,JSWSTEEL Weight,NESTLEIND Weight,POWERGRID Weight,RELIANCE Weight,TCS Weight,TATACONSUM Weight,TATASTEEL Weight,TECHM Weight,TITAN Weight,UPL Weight,WIPRO Weight
0,-30.523890579678113,3.5620101338123287,-9.574338448941353,7.5952487788247005,4.8952669964153515,3.4900551549362,0.34927814442013216,3.4946788114348557,8.967138547519134,3.392378346040422,5.043772599388261,5.043630810820213,3.1870654855905385,1.633598555582487,0.5384535857162507,1.3147996937177824,2.945892909394742,0.6745060265113351,6.9294862785482465,9.462194291270427,4.965374973667478,9.027188885709382,2.158838953256493,4.0347964193773835,8.212085196389987,0.24610369416877845,2.3981668612994134
