,Returns,Semi Deviation,Sortino Ratio,ADANIPORTS Weight,ASIANPAINT Weight,BAJFINANCE Weight,BAJAJFINSV Weight,BRITANNIA Weight,DIVISLAB Weight,GRASIM Weight,HCLTECH Weight,HDFCBANK Weight,HINDALCO Weight,HINDUNILVR Weight,ICICIBANK Weight,INFY Weight,JSWSTEEL Weight,NESTLEIND Weight,POWERGRID Weight,RELIANCE Weight,TCS Weight,TATACONSUM Weight,TATASTEEL Weight,TECHM Weight,TITAN Weight,UPL Weight,WIPRO Weight
0,-36.35044113079701,4.858246505585771,-8.219105614523052,5.431043645502346,2.985177712003958,6.9526643293794805,6.646748006971665,6.166159908012691,4.251199485267875,5.067006393194059,2.956040790178534,7.235031160385481,5.327111082053386,7.340587040665149,2.233555238404576,0.826583947983252,1.3797349906771366,6.601068263458812,2.7012627568505825,3.5376450486377586,5.034664650667124,5.943894679881902,3.84212805517078,0.5521690291231616,1.3799750495797534,2.3576478686304623,3.250900867320067
