,Returns,Semi Deviation,Sortino Ratio,ADANIPORTS Weight,ASIANPAINT Weight,BAJFINANCE Weight,BAJAJFINSV Weight,BRITANNIA Weight,DIVISLAB Weight,GRASIM Weight,HCLTECH Weight,HDFCBANK Weight,HINDALCO Weight,HINDUNILVR Weight,ICICIBANK Weight,INFY Weight,JSWSTEEL Weight,NESTLEIND Weight,POWERGRID Weight,RELIANCE Weight,TCS Weight,TATACONSUM Weight,TATASTEEL Weight,TECHM Weight,TITAN Weight,UPL Weight,WIPRO Weight
0,-34.064674584254455,4.678814109148103,-8.045772647956007,4.198552368296002,1.0506775728526012,7.662032449799311,7.648951556633782,3.993559687443995,1.4119601547896088,0.594400290648157,6.715331900253056,6.188450268071088,5.875239829306724,0.10636923816848144,4.959199734850074,6.130520121321873,5.895632368847179,3.2723968383951125,4.92619541882651,2.1938894294273554,1.4401650947495934,7.846194753012339,5.211104942854501,1.1374886405792655,3.0763992217852527,2.087853802912139,6.37743431617601
