,Returns,Semi Deviation,Sortino Ratio,ADANIPORTS Weight,ASIANPAINT Weight,BAJFINANCE Weight,BAJAJFINSV Weight,BRITANNIA Weight,DIVISLAB Weight,GRASIM Weight,HCLTECH Weight,HDFCBANK Weight,HINDALCO Weight,HINDUNILVR Weight,ICICIBANK Weight,INFY Weight,JSWSTEEL Weight,NESTLEIND Weight,POWERGRID Weight,RELIANCE Weight,TCS Weight,TATACONSUM Weight,TATASTEEL Weight,TECHM Weight,TITAN Weight,UPL Weight,WIPRO Weight
0,-43.11786041479911,5.399537578808548,-8.648492529818334,0.584953054670348,5.771570786711856,2.6369470218744864,4.011166995021045,6.684977840230484,2.276711563277343,4.178953182896454,5.722045212437578,5.110300582243039,4.070370437385441,5.783052122031593,5.838590554356036,5.966353250624768,6.130393334483145,7.27192520379497,2.960520993370191,3.9308285619673944,3.2013042681846917,2.1355459346206103,0.025134423741723227,1.297039028434751,5.659903541721064,2.91054714144526,5.840864964475695
