,Returns,Semi Deviation,Sortino Ratio,ADANIPORTS Weight,ASIANPAINT Weight,BAJFINANCE Weight,BAJAJFINSV Weight,BRITANNIA Weight,DIVISLAB Weight,GRASIM Weight,HCLTECH Weight,HDFCBANK Weight,HINDALCO Weight,HINDUNILVR Weight,ICICIBANK Weight,INFY Weight,JSWSTEEL Weight,NESTLEIND Weight,POWERGRID Weight,RELIANCE Weight,TCS Weight,TATACONSUM Weight,TATASTEEL Weight,TECHM Weight,TITAN Weight,UPL Weight,WIPRO Weight
0,-29.89208906417769,3.128669495092283,-10.6985059037661,1.6137249254236243,3.6656230569692445,6.684361077798571,4.108575237142191,6.525482080207073,6.484500178822861,5.584526816847582,0.43295787167264715,0.9427770863685089,1.3915741481364545,1.4050751591919863,5.284314053765869,1.2238341200531233,3.288251348188077,5.198623295133844,5.8386557499820375,2.4936670884668946,6.712497990888293,6.596412156082102,1.7346916106399317,5.6767556411911455,6.448003732663903,4.5000769380387755,6.165038636325251
