,Returns,Semi Deviation,Sortino Ratio,ADANIPORTS Weight,ASIANPAINT Weight,BAJFINANCE Weight,BAJAJFINSV Weight,BRITANNIA Weight,DIVISLAB Weight,GRASIM Weight,HCLTECH Weight,HDFCBANK Weight,HINDALCO Weight,HINDUNILVR Weight,ICICIBANK Weight,INFY Weight,JSWSTEEL Weight,NESTLEIND Weight,POWERGRID Weight,RELIANCE Weight,TCS Weight,TATACONSUM Weight,TATASTEEL Weight,TECHM Weight,TITAN Weight,UPL Weight,WIPRO Weight
0,0.14183973686565732,0.6373523601059874,0.20711396127652373,3.8386356626028815,5.262734213432654,3.7831154860440037,3.1030122490767456,3.387701642160592,9.746616837713477,0.9647954269813953,2.9866428474487456,1.7119304536209272,1.2649961342940612,8.488229788321107,0.23534306894084012,5.593216659276449,1.339188700549423,6.502030782772591,7.300863465341354,8.303548315021397,3.360136695350003,9.76058786035195,1.020086837817324,1.7782070633476077,5.1981096140722745,2.5675236306696494,2.502746564792527
