,Returns,Semi Deviation,Sortino Ratio,ADANIPORTS Weight,ASIANPAINT Weight,BAJFINANCE Weight,BAJAJFINSV Weight,BRITANNIA Weight,DIVISLAB Weight,GRASIM Weight,HCLTECH Weight,HDFCBANK Weight,HINDALCO Weight,HINDUNILVR Weight,ICICIBANK Weight,INFY Weight,JSWSTEEL Weight,NESTLEIND Weight,POWERGRID Weight,RELIANCE Weight,TCS Weight,TATACONSUM Weight,TATASTEEL Weight,TECHM Weight,TITAN Weight,UPL Weight,WIPRO Weight
0,-37.29970294003855,5.387792405245893,-7.587468088086598,4.582725207371745,5.942181817634876,5.232751082588509,7.112189938117098,2.47293538842754,6.815089976044744,0.8109061062959558,2.5949409898250964,2.6046501234389923,4.1887595062112775,4.691076011814287,4.801559455303695,0.7529450353790933,2.944544558241877,7.166978127301704,4.568549159135502,0.24151103932547935,5.890404524903102,4.651360075175175,5.324455123713516,4.982096664609572,6.108242730103405,1.6110378944856156,3.9081094645521404
