,Returns,Semi Deviation,Sortino Ratio,ADANIPORTS Weight,ASIANPAINT Weight,BAJFINANCE Weight,BAJAJFINSV Weight,BRITANNIA Weight,DIVISLAB Weight,GRASIM Weight,HCLTECH Weight,HDFCBANK Weight,HINDALCO Weight,HINDUNILVR Weight,ICICIBANK Weight,INFY Weight,JSWSTEEL Weight,NESTLEIND Weight,POWERGRID Weight,RELIANCE Weight,TCS Weight,TATACONSUM Weight,TATASTEEL Weight,TECHM Weight,TITAN Weight,UPL Weight,WIPRO Weight
0,0.2701163232507436,0.5021518344060671,0.518331589335789,0.694954410820207,4.890407264974391,1.6563908513790662,0.4992778311260021,4.854425246478223,4.6230934645526895,1.9946876815021435,0.2634754590408632,4.650550145027931,7.150164085915951,5.9285324401732975,0.4394197898208118,3.4789632640504906,2.984924898487476,9.047849735283894,3.9342685562019573,8.909668271042138,7.391644682239084,9.622167704510861,0.9046584788843521,0.9443198096988129,9.818326004184797,3.3621803089986386,1.9556496156059224
