,Returns,Semi Deviation,Sortino Ratio,ADANIPORTS Weight,ASIANPAINT Weight,BAJFINANCE Weight,BAJAJFINSV Weight,BRITANNIA Weight,DIVISLAB Weight,GRASIM Weight,HCLTECH Weight,HDFCBANK Weight,HINDALCO Weight,HINDUNILVR Weight,ICICIBANK Weight,INFY Weight,JSWSTEEL Weight,NESTLEIND Weight,POWERGRID Weight,RELIANCE Weight,TCS Weight,TATACONSUM Weight,TATASTEEL Weight,TECHM Weight,TITAN Weight,UPL Weight,WIPRO Weight
0,-23.48381718715238,2.1019270564836363,-12.875716644719386,1.9281137526418703,5.064596809982331,2.4968951258386043,8.034122625477073,2.36352984956947,3.92751845970304,4.897667191677097,7.842570809522839,4.088387887425351,3.7370148906861833,7.770114115461123,4.1276489290353435,3.424501606690737,6.554624137869966,2.5431604688410747,2.197293190536436,4.662702250042649,5.215203871544114,4.89856921697101,3.0954821296293202,3.7491015097778253,4.062449410775783,0.6923168365372575,2.626414923763471
