,Returns,Semi Deviation,Sortino Ratio,ADANIPORTS Weight,ASIANPAINT Weight,BAJFINANCE Weight,BAJAJFINSV Weight,BRITANNIA Weight,DIVISLAB Weight,GRASIM Weight,HCLTECH Weight,HDFCBANK Weight,HINDALCO Weight,HINDUNILVR Weight,ICICIBANK Weight,INFY Weight,JSWSTEEL Weight,NESTLEIND Weight,POWERGRID Weight,RELIANCE Weight,TCS Weight,TATACONSUM Weight,TATASTEEL Weight,TECHM Weight,TITAN Weight,UPL Weight,WIPRO Weight
0,-34.175125457592756,4.673315945871257,-8.078872880603832,6.790315412742269,3.873908197864816,3.354545671660341,7.171498542957455,1.4544794046679803,7.260903822420056,5.411233486811814,0.5138468310129332,3.3604617172121256,3.4962783220014932,8.019037137476042,4.934293651075637,3.9785369838289535,1.2812185038518709,7.943612053504247,3.3126351584582174,0.38366401202656625,0.6461773806742005,6.039607194236717,2.7980356114679856,0.8726185714531219,6.106979727823888,4.8603639680664985,6.135748636704773
