,Returns,Semi Deviation,Sortino Ratio,ADANIPORTS Weight,ASIANPAINT Weight,BAJFINANCE Weight,BAJAJFINSV Weight,BRITANNIA Weight,DIVISLAB Weight,GRASIM Weight,HCLTECH Weight,HDFCBANK Weight,HINDALCO Weight,HINDUNILVR Weight,ICICIBANK Weight,INFY Weight,JSWSTEEL Weight,NESTLEIND Weight,POWERGRID Weight,RELIANCE Weight,TCS Weight,TATACONSUM Weight,TATASTEEL Weight,TECHM Weight,TITAN Weight,UPL Weight,WIPRO Weight
0,-25.201648395934107,2.5111852501527596,-11.461379997426821,5.4473742354194,7.862649629147605,8.146086036989027,2.7604279505238685,4.784295203309559,7.352082559654292,3.4301805484611076,5.460940986518673,3.3194332141624323,4.010620001359587,4.626853140761781,2.9092684623609544,8.043866127611029,4.378761367350031,2.6993369487758816,1.6210649090563314,6.932904892412395,3.3691991743348395,3.7108027319816923,0.1991442815583081,0.2594906912675606,1.2447581655239954,4.292734236114691,3.1377245053449654
