,Returns,Semi Deviation,Sortino Ratio,ADANIPORTS Weight,ASIANPAINT Weight,BAJFINANCE Weight,BAJAJFINSV Weight,BRITANNIA Weight,DIVISLAB Weight,GRASIM Weight,HCLTECH Weight,HDFCBANK Weight,HINDALCO Weight,HINDUNILVR Weight,ICICIBANK Weight,INFY Weight,JSWSTEEL Weight,NESTLEIND Weight,POWERGRID Weight,RELIANCE Weight,TCS Weight,TATACONSUM Weight,TATASTEEL Weight,TECHM Weight,TITAN Weight,UPL Weight,WIPRO Weight
0,0.19694868894425885,0.411217535558016,0.45502321260493855,0.6122942964604198,3.125450604163301,0.4930188259521468,0.5354056757757096,9.064595167214415,8.073991466486241,2.3760749312022864,3.102316956059142,3.3026707264033046,1.2383673587635677,8.252992313018211,0.5135830809669047,7.991909382743849,8.038750859975737,4.492366456229091,0.22214588493332152,7.132615698201163,3.799552818278956,4.8791747224782425,1.2757695346321152,5.7584130466192684,5.7035599108032455,0.1673293860300779,9.847650896609279
