,Returns,Semi Deviation,Sortino Ratio,ADANIPORTS Weight,ASIANPAINT Weight,BAJFINANCE Weight,BAJAJFINSV Weight,BRITANNIA Weight,DIVISLAB Weight,GRASIM Weight,HCLTECH Weight,HDFCBANK Weight,HINDALCO Weight,HINDUNILVR Weight,ICICIBANK Weight,INFY Weight,JSWSTEEL Weight,NESTLEIND Weight,POWERGRID Weight,RELIANCE Weight,TCS Weight,TATACONSUM Weight,TATASTEEL Weight,TECHM Weight,TITAN Weight,UPL Weight,WIPRO Weight
0,-29.268956874058855,2.977932248101881,-11.030793899020575,0.7403765061878765,0.6115787500727217,7.211513094098809,2.102290075997411,8.57999057978815,2.9674233209711507,3.099853639146186,0.8867803531582061,5.601336977376972,2.505401211358409,6.8670409992248524,6.001409208622723,5.289160095755616,3.642463202457473,7.637298937493682,7.010231203575492,4.429916223947545,4.286849002873787,0.8516104885122839,3.356919798540866,3.637347321097485,4.963030466367849,2.87012009286131,4.850058450513147
