,Returns,Semi Deviation,Sortino Ratio,ADANIPORTS Weight,ASIANPAINT Weight,BAJFINANCE Weight,BAJAJFINSV Weight,BRITANNIA Weight,DIVISLAB Weight,GRASIM Weight,HCLTECH Weight,HDFCBANK Weight,HINDALCO Weight,HINDUNILVR Weight,ICICIBANK Weight,INFY Weight,JSWSTEEL Weight,NESTLEIND Weight,POWERGRID Weight,RELIANCE Weight,TCS Weight,TATACONSUM Weight,TATASTEEL Weight,TECHM Weight,TITAN Weight,UPL Weight,WIPRO Weight
0,-32.27584518882539,4.384237216974799,-8.178354275630769,0.9014295415648035,1.1320549594599274,8.157500599052346,5.568877530203086,6.944270410012346,4.098839974709565,7.475482254533892,4.883253846201455,4.866639316246488,0.1604138600079659,2.843672733921932,5.483707908671462,5.571073414444495,2.813276616265803,4.246971421906346,2.5416894594155712,2.25696282026099,0.9109541833407145,8.180844482831882,5.414675042704856,5.743764118225934,0.19216365549905756,2.0056679202993943,7.6058139302196865
