,Returns,Semi Deviation,Sortino Ratio,ADANIPORTS Weight,ASIANPAINT Weight,BAJFINANCE Weight,BAJAJFINSV Weight,BRITANNIA Weight,DIVISLAB Weight,GRASIM Weight,HCLTECH Weight,HDFCBANK Weight,HINDALCO Weight,HINDUNILVR Weight,ICICIBANK Weight,INFY Weight,JSWSTEEL Weight,NESTLEIND Weight,POWERGRID Weight,RELIANCE Weight,TCS Weight,TATACONSUM Weight,TATASTEEL Weight,TECHM Weight,TITAN Weight,UPL Weight,WIPRO Weight
0,-28.549836526683066,3.1761665560735763,-10.11591676930269,2.120729481853005,3.8569166085355886,6.979215064910066,1.264412738056284,5.688806166769127,5.926057906480136,5.421526180458605,6.027439658068805,1.12601977446754,5.76778431841503,1.9425279280799523,3.0473075043342774,1.2702970280078945,2.3760515007002474,6.512559948211809,6.560358560818772,6.703619770472172,2.6812330085301452,6.312552948182133,6.038494793351215,0.9875720063674638,3.013351911816849,4.624195635559776,3.750969557553099
