,Returns,Semi Deviation,Sortino Ratio,ADANIPORTS Weight,ASIANPAINT Weight,BAJFINANCE Weight,BAJAJFINSV Weight,BRITANNIA Weight,DIVISLAB Weight,GRASIM Weight,HCLTECH Weight,HDFCBANK Weight,HINDALCO Weight,HINDUNILVR Weight,ICICIBANK Weight,INFY Weight,JSWSTEEL Weight,NESTLEIND Weight,POWERGRID Weight,RELIANCE Weight,TCS Weight,TATACONSUM Weight,TATASTEEL Weight,TECHM Weight,TITAN Weight,UPL Weight,WIPRO Weight
0,-39.344792385619584,5.466094531867149,-7.852918045117858,0.34728093847041935,6.821687724817909,6.253745784030467,4.244490245373458,0.5864533898562605,4.425163162067224,7.933127272591213,0.7123114908606993,7.7709914828775055,4.809447791015468,6.075344501872499,4.367063226481485,5.8665098244818425,1.082992817009835,5.887180133772752,0.9148454776186504,5.3543563105499095,2.1678337057278427,6.302274788649482,4.880049909754482,0.9625290429412072,6.055751447471825,4.628626944860023,1.5499425868475032
