,Returns,Semi Deviation,Sortino Ratio,ADANIPORTS Weight,ASIANPAINT Weight,BAJFINANCE Weight,BAJAJFINSV Weight,BRITANNIA Weight,DIVISLAB Weight,GRASIM Weight,HCLTECH Weight,HDFCBANK Weight,HINDALCO Weight,HINDUNILVR Weight,ICICIBANK Weight,INFY Weight,JSWSTEEL Weight,NESTLEIND Weight,POWERGRID Weight,RELIANCE Weight,TCS Weight,TATACONSUM Weight,TATASTEEL Weight,TECHM Weight,TITAN Weight,UPL Weight,WIPRO Weight
0,-38.676077738621736,5.478913134528177,-7.712492733699941,1.823293910747629,2.9912619152501305,3.6266124528469015,6.899737638346255,0.7859994704405354,8.142722131145726,3.373817502943075,1.9164513796713456,3.72254805350401,1.0943401642489212,7.008040075239566,4.684416259734333,4.165363135129715,4.116526625864967,0.937782543859149,3.3213900627992445,8.008250533080293,6.661955726179543,7.881342466977415,4.333361321535997,0.7739816852116818,6.145542954547353,4.84556186482465,2.739700125871552
