,Returns,Semi Deviation,Sortino Ratio,ADANIPORTS Weight,ASIANPAINT Weight,BAJFINANCE Weight,BAJAJFINSV Weight,BRITANNIA Weight,DIVISLAB Weight,GRASIM Weight,HCLTECH Weight,HDFCBANK Weight,HINDALCO Weight,HINDUNILVR Weight,ICICIBANK Weight,INFY Weight,JSWSTEEL Weight,NESTLEIND Weight,POWERGRID Weight,RELIANCE Weight,TCS Weight,TATACONSUM Weight,TATASTEEL Weight,TECHM Weight,TITAN Weight,UPL Weight,WIPRO Weight
0,0.24750338093712668,0.3429674776761077,0.6929759571151276,0.3059820749318637,8.649106352926193,1.1044709288683967,7.458994373659654,6.700275867281766,9.25655631450353,0.6030354061545563,5.392493047244229,1.7645285907313453,0.320303878643303,1.8406902178094806,0.19383660905389322,6.974139356936345,6.739659826041143,7.66543226076339,0.07994464183613631,9.181524255042522,4.3816205584239025,7.405265399236291,0.8079155531756499,2.7883638232988583,1.7920010753068678,0.7857422155438949,7.8081173725868
