,Returns,Semi Deviation,Sortino Ratio,ADANIPORTS Weight,ASIANPAINT Weight,BAJFINANCE Weight,BAJAJFINSV Weight,BRITANNIA Weight,DIVISLAB Weight,GRASIM Weight,HCLTECH Weight,HDFCBANK Weight,HINDALCO Weight,HINDUNILVR Weight,ICICIBANK Weight,INFY Weight,JSWSTEEL Weight,NESTLEIND Weight,POWERGRID Weight,RELIANCE Weight,TCS Weight,TATACONSUM Weight,TATASTEEL Weight,TECHM Weight,TITAN Weight,UPL Weight,WIPRO Weight
0,-24.548838453528486,2.3406849271403845,-12.017353607644022,5.553222839945831,2.5245787972026537,7.186983405000731,2.8736472460149147,4.955475089369504,6.196307793419942,1.7179648754180883,2.089540992100835,5.723069707335457,3.838032435955257,7.900959019928471,1.5395299930963766,3.7475141226798474,1.3310870667950514,5.4887710832016605,0.7517355787489246,3.7319542948868643,4.95517204235073,6.499438124398796,0.18226950232558153,7.183879442707548,8.123006426096568,2.874866054602285,3.0309940664181
