,Returns,Semi Deviation,Sortino Ratio,ADANIPORTS Weight,ASIANPAINT Weight,BAJFINANCE Weight,BAJAJFINSV Weight,BRITANNIA Weight,DIVISLAB Weight,GRASIM Weight,HCLTECH Weight,HDFCBANK Weight,HINDALCO Weight,HINDUNILVR Weight,ICICIBANK Weight,INFY Weight,JSWSTEEL Weight,NESTLEIND Weight,POWERGRID Weight,RELIANCE Weight,TCS Weight,TATACONSUM Weight,TATASTEEL Weight,TECHM Weight,TITAN Weight,UPL Weight,WIPRO Weight
0,-38.87356331980568,4.423310616221038,-9.597689830807086,2.3429414914974847,5.1810199575689495,2.7547609384916427,8.906366020488763,3.551670842752655,0.28536976414839893,4.726335642883613,1.2608132118449886,3.2372543759256285,1.1047152494248837,8.937375882304169,6.1805269041004385,2.8914914175374777,0.7656776983352918,7.7464196253105495,7.037420636510724,8.461320468450035,4.015328147370006,3.5556587535026316,1.3029288106302916,4.262139630964671,7.092995060949948,1.0402371635203138,3.359232305486441
