,Returns,Semi Deviation,Sortino Ratio,ADANIPORTS Weight,ASIANPAINT Weight,BAJFINANCE Weight,BAJAJFINSV Weight,BRITANNIA Weight,DIVISLAB Weight,GRASIM Weight,HCLTECH Weight,HDFCBANK Weight,HINDALCO Weight,HINDUNILVR Weight,ICICIBANK Weight,INFY Weight,JSWSTEEL Weight,NESTLEIND Weight,POWERGRID Weight,RELIANCE Weight,TCS Weight,TATACONSUM Weight,TATASTEEL Weight,TECHM Weight,TITAN Weight,UPL Weight,WIPRO Weight
0,-35.01813124562145,4.838797357273848,-7.976802580417921,2.1369885231277164,0.2976492376329434,7.215582437687681,5.245845569795919,4.085733938510279,4.987054440181225,1.1348212680534293,4.137803087611165,2.8592943211301893,7.350196654324548,4.446443738972015,6.797516158722172,5.138552682318675,2.169322964664451,4.603702311206679,4.5854703554080265,3.7804268568455397,0.7213758008814858,7.713204803830553,2.2131723297600825,5.595370519691083,5.9571495629688975,4.351614282302201,2.475708154373051
