,Returns,Semi Deviation,Sortino Ratio,ADANIPORTS Weight,ASIANPAINT Weight,BAJFINANCE Weight,BAJAJFINSV Weight,BRITANNIA Weight,DIVISLAB Weight,GRASIM Weight,HCLTECH Weight,HDFCBANK Weight,HINDALCO Weight,HINDUNILVR Weight,ICICIBANK Weight,INFY Weight,JSWSTEEL Weight,NESTLEIND Weight,POWERGRID Weight,RELIANCE Weight,TCS Weight,TATACONSUM Weight,TATASTEEL Weight,TECHM Weight,TITAN Weight,UPL Weight,WIPRO Weight
0,-25.778110994778135,2.430065339788408,-12.081202309290342,0.6386367732303656,4.809636729251076,2.6142017312108843,4.244783800432617,5.182850547312217,6.667248907369354,3.662700147309335,6.2464146121372925,1.8381729723759388,4.126092560748659,7.727005353944919,0.30372552837802314,4.5044341528905845,6.557447929116819,1.0214118708999178,6.968921100584458,8.518671063225195,4.514150517041519,3.399308853440033,6.654684348842517,2.4132471162067137,1.9957893181338948,4.067537118492972,1.3229269474246816
