,Returns,Semi Deviation,Sortino Ratio,ADANIPORTS Weight,ASIANPAINT Weight,BAJFINANCE Weight,BAJAJFINSV Weight,BRITANNIA Weight,DIVISLAB Weight,GRASIM Weight,HCLTECH Weight,HDFCBANK Weight,HINDALCO Weight,HINDUNILVR Weight,ICICIBANK Weight,INFY Weight,JSWSTEEL Weight,NESTLEIND Weight,POWERGRID Weight,RELIANCE Weight,TCS Weight,TATACONSUM Weight,TATASTEEL Weight,TECHM Weight,TITAN Weight,UPL Weight,WIPRO Weight
0,-40.683288436590644,5.746648153774255,-7.702453195698021,6.882122727732202,6.7837095258116555,6.379589358666331,6.829187548887672,2.6501844117978837,3.246512522404035,0.1914398107445736,5.927713876092417,0.6850352045078485,1.4346652888061953,0.46633594086746677,6.692368092347052,6.095433181215859,2.7478084422238647,6.700376405273706,0.6811241020230198,2.8604567394580998,6.023472498988805,3.1791378095305642,1.377413050257328,2.9774953970183797,7.464627300779135,4.32770548596889,7.396085278596992
