,Returns,Semi Deviation,Sortino Ratio,ADANIPORTS Weight,ASIANPAINT Weight,BAJFINANCE Weight,BAJAJFINSV Weight,BRITANNIA Weight,DIVISLAB Weight,GRASIM Weight,HCLTECH Weight,HDFCBANK Weight,HINDALCO Weight,HINDUNILVR Weight,ICICIBANK Weight,INFY Weight,JSWSTEEL Weight,NESTLEIND Weight,POWERGRID Weight,RELIANCE Weight,TCS Weight,TATACONSUM Weight,TATASTEEL Weight,TECHM Weight,TITAN Weight,UPL Weight,WIPRO Weight
0,-40.854758840802205,5.531692471007163,-8.032760149573518,3.810543637439016,3.1338075601750304,7.110051754907025,6.209380810189871,3.053051489947889,7.2807838619123615,2.2095678343752185,3.1202697054508928,7.221114645516434,2.9354629270723174,5.52462320026347,6.654785296377214,7.315358146287052,1.6213068925850818,2.6830087388898445,1.9031804682501003,5.049303204511026,0.05607242323278243,5.666613229948091,3.80163290588139,0.4530109606465686,1.467737794751286,6.073583351844422,5.645749159545637
