,Returns,Semi Deviation,Sortino Ratio,ADANIPORTS Weight,ASIANPAINT Weight,BAJFINANCE Weight,BAJAJFINSV Weight,BRITANNIA Weight,DIVISLAB Weight,GRASIM Weight,HCLTECH Weight,HDFCBANK Weight,HINDALCO Weight,HINDUNILVR Weight,ICICIBANK Weight,INFY Weight,JSWSTEEL Weight,NESTLEIND Weight,POWERGRID Weight,RELIANCE Weight,TCS Weight,TATACONSUM Weight,TATASTEEL Weight,TECHM Weight,TITAN Weight,UPL Weight,WIPRO Weight
0,-40.10089112218792,5.011029840102697,-8.71694891389685,3.30267999965718,2.1789378285565273,6.374087330788386,6.3910107839592705,2.8979533369166552,4.945864211053301,5.376081088314947,5.98945766524044,6.178231939941141,1.1696700588766291,3.1671754001103904,6.774992076574766,1.5953426311287666,1.6539473929219273,6.418235254837769,1.6562326537577858,5.607541708146145,1.518373364007664,4.814315595380405,2.0681597847273525,4.444771990950596,6.348138089097126,4.124970158100036,5.003829656954789
