,Returns,Semi Deviation,Sortino Ratio,ADANIPORTS Weight,ASIANPAINT Weight,BAJFINANCE Weight,BAJAJFINSV Weight,BRITANNIA Weight,DIVISLAB Weight,GRASIM Weight,HCLTECH Weight,HDFCBANK Weight,HINDALCO Weight,HINDUNILVR Weight,ICICIBANK Weight,INFY Weight,JSWSTEEL Weight,NESTLEIND Weight,POWERGRID Weight,RELIANCE Weight,TCS Weight,TATACONSUM Weight,TATASTEEL Weight,TECHM Weight,TITAN Weight,UPL Weight,WIPRO Weight
0,-45.547557833574494,5.827493583645884,-8.43030663670651,1.4220487795297363,1.2246459481477117,6.062486348285503,3.8002422506167735,0.8350474747531847,6.335534234048865,0.16476611906291933,5.242477587203854,7.2030900907393915,3.793918653239222,0.7098589265019428,7.149999608015454,3.7489460300377178,6.548292247071291,7.584580777781856,4.837721794729003,2.158555756948132,4.332453076243574,7.996737213145848,3.9124325785424965,7.815020081621564,1.9834649295947877,2.515983416651567,2.621696077487595
