,Returns,Semi Deviation,Sortino Ratio,ADANIPORTS Weight,ASIANPAINT Weight,BAJFINANCE Weight,BAJAJFINSV Weight,BRITANNIA Weight,DIVISLAB Weight,GRASIM Weight,HCLTECH Weight,HDFCBANK Weight,HINDALCO Weight,HINDUNILVR Weight,ICICIBANK Weight,INFY Weight,JSWSTEEL Weight,NESTLEIND Weight,POWERGRID Weight,RELIANCE Weight,TCS Weight,TATACONSUM Weight,TATASTEEL Weight,TECHM Weight,TITAN Weight,UPL Weight,WIPRO Weight
0,-34.58191913122009,4.739030508601778,-8.052684839642346,7.504232077608214,1.5895047682773988,5.151056565731933,3.1195540422700088,6.622447057001157,4.34794631008098,2.951403773189645,7.289085686920727,7.419638836573555,7.424231416353476,5.191660429976302,1.2401575293820177,1.4039294094996886,6.950389412121237,2.4551926656655723,2.763266132159933,6.155596402487535,4.240506942366154,4.729637317414668,2.3752909117828733,2.1709504661130423,1.2063532933655745,0.06506470384731788,5.63290384981099
