,Returns,Semi Deviation,Sortino Ratio,ADANIPORTS Weight,ASIANPAINT Weight,BAJFINANCE Weight,BAJAJFINSV Weight,BRITANNIA Weight,DIVISLAB Weight,GRASIM Weight,HCLTECH Weight,HDFCBANK Weight,HINDALCO Weight,HINDUNILVR Weight,ICICIBANK Weight,INFY Weight,JSWSTEEL Weight,NESTLEIND Weight,POWERGRID Weight,RELIANCE Weight,TCS Weight,TATACONSUM Weight,TATASTEEL Weight,TECHM Weight,TITAN Weight,UPL Weight,WIPRO Weight
0,-41.56317531021028,5.582974988854424,-8.085863791317692,5.045352121549046,7.607938633860156,0.784958827845428,4.920734082661492,0.08031736292706594,6.207764456614924,3.1411487714861943,3.9741338628691643,6.2821876173290185,6.186404813273434,5.615886547398379,5.382917810832267,1.4419174167959101,0.44244815994455566,7.056942195920731,5.5072636260992995,7.093777063249032,1.7866432541790347,7.246668273178619,0.33480481176175814,1.9146141450692593,2.1003083141022216,4.481334502766766,5.363533328286242
