,Returns,Semi Deviation,Sortino Ratio,ADANIPORTS Weight,ASIANPAINT Weight,BAJFINANCE Weight,BAJAJFINSV Weight,BRITANNIA Weight,DIVISLAB Weight,GRASIM Weight,HCLTECH Weight,HDFCBANK Weight,HINDALCO Weight,HINDUNILVR Weight,ICICIBANK Weight,INFY Weight,JSWSTEEL Weight,NESTLEIND Weight,POWERGRID Weight,RELIANCE Weight,TCS Weight,TATACONSUM Weight,TATASTEEL Weight,TECHM Weight,TITAN Weight,UPL Weight,WIPRO Weight
0,-25.749327935669747,2.6954393181576886,-10.881093756440457,3.953515305672818,1.6114680812612063,4.904191223622026,5.476779731905015,1.3174783696989256,6.764265772839961,6.081897782277434,4.454270946974693,5.218047781793934,1.6847981325604489,2.415562659571712,5.6954917605077116,4.607351279114017,6.908681945133639,1.3598386012181973,3.629173361158223,4.8565535365124735,6.8236784397725545,5.021762974996092,2.784610930799522,1.6299037788155963,6.3152325503071625,0.12796176567144807,6.357483287815182
