,Returns,Semi Deviation,Sortino Ratio,ADANIPORTS Weight,ASIANPAINT Weight,BAJFINANCE Weight,BAJAJFINSV Weight,BRITANNIA Weight,DIVISLAB Weight,GRASIM Weight,HCLTECH Weight,HDFCBANK Weight,HINDALCO Weight,HINDUNILVR Weight,ICICIBANK Weight,INFY Weight,JSWSTEEL Weight,NESTLEIND Weight,POWERGRID Weight,RELIANCE Weight,TCS Weight,TATACONSUM Weight,TATASTEEL Weight,TECHM Weight,TITAN Weight,UPL Weight,WIPRO Weight
0,-41.822380146845376,4.969302814313397,-9.136569422992302,0.3849453501293947,7.363425271023089,4.701712026967608,5.857457763458331,4.210993160606416,5.866781246350036,2.7684898711230574,2.727002630706246,3.9674963771634655,4.497980960187924,4.412825379923515,1.5409958683623712,1.830522539259035,5.692773453077033,4.609440093312102,2.8118517891259986,5.046261767907863,3.1846978705418283,5.673724772823905,1.3383441973206338,6.078363097814256,7.436199463832869,4.626387467814798,3.3713275811682113
