,Returns,Semi Deviation,Sortino Ratio,ADANIPORTS Weight,ASIANPAINT Weight,BAJFINANCE Weight,BAJAJFINSV Weight,BRITANNIA Weight,DIVISLAB Weight,GRASIM Weight,HCLTECH Weight,HDFCBANK Weight,HINDALCO Weight,HINDUNILVR Weight,ICICIBANK Weight,INFY Weight,JSWSTEEL Weight,NESTLEIND Weight,POWERGRID Weight,RELIANCE Weight,TCS Weight,TATACONSUM Weight,TATASTEEL Weight,TECHM Weight,TITAN Weight,UPL Weight,WIPRO Weight
0,-22.66956767497687,1.6977594615419984,-15.461299594899959,1.0725896721193737,7.078247038427829,3.8036297489429503,1.0804580227137848,8.139169051773521,6.668867115498708,0.38610198141131125,6.45852433560089,2.3568307192953224,0.5242332331893242,6.057244437381202,0.9454184213030726,0.5705417718755044,0.42241466744936623,5.404196275205629,8.886857640664433,5.6614823419342715,1.327260775610997,8.267902205690602,3.890610503373699,8.639379023628816,7.857648419961409,4.147846071006794,0.352546525941187
