,Returns,Semi Deviation,Sortino Ratio,ADANIPORTS Weight,ASIANPAINT Weight,BAJFINANCE Weight,BAJAJFINSV Weight,BRITANNIA Weight,DIVISLAB Weight,GRASIM Weight,HCLTECH Weight,HDFCBANK Weight,HINDALCO Weight,HINDUNILVR Weight,ICICIBANK Weight,INFY Weight,JSWSTEEL Weight,NESTLEIND Weight,POWERGRID Weight,RELIANCE Weight,TCS Weight,TATACONSUM Weight,TATASTEEL Weight,TECHM Weight,TITAN Weight,UPL Weight,WIPRO Weight
0,-25.045561512947344,2.4781314234517287,-11.551268525167846,0.33570503381667904,6.821089071184988,2.6757617686595854,0.254414831598064,3.7605542949007824,2.105101823205582,2.9083605581640657,4.267785571007753,1.7949768880502512,6.625514932218543,3.968274967776484,6.798780518641674,5.0498713892017815,3.224477859259469,5.616354941649439,5.674138708082729,6.101035177936464,5.407030799606952,6.4706424147021355,2.031202408513171,5.5748075571854905,4.60972762587378,1.837813427146447,6.0865774316177195
