,Returns,Semi Deviation,Sortino Ratio,ADANIPORTS Weight,ASIANPAINT Weight,BAJFINANCE Weight,BAJAJFINSV Weight,BRITANNIA Weight,DIVISLAB Weight,GRASIM Weight,HCLTECH Weight,HDFCBANK Weight,HINDALCO Weight,HINDUNILVR Weight,ICICIBANK Weight,INFY Weight,JSWSTEEL Weight,NESTLEIND Weight,POWERGRID Weight,RELIANCE Weight,TCS Weight,TATACONSUM Weight,TATASTEEL Weight,TECHM Weight,TITAN Weight,UPL Weight,WIPRO Weight
0,-28.65081865658451,3.0451440753185697,-10.58433291147732,6.837288593968897,7.449676513715768,4.039130073162428,5.402596962170069,5.499244739063922,4.517554346237055,4.964773523275849,1.1039909885045964,1.6562665124828064,6.68100844528665,0.5364861116977931,7.166577386279241,3.2198198930214117,7.745381320522895,1.96438567217816,2.3710089804898473,4.17449747115612,3.399649545651568,0.39750987238418073,6.280051064312869,0.7125219854594402,4.191454786632316,3.3630538292698695,6.32607138307622
