,Returns,Semi Deviation,Sortino Ratio,ADANIPORTS Weight,ASIANPAINT Weight,BAJFINANCE Weight,BAJAJFINSV Weight,BRITANNIA Weight,DIVISLAB Weight,GRASIM Weight,HCLTECH Weight,HDFCBANK Weight,HINDALCO Weight,HINDUNILVR Weight,ICICIBANK Weight,INFY Weight,JSWSTEEL Weight,NESTLEIND Weight,POWERGRID Weight,RELIANCE Weight,TCS Weight,TATACONSUM Weight,TATASTEEL Weight,TECHM Weight,TITAN Weight,UPL Weight,WIPRO Weight
0,-35.71307631981013,4.794378935379339,-8.195655130605815,6.544312464033346,4.800253496560582,6.619419137004471,0.8049389155364741,3.6401569238936107,4.100823398284904,1.0730807367601183,4.6281450138800215,0.6780127200593337,0.23247120194768373,4.966746581220701,5.584399783788287,3.5779423731240807,5.577329729992997,2.233420198754606,6.344946860481032,5.387591984279092,2.3006044493490956,7.74114485178901,6.07569751852016,3.6034242905251133,4.2037292112034415,1.2310476359663187,8.050360523045539
