,Returns,Semi Deviation,Sortino Ratio,ADANIPORTS Weight,ASIANPAINT Weight,BAJFINANCE Weight,BAJAJFINSV Weight,BRITANNIA Weight,DIVISLAB Weight,GRASIM Weight,HCLTECH Weight,HDFCBANK Weight,HINDALCO Weight,HINDUNILVR Weight,ICICIBANK Weight,INFY Weight,JSWSTEEL Weight,NESTLEIND Weight,POWERGRID Weight,RELIANCE Weight,TCS Weight,TATACONSUM Weight,TATASTEEL Weight,TECHM Weight,TITAN Weight,UPL Weight,WIPRO Weight
0,0.22867033408760584,0.5496136215508455,0.39816183710104114,2.846859491700776,2.5917498517471516,4.177313869191386,6.546715989772006,9.129304418184377,9.319838232486784,0.7271433405296452,1.8254787302284043,4.159283722038907,0.7729691996400444,7.5142609990406966,0.7494659556500176,0.4160426263338258,1.486095829544753,3.9892357028831387,2.4095339941967424,6.960290834663649,7.270613899043556,7.668041408860398,2.6650421465967766,2.186899485599486,5.008564240838722,2.2537390863373212,7.325516944891445
