,Returns,Semi Deviation,Sortino Ratio,ADANIPORTS Weight,ASIANPAINT Weight,BAJFINANCE Weight,BAJAJFINSV Weight,BRITANNIA Weight,DIVISLAB Weight,GRASIM Weight,HCLTECH Weight,HDFCBANK Weight,HINDALCO Weight,HINDUNILVR Weight,ICICIBANK Weight,INFY Weight,JSWSTEEL Weight,NESTLEIND Weight,POWERGRID Weight,RELIANCE Weight,TCS Weight,TATACONSUM Weight,TATASTEEL Weight,TECHM Weight,TITAN Weight,UPL Weight,WIPRO Weight
0,0.08823972721277096,0.5609438585118443,0.1397725658065131,4.863592967953165,5.371832305151794,5.144257970365241,2.6147101004601487,4.341356775542916,4.827155599682835,0.5059145035015769,1.5862710744333,2.959175143411972,0.9025881897242922,8.329169534666688,1.8203274825590798,4.83573061404434,3.726800457280434,10.253935480769746,7.639665289855986,3.8493270290019774,7.077415095478219,7.955926648928314,0.14928474406990025,0.7805840549143009,9.333568749832803,0.8606021404397411,0.2708080479312243
