,Returns,Semi Deviation,Sortino Ratio,ADANIPORTS Weight,ASIANPAINT Weight,BAJFINANCE Weight,BAJAJFINSV Weight,BRITANNIA Weight,DIVISLAB Weight,GRASIM Weight,HCLTECH Weight,HDFCBANK Weight,HINDALCO Weight,HINDUNILVR Weight,ICICIBANK Weight,INFY Weight,JSWSTEEL Weight,NESTLEIND Weight,POWERGRID Weight,RELIANCE Weight,TCS Weight,TATACONSUM Weight,TATASTEEL Weight,TECHM Weight,TITAN Weight,UPL Weight,WIPRO Weight
0,0.16803858024188753,0.4943633519600862,0.32001444844053833,4.737615433307648,3.3064984638519013,8.852904973400262,1.3141079657098285,6.179613718387022,6.3683431467260725,2.943436048803255,9.436533832882649,4.475089975974749,0.3692975306702646,8.659803553386599,0.4870146539131247,0.3539688052308572,2.750619969594292,7.366575524984173,4.508788286682072,7.9327562237644855,2.307426706552816,6.367482151970401,3.461066868040038,3.05072194350612,3.409083446964576,0.012920545496979033,1.3483302301998135
