,Returns,Semi Deviation,Sortino Ratio,ADANIPORTS Weight,ASIANPAINT Weight,BAJFINANCE Weight,BAJAJFINSV Weight,BRITANNIA Weight,DIVISLAB Weight,GRASIM Weight,HCLTECH Weight,HDFCBANK Weight,HINDALCO Weight,HINDUNILVR Weight,ICICIBANK Weight,INFY Weight,JSWSTEEL Weight,NESTLEIND Weight,POWERGRID Weight,RELIANCE Weight,TCS Weight,TATACONSUM Weight,TATASTEEL Weight,TECHM Weight,TITAN Weight,UPL Weight,WIPRO Weight
0,0.2156501073703084,0.28591274597364413,0.719852281626213,2.1821265912450016,1.252976268437809,4.879706649613219,3.4214292340027606,4.388949230544399,8.987700659873244,0.1388901098594222,9.465762267709957,2.2418252661010394,1.1686538171564307,4.3172467265454335,3.8458815016900654,0.8051336626622086,1.2731541233142458,4.254352849636088,1.8306658356465884,9.521136068244159,1.764681177684381,7.803536673014411,5.5552385764289305,4.404286906032097,9.534223343778098,0.11556249890200998,6.846879961877973
