,Returns,Semi Deviation,Sortino Ratio,ADANIPORTS Weight,ASIANPAINT Weight,BAJFINANCE Weight,BAJAJFINSV Weight,BRITANNIA Weight,DIVISLAB Weight,GRASIM Weight,HCLTECH Weight,HDFCBANK Weight,HINDALCO Weight,HINDUNILVR Weight,ICICIBANK Weight,INFY Weight,JSWSTEEL Weight,NESTLEIND Weight,POWERGRID Weight,RELIANCE Weight,TCS Weight,TATACONSUM Weight,TATASTEEL Weight,TECHM Weight,TITAN Weight,UPL Weight,WIPRO Weight
0,-42.60280492247818,5.405742404085751,-8.543286281560963,4.534142937825058,4.530406356325043,4.744388525823709,1.3894434561519837,4.699122397468749,5.991337877364196,6.347178839838094,1.9396982799180031,1.7123327520386886,4.3978026721070185,5.132492395072011,1.9354450915435437,8.124681643805975,0.17208474852823455,7.131124462569007,6.829746661128501,5.092265758871731,4.864701869366533,1.3177237293638717,1.5064615687084315,5.292892296339951,7.105190736576331,0.25608212807011316,4.953252815195212
