,Returns,Semi Deviation,Sortino Ratio,ADANIPORTS Weight,ASIANPAINT Weight,BAJFINANCE Weight,BAJAJFINSV Weight,BRITANNIA Weight,DIVISLAB Weight,GRASIM Weight,HCLTECH Weight,HDFCBANK Weight,HINDALCO Weight,HINDUNILVR Weight,ICICIBANK Weight,INFY Weight,JSWSTEEL Weight,NESTLEIND Weight,POWERGRID Weight,RELIANCE Weight,TCS Weight,TATACONSUM Weight,TATASTEEL Weight,TECHM Weight,TITAN Weight,UPL Weight,WIPRO Weight
0,0.3163164911838332,0.48675479876820854,0.6296421260237314,1.0567942806554549,8.02831153182813,7.177067368081672,0.8247572528863955,7.550021858805915,7.259257051125433,1.4661510083983122,5.70135762203713,6.066460765363816,3.0996784714654835,6.059332119235589,0.9469834429750452,3.0782063152247443,1.3500535509516314,6.63080495551658,0.574411503727678,7.869944766137071,6.077426236476903,7.906028889275807,0.8058586738043019,0.16396305275527892,7.945770900956552,2.0767182148511725,0.2846401674639316
