,Returns,Semi Deviation,Sortino Ratio,ADANIPORTS Weight,ASIANPAINT Weight,BAJFINANCE Weight,BAJAJFINSV Weight,BRITANNIA Weight,DIVISLAB Weight,GRASIM Weight,HCLTECH Weight,HDFCBANK Weight,HINDALCO Weight,HINDUNILVR Weight,ICICIBANK Weight,INFY Weight,JSWSTEEL Weight,NESTLEIND Weight,POWERGRID Weight,RELIANCE Weight,TCS Weight,TATACONSUM Weight,TATASTEEL Weight,TECHM Weight,TITAN Weight,UPL Weight,WIPRO Weight
0,-32.78982066613677,4.085717503398242,-8.90169734835721,0.3250115995166907,6.4749444700838845,6.523540698146622,5.055155548341965,7.113572823081121,7.71885133044303,0.6301563288760852,7.189841319070253,1.1508849930339933,1.4699385935262066,4.162318150023016,3.992981687977343,2.2515155214767706,3.638479836041933,8.176015639047698,5.822470955607854,0.46294323642554497,5.252680679455643,8.214499789715948,3.9775541901939686,0.15929243079262156,5.169187538162664,0.5588280618379596,4.509334579121202
