,Returns,Semi Deviation,Sortino Ratio,ADANIPORTS Weight,ASIANPAINT Weight,BAJFINANCE Weight,BAJAJFINSV Weight,BRITANNIA Weight,DIVISLAB Weight,GRASIM Weight,HCLTECH Weight,HDFCBANK Weight,HINDALCO Weight,HINDUNILVR Weight,ICICIBANK Weight,INFY Weight,JSWSTEEL Weight,NESTLEIND Weight,POWERGRID Weight,RELIANCE Weight,TCS Weight,TATACONSUM Weight,TATASTEEL Weight,TECHM Weight,TITAN Weight,UPL Weight,WIPRO Weight
0,-24.931500967740217,2.270675240601184,-12.5563975234924,5.631809633015338,1.143976257226185,3.863122214338256,6.95298600645194,2.647023480531089,3.1672903649931605,4.595476666811756,5.818959077636468,4.4836263167517805,0.31776354850915495,6.898682525299769,2.810469049783529,4.968667948541492,2.1282543003717516,7.1311287271735235,6.161710749922879,7.388801425402519,2.668892201331234,5.230660886250353,0.9823256533684084,3.863908352456243,1.9332114725352245,2.106805456116776,7.1044476851811895
