,Returns,Semi Deviation,Sortino Ratio,ADANIPORTS Weight,ASIANPAINT Weight,BAJFINANCE Weight,BAJAJFINSV Weight,BRITANNIA Weight,DIVISLAB Weight,GRASIM Weight,HCLTECH Weight,HDFCBANK Weight,HINDALCO Weight,HINDUNILVR Weight,ICICIBANK Weight,INFY Weight,JSWSTEEL Weight,NESTLEIND Weight,POWERGRID Weight,RELIANCE Weight,TCS Weight,TATACONSUM Weight,TATASTEEL Weight,TECHM Weight,TITAN Weight,UPL Weight,WIPRO Weight
0,-0.07262450009630418,0.5479610634853339,-0.15048453334800863,0.26368033610882335,5.945257114830685,7.199962600398068,1.9348288241032345,5.194230586908381,7.793104684982789,0.8460971947145155,2.4203825888519312,0.9957269288615308,2.9339632254196406,4.793064484851129,1.2090570916997507,7.7863679185398365,2.5410898221779714,3.946441444385441,1.7591236816002525,6.252174987921645,7.083489762026557,5.971548206135781,5.116007413133978,3.8995669408071594,6.244173967385565,1.360678608100957,6.509981586054373
