,Returns,Semi Deviation,Sortino Ratio,ADANIPORTS Weight,ASIANPAINT Weight,BAJFINANCE Weight,BAJAJFINSV Weight,BRITANNIA Weight,DIVISLAB Weight,GRASIM Weight,HCLTECH Weight,HDFCBANK Weight,HINDALCO Weight,HINDUNILVR Weight,ICICIBANK Weight,INFY Weight,JSWSTEEL Weight,NESTLEIND Weight,POWERGRID Weight,RELIANCE Weight,TCS Weight,TATACONSUM Weight,TATASTEEL Weight,TECHM Weight,TITAN Weight,UPL Weight,WIPRO Weight
0,-41.22514979662403,5.756962724309291,-7.782775734751636,5.743272159927617,3.120088527350361,4.586337783987497,5.319452769649198,3.4754154472666867,5.765819351261539,2.8974222765943076,6.6249069770946285,4.63986924179432,1.1814923114444642,2.311359935422584,7.247696940504153,0.8576583592668974,4.255068031913977,4.755064256117449,0.03311593837828033,7.008168695040718,4.285548764011997,4.910400116515707,1.5821971633174141,6.206927726790302,2.873545270253472,3.3121345602284706,7.007037395867948
