,Returns,Semi Deviation,Sortino Ratio,ADANIPORTS Weight,ASIANPAINT Weight,BAJFINANCE Weight,BAJAJFINSV Weight,BRITANNIA Weight,DIVISLAB Weight,GRASIM Weight,HCLTECH Weight,HDFCBANK Weight,HINDALCO Weight,HINDUNILVR Weight,ICICIBANK Weight,INFY Weight,JSWSTEEL Weight,NESTLEIND Weight,POWERGRID Weight,RELIANCE Weight,TCS Weight,TATACONSUM Weight,TATASTEEL Weight,TECHM Weight,TITAN Weight,UPL Weight,WIPRO Weight
0,0.21944999786308023,0.42200404671047154,0.49671285065123527,2.140730310967246,6.922930932124988,4.2847048034094355,3.4521939593596924,1.48598511113095,3.8047918494230863,0.35062478636592503,3.8790893654011325,2.260453606278098,4.240093611964143,6.490577646364562,1.2520660755746145,8.572501941450492,2.6049508437486235,8.003896571488815,1.0520943423723375,5.450294612643812,4.010437527381681,6.347822720115303,6.885142829517705,0.8018523451430514,7.8969712472634,0.2971564926426217,7.512636467868276
