,Returns,Semi Deviation,Sortino Ratio,ADANIPORTS Weight,ASIANPAINT Weight,BAJFINANCE Weight,BAJAJFINSV Weight,BRITANNIA Weight,DIVISLAB Weight,GRASIM Weight,HCLTECH Weight,HDFCBANK Weight,HINDALCO Weight,HINDUNILVR Weight,ICICIBANK Weight,INFY Weight,JSWSTEEL Weight,NESTLEIND Weight,POWERGRID Weight,RELIANCE Weight,TCS Weight,TATACONSUM Weight,TATASTEEL Weight,TECHM Weight,TITAN Weight,UPL Weight,WIPRO Weight
0,-30.27857231933817,4.186008834123133,-8.088509523279761,5.843534318514413,6.776825804563219,5.806449654801597,6.647089871358353,6.8908321125400285,3.709693185861761,2.598535241475122,0.004700998158444068,0.002454464593516218,4.653031632163044,5.447911035136806,7.46063072389333,7.036911492040285,2.7172105796169177,5.793688759047619,0.7594044293025853,0.6268132500647294,3.8862493788711925,6.901480962976893,4.276380343265079,0.5234109792082442,4.917504546145703,3.584166984279566,3.1350892521215465
