,Returns,Semi Deviation,Sortino Ratio,ADANIPORTS Weight,ASIANPAINT Weight,BAJFINANCE Weight,BAJAJFINSV Weight,BRITANNIA Weight,DIVISLAB Weight,GRASIM Weight,HCLTECH Weight,HDFCBANK Weight,HINDALCO Weight,HINDUNILVR Weight,ICICIBANK Weight,INFY Weight,JSWSTEEL Weight,NESTLEIND Weight,POWERGRID Weight,RELIANCE Weight,TCS Weight,TATACONSUM Weight,TATASTEEL Weight,TECHM Weight,TITAN Weight,UPL Weight,WIPRO Weight
0,-39.63286083415789,5.769393192556413,-7.490018341948075,4.015684526576006,7.085536614736289,3.3617725596254373,7.372068564638187,4.785151543888164,0.37821492814487373,3.970047059495115,4.5097170004027145,4.5776355048058,6.25379512230915,1.567462580078007,2.654548910201151,1.0171379287058415,6.614698611162771,4.2918645888355655,2.2447707934432937,2.3136850535132707,6.484817593921777,7.443396644717576,0.7010178585077743,0.029567144424660397,5.840146176122117,4.781609945774385,7.705652745970064
