,Returns,Semi Deviation,Sortino Ratio,ADANIPORTS Weight,ASIANPAINT Weight,BAJFINANCE Weight,BAJAJFINSV Weight,BRITANNIA Weight,DIVISLAB Weight,GRASIM Weight,HCLTECH Weight,HDFCBANK Weight,HINDALCO Weight,HINDUNILVR Weight,ICICIBANK Weight,INFY Weight,JSWSTEEL Weight,NESTLEIND Weight,POWERGRID Weight,RELIANCE Weight,TCS Weight,TATACONSUM Weight,TATASTEEL Weight,TECHM Weight,TITAN Weight,UPL Weight,WIPRO Weight
0,-31.988440233592886,4.52680511260055,-7.857294349736121,2.318318226996257,1.7529871551389016,7.173764806593945,0.6365669158274806,4.7102817972978945,2.231748581849276,6.505543111312914,1.3709476193721097,3.5008926470428894,2.5155559699234735,7.078142167376596,6.128134399153148,1.2308480256724825,6.808076247012658,4.338292591719133,7.661208495093249,3.960154345198337,2.7373871185828014,6.919164421502404,7.6568732995938555,0.43145491160224175,6.340450040492271,3.7142284876928446,2.2789786179528377
