,Returns,Semi Deviation,Sortino Ratio,ADANIPORTS Weight,ASIANPAINT Weight,BAJFINANCE Weight,BAJAJFINSV Weight,BRITANNIA Weight,DIVISLAB Weight,GRASIM Weight,HCLTECH Weight,HDFCBANK Weight,HINDALCO Weight,HINDUNILVR Weight,ICICIBANK Weight,INFY Weight,JSWSTEEL Weight,NESTLEIND Weight,POWERGRID Weight,RELIANCE Weight,TCS Weight,TATACONSUM Weight,TATASTEEL Weight,TECHM Weight,TITAN Weight,UPL Weight,WIPRO Weight
0,-39.52467038137265,5.246824184028049,-8.215383033528806,2.600605557104907,5.652212837000023,8.041181046967687,4.275969251950654,5.672850140574623,0.7791217753457889,2.14005115971305,3.310740261875187,3.560030295534845,0.6801988531566794,3.0689179194772453,1.6541463733054147,7.299709112459092,7.327378151148947,8.25488096220833,4.266747993441388,8.216087005656899,2.768917903816745,4.570057235132623,4.948906929772874,5.498079703334216,1.4094970907885276,0.1318621709479068,3.871850269286345
