,Returns,Semi Deviation,Sortino Ratio,ADANIPORTS Weight,ASIANPAINT Weight,BAJFINANCE Weight,BAJAJFINSV Weight,BRITANNIA Weight,DIVISLAB Weight,GRASIM Weight,HCLTECH Weight,HDFCBANK Weight,HINDALCO Weight,HINDUNILVR Weight,ICICIBANK Weight,INFY Weight,JSWSTEEL Weight,NESTLEIND Weight,POWERGRID Weight,RELIANCE Weight,TCS Weight,TATACONSUM Weight,TATASTEEL Weight,TECHM Weight,TITAN Weight,UPL Weight,WIPRO Weight
0,-36.15159016662075,4.040380003677357,-9.833627067369653,2.6557057272392104,5.352177389524227,3.710458983529442,8.270599310861616,0.94259401166921,8.53606200800149,3.007123314087591,4.448457899937104,6.457469847231216,1.2937567138140826,0.3343520168493845,6.970308282902818,0.17029871522426543,6.319017139978757,6.800898960715348,3.8098337915157034,1.1403715920311244,7.07052396979145,7.160288755554483,1.6210240466904584,3.8735423108607314,0.4774235439636199,1.6794060752732856,7.89830559275336
