,Returns,Semi Deviation,Sortino Ratio,ADANIPORTS Weight,ASIANPAINT Weight,BAJFINANCE Weight,BAJAJFINSV Weight,BRITANNIA Weight,DIVISLAB Weight,GRASIM Weight,HCLTECH Weight,HDFCBANK Weight,HINDALCO Weight,HINDUNILVR Weight,ICICIBANK Weight,INFY Weight,JSWSTEEL Weight,NESTLEIND Weight,POWERGRID Weight,RELIANCE Weight,TCS Weight,TATACONSUM Weight,TATASTEEL Weight,TECHM Weight,TITAN Weight,UPL Weight,WIPRO Weight
0,0.0999972413837662,0.6075064226130872,0.14841337176450628,0.5796879776870264,8.182528015671355,5.43504400234856,1.0749927411783413,4.473642117889173,4.243145940364988,2.7086249572593117,5.338791982897389,1.1497073678728098,2.5260794319093347,8.416351578676672,1.922341522215763,2.725793372439857,3.19804905290582,9.026101390473345,1.4428135978562675,6.195930877530406,8.722006203276846,6.6688332450249295,0.5842984480999518,2.8510530119334154,7.737000884958039,1.2298720221562622,3.5673102573741358
