,Returns,Semi Deviation,Sortino Ratio,ADANIPORTS Weight,ASIANPAINT Weight,BAJFINANCE Weight,BAJAJFINSV Weight,BRITANNIA Weight,DIVISLAB Weight,GRASIM Weight,HCLTECH Weight,HDFCBANK Weight,HINDALCO Weight,HINDUNILVR Weight,ICICIBANK Weight,INFY Weight,JSWSTEEL Weight,NESTLEIND Weight,POWERGRID Weight,RELIANCE Weight,TCS Weight,TATACONSUM Weight,TATASTEEL Weight,TECHM Weight,TITAN Weight,UPL Weight,WIPRO Weight
0,-25.69988721487237,2.5695094255725057,-11.395127382476362,4.282541952962882,0.8821778923421166,0.6868308028815147,7.528143065814237,4.529234794076363,0.2735183451072167,1.8409019899055505,6.979174791376129,4.327126040483731,3.4039905992912733,5.234473223530146,3.6813629383781574,0.41512407793433126,0.07826773104759525,3.020756880267874,6.57163043871228,8.91227905377909,5.621482232496859,9.38215670658336,5.597332774838915,2.776136094051245,7.6672204752429405,0.020752675682347448,6.287384423213846
