,Returns,Semi Deviation,Sortino Ratio,ADANIPORTS Weight,ASIANPAINT Weight,BAJFINANCE Weight,BAJAJFINSV Weight,BRITANNIA Weight,DIVISLAB Weight,GRASIM Weight,HCLTECH Weight,HDFCBANK Weight,HINDALCO Weight,HINDUNILVR Weight,ICICIBANK Weight,INFY Weight,JSWSTEEL Weight,NESTLEIND Weight,POWERGRID Weight,RELIANCE Weight,TCS Weight,TATACONSUM Weight,TATASTEEL Weight,TECHM Weight,TITAN Weight,UPL Weight,WIPRO Weight
0,0.15214950496510038,0.4365188754218778,0.3260210454642872,2.2314843711676247,9.656174075744858,2.106174095685497,1.1220274872706852,1.08691079567114,10.0237407848429,0.1510672748016821,6.885061056762071,3.7328962369260807,1.5075453180167422,8.835689287802996,1.8853739165701033,9.496077881360282,1.6297522740583124,2.931892026207714,2.3287760709306475,9.213875270400202,1.3803945932946347,8.15406753257914,2.7067591351131264,2.1191880877801914,0.7394892345482484,1.9558906512761087,8.119692541189021
