,Returns,Semi Deviation,Sortino Ratio,ADANIPORTS Weight,ASIANPAINT Weight,BAJFINANCE Weight,BAJAJFINSV Weight,BRITANNIA Weight,DIVISLAB Weight,GRASIM Weight,HCLTECH Weight,HDFCBANK Weight,HINDALCO Weight,HINDUNILVR Weight,ICICIBANK Weight,INFY Weight,JSWSTEEL Weight,NESTLEIND Weight,POWERGRID Weight,RELIANCE Weight,TCS Weight,TATACONSUM Weight,TATASTEEL Weight,TECHM Weight,TITAN Weight,UPL Weight,WIPRO Weight
0,-26.485361774137427,2.799262046023853,-10.740459906868338,7.588303849721796,0.5286707609665766,9.930345577224376,2.676968775071082,2.0672715130428374,6.230215251372725,2.1433340827488303,6.887953080397306,0.19242056341940506,6.231392773254404,9.912840623647785,1.4836761883432381,0.6157456078537137,4.022907482141629,0.8873051147812094,0.5918209977618787,10.209704945234698,2.486347298139864,9.959945064967616,0.45601203128367424,7.013806724882793,5.7762046219573895,0.11377076037183216,1.993036311413355
