,Returns,Semi Deviation,Sortino Ratio,ADANIPORTS Weight,ASIANPAINT Weight,BAJFINANCE Weight,BAJAJFINSV Weight,BRITANNIA Weight,DIVISLAB Weight,GRASIM Weight,HCLTECH Weight,HDFCBANK Weight,HINDALCO Weight,HINDUNILVR Weight,ICICIBANK Weight,INFY Weight,JSWSTEEL Weight,NESTLEIND Weight,POWERGRID Weight,RELIANCE Weight,TCS Weight,TATACONSUM Weight,TATASTEEL Weight,TECHM Weight,TITAN Weight,UPL Weight,WIPRO Weight
0,-37.88782125149176,4.408362056547488,-9.406627840356709,2.2093995423053943,6.383613321976775,5.630334758084674,4.75309978866465,1.7607625007595786,5.14574980778902,1.371460372066474,3.8975003265395998,2.0641131258750995,4.72930959368488,0.20921818538374967,4.607634166990977,5.645884055127234,7.083052558357543,3.874811432941684,4.999347489484638,5.009477728243252,6.332441201596051,2.50827568609976,4.287432205629252,3.583315934098344,5.366984888220791,0.6740829536984478,7.872698376382125
