,Returns,Semi Deviation,Sortino Ratio,ADANIPORTS Weight,ASIANPAINT Weight,BAJFINANCE Weight,BAJAJFINSV Weight,BRITANNIA Weight,DIVISLAB Weight,GRASIM Weight,HCLTECH Weight,HDFCBANK Weight,HINDALCO Weight,HINDUNILVR Weight,ICICIBANK Weight,INFY Weight,JSWSTEEL Weight,NESTLEIND Weight,POWERGRID Weight,RELIANCE Weight,TCS Weight,TATACONSUM Weight,TATASTEEL Weight,TECHM Weight,TITAN Weight,UPL Weight,WIPRO Weight
0,-44.58330931868026,5.787179270541831,-8.32241530236386,3.1615502845638166,6.0661211001523485,3.0736210070099674,0.5899542694567854,3.108150162766998,2.7783520571085027,5.594420517847911,6.552886932760645,1.6957459490978894,2.351672689306825,6.696698633752697,2.645762291418369,4.32523429405291,0.5920945508630737,2.306861901812643,6.223281851533993,7.641622779765058,1.5409176730008365,4.691641376362432,6.855238261997007,5.215100873283171,6.435943191805118,4.303645466948218,5.553481883332778
