,Returns,Semi Deviation,Sortino Ratio,ADANIPORTS Weight,ASIANPAINT Weight,BAJFINANCE Weight,BAJAJFINSV Weight,BRITANNIA Weight,DIVISLAB Weight,GRASIM Weight,HCLTECH Weight,HDFCBANK Weight,HINDALCO Weight,HINDUNILVR Weight,ICICIBANK Weight,INFY Weight,JSWSTEEL Weight,NESTLEIND Weight,POWERGRID Weight,RELIANCE Weight,TCS Weight,TATACONSUM Weight,TATASTEEL Weight,TECHM Weight,TITAN Weight,UPL Weight,WIPRO Weight
0,-26.64326338468807,2.4619615486478277,-12.276090746131864,4.712913435536098,0.952731021187436,5.594253930920428,4.5848907932263705,5.218885662953914,4.935782500297694,5.514992965868866,3.2991631624163733,2.203298440736512,3.8973639569051475,2.7891433750478902,2.41466446199498,5.578987687708261,3.756722725179836,4.003155825745557,3.5162167946936744,4.856364410035359,3.163671287892726,1.366829771313691,7.312309750394129,7.208081088343296,3.90005397882646,3.1617977707666443,6.057725202008669
