,Returns,Semi Deviation,Sortino Ratio,ADANIPORTS Weight,ASIANPAINT Weight,BAJFINANCE Weight,BAJAJFINSV Weight,BRITANNIA Weight,DIVISLAB Weight,GRASIM Weight,HCLTECH Weight,HDFCBANK Weight,HINDALCO Weight,HINDUNILVR Weight,ICICIBANK Weight,INFY Weight,JSWSTEEL Weight,NESTLEIND Weight,POWERGRID Weight,RELIANCE Weight,TCS Weight,TATACONSUM Weight,TATASTEEL Weight,TECHM Weight,TITAN Weight,UPL Weight,WIPRO Weight
0,-41.88251407782164,4.99902383422939,-9.094278320205246,0.06716866481741432,3.8751584192408406,5.368043557293521,7.025914928254179,6.489935469706958,5.690182058505687,1.0414112868896535,0.7642473979672316,5.772332206455317,0.7359539333474012,3.811020969051735,3.047241472712808,5.3876137173736645,7.219107071895324,6.1986394783847905,5.347436500282408,7.117124444438846,3.3621758856879103,0.9100666760571913,8.219912470236917,1.0249203232486446,7.25197729939116,1.7816575204808172,2.490758248279561
