,Returns,Semi Deviation,Sortino Ratio,ADANIPORTS Weight,ASIANPAINT Weight,BAJFINANCE Weight,BAJAJFINSV Weight,BRITANNIA Weight,DIVISLAB Weight,GRASIM Weight,HCLTECH Weight,HDFCBANK Weight,HINDALCO Weight,HINDUNILVR Weight,ICICIBANK Weight,INFY Weight,JSWSTEEL Weight,NESTLEIND Weight,POWERGRID Weight,RELIANCE Weight,TCS Weight,TATACONSUM Weight,TATASTEEL Weight,TECHM Weight,TITAN Weight,UPL Weight,WIPRO Weight
0,-39.20522124207701,5.297825078846639,-8.075997339533066,6.673701333371378,3.77393391357409,4.689892102237002,1.6624757675355384,6.217999771968987,6.636304956293948,4.651598122231279,5.8886729525649955,1.7248532695493077,3.1466524581404003,5.998884883184287,0.30212007984358186,6.549891524173254,5.998513071536952,0.7654622841896102,4.127431029439912,5.661927233170638,4.0746799991481355,6.422757971082922,1.3254481748729627,3.336315077306505,3.2727797061932256,0.8819809085385864,6.21572340985253
