,Returns,Semi Deviation,Sortino Ratio,ADANIPORTS Weight,ASIANPAINT Weight,BAJFINANCE Weight,BAJAJFINSV Weight,BRITANNIA Weight,DIVISLAB Weight,GRASIM Weight,HCLTECH Weight,HDFCBANK Weight,HINDALCO Weight,HINDUNILVR Weight,ICICIBANK Weight,INFY Weight,JSWSTEEL Weight,NESTLEIND Weight,POWERGRID Weight,RELIANCE Weight,TCS Weight,TATACONSUM Weight,TATASTEEL Weight,TECHM Weight,TITAN Weight,UPL Weight,WIPRO Weight
0,-34.430982899789605,4.264038957897192,-8.914314169055972,3.854363664560018,0.19147176961558585,4.414611112844458,7.672156007123321,4.843388272440409,2.482717249690518,4.098846990144181,4.9474498862289655,9.515683681741608,4.801276588135044,5.036856736962958,4.461582126890868,0.14584006167305297,0.4926704374956119,9.36235343068276,1.570883995446167,5.446257208887055,6.247303345743023,4.234020898873378,2.2809529051038147,3.8295728621720175,3.055092149988137,1.473527990652243,5.5411206269047995
