,Returns,Semi Deviation,Sortino Ratio,ADANIPORTS Weight,ASIANPAINT Weight,BAJFINANCE Weight,BAJAJFINSV Weight,BRITANNIA Weight,DIVISLAB Weight,GRASIM Weight,HCLTECH Weight,HDFCBANK Weight,HINDALCO Weight,HINDUNILVR Weight,ICICIBANK Weight,INFY Weight,JSWSTEEL Weight,NESTLEIND Weight,POWERGRID Weight,RELIANCE Weight,TCS Weight,TATACONSUM Weight,TATASTEEL Weight,TECHM Weight,TITAN Weight,UPL Weight,WIPRO Weight
0,-35.69867304496855,5.063578508419254,-7.757097669100928,4.91892364102421,1.6786099637089675,5.900934368532495,5.814688787540576,8.819245517289023,8.555001133863213,6.664137866568661,0.38093186024100967,1.0652732932968452,5.595994484213566,2.9864164994214666,0.9433208743996687,5.379013549613673,1.5847086533751176,8.81631386406439,1.3087304519512566,4.1162968560603606,5.314216587477905,5.412582439189618,2.565793182721323,1.356464928144462,3.2886567041143384,3.4249196905856776,4.108824802602151
