,Returns,Semi Deviation,Sortino Ratio,ADANIPORTS Weight,ASIANPAINT Weight,BAJFINANCE Weight,BAJAJFINSV Weight,BRITANNIA Weight,DIVISLAB Weight,GRASIM Weight,HCLTECH Weight,HDFCBANK Weight,HINDALCO Weight,HINDUNILVR Weight,ICICIBANK Weight,INFY Weight,JSWSTEEL Weight,NESTLEIND Weight,POWERGRID Weight,RELIANCE Weight,TCS Weight,TATACONSUM Weight,TATASTEEL Weight,TECHM Weight,TITAN Weight,UPL Weight,WIPRO Weight
0,-30.999820422383657,3.992984638430085,-8.660143615273046,8.064805336058594,3.570546416086864,5.191285195931917,0.8807194128059876,6.217952232267264,0.6528058107043782,2.4448944773030266,2.3519704837357707,1.039767786512282,5.397633073694798,2.2114975330074746,6.53056004575741,7.264040643898335,8.072263061722678,5.029865745216192,1.2473318724178808,6.677154480161959,2.9169996924996324,5.502400291236841,3.4242508564588983,0.719390873900487,6.607437581228524,2.1977749633339023,5.786652134058907
