,Returns,Semi Deviation,Sortino Ratio,ADANIPORTS Weight,ASIANPAINT Weight,BAJFINANCE Weight,BAJAJFINSV Weight,BRITANNIA Weight,DIVISLAB Weight,GRASIM Weight,HCLTECH Weight,HDFCBANK Weight,HINDALCO Weight,HINDUNILVR Weight,ICICIBANK Weight,INFY Weight,JSWSTEEL Weight,NESTLEIND Weight,POWERGRID Weight,RELIANCE Weight,TCS Weight,TATACONSUM Weight,TATASTEEL Weight,TECHM Weight,TITAN Weight,UPL Weight,WIPRO Weight
0,-32.4949369032727,4.339820866812123,-8.312540542663472,1.6658014108783865,9.148629542385388,8.346869252118017,2.644425928402849,4.519154287139106,0.9840607928388432,2.073912654878219,1.1347224509458442,0.5433020850839213,0.1547709009066353,3.171071390645323,4.720291705242897,5.199160964979343,8.103778349286566,1.1435525018332175,1.2887205075181551,2.1292299764479985,8.252409865608119,7.867731854449335,0.14611004729340554,2.5783240081022925,9.075147837129856,7.409283899675318,7.6995377862109695
