,Returns,Semi Deviation,Sortino Ratio,ADANIPORTS Weight,ASIANPAINT Weight,BAJFINANCE Weight,BAJAJFINSV Weight,BRITANNIA Weight,DIVISLAB Weight,GRASIM Weight,HCLTECH Weight,HDFCBANK Weight,HINDALCO Weight,HINDUNILVR Weight,ICICIBANK Weight,INFY Weight,JSWSTEEL Weight,NESTLEIND Weight,POWERGRID Weight,RELIANCE Weight,TCS Weight,TATACONSUM Weight,TATASTEEL Weight,TECHM Weight,TITAN Weight,UPL Weight,WIPRO Weight
0,-38.88505594770159,5.308158103083451,-7.999960649822035,0.08650991851410016,3.6663604819782645,3.7050959234298873,6.920956450751657,6.127157909198679,6.805074169827768,2.194102586147291,2.195263203710891,1.8947511869777371,5.69049569843251,7.9565612339063145,0.5471484373940481,1.4138605427307533,3.0700993589600394,2.9808642938725156,6.671190467828703,7.222696886885231,3.0719089032710305,7.634068396297147,1.9233075569337277,0.48624317345758383,5.673435512560656,5.314112425047412,6.74873528188605
