,Returns,Semi Deviation,Sortino Ratio,ADANIPORTS Weight,ASIANPAINT Weight,BAJFINANCE Weight,BAJAJFINSV Weight,BRITANNIA Weight,DIVISLAB Weight,GRASIM Weight,HCLTECH Weight,HDFCBANK Weight,HINDALCO Weight,HINDUNILVR Weight,ICICIBANK Weight,INFY Weight,JSWSTEEL Weight,NESTLEIND Weight,POWERGRID Weight,RELIANCE Weight,TCS Weight,TATACONSUM Weight,TATASTEEL Weight,TECHM Weight,TITAN Weight,UPL Weight,WIPRO Weight
0,-41.16564332853409,4.854948836754906,-9.216501518982538,7.008069186732696,5.564305898709448,2.9513396145176745,6.838678370122148,3.0178699094822714,0.556965045598651,0.4893100432095364,4.673885764277846,1.9471732903875945,3.761022024482007,8.427559337293085,1.2009804260405028,8.104877161978512,2.7135168509139667,0.25158779513166984,3.0375013684014402,8.473338184532492,1.9048058636800154,8.427975584826806,3.9366747216936044,0.048975158171710546,3.401251271446796,5.859425555456832,7.4029115729126795
