,Returns,Semi Deviation,Sortino Ratio,ADANIPORTS Weight,ASIANPAINT Weight,BAJFINANCE Weight,BAJAJFINSV Weight,BRITANNIA Weight,DIVISLAB Weight,GRASIM Weight,HCLTECH Weight,HDFCBANK Weight,HINDALCO Weight,HINDUNILVR Weight,ICICIBANK Weight,INFY Weight,JSWSTEEL Weight,NESTLEIND Weight,POWERGRID Weight,RELIANCE Weight,TCS Weight,TATACONSUM Weight,TATASTEEL Weight,TECHM Weight,TITAN Weight,UPL Weight,WIPRO Weight
0,-34.86514284664521,4.803613314151371,-8.003380025071213,6.580947147687138,1.0170920672248094,7.595638934364311,6.020588157347437,6.892658562397959,7.034609145226553,7.481625510375975,4.0877426749747015,3.593116858238644,3.1868185892166037,0.37672278258951986,3.797694797222591,5.75404362804617,1.7483171163707143,7.34121186145172,2.557089389298583,0.5610717815176326,1.6071300812905371,4.726726720130484,4.638668602023347,3.0655549189618005,6.389774327932081,2.7797041129678615,1.16545223314284
