,Returns,Semi Deviation,Sortino Ratio,ADANIPORTS Weight,ASIANPAINT Weight,BAJFINANCE Weight,BAJAJFINSV Weight,BRITANNIA Weight,DIVISLAB Weight,GRASIM Weight,HCLTECH Weight,HDFCBANK Weight,HINDALCO Weight,HINDUNILVR Weight,ICICIBANK Weight,INFY Weight,JSWSTEEL Weight,NESTLEIND Weight,POWERGRID Weight,RELIANCE Weight,TCS Weight,TATACONSUM Weight,TATASTEEL Weight,TECHM Weight,TITAN Weight,UPL Weight,WIPRO Weight
0,-40.70038679536266,4.516939446309311,-9.803183620613545,5.949846760980084,7.473301147241586,0.9614226957363492,3.87065480633202,2.511412353259493,5.009911873638002,4.019769949944521,4.230411247577865,5.507896163012237,2.8906653862177185,5.557854779437433,6.554487858909031,2.7060211723828766,1.6813322370075217,4.655696684538357,4.65513808741572,4.895896580822775,2.946211423610498,6.63347079678755,3.5997036981512216,5.358505682739175,5.467817978562218,0.15397774799935957,2.7085928876963794
