,Returns,Semi Deviation,Sortino Ratio,ADANIPORTS Weight,ASIANPAINT Weight,BAJFINANCE Weight,BAJAJFINSV Weight,BRITANNIA Weight,DIVISLAB Weight,GRASIM Weight,HCLTECH Weight,HDFCBANK Weight,HINDALCO Weight,HINDUNILVR Weight,ICICIBANK Weight,INFY Weight,JSWSTEEL Weight,NESTLEIND Weight,POWERGRID Weight,RELIANCE Weight,TCS Weight,TATACONSUM Weight,TATASTEEL Weight,TECHM Weight,TITAN Weight,UPL Weight,WIPRO Weight
0,0.18980030721636082,0.650056916818969,0.27684520805016455,0.1134924999684168,1.9101116183369045,7.562151124479195,5.2379728280334055,4.825963730581664,7.236646933771339,1.360089222936089,0.28308047158441135,0.3457926157064752,5.247606878029858,7.307408634674453,1.353572024081228,4.804436120435541,4.094025755407137,7.817551341406091,1.8977608550200593,9.192009399695156,5.193225556861283,6.883061103773744,3.37766933210731,3.0727752284463636,6.636099892759146,1.3453932239691184,2.902103607935596
