,Returns,Semi Deviation,Sortino Ratio,ADANIPORTS Weight,ASIANPAINT Weight,BAJFINANCE Weight,BAJAJFINSV Weight,BRITANNIA Weight,DIVISLAB Weight,GRASIM Weight,HCLTECH Weight,HDFCBANK Weight,HINDALCO Weight,HINDUNILVR Weight,ICICIBANK Weight,INFY Weight,JSWSTEEL Weight,NESTLEIND Weight,POWERGRID Weight,RELIANCE Weight,TCS Weight,TATACONSUM Weight,TATASTEEL Weight,TECHM Weight,TITAN Weight,UPL Weight,WIPRO Weight
0,-40.50032315327911,5.715950046921884,-7.71181042371372,1.3830247527884623,2.7978105724507043,7.598487228651016,4.784778758519334,1.059653548384296,6.07820567452687,7.186422078297566,1.7918079958924285,4.711106040233535,7.2384540671178845,6.082210105477305,1.0717221160397374,2.750778083083014,4.618385572159811,1.168686043559217,4.007518001040611,6.6222029660319075,3.500847511390235,7.571577279366218,0.6016041451473575,7.262909252758197,3.4725254728659385,2.316087678471045,4.323195055747312
