,Returns,Semi Deviation,Sortino Ratio,ADANIPORTS Weight,ASIANPAINT Weight,BAJFINANCE Weight,BAJAJFINSV Weight,BRITANNIA Weight,DIVISLAB Weight,GRASIM Weight,HCLTECH Weight,HDFCBANK Weight,HINDALCO Weight,HINDUNILVR Weight,ICICIBANK Weight,INFY Weight,JSWSTEEL Weight,NESTLEIND Weight,POWERGRID Weight,RELIANCE Weight,TCS Weight,TATACONSUM Weight,TATASTEEL Weight,TECHM Weight,TITAN Weight,UPL Weight,WIPRO Weight
0,0.32426483564952874,0.5245568203770985,0.5994196597964804,0.8712946292849584,5.002503748925133,7.547563791891065,0.39295220982797935,3.138813185587123,6.297137889580854,1.3607498939050973,5.616360730394784,1.2801752539670996,0.39707931446900013,1.8018678512114485,0.42065402104572097,4.937701498560301,0.04008751795838563,7.79612606871188,7.865503886530287,8.145275674837618,8.075153078867654,8.013236069798667,4.65442014954558,0.4928300538148792,6.571561694661228,1.53582164740001,7.745130139223242
