,Returns,Semi Deviation,Sortino Ratio,ADANIPORTS Weight,ASIANPAINT Weight,BAJFINANCE Weight,BAJAJFINSV Weight,BRITANNIA Weight,DIVISLAB Weight,GRASIM Weight,HCLTECH Weight,HDFCBANK Weight,HINDALCO Weight,HINDUNILVR Weight,ICICIBANK Weight,INFY Weight,JSWSTEEL Weight,NESTLEIND Weight,POWERGRID Weight,RELIANCE Weight,TCS Weight,TATACONSUM Weight,TATASTEEL Weight,TECHM Weight,TITAN Weight,UPL Weight,WIPRO Weight
0,-29.558382274325716,4.062756847792077,-8.156624557124289,2.288981735303278,4.791895361929698,2.020350265490295,3.596401405624252,0.5295798498183892,7.366124628240295,6.786222517769952,2.5567966433594065,0.6491419867440885,2.8044828266616255,6.60770444334229,6.779519650927155,3.164490360738218,0.2790122991543891,7.2346070012238295,6.173984426732879,5.139356733800586,5.899285303826834,7.3220317455548605,5.1169546229600495,0.006122319384029079,5.238855176878756,7.536340090138392,0.11175860439644492
