,Returns,Semi Deviation,Sortino Ratio,ADANIPORTS Weight,ASIANPAINT Weight,BAJFINANCE Weight,BAJAJFINSV Weight,BRITANNIA Weight,DIVISLAB Weight,GRASIM Weight,HCLTECH Weight,HDFCBANK Weight,HINDALCO Weight,HINDUNILVR Weight,ICICIBANK Weight,INFY Weight,JSWSTEEL Weight,NESTLEIND Weight,POWERGRID Weight,RELIANCE Weight,TCS Weight,TATACONSUM Weight,TATASTEEL Weight,TECHM Weight,TITAN Weight,UPL Weight,WIPRO Weight
0,-29.21622115681683,3.1322586669327563,-10.470470240228373,0.034511261357095493,0.45668887701861216,2.7737235429330274,7.2966026969980256,7.119701539986872,6.235543297380771,2.804664842176359,5.199390629895877,0.8947057289802314,6.696161587834215,6.362508942125325,4.458234679373963,1.5200797413996952,1.5726250326001883,3.084527575825618,3.6122295804293456,7.150664995609454,7.586370596111378,5.007294742193145,2.869983071483525,5.676922456026609,5.525429302638245,2.646408817354474,3.4150264622679414
