,Returns,Semi Deviation,Sortino Ratio,ADANIPORTS Weight,ASIANPAINT Weight,BAJFINANCE Weight,BAJAJFINSV Weight,BRITANNIA Weight,DIVISLAB Weight,GRASIM Weight,HCLTECH Weight,HDFCBANK Weight,HINDALCO Weight,HINDUNILVR Weight,ICICIBANK Weight,INFY Weight,JSWSTEEL Weight,NESTLEIND Weight,POWERGRID Weight,RELIANCE Weight,TCS Weight,TATACONSUM Weight,TATASTEEL Weight,TECHM Weight,TITAN Weight,UPL Weight,WIPRO Weight
0,0.12015232443169685,0.4429394853212182,0.24905695530063293,1.0917333847208528,2.1197771729968196,2.489346907102287,0.3928144853289084,4.886027731650523,4.813294500548944,1.4927529974170055,2.3102072776451363,1.823640108589488,3.554497565530041,10.104965503651446,3.21943547725003,7.424817619971252,2.4603992382109916,4.963148224616763,0.98120182269781,1.5723547439978478,9.868897276736993,10.40340246500094,5.414027559849626,0.8684084008376731,5.91861141389158,2.6765681944046715,9.14966992735234
