,Returns,Semi Deviation,Sortino Ratio,ADANIPORTS Weight,ASIANPAINT Weight,BAJFINANCE Weight,BAJAJFINSV Weight,BRITANNIA Weight,DIVISLAB Weight,GRASIM Weight,HCLTECH Weight,HDFCBANK Weight,HINDALCO Weight,HINDUNILVR Weight,ICICIBANK Weight,INFY Weight,JSWSTEEL Weight,NESTLEIND Weight,POWERGRID Weight,RELIANCE Weight,TCS Weight,TATACONSUM Weight,TATASTEEL Weight,TECHM Weight,TITAN Weight,UPL Weight,WIPRO Weight
0,-39.6621341118984,5.4571623916799465,-7.923922912359336,0.7553702321037539,0.8506922479118474,2.9080597166177364,6.621622176048933,6.477361657742298,6.990454761276924,7.20561556333276,4.992110898602577,4.488176739660516,5.593220654867411,1.3131044137714414,4.606423310869637,3.5926912888892812,0.6913274991214969,5.13254132196538,3.921316506245629,3.4801862667600743,5.234813146736623,4.578057304555588,4.668366520316076,7.24143430764834,4.915692300386927,2.9619776057208584,0.7793835588478767
