,Returns,Semi Deviation,Sortino Ratio,ADANIPORTS Weight,ASIANPAINT Weight,BAJFINANCE Weight,BAJAJFINSV Weight,BRITANNIA Weight,DIVISLAB Weight,GRASIM Weight,HCLTECH Weight,HDFCBANK Weight,HINDALCO Weight,HINDUNILVR Weight,ICICIBANK Weight,INFY Weight,JSWSTEEL Weight,NESTLEIND Weight,POWERGRID Weight,RELIANCE Weight,TCS Weight,TATACONSUM Weight,TATASTEEL Weight,TECHM Weight,TITAN Weight,UPL Weight,WIPRO Weight
0,-39.04428814427416,5.54383947189473,-7.688586287601572,2.797674147545635,6.447798545286772,6.672928019095203,3.586716601891809,7.107535509597361,5.527830897369155,1.575856256556548,6.879659949230563,6.746346020165184,6.717273176576419,2.227027047321481,3.2569955815719127,0.7277711023722164,3.1953274651842647,3.0723218841463007,6.7354587320387544,0.6038837513670424,2.328842213638586,3.660287384286186,3.088997433957114,2.722247663317529,5.448657112618148,4.536624596917299,4.335938907948539
