,Returns,Semi Deviation,Sortino Ratio,ADANIPORTS Weight,ASIANPAINT Weight,BAJFINANCE Weight,BAJAJFINSV Weight,BRITANNIA Weight,DIVISLAB Weight,GRASIM Weight,HCLTECH Weight,HDFCBANK Weight,HINDALCO Weight,HINDUNILVR Weight,ICICIBANK Weight,INFY Weight,JSWSTEEL Weight,NESTLEIND Weight,POWERGRID Weight,RELIANCE Weight,TCS Weight,TATACONSUM Weight,TATASTEEL Weight,TECHM Weight,TITAN Weight,UPL Weight,WIPRO Weight
0,0.11022362701110494,0.6339937679740538,0.1583429794534644,1.9628062714974737,4.104830750318388,9.077554269492753,2.1389214203289137,6.879779434292869,5.326078051356712,0.6005197763765677,0.7632221560907809,2.479733848417688,1.3953898659485697,10.960377421656489,1.6978707984662649,0.27699155439357215,2.064661675584623,6.74898231130953,9.021689127819954,7.842468954221592,6.637038002619853,6.051922768407836,1.7768158688618994,0.3757770435173611,5.484379164063972,0.6242986978725193,5.7078907670838275
