,Returns,Semi Deviation,Sortino Ratio,ADANIPORTS Weight,ASIANPAINT Weight,BAJFINANCE Weight,BAJAJFINSV Weight,BRITANNIA Weight,DIVISLAB Weight,GRASIM Weight,HCLTECH Weight,HDFCBANK Weight,HINDALCO Weight,HINDUNILVR Weight,ICICIBANK Weight,INFY Weight,JSWSTEEL Weight,NESTLEIND Weight,POWERGRID Weight,RELIANCE Weight,TCS Weight,TATACONSUM Weight,TATASTEEL Weight,TECHM Weight,TITAN Weight,UPL Weight,WIPRO Weight
0,0.16197539524450422,0.2801454280426744,0.5430758998007418,4.488689258123625,5.549876999953821,1.2634332961737038,0.9060154654725218,0.6304954966088112,9.13292769015912,1.2204971701152174,3.4362011229508114,4.022812861765169,2.268856493839313,9.43648068296718,0.906502441342562,8.934957893033097,4.038466246428248,7.716780648725948,2.7491300019100384,8.676774832829407,8.895652714296034,4.097906678424542,1.8786588620085432,1.4149227426409539,1.7581111124933293,0.5493663749683221,6.026482912769704
