,Returns,Semi Deviation,Sortino Ratio,ADANIPORTS Weight,ASIANPAINT Weight,BAJFINANCE Weight,BAJAJFINSV Weight,BRITANNIA Weight,DIVISLAB Weight,GRASIM Weight,HCLTECH Weight,HDFCBANK Weight,HINDALCO Weight,HINDUNILVR Weight,ICICIBANK Weight,INFY Weight,JSWSTEEL Weight,NESTLEIND Weight,POWERGRID Weight,RELIANCE Weight,TCS Weight,TATACONSUM Weight,TATASTEEL Weight,TECHM Weight,TITAN Weight,UPL Weight,WIPRO Weight
0,-34.479208768136395,4.433683144533818,-8.584106605601415,0.7761365580218212,3.843138826055676,3.740470700851014,6.091400721969165,1.2636053371883231,2.2805241431972116,1.5470987137286112,5.531637131072521,5.831750613836353,5.730973792233557,4.357794324495807,2.5377495372059635,5.6891986006648,6.667770755832642,4.643838718319347,0.5734014548572921,1.8507910312243907,7.544479263054617,4.493482723346618,5.03635971929201,4.461445993124169,6.955605682720837,2.2715431052605246,6.279802552446736
