,Returns,Semi Deviation,Sortino Ratio,ADANIPORTS Weight,ASIANPAINT Weight,BAJFINANCE Weight,BAJAJFINSV Weight,BRITANNIA Weight,DIVISLAB Weight,GRASIM Weight,HCLTECH Weight,HDFCBANK Weight,HINDALCO Weight,HINDUNILVR Weight,ICICIBANK Weight,INFY Weight,JSWSTEEL Weight,NESTLEIND Weight,POWERGRID Weight,RELIANCE Weight,TCS Weight,TATACONSUM Weight,TATASTEEL Weight,TECHM Weight,TITAN Weight,UPL Weight,WIPRO Weight
0,-25.528579694696685,2.9824129751777027,-9.760076802563633,2.8992608461175564,4.26604121583565,5.80385066339175,2.378418354354814,3.9936321362469918,6.802538194191106,2.219213992708057,6.156123902011272,0.1454726429651106,3.178639220465508,4.397366731311442,7.215426086911464,6.268672081135573,7.61548178951582,0.7925286379749479,5.194625031544375,0.9745127870573272,6.963113879360258,1.460429727599277,7.477782541889863,1.966879885746482,5.8114171457921,0.40512653538065074,5.6134459704926005
