,Returns,Semi Deviation,Sortino Ratio,ADANIPORTS Weight,ASIANPAINT Weight,BAJFINANCE Weight,BAJAJFINSV Weight,BRITANNIA Weight,DIVISLAB Weight,GRASIM Weight,HCLTECH Weight,HDFCBANK Weight,HINDALCO Weight,HINDUNILVR Weight,ICICIBANK Weight,INFY Weight,JSWSTEEL Weight,NESTLEIND Weight,POWERGRID Weight,RELIANCE Weight,TCS Weight,TATACONSUM Weight,TATASTEEL Weight,TECHM Weight,TITAN Weight,UPL Weight,WIPRO Weight
0,0.3334939564919847,0.47099686438782035,0.6871782301088064,3.3302496884823207,3.9760382899013305,4.020727868315815,0.9095416147387932,4.5362570191511,6.317915095669016,1.0393547740179854,2.836650555337376,2.3902399260080274,0.896708924317133,10.49171620556803,1.5373269318357698,6.358624971200408,0.40224143396920514,10.69426453999958,2.0893744878499128,7.674945866054407,9.215344568814015,2.5113115018363588,5.934873388805906,2.889756572007067,9.009543648878859,0.8458677545016325,0.0911243727399544
