,Returns,Semi Deviation,Sortino Ratio,ADANIPORTS Weight,ASIANPAINT Weight,BAJFINANCE Weight,BAJAJFINSV Weight,BRITANNIA Weight,DIVISLAB Weight,GRASIM Weight,HCLTECH Weight,HDFCBANK Weight,HINDALCO Weight,HINDUNILVR Weight,ICICIBANK Weight,INFY Weight,JSWSTEEL Weight,NESTLEIND Weight,POWERGRID Weight,RELIANCE Weight,TCS Weight,TATACONSUM Weight,TATASTEEL Weight,TECHM Weight,TITAN Weight,UPL Weight,WIPRO Weight
0,-30.52262105766107,3.891116030338072,-8.764226199314374,5.197108259421396,6.62396370386141,5.553657140901682,1.3293766754953413,5.5396554681130254,6.6887107858772135,3.373546696914076,6.3229013862519805,6.3062703397279245,2.5623163236560536,3.933631896738944,3.532024957048469,3.8337434083425,0.6996274391684038,4.755709291379318,3.621803146820418,4.876251413887019,5.0476985795551315,4.838602090886574,2.4290796728647917,2.434651882712767,3.756471847644094,0.5014155062872437,6.24178208644423
