,Returns,Semi Deviation,Sortino Ratio,ADANIPORTS Weight,ASIANPAINT Weight,BAJFINANCE Weight,BAJAJFINSV Weight,BRITANNIA Weight,DIVISLAB Weight,GRASIM Weight,HCLTECH Weight,HDFCBANK Weight,HINDALCO Weight,HINDUNILVR Weight,ICICIBANK Weight,INFY Weight,JSWSTEEL Weight,NESTLEIND Weight,POWERGRID Weight,RELIANCE Weight,TCS Weight,TATACONSUM Weight,TATASTEEL Weight,TECHM Weight,TITAN Weight,UPL Weight,WIPRO Weight
0,-38.511472410773386,4.168570828270449,-10.097338906974324,4.355620689775015,6.024655320038799,8.332342278576931,6.241586730586416,7.466662974603581,5.730970857436496,1.8251653592928903,8.258293560323105,8.326643188455101,0.09500852645032865,8.095247681110612,1.3232593179684156,0.6186058514265471,2.980224235729032,1.9900398696127135,5.690026145803529,3.062415046253245,0.8364326498436454,0.7274289650945122,4.484863555251105,2.8840128342762075,4.6384167866306285,0.7998597482985539,5.212217827162581
