,Returns,Semi Deviation,Sortino Ratio,ADANIPORTS Weight,ASIANPAINT Weight,BAJFINANCE Weight,BAJAJFINSV Weight,BRITANNIA Weight,DIVISLAB Weight,GRASIM Weight,HCLTECH Weight,HDFCBANK Weight,HINDALCO Weight,HINDUNILVR Weight,ICICIBANK Weight,INFY Weight,JSWSTEEL Weight,NESTLEIND Weight,POWERGRID Weight,RELIANCE Weight,TCS Weight,TATACONSUM Weight,TATASTEEL Weight,TECHM Weight,TITAN Weight,UPL Weight,WIPRO Weight
0,0.21180748697857454,0.5037953565166604,0.4009015159248108,1.139946900422462,2.5507606696314076,7.663516003874266,0.2201943372552303,0.838444374816264,4.190626889931565,1.0828689816497703,5.760522586546102,7.8288336270611865,0.14989064655744488,4.418961175100981,0.08137598775015827,6.472823157546788,7.2884626819516365,2.942812499868625,7.439815040020366,8.089809788990195,6.5710762881446145,8.877280664015656,1.4279740635919058,0.8996732520229931,8.297655135192704,0.027280956634480238,5.739394291423205
