,Returns,Semi Deviation,Sortino Ratio,ADANIPORTS Weight,ASIANPAINT Weight,BAJFINANCE Weight,BAJAJFINSV Weight,BRITANNIA Weight,DIVISLAB Weight,GRASIM Weight,HCLTECH Weight,HDFCBANK Weight,HINDALCO Weight,HINDUNILVR Weight,ICICIBANK Weight,INFY Weight,JSWSTEEL Weight,NESTLEIND Weight,POWERGRID Weight,RELIANCE Weight,TCS Weight,TATACONSUM Weight,TATASTEEL Weight,TECHM Weight,TITAN Weight,UPL Weight,WIPRO Weight
0,-24.864960333243086,2.3145660540534534,-12.289543555444439,1.4383711111237756,3.8196786874090902,3.10663910382464,1.8075767315044615,5.727768635776091,4.806542105860366,0.20365148710298442,4.04455896944077,6.647118346309109,3.806366143253284,1.1528096284538165,1.5139156493830173,5.652083824295757,6.502753822865653,4.380811855107068,5.554431224926936,5.078063308905186,5.757642778330245,5.407659069435148,6.023804709789936,5.259357260636459,6.2229593148268325,2.856714126695738,3.228722104743641
