,Returns,Semi Deviation,Sortino Ratio,ADANIPORTS Weight,ASIANPAINT Weight,BAJFINANCE Weight,BAJAJFINSV Weight,BRITANNIA Weight,DIVISLAB Weight,GRASIM Weight,HCLTECH Weight,HDFCBANK Weight,HINDALCO Weight,HINDUNILVR Weight,ICICIBANK Weight,INFY Weight,JSWSTEEL Weight,NESTLEIND Weight,POWERGRID Weight,RELIANCE Weight,TCS Weight,TATACONSUM Weight,TATASTEEL Weight,TECHM Weight,TITAN Weight,UPL Weight,WIPRO Weight
0,-42.10146715057396,5.134441542827289,-8.897066364381935,4.266148700508536,6.268215301065873,4.789710348660776,2.346090246228977,5.699371675210567,5.7958535635219235,3.4550496755213476,7.634088476284015,2.2203764262045964,0.8164690609229943,0.2595483713046903,5.61766450392597,7.071947353500276,2.9119178541772164,2.303910699109871,6.759045736065733,7.347504587709721,0.03933499898181897,5.165263097671932,6.15025359040592,0.0001828862898561535,5.379199326938001,2.48376520531921,5.2190883144701665
