,Returns,Semi Deviation,Sortino Ratio,ADANIPORTS Weight,ASIANPAINT Weight,BAJFINANCE Weight,BAJAJFINSV Weight,BRITANNIA Weight,DIVISLAB Weight,GRASIM Weight,HCLTECH Weight,HDFCBANK Weight,HINDALCO Weight,HINDUNILVR Weight,ICICIBANK Weight,INFY Weight,JSWSTEEL Weight,NESTLEIND Weight,POWERGRID Weight,RELIANCE Weight,TCS Weight,TATACONSUM Weight,TATASTEEL Weight,TECHM Weight,TITAN Weight,UPL Weight,WIPRO Weight
0,0.13827870207336093,0.6131356753333106,0.20948632155252114,0.9324870147014701,4.698301805464871,7.713465639247537,2.3715716392409076,7.45330785965857,8.635837010971285,0.20981403536600385,8.519815134036287,1.5474986710148777,3.802742835875228,6.11981536393343,0.5224222473648323,7.073620989086896,1.1000037389408488,7.043974107621935,1.5647283470331577,3.8967348556538868,2.411421924815137,5.655102127422613,0.951349861011353,1.5940687034980652,9.215083026353978,0.5186966772069282,6.448136384479894
