,Returns,Semi Deviation,Sortino Ratio,ADANIPORTS Weight,ASIANPAINT Weight,BAJFINANCE Weight,BAJAJFINSV Weight,BRITANNIA Weight,DIVISLAB Weight,GRASIM Weight,HCLTECH Weight,HDFCBANK Weight,HINDALCO Weight,HINDUNILVR Weight,ICICIBANK Weight,INFY Weight,JSWSTEEL Weight,NESTLEIND Weight,POWERGRID Weight,RELIANCE Weight,TCS Weight,TATACONSUM Weight,TATASTEEL Weight,TECHM Weight,TITAN Weight,UPL Weight,WIPRO Weight
0,0.2375306897997352,0.27248275836241603,0.8356327803380633,0.30888718232589196,1.4355431880528904,6.389178646255027,4.89467683098539,1.5376614117125373,9.628648935170148,0.40488807649313624,7.027917509417383,4.818384623027109,0.7289633448868985,1.776430682298795,4.293966229207513,2.289681500445132,4.825195989442473,10.609731611826707,1.619488860404693,7.468023001873683,4.113603599017243,9.11941954263334,3.981810867587016,1.850758060028735,9.18864988461826,0.6596603766498714,1.028830045640141
