,Returns,Semi Deviation,Sortino Ratio,ADANIPORTS Weight,ASIANPAINT Weight,BAJFINANCE Weight,BAJAJFINSV Weight,BRITANNIA Weight,DIVISLAB Weight,GRASIM Weight,HCLTECH Weight,HDFCBANK Weight,HINDALCO Weight,HINDUNILVR Weight,ICICIBANK Weight,INFY Weight,JSWSTEEL Weight,NESTLEIND Weight,POWERGRID Weight,RELIANCE Weight,TCS Weight,TATACONSUM Weight,TATASTEEL Weight,TECHM Weight,TITAN Weight,UPL Weight,WIPRO Weight
0,-33.729559878940165,3.475291206822511,-10.73566433963749,3.0199338869607173,4.4760636931207,2.8827735302835396,2.3713962581881733,6.8310672429155135,6.90150668470997,4.152231384402995,4.722568155031739,0.6722236676910508,0.8517355592373788,7.903233625574179,2.430518681683454,5.841511172280044,0.30093590329081127,5.71060748005612,0.0813701400235606,4.2185794237277365,6.920901308871439,4.478551606833732,5.417600746243999,5.692605617260932,5.274394145305228,2.696611735652792,6.15107835065421
