,Returns,Semi Deviation,Sortino Ratio,ADANIPORTS Weight,ASIANPAINT Weight,BAJFINANCE Weight,BAJAJFINSV Weight,BRITANNIA Weight,DIVISLAB Weight,GRASIM Weight,HCLTECH Weight,HDFCBANK Weight,HINDALCO Weight,HINDUNILVR Weight,ICICIBANK Weight,INFY Weight,JSWSTEEL Weight,NESTLEIND Weight,POWERGRID Weight,RELIANCE Weight,TCS Weight,TATACONSUM Weight,TATASTEEL Weight,TECHM Weight,TITAN Weight,UPL Weight,WIPRO Weight
0,-25.112640304637026,2.347583280569058,-12.222203379162714,1.1014280324921641,7.226591093598329,2.4387312729740747,1.9546537120421013,5.232177241406096,8.689854506276886,4.158823406263838,1.5894869543136296,5.08851001355274,8.58157599033708,7.077147902234036,3.308272274887878,4.30859620894111,4.415479055406815,6.617562734809789,6.990688404215452,1.3120830253768474,3.8013474163273533,2.047272889792921,4.491217041535007,2.1707110793818685,2.3109791939610647,0.40850118379136824,4.67830936608152
