,Returns,Semi Deviation,Sortino Ratio,ADANIPORTS Weight,ASIANPAINT Weight,BAJFINANCE Weight,BAJAJFINSV Weight,BRITANNIA Weight,DIVISLAB Weight,GRASIM Weight,HCLTECH Weight,HDFCBANK Weight,HINDALCO Weight,HINDUNILVR Weight,ICICIBANK Weight,INFY Weight,JSWSTEEL Weight,NESTLEIND Weight,POWERGRID Weight,RELIANCE Weight,TCS Weight,TATACONSUM Weight,TATASTEEL Weight,TECHM Weight,TITAN Weight,UPL Weight,WIPRO Weight
0,0.23345782623115408,0.716769877820771,0.3119866896135196,4.777446797938832,3.441618612621611,0.27104932747574356,9.54084558998572,1.2401429704551443,7.810709572906105,3.661569367284522,4.391227323422056,0.6386056316982015,7.314924050450884,4.065952511432211,0.7407371098929267,1.8613859090600746,1.8539200160148082,4.752428629634994,0.7534184450494235,6.518056728068282,3.6198364312852975,10.836897907303971,0.9310392681961795,0.2797081278866927,10.29080104205965,0.2476210832284222,10.16005754664825
