,Returns,Semi Deviation,Sortino Ratio,ADANIPORTS Weight,ASIANPAINT Weight,BAJFINANCE Weight,BAJAJFINSV Weight,BRITANNIA Weight,DIVISLAB Weight,GRASIM Weight,HCLTECH Weight,HDFCBANK Weight,HINDALCO Weight,HINDUNILVR Weight,ICICIBANK Weight,INFY Weight,JSWSTEEL Weight,NESTLEIND Weight,POWERGRID Weight,RELIANCE Weight,TCS Weight,TATACONSUM Weight,TATASTEEL Weight,TECHM Weight,TITAN Weight,UPL Weight,WIPRO Weight
0,-26.50096675742219,2.7694642503947398,-10.861655554186939,1.9246493120051702,6.98319555751008,5.610909507817835,3.002531528357809,3.345109879799498,6.270195506177921,0.31938363764982164,1.861274531654265,5.329801621462429,3.6935387845266794,3.174881074627325,5.852538617262145,1.7844095698798528,1.3261758840729343,3.764931734724845,2.445105645228855,5.702186088834067,5.115618042166328,5.7275987896751515,6.987462683615951,6.5152807291088575,6.936037791797836,4.250899769269241,2.0762837127751035
