,Returns,Semi Deviation,Sortino Ratio,ADANIPORTS Weight,ASIANPAINT Weight,BAJFINANCE Weight,BAJAJFINSV Weight,BRITANNIA Weight,DIVISLAB Weight,GRASIM Weight,HCLTECH Weight,HDFCBANK Weight,HINDALCO Weight,HINDUNILVR Weight,ICICIBANK Weight,INFY Weight,JSWSTEEL Weight,NESTLEIND Weight,POWERGRID Weight,RELIANCE Weight,TCS Weight,TATACONSUM Weight,TATASTEEL Weight,TECHM Weight,TITAN Weight,UPL Weight,WIPRO Weight
0,-40.22144553117068,4.761514917479652,-9.199056663746735,3.396189543763814,1.3696338572614215,4.059768048336458,3.7803361050122906,0.11036166786827653,6.23641887290016,2.6085600154388557,8.525627429007528,6.790858806245207,5.489698981232722,6.398238651161928,0.8038414024113624,6.512244866936336,8.111436666972322,5.932209961531777,0.5838280169191362,3.8585079936306945,3.1824843811280394,0.04824236569830154,7.131690300634415,4.3293295928250375,1.1061681171986621,0.9995728093385666,8.634751546546674
