,Returns,Semi Deviation,Sortino Ratio,ADANIPORTS Weight,ASIANPAINT Weight,BAJFINANCE Weight,BAJAJFINSV Weight,BRITANNIA Weight,DIVISLAB Weight,GRASIM Weight,HCLTECH Weight,HDFCBANK Weight,HINDALCO Weight,HINDUNILVR Weight,ICICIBANK Weight,INFY Weight,JSWSTEEL Weight,NESTLEIND Weight,POWERGRID Weight,RELIANCE Weight,TCS Weight,TATACONSUM Weight,TATASTEEL Weight,TECHM Weight,TITAN Weight,UPL Weight,WIPRO Weight
0,-31.10701258071088,4.295520592689771,-8.075159187862385,0.6363536602584547,5.56579618363106,1.9486879351089017,2.2375291222565727,0.23842260869303974,3.417691237667919,3.3463588353987266,1.978073335453049,1.5669806300303333,6.504604053389623,4.935544512819218,8.07553204536119,1.0134237281117493,8.81348510030746,3.1867099428001167,1.7582918861924761,3.0147533749495494,7.92349347831186,7.254778608220376,6.5632604901209906,0.24928918850367437,9.467935918468564,6.464390975278408,3.8386131486666866
