,Returns,Semi Deviation,Sortino Ratio,ADANIPORTS Weight,ASIANPAINT Weight,BAJFINANCE Weight,BAJAJFINSV Weight,BRITANNIA Weight,DIVISLAB Weight,GRASIM Weight,HCLTECH Weight,HDFCBANK Weight,HINDALCO Weight,HINDUNILVR Weight,ICICIBANK Weight,INFY Weight,JSWSTEEL Weight,NESTLEIND Weight,POWERGRID Weight,RELIANCE Weight,TCS Weight,TATACONSUM Weight,TATASTEEL Weight,TECHM Weight,TITAN Weight,UPL Weight,WIPRO Weight
0,-39.175899762355755,5.395932345360506,-7.923727916847929,0.5206088150971555,4.1997204808421165,8.685069766867729,5.23108255433329,4.442084194447612,1.5562036148333342,1.8961709737163976,7.123999165133324,6.717262127940036,3.996919363736047,8.020105524873621,0.6391273617855697,0.04462666012610638,2.70313324092133,8.815075319759979,7.739956063816453,5.321174276550815,3.494915101668747,7.555893067608086,0.8592113346926316,2.0584381217264576,2.8479612206610474,1.8520313276350082,3.6792303212271156
