,Returns,Semi Deviation,Sortino Ratio,ADANIPORTS Weight,ASIANPAINT Weight,BAJFINANCE Weight,BAJAJFINSV Weight,BRITANNIA Weight,DIVISLAB Weight,GRASIM Weight,HCLTECH Weight,HDFCBANK Weight,HINDALCO Weight,HINDUNILVR Weight,ICICIBANK Weight,INFY Weight,JSWSTEEL Weight,NESTLEIND Weight,POWERGRID Weight,RELIANCE Weight,TCS Weight,TATACONSUM Weight,TATASTEEL Weight,TECHM Weight,TITAN Weight,UPL Weight,WIPRO Weight
0,-27.336021635422313,2.775576963153459,-11.138592820822817,3.5445679309087206,0.3895946412935013,2.497676775727868,3.9164116335101173,5.576047909202589,5.763257705450711,8.028260166733407,5.4498456396100625,4.887990717909372,6.708778809514411,2.862039478217387,0.531662096980143,4.22450815595444,5.854522633032801,3.62895216359572,3.477914089978338,7.481549339669259,6.580039082705172,7.615741802997218,5.316945243241029,0.6889637112978663,0.8240384624051929,3.044722717113768,1.1059690929508823
