,Returns,Semi Deviation,Sortino Ratio,ADANIPORTS Weight,ASIANPAINT Weight,BAJFINANCE Weight,BAJAJFINSV Weight,BRITANNIA Weight,DIVISLAB Weight,GRASIM Weight,HCLTECH Weight,HDFCBANK Weight,HINDALCO Weight,HINDUNILVR Weight,ICICIBANK Weight,INFY Weight,JSWSTEEL Weight,NESTLEIND Weight,POWERGRID Weight,RELIANCE Weight,TCS Weight,TATACONSUM Weight,TATASTEEL Weight,TECHM Weight,TITAN Weight,UPL Weight,WIPRO Weight
0,-26.80721286142589,2.6138439783132026,-11.625488404642931,5.611825315077429,4.772946672875505,5.451566005542487,6.154030173355833,6.872048549890463,7.926368972415743,6.177410114356132,2.2178934386364193,6.053660103321487,4.695134225754288,0.2216568265319933,2.352860510549961,5.770309695983238,3.724854046348794,6.6913327635248665,3.5596723132896564,3.5053331673914787,0.1617094268124924,4.684933256897377,6.3721043962572566,2.306534334644465,1.4341129670436072,0.7658405079538882,2.5158622155451447
