,Returns,Semi Deviation,Sortino Ratio,ADANIPORTS Weight,ASIANPAINT Weight,BAJFINANCE Weight,BAJAJFINSV Weight,BRITANNIA Weight,DIVISLAB Weight,GRASIM Weight,HCLTECH Weight,HDFCBANK Weight,HINDALCO Weight,HINDUNILVR Weight,ICICIBANK Weight,INFY Weight,JSWSTEEL Weight,NESTLEIND Weight,POWERGRID Weight,RELIANCE Weight,TCS Weight,TATACONSUM Weight,TATASTEEL Weight,TECHM Weight,TITAN Weight,UPL Weight,WIPRO Weight
0,-35.67732410433721,4.842667849731209,-8.106548977237038,6.29502535026238,7.237946377316522,8.31652863419753,0.7914232425161004,7.90970350239715,1.8412158614854253,0.3645570806210278,2.8648142840499875,0.31686378053354725,4.868739463610954,6.020687211329533,8.0505742403798,1.965224778913886,2.4446922065177272,2.5877458718876922,7.459849406372304,7.690466221252796,5.346269594271606,4.202840983160656,3.5845380077826547,0.035751653750884925,5.070788767643388,0.6742636347397102,4.059489845006739
