,Returns,Semi Deviation,Sortino Ratio,ADANIPORTS Weight,ASIANPAINT Weight,BAJFINANCE Weight,BAJAJFINSV Weight,BRITANNIA Weight,DIVISLAB Weight,GRASIM Weight,HCLTECH Weight,HDFCBANK Weight,HINDALCO Weight,HINDUNILVR Weight,ICICIBANK Weight,INFY Weight,JSWSTEEL Weight,NESTLEIND Weight,POWERGRID Weight,RELIANCE Weight,TCS Weight,TATACONSUM Weight,TATASTEEL Weight,TECHM Weight,TITAN Weight,UPL Weight,WIPRO Weight
0,-32.952159120268135,4.239444058075562,-8.617205138178285,3.200259971906446,7.482155408777389,7.856459881898904,9.042587487556887,1.02648677057987,3.3768504455877237,4.193397553216538,0.891884633510826,0.5461685678013126,1.2761930381013684,5.414345207311905,4.689999507005037,6.325026020285056,4.093252763128319,6.812541742992057,2.7485111945225253,7.521143150749282,8.230524753248732,1.9123318180091216,0.15243680460476033,1.421313157172364,4.7365795526202845,3.213380608705295,3.8361699607080038
