,Returns,Semi Deviation,Sortino Ratio,ADANIPORTS Weight,ASIANPAINT Weight,BAJFINANCE Weight,BAJAJFINSV Weight,BRITANNIA Weight,DIVISLAB Weight,GRASIM Weight,HCLTECH Weight,HDFCBANK Weight,HINDALCO Weight,HINDUNILVR Weight,ICICIBANK Weight,INFY Weight,JSWSTEEL Weight,NESTLEIND Weight,POWERGRID Weight,RELIANCE Weight,TCS Weight,TATACONSUM Weight,TATASTEEL Weight,TECHM Weight,TITAN Weight,UPL Weight,WIPRO Weight
0,-29.526949790998046,3.198775704532482,-10.349881595038813,7.695095761161132,2.1746851684424544,2.1718037830397963,5.195500706228279,4.890438184872636,6.132518915888973,1.4706376860784849,4.057989200839033,4.957034741551554,0.8949776021252699,7.954803965966945,8.265349475993272,2.5521126645953554,1.3550745097905004,4.719866306570683,7.6152866340043595,3.241063666285373,0.7083384282303588,8.313787121689883,1.2561071039556326,0.7944412485924719,4.1325168718174865,2.063670777694754,7.386899474585305
