,Returns,Semi Deviation,Sortino Ratio,ADANIPORTS Weight,ASIANPAINT Weight,BAJFINANCE Weight,BAJAJFINSV Weight,BRITANNIA Weight,DIVISLAB Weight,GRASIM Weight,HCLTECH Weight,HDFCBANK Weight,HINDALCO Weight,HINDUNILVR Weight,ICICIBANK Weight,INFY Weight,JSWSTEEL Weight,NESTLEIND Weight,POWERGRID Weight,RELIANCE Weight,TCS Weight,TATACONSUM Weight,TATASTEEL Weight,TECHM Weight,TITAN Weight,UPL Weight,WIPRO Weight
0,-0.007155989293497705,0.6270516329903523,-0.027096897982121938,0.025875544993217436,9.381138743211476,8.55379945397858,9.478004309929029,3.4314716336082904,6.682134319981427,0.6891329234211369,2.0874040113930183,0.40514736949615154,1.7183320483575861,5.425629013425028,0.3635301173526081,1.3281422912594922,1.3914148811444416,2.298896298091739,0.28411560732288343,7.545453478595906,2.9724143356926835,9.408642332126673,2.4683589742394987,7.98316480116124,7.998632778586273,0.3944273106566784,7.684737421974949
