,Returns,Semi Deviation,Sortino Ratio,ADANIPORTS Weight,ASIANPAINT Weight,BAJFINANCE Weight,BAJAJFINSV Weight,BRITANNIA Weight,DIVISLAB Weight,GRASIM Weight,HCLTECH Weight,HDFCBANK Weight,HINDALCO Weight,HINDUNILVR Weight,ICICIBANK Weight,INFY Weight,JSWSTEEL Weight,NESTLEIND Weight,POWERGRID Weight,RELIANCE Weight,TCS Weight,TATACONSUM Weight,TATASTEEL Weight,TECHM Weight,TITAN Weight,UPL Weight,WIPRO Weight
0,-43.82186517699853,5.506068110639819,-8.609022668172246,3.201174611857231,8.280574021379742,4.227395571866211,4.781573873491567,6.653955195400917,3.640995375600517,2.703323791212292,0.651957357785692,6.789868492638424,0.7908710399389223,0.4487488598054517,7.0980277753748116,4.295456209755655,5.548832105786149,7.192908321425552,5.136367518066698,6.871869538295959,3.5764518616294074,4.485243518127978,0.6336612398045856,2.7207628839017444,8.36092205368568,1.2855063740950412,0.6235524090737918
