,Returns,Semi Deviation,Sortino Ratio,ADANIPORTS Weight,ASIANPAINT Weight,BAJFINANCE Weight,BAJAJFINSV Weight,BRITANNIA Weight,DIVISLAB Weight,GRASIM Weight,HCLTECH Weight,HDFCBANK Weight,HINDALCO Weight,HINDUNILVR Weight,ICICIBANK Weight,INFY Weight,JSWSTEEL Weight,NESTLEIND Weight,POWERGRID Weight,RELIANCE Weight,TCS Weight,TATACONSUM Weight,TATASTEEL Weight,TECHM Weight,TITAN Weight,UPL Weight,WIPRO Weight
0,0.16634206179006875,0.34722487004391633,0.4507364260374242,1.555519093939278,4.359696633767978,0.9639978352212631,0.9084745322336435,2.084667273574484,4.692247934462452,0.9303407888782218,9.559471762785632,3.814336836553294,0.9158986456415562,8.959019497049695,2.2994378718887307,2.4296271242011085,4.812684658679729,7.759192890213759,3.8507342839988334,6.029548422955252,4.112514437375525,7.4191565494959795,1.602590965950089,3.41632087182508,7.526798990747402,0.41323278638731753,9.584489312173696
