,Returns,Semi Deviation,Sortino Ratio,ADANIPORTS Weight,ASIANPAINT Weight,BAJFINANCE Weight,BAJAJFINSV Weight,BRITANNIA Weight,DIVISLAB Weight,GRASIM Weight,HCLTECH Weight,HDFCBANK Weight,HINDALCO Weight,HINDUNILVR Weight,ICICIBANK Weight,INFY Weight,JSWSTEEL Weight,NESTLEIND Weight,POWERGRID Weight,RELIANCE Weight,TCS Weight,TATACONSUM Weight,TATASTEEL Weight,TECHM Weight,TITAN Weight,UPL Weight,WIPRO Weight
0,-31.92591599133755,4.052585097256253,-8.761300537618899,4.610219449582979,2.3228377938950566,1.6407933885661614,0.9340414952996732,6.495771702246793,6.423019792213965,4.355684837388716,3.8875480499797144,6.789789662339974,0.833080804842942,7.665772230488472,2.8324076950182593,2.442230617403879,1.8352761284487613,8.221737313514433,1.232468386957994,2.1349242080193855,6.870104552993707,4.420431666693529,4.0808404387919435,7.813473252230974,3.9939488277691377,4.1967908439391115,3.966806861374419
