,Returns,Semi Deviation,Sortino Ratio,ADANIPORTS Weight,ASIANPAINT Weight,BAJFINANCE Weight,BAJAJFINSV Weight,BRITANNIA Weight,DIVISLAB Weight,GRASIM Weight,HCLTECH Weight,HDFCBANK Weight,HINDALCO Weight,HINDUNILVR Weight,ICICIBANK Weight,INFY Weight,JSWSTEEL Weight,NESTLEIND Weight,POWERGRID Weight,RELIANCE Weight,TCS Weight,TATACONSUM Weight,TATASTEEL Weight,TECHM Weight,TITAN Weight,UPL Weight,WIPRO Weight
0,0.17458636362102548,0.5537771229004617,0.29750452298022023,1.0767175766595936,7.864386969794028,6.518250287157514,5.214083839325381,7.416104939884212,8.56407308298895,0.9578418177909825,0.33634017174411823,1.9641108567886165,1.5170648651612908,6.797446910801992,1.2683052034231872,1.4424581503174738,4.170873135161212,6.367515687290902,3.610992397907424,6.829612296930667,8.356281730192137,6.257159275768173,4.775739019948421,2.360537523017968,2.962524140822819,0.09212832182813972,3.2794517992947867
