,Returns,Semi Deviation,Sortino Ratio,ADANIPORTS Weight,ASIANPAINT Weight,BAJFINANCE Weight,BAJAJFINSV Weight,BRITANNIA Weight,DIVISLAB Weight,GRASIM Weight,HCLTECH Weight,HDFCBANK Weight,HINDALCO Weight,HINDUNILVR Weight,ICICIBANK Weight,INFY Weight,JSWSTEEL Weight,NESTLEIND Weight,POWERGRID Weight,RELIANCE Weight,TCS Weight,TATACONSUM Weight,TATASTEEL Weight,TECHM Weight,TITAN Weight,UPL Weight,WIPRO Weight
0,-0.0569965280066509,0.5844901693337062,-0.11434185953546663,2.100037230454357,0.7602100596006363,7.789246273114327,1.2814621901566,1.1292019600531242,8.599027304275577,1.090818906929737,7.721142099491366,3.3344758597938164,0.4341601285432056,9.191788412834956,1.475219307562852,5.886635648642589,1.7234165087670412,1.141126247546127,0.6402098789325487,8.789695624239961,7.171418702218901,7.643039271036822,0.569131981385314,6.320039543674276,9.374576717241082,1.0767474843057896,4.757172659199006
