,Returns,Semi Deviation,Sortino Ratio,ADANIPORTS Weight,ASIANPAINT Weight,BAJFINANCE Weight,BAJAJFINSV Weight,BRITANNIA Weight,DIVISLAB Weight,GRASIM Weight,HCLTECH Weight,HDFCBANK Weight,HINDALCO Weight,HINDUNILVR Weight,ICICIBANK Weight,INFY Weight,JSWSTEEL Weight,NESTLEIND Weight,POWERGRID Weight,RELIANCE Weight,TCS Weight,TATACONSUM Weight,TATASTEEL Weight,TECHM Weight,TITAN Weight,UPL Weight,WIPRO Weight
0,-21.789553299417133,1.9374033377667081,-13.094616286075587,2.2881488105363967,8.047146798862396,3.080923104393907,2.0299032720226684,7.348097577832739,6.32762020152911,0.8478852925872279,7.737738744835042,5.674801980463132,3.3712814769968618,5.976141876984478,7.732310596675279,7.165027569577807,0.28390374796334694,2.1504364363380555,1.779641370825261,3.9583570018717325,4.167602403543183,3.830091834934807,0.14259928808791833,0.9780811482869985,8.087175996078464,0.0921423793935248,6.902941089379657
