,Returns,Semi Deviation,Sortino Ratio,ADANIPORTS Weight,ASIANPAINT Weight,BAJFINANCE Weight,BAJAJFINSV Weight,BRITANNIA Weight,DIVISLAB Weight,GRASIM Weight,HCLTECH Weight,HDFCBANK Weight,HINDALCO Weight,HINDUNILVR Weight,ICICIBANK Weight,INFY Weight,JSWSTEEL Weight,NESTLEIND Weight,POWERGRID Weight,RELIANCE Weight,TCS Weight,TATACONSUM Weight,TATASTEEL Weight,TECHM Weight,TITAN Weight,UPL Weight,WIPRO Weight
0,0.1409889887210931,0.6386421402542433,0.20536356062209735,0.058481775911369514,4.1349822596169785,5.2244452910586485,8.539596156126613,6.608566972809954,7.520296678592202,2.638823830992113,2.5889093007784516,1.15574911128973,3.436396782153508,8.938741116616846,3.7856928564153582,3.0142176026962666,1.5107811084716214,9.207752576553958,2.968269591947099,8.632410713674501,0.34882529164037,8.60612931085298,0.6123042215431606,0.0974453351980387,8.615982383828353,0.053900885098902715,1.7012988461329912
