,Returns,Semi Deviation,Sortino Ratio,ADANIPORTS Weight,ASIANPAINT Weight,BAJFINANCE Weight,BAJAJFINSV Weight,BRITANNIA Weight,DIVISLAB Weight,GRASIM Weight,HCLTECH Weight,HDFCBANK Weight,HINDALCO Weight,HINDUNILVR Weight,ICICIBANK Weight,INFY Weight,JSWSTEEL Weight,NESTLEIND Weight,POWERGRID Weight,RELIANCE Weight,TCS Weight,TATACONSUM Weight,TATASTEEL Weight,TECHM Weight,TITAN Weight,UPL Weight,WIPRO Weight
0,-40.57831854989717,5.511665825705645,-8.01179170622952,3.730592940830412,5.420973597939124,7.89278525963543,5.03433440964158,5.87638169282321,6.467921940509671,2.1558103381143754,3.380649168091602,4.644085000335153,1.2665325174188484,3.5462470091005613,0.7144586196979266,1.947610183999899,7.991206718124685,7.199273794257224,2.7238777332645863,2.665766937540638,3.5880851039051787,1.161310660231873,5.166460450352039,4.6600094583107445,0.5770481421022617,5.050486430201182,7.138091893571809
