,Returns,Semi Deviation,Sortino Ratio,ADANIPORTS Weight,ASIANPAINT Weight,BAJFINANCE Weight,BAJAJFINSV Weight,BRITANNIA Weight,DIVISLAB Weight,GRASIM Weight,HCLTECH Weight,HDFCBANK Weight,HINDALCO Weight,HINDUNILVR Weight,ICICIBANK Weight,INFY Weight,JSWSTEEL Weight,NESTLEIND Weight,POWERGRID Weight,RELIANCE Weight,TCS Weight,TATACONSUM Weight,TATASTEEL Weight,TECHM Weight,TITAN Weight,UPL Weight,WIPRO Weight
0,-27.89228153172838,2.8259662327300963,-11.136821511601639,6.649397322170502,5.099108083756491,4.991574966236162,8.611420940156783,7.051363182072682,5.9798429521214045,3.0799438105621686,5.794963143831125,1.7306643684785783,1.1820098415994273,0.7296488890088317,2.9787688777894203,2.5790357888702253,2.534829362133002,3.495724966347411,0.7301431231010769,8.389545055002449,5.95946859214043,1.9530738902445433,8.236637198663797,1.9002531782864214,0.2177540817837551,3.5548119875536246,6.57001639808971
