,Returns,Semi Deviation,Sortino Ratio,ADANIPORTS Weight,ASIANPAINT Weight,BAJFINANCE Weight,BAJAJFINSV Weight,BRITANNIA Weight,DIVISLAB Weight,GRASIM Weight,HCLTECH Weight,HDFCBANK Weight,HINDALCO Weight,HINDUNILVR Weight,ICICIBANK Weight,INFY Weight,JSWSTEEL Weight,NESTLEIND Weight,POWERGRID Weight,RELIANCE Weight,TCS Weight,TATACONSUM Weight,TATASTEEL Weight,TECHM Weight,TITAN Weight,UPL Weight,WIPRO Weight
0,-40.659850439948045,4.6129063665188745,-9.590450558686193,4.29798933199625,6.306767859935442,2.2678768962292817,3.4663788834464118,3.3039873795741173,4.303450515665622,1.8248344407381312,5.985458089155769,5.879812303530862,0.5393386870121786,4.5476397905485575,4.940068200195712,0.42512273417483093,5.189446980213955,1.356138995590529,0.6845728976068444,3.4230690384106457,7.6969479513479016,7.025140444599537,6.394117484089101,1.9617336948253066,6.8364716711585505,5.1799551523304785,6.163680577623993
