,Returns,Semi Deviation,Sortino Ratio,ADANIPORTS Weight,ASIANPAINT Weight,BAJFINANCE Weight,BAJAJFINSV Weight,BRITANNIA Weight,DIVISLAB Weight,GRASIM Weight,HCLTECH Weight,HDFCBANK Weight,HINDALCO Weight,HINDUNILVR Weight,ICICIBANK Weight,INFY Weight,JSWSTEEL Weight,NESTLEIND Weight,POWERGRID Weight,RELIANCE Weight,TCS Weight,TATACONSUM Weight,TATASTEEL Weight,TECHM Weight,TITAN Weight,UPL Weight,WIPRO Weight
0,0.13909245301659823,0.6431023378642184,0.20099023214672898,2.2493328697005692,8.117651384127246,6.744248055360412,5.081158237937125,1.2045775089064559,9.81496586108644,2.5803604595582468,3.4864088823807697,1.0570590153676045,0.6483748901859421,6.119175501139826,3.337654142762968,5.605323135084998,2.428513746449543,8.802539518578827,3.3205021531767764,5.591332807441581,2.3785429128411315,9.024285731430949,1.0921645868821959,0.46129009682054095,5.320087871839477,1.9720244035220287,3.562426227418362
