,Returns,Semi Deviation,Sortino Ratio,ADANIPORTS Weight,ASIANPAINT Weight,BAJFINANCE Weight,BAJAJFINSV Weight,BRITANNIA Weight,DIVISLAB Weight,GRASIM Weight,HCLTECH Weight,HDFCBANK Weight,HINDALCO Weight,HINDUNILVR Weight,ICICIBANK Weight,INFY Weight,JSWSTEEL Weight,NESTLEIND Weight,POWERGRID Weight,RELIANCE Weight,TCS Weight,TATACONSUM Weight,TATASTEEL Weight,TECHM Weight,TITAN Weight,UPL Weight,WIPRO Weight
0,-39.376029906390414,5.43105880412369,-7.909328817020873,1.4127724146422884,0.10354447248818563,6.690240985277883,2.784019043650723,7.686292286618318,6.464304014847881,4.0838975904460995,0.6198505717826629,4.2069812865247425,6.548072855794465,3.664951334472321,2.3899846376664695,2.188179751709365,3.3680752088153962,4.645026328012061,0.3470330599292595,2.275121935376215,7.785203083248547,7.83751598669152,7.567539152312178,7.19750901908088,4.188109292133294,0.5618896805966613,5.383886007882595
