,Returns,Semi Deviation,Sortino Ratio,ADANIPORTS Weight,ASIANPAINT Weight,BAJFINANCE Weight,BAJAJFINSV Weight,BRITANNIA Weight,DIVISLAB Weight,GRASIM Weight,HCLTECH Weight,HDFCBANK Weight,HINDALCO Weight,HINDUNILVR Weight,ICICIBANK Weight,INFY Weight,JSWSTEEL Weight,NESTLEIND Weight,POWERGRID Weight,RELIANCE Weight,TCS Weight,TATACONSUM Weight,TATASTEEL Weight,TECHM Weight,TITAN Weight,UPL Weight,WIPRO Weight
0,0.046815123506090926,0.6479531755596971,0.057071961471572494,2.667826862280015,7.395153711221929,5.520912531711018,6.633238079270888,1.842449273536902,7.0798656228301695,1.9613098165660374,0.21577462836807443,8.286065319165285,0.7766393128339193,8.116561471669169,0.5406308163331761,0.39103198276259227,0.8942446735788827,8.175120255322868,1.3729751025491441,6.434734199549597,5.25491820916856,7.856751533804199,2.5052437444993205,2.235502250066698,8.377433026447525,2.222046089540876,3.2435714869231496
