,Returns,Semi Deviation,Sortino Ratio,ADANIPORTS Weight,ASIANPAINT Weight,BAJFINANCE Weight,BAJAJFINSV Weight,BRITANNIA Weight,DIVISLAB Weight,GRASIM Weight,HCLTECH Weight,HDFCBANK Weight,HINDALCO Weight,HINDUNILVR Weight,ICICIBANK Weight,INFY Weight,JSWSTEEL Weight,NESTLEIND Weight,POWERGRID Weight,RELIANCE Weight,TCS Weight,TATACONSUM Weight,TATASTEEL Weight,TECHM Weight,TITAN Weight,UPL Weight,WIPRO Weight
0,0.2849470251406751,0.3363975229907343,0.8178177349810271,1.850935816571618,3.1840789634484725,2.4455001070031717,5.091998985222547,2.3789363673991546,4.74598968231292,0.5296021436123606,1.6431659466760382,3.311836386880371,0.8177751596392757,8.849281631807242,4.4948149253807905,6.288434815028404,4.117973266321169,8.80293338770149,1.0611904976790127,8.917140504341168,0.8472227246804489,8.949525103283545,4.185068069852982,3.401383122601162,8.551204593460088,0.8098431035158832,4.724164695580677
