,Returns,Semi Deviation,Sortino Ratio,ADANIPORTS Weight,ASIANPAINT Weight,BAJFINANCE Weight,BAJAJFINSV Weight,BRITANNIA Weight,DIVISLAB Weight,GRASIM Weight,HCLTECH Weight,HDFCBANK Weight,HINDALCO Weight,HINDUNILVR Weight,ICICIBANK Weight,INFY Weight,JSWSTEEL Weight,NESTLEIND Weight,POWERGRID Weight,RELIANCE Weight,TCS Weight,TATACONSUM Weight,TATASTEEL Weight,TECHM Weight,TITAN Weight,UPL Weight,WIPRO Weight
0,-32.035628432944115,4.09367019210805,-8.700170448905586,2.8353961718187075,4.327808754283651,3.392029589261162,2.8374938945053816,4.283125880823737,4.628518333300321,0.42920170360976584,0.9974379109624479,3.010366565941275,4.699203590040946,4.997927643289876,2.756148261697227,3.6536213625486957,6.592713736728461,5.259870031311619,7.252324256412006,3.7451308521165205,6.525508145856163,4.56702241119687,4.932575738634305,1.72365125412398,7.358841878141028,4.299492025883554,4.89459000751231
