,Returns,Semi Deviation,Sortino Ratio,ADANIPORTS Weight,ASIANPAINT Weight,BAJFINANCE Weight,BAJAJFINSV Weight,BRITANNIA Weight,DIVISLAB Weight,GRASIM Weight,HCLTECH Weight,HDFCBANK Weight,HINDALCO Weight,HINDUNILVR Weight,ICICIBANK Weight,INFY Weight,JSWSTEEL Weight,NESTLEIND Weight,POWERGRID Weight,RELIANCE Weight,TCS Weight,TATACONSUM Weight,TATASTEEL Weight,TECHM Weight,TITAN Weight,UPL Weight,WIPRO Weight
0,-30.923558552661962,4.114551406057412,-8.385740059503467,2.8364229186731467,4.87704428490953,6.0596359243412685,3.446874078022048,4.422127366181456,1.037977321720518,2.1907406892670913,2.9826321879823783,7.24072541930927,7.179117085249702,1.3908448014637251,0.1418424903065312,6.450636650166852,8.216129370631794,1.7371022650351016,4.3347971330631525,1.4308245256012762,6.6580069347643365,7.787320597383054,0.17218636826121486,2.754454373200071,6.9392114065019666,4.130733907863444,5.582611900101077
