,Returns,Semi Deviation,Sortino Ratio,ADANIPORTS Weight,ASIANPAINT Weight,BAJFINANCE Weight,BAJAJFINSV Weight,BRITANNIA Weight,DIVISLAB Weight,GRASIM Weight,HCLTECH Weight,HDFCBANK Weight,HINDALCO Weight,HINDUNILVR Weight,ICICIBANK Weight,INFY Weight,JSWSTEEL Weight,NESTLEIND Weight,POWERGRID Weight,RELIANCE Weight,TCS Weight,TATACONSUM Weight,TATASTEEL Weight,TECHM Weight,TITAN Weight,UPL Weight,WIPRO Weight
0,-26.22030308396649,2.633942781052656,-11.313952337285318,4.0870392160752385,0.9813949561276711,0.7336260826500169,1.3110544877661838,3.0542912572246603,9.707487544824733,9.615666289640876,2.363920266851758,1.8536380697480315,4.013276118423308,1.2094960304957916,2.2194947848912747,0.37650231084190827,6.813059027102055,4.59665610100604,4.135789446715827,4.360140895395228,9.437626552636814,9.357709177883322,4.057814294197151,1.905610468885417,3.1944330472101496,4.347629868450117,6.266643704956431
