,Returns,Semi Deviation,Sortino Ratio,ADANIPORTS Weight,ASIANPAINT Weight,BAJFINANCE Weight,BAJAJFINSV Weight,BRITANNIA Weight,DIVISLAB Weight,GRASIM Weight,HCLTECH Weight,HDFCBANK Weight,HINDALCO Weight,HINDUNILVR Weight,ICICIBANK Weight,INFY Weight,JSWSTEEL Weight,NESTLEIND Weight,POWERGRID Weight,RELIANCE Weight,TCS Weight,TATACONSUM Weight,TATASTEEL Weight,TECHM Weight,TITAN Weight,UPL Weight,WIPRO Weight
0,-0.071611491440599,0.5592369619840392,-0.14563890052404715,0.10181525481191722,3.4813442681709104,1.6030908289873433,4.2640946505299215,2.249388367940837,9.82783554256261,0.6463864762203192,5.905249388614065,1.3212668543135586,0.09174310550211018,8.328517236158756,1.942604184674937,8.084505616939555,9.329777724282382,7.3249658349232245,1.3084331425593547,0.15411260661957737,7.289418491737614,8.97246644530724,6.259206287742454,0.6384051819623944,8.122249935337459,0.24960333048180822,2.5035192436196607
