,Returns,Semi Deviation,Sortino Ratio,ADANIPORTS Weight,ASIANPAINT Weight,BAJFINANCE Weight,BAJAJFINSV Weight,BRITANNIA Weight,DIVISLAB Weight,GRASIM Weight,HCLTECH Weight,HDFCBANK Weight,HINDALCO Weight,HINDUNILVR Weight,ICICIBANK Weight,INFY Weight,JSWSTEEL Weight,NESTLEIND Weight,POWERGRID Weight,RELIANCE Weight,TCS Weight,TATACONSUM Weight,TATASTEEL Weight,TECHM Weight,TITAN Weight,UPL Weight,WIPRO Weight
0,-28.724448764383432,2.756239121678487,-11.720481184052982,7.9577391785211855,5.638442426858269,9.050030559390933,5.214838578120754,7.312000219775011,0.1280974012234728,0.6125790649243669,0.8901783859230304,7.788094610280501,4.538289579071182,7.8812643696095535,7.904886216093435,0.7885406429296752,3.1953684504546893,2.578106781211979,0.7320862626620863,6.394866801338102,1.8812812132046532,5.754296799299956,4.938235996246616,3.37195411983437,0.2768937042473599,3.5917012991603157,1.5802273396185031
