,Returns,Semi Deviation,Sortino Ratio,ADANIPORTS Weight,ASIANPAINT Weight,BAJFINANCE Weight,BAJAJFINSV Weight,BRITANNIA Weight,DIVISLAB Weight,GRASIM Weight,HCLTECH Weight,HDFCBANK Weight,HINDALCO Weight,HINDUNILVR Weight,ICICIBANK Weight,INFY Weight,JSWSTEEL Weight,NESTLEIND Weight,POWERGRID Weight,RELIANCE Weight,TCS Weight,TATACONSUM Weight,TATASTEEL Weight,TECHM Weight,TITAN Weight,UPL Weight,WIPRO Weight
0,0.1356912237556113,0.4382706026255683,0.28716518554170567,3.676124132291959,8.123771156100059,1.7175552671723469,0.3079072336163546,0.7405740042666634,7.433041244853039,0.6107780448094097,0.14269098018301618,0.37811026567893585,0.7830960413454644,7.610699868239787,3.801589798907503,7.2282431636343905,7.588262419695077,8.211825506069308,0.11644693285657226,7.147401937010662,6.644198418342007,7.607316675917899,1.3729202358631738,6.7358256832952295,7.647258026494194,0.3309140096070404,4.043448953749906
