,Returns,Semi Deviation,Sortino Ratio,ADANIPORTS Weight,ASIANPAINT Weight,BAJFINANCE Weight,BAJAJFINSV Weight,BRITANNIA Weight,DIVISLAB Weight,GRASIM Weight,HCLTECH Weight,HDFCBANK Weight,HINDALCO Weight,HINDUNILVR Weight,ICICIBANK Weight,INFY Weight,JSWSTEEL Weight,NESTLEIND Weight,POWERGRID Weight,RELIANCE Weight,TCS Weight,TATACONSUM Weight,TATASTEEL Weight,TECHM Weight,TITAN Weight,UPL Weight,WIPRO Weight
0,-22.900656907381318,2.0124740260476757,-13.15826021336883,0.5913681644011364,1.7033288649509624,5.411304552771077,8.75685760191586,9.400454647082784,9.262408129141313,4.651700244568014,6.117578741046656,2.3047738558417032,0.21304642335774523,0.14182675961243993,7.64455820710732,8.66403021814479,3.9721374264807796,0.8820507472308954,1.3392656296542262,6.383558187451974,3.5308069607085866,0.8767911685875315,4.343659050452545,4.282225747119094,5.686474479697887,1.6780212814115878,2.1617729112630917
