,Returns,Semi Deviation,Sortino Ratio,ADANIPORTS Weight,ASIANPAINT Weight,BAJFINANCE Weight,BAJAJFINSV Weight,BRITANNIA Weight,DIVISLAB Weight,GRASIM Weight,HCLTECH Weight,HDFCBANK Weight,HINDALCO Weight,HINDUNILVR Weight,ICICIBANK Weight,INFY Weight,JSWSTEEL Weight,NESTLEIND Weight,POWERGRID Weight,RELIANCE Weight,TCS Weight,TATACONSUM Weight,TATASTEEL Weight,TECHM Weight,TITAN Weight,UPL Weight,WIPRO Weight
0,-32.35104388580615,4.344040103126982,-8.271342582666723,2.543644493202053,0.5257159045686897,2.378523964004904,5.139278647044441,8.182927665030455,5.381071866661313,4.9869554431972345,1.835402294023793,6.192658048241633,2.9300827749236875,1.1529959701658221,4.063925654903197,6.204948835964155,3.012684696824177,5.834304576483602,0.07828433711961258,7.7319374606153195,7.654304250634667,3.0180542764718457,1.5391477448594784,7.980287197550871,5.94166059725175,0.24988866601129123,5.4413146342460355
