,Returns,Semi Deviation,Sortino Ratio,ADANIPORTS Weight,ASIANPAINT Weight,BAJFINANCE Weight,BAJAJFINSV Weight,BRITANNIA Weight,DIVISLAB Weight,GRASIM Weight,HCLTECH Weight,HDFCBANK Weight,HINDALCO Weight,HINDUNILVR Weight,ICICIBANK Weight,INFY Weight,JSWSTEEL Weight,NESTLEIND Weight,POWERGRID Weight,RELIANCE Weight,TCS Weight,TATACONSUM Weight,TATASTEEL Weight,TECHM Weight,TITAN Weight,UPL Weight,WIPRO Weight
0,-33.58608826726318,4.755377387416824,-7.815591747903782,2.8024147263787462,5.264401441271028,2.088831014872273,3.336850883029261,8.765123714095324,0.5288951716707808,3.3627945357367253,5.082254174784936,4.928066146118533,9.028233845549893,3.395132925553014,0.18114026746060152,3.002187735091726,0.7984470292349264,5.7302924593353906,0.04923630378513371,5.25570547341585,2.7366826963208646,10.14500589563563,1.0167791411225107,3.823427347726651,8.3220555220095,7.824469816031298,2.5315717337694075
