,Returns,Semi Deviation,Sortino Ratio,ADANIPORTS Weight,ASIANPAINT Weight,BAJFINANCE Weight,BAJAJFINSV Weight,BRITANNIA Weight,DIVISLAB Weight,GRASIM Weight,HCLTECH Weight,HDFCBANK Weight,HINDALCO Weight,HINDUNILVR Weight,ICICIBANK Weight,INFY Weight,JSWSTEEL Weight,NESTLEIND Weight,POWERGRID Weight,RELIANCE Weight,TCS Weight,TATACONSUM Weight,TATASTEEL Weight,TECHM Weight,TITAN Weight,UPL Weight,WIPRO Weight
0,0.26211904103225114,0.2933023857121821,0.8601494174161022,0.692233827753456,4.909523625531452,5.542451175369073,2.4865551295929897,1.0250329033790577,4.760361860451737,0.5467698913613234,5.762043127226405,4.347721642888338,0.2494601999233513,7.183197679299011,4.2333003910281946,3.5883497094478405,3.3238056262284204,2.8565248419067357,1.280334875712149,8.858107893088665,7.104502925107048,5.115448380299415,7.2840444264710005,0.9272091487029877,8.878945602857593,0.9008611013477561,8.143214015026006
