,Returns,Semi Deviation,Sortino Ratio,ADANIPORTS Weight,ASIANPAINT Weight,BAJFINANCE Weight,BAJAJFINSV Weight,BRITANNIA Weight,DIVISLAB Weight,GRASIM Weight,HCLTECH Weight,HDFCBANK Weight,HINDALCO Weight,HINDUNILVR Weight,ICICIBANK Weight,INFY Weight,JSWSTEEL Weight,NESTLEIND Weight,POWERGRID Weight,RELIANCE Weight,TCS Weight,TATACONSUM Weight,TATASTEEL Weight,TECHM Weight,TITAN Weight,UPL Weight,WIPRO Weight
0,-32.05235104282545,4.237533634603372,-8.408747662049082,5.887368438678812,2.2577437741435893,6.340818293536675,6.067568331955177,2.41976921920931,5.643535462094793,6.829541405563182,6.120999858557865,6.243008440100904,0.5720045855588534,5.501083740737363,3.519446343655292,2.213697167153854,1.3703810074454168,6.384709714442054,1.8994244953323185,5.514639097260866,2.5084181012187807,0.4361662343403618,5.10736272508889,6.889145338995882,5.001174913730146,5.017563153062187,0.2544301581374588
