,Returns,Semi Deviation,Sortino Ratio,ADANIPORTS Weight,ASIANPAINT Weight,BAJFINANCE Weight,BAJAJFINSV Weight,BRITANNIA Weight,DIVISLAB Weight,GRASIM Weight,HCLTECH Weight,HDFCBANK Weight,HINDALCO Weight,HINDUNILVR Weight,ICICIBANK Weight,INFY Weight,JSWSTEEL Weight,NESTLEIND Weight,POWERGRID Weight,RELIANCE Weight,TCS Weight,TATACONSUM Weight,TATASTEEL Weight,TECHM Weight,TITAN Weight,UPL Weight,WIPRO Weight
0,0.1490252637324996,0.5404176807293982,0.2575602239909523,1.8297168797476682,2.053006140037594,1.4159699694172712,3.4400055957985107,6.759122621705008,8.661168997800244,0.20978993750239652,6.889279089814456,0.49189194031899425,7.6002118832559304,9.327128758181889,0.7681173551572167,5.002732998724588,0.3785265774607376,9.791994965191634,5.232969796257161,4.1738359776205565,7.645475632055546,9.495713937237321,0.2648789059885634,0.3262062258046691,6.04064234250262,2.097578230336359,0.10403524208306507
