,Returns,Semi Deviation,Sortino Ratio,ADANIPORTS Weight,ASIANPAINT Weight,BAJFINANCE Weight,BAJAJFINSV Weight,BRITANNIA Weight,DIVISLAB Weight,GRASIM Weight,HCLTECH Weight,HDFCBANK Weight,HINDALCO Weight,HINDUNILVR Weight,ICICIBANK Weight,INFY Weight,JSWSTEEL Weight,NESTLEIND Weight,POWERGRID Weight,RELIANCE Weight,TCS Weight,TATACONSUM Weight,TATASTEEL Weight,TECHM Weight,TITAN Weight,UPL Weight,WIPRO Weight
0,-35.50992926849475,5.0249665777306864,-7.7791421423041704,4.807669080071107,4.49674045943451,7.131146157347292,4.09030868618244,1.9931773326587003,7.318509685382788,3.4094266105660007,2.5830740264530374,0.6347051817341467,5.124693584187225,1.2967389419895339,1.404977201163917,0.959067444123042,3.173655506152833,5.096333372467842,6.288317602774983,7.327335673366386,3.6391548189843173,7.159454659413955,6.885129244695689,4.071754504213138,3.578684344446136,5.516809095355288,2.0131367868356946
