,Returns,Semi Deviation,Sortino Ratio,ADANIPORTS Weight,ASIANPAINT Weight,BAJFINANCE Weight,BAJAJFINSV Weight,BRITANNIA Weight,DIVISLAB Weight,GRASIM Weight,HCLTECH Weight,HDFCBANK Weight,HINDALCO Weight,HINDUNILVR Weight,ICICIBANK Weight,INFY Weight,JSWSTEEL Weight,NESTLEIND Weight,POWERGRID Weight,RELIANCE Weight,TCS Weight,TATACONSUM Weight,TATASTEEL Weight,TECHM Weight,TITAN Weight,UPL Weight,WIPRO Weight
0,-23.836940572654477,2.2135951334127313,-12.385706924818447,2.0273293958038736,4.291131464451064,1.4016357986775096,2.567679659269254,6.981841418637708,2.97508090694684,4.148075338654216,9.177861505461161,1.1186803345914318,3.3651050189821965,3.96667839827581,0.2879050880577447,4.234249159945175,5.130689241196072,9.096423379345632,1.2211488665521817,5.900566785368647,4.917955071526542,4.126777102755939,8.540284157141746,2.0312428585873423,5.555245385431635,2.355379325673855,4.581034338666414
