,Returns,Semi Deviation,Sortino Ratio,ADANIPORTS Weight,ASIANPAINT Weight,BAJFINANCE Weight,BAJAJFINSV Weight,BRITANNIA Weight,DIVISLAB Weight,GRASIM Weight,HCLTECH Weight,HDFCBANK Weight,HINDALCO Weight,HINDUNILVR Weight,ICICIBANK Weight,INFY Weight,JSWSTEEL Weight,NESTLEIND Weight,POWERGRID Weight,RELIANCE Weight,TCS Weight,TATACONSUM Weight,TATASTEEL Weight,TECHM Weight,TITAN Weight,UPL Weight,WIPRO Weight
0,-24.008397569090384,1.9358894356694585,-14.251019227009685,1.2031584622848237,3.224527839154635,2.4769723746078527,4.820190204476179,8.002990879292739,2.0061361039567704,5.86462548242315,4.7485006427541965,1.5705859703987357,3.5439421344894297,8.576175590143505,0.2320697593427142,1.308872584291297,3.2479858845686262,6.042057536654508,7.672779150070497,4.084259352081496,3.0375233342862615,6.05429295514635,3.4912953711498314,1.8494706367472302,8.673340553161438,3.463661691768969,4.804585506748752
