,Returns,Semi Deviation,Sortino Ratio,ADANIPORTS Weight,ASIANPAINT Weight,BAJFINANCE Weight,BAJAJFINSV Weight,BRITANNIA Weight,DIVISLAB Weight,GRASIM Weight,HCLTECH Weight,HDFCBANK Weight,HINDALCO Weight,HINDUNILVR Weight,ICICIBANK Weight,INFY Weight,JSWSTEEL Weight,NESTLEIND Weight,POWERGRID Weight,RELIANCE Weight,TCS Weight,TATACONSUM Weight,TATASTEEL Weight,TECHM Weight,TITAN Weight,UPL Weight,WIPRO Weight
0,-33.22099348488644,4.463871601546143,-8.24418728176226,4.461042275575272,6.100815340831458,4.8131853291964335,1.7498179233699829,4.445400735995145,5.179272802053276,0.3051870518401828,6.460177955712118,5.975931758988983,2.319041154483839,7.351891100882681,2.5631083740436815,3.485966345476151,7.0781122046951275,2.170885052501984,2.061404257694159,1.6029251220435943,7.18363632588568,3.114512665818696,1.3680810423325966,6.032742256592664,6.865971633892644,2.699129256107131,4.611762033986501
