,Returns,Semi Deviation,Sortino Ratio,ADANIPORTS Weight,ASIANPAINT Weight,BAJFINANCE Weight,BAJAJFINSV Weight,BRITANNIA Weight,DIVISLAB Weight,GRASIM Weight,HCLTECH Weight,HDFCBANK Weight,HINDALCO Weight,HINDUNILVR Weight,ICICIBANK Weight,INFY Weight,JSWSTEEL Weight,NESTLEIND Weight,POWERGRID Weight,RELIANCE Weight,TCS Weight,TATACONSUM Weight,TATASTEEL Weight,TECHM Weight,TITAN Weight,UPL Weight,WIPRO Weight
0,-37.78124709476894,5.1238601502638685,-8.072282591990517,6.599433647912948,0.2797892191003973,6.933125318508704,0.014399587515374396,4.3548399838753475,5.964478177855709,6.38157522486697,3.8262854471395658,0.9845066457407842,1.1785145455535242,6.253411962003669,3.6074963204696524,4.748273720909577,2.1639505134421455,5.385508715687476,0.7395726279309879,1.1081512614078348,3.099958285802169,7.542605710687959,4.844328949587764,7.017421532913029,7.114201164271434,7.87014048384031,1.9880309529766511
