,Returns,Semi Deviation,Sortino Ratio,ADANIPORTS Weight,ASIANPAINT Weight,BAJFINANCE Weight,BAJAJFINSV Weight,BRITANNIA Weight,DIVISLAB Weight,GRASIM Weight,HCLTECH Weight,HDFCBANK Weight,HINDALCO Weight,HINDUNILVR Weight,ICICIBANK Weight,INFY Weight,JSWSTEEL Weight,NESTLEIND Weight,POWERGRID Weight,RELIANCE Weight,TCS Weight,TATACONSUM Weight,TATASTEEL Weight,TECHM Weight,TITAN Weight,UPL Weight,WIPRO Weight
0,0.2437244339188056,0.2245261338203412,1.0417017614118438,1.2292549479780144,4.691641813043068,6.787442589332771,1.753090984213017,0.8900114139813783,9.916377754879605,4.035163938624739,0.46677880527620985,0.47743028519623765,0.5173911090582558,10.893836886602177,2.3852092864700785,5.521605975975399,6.4516236025626466,0.5574413016107528,0.7449314721969463,6.18235485934477,4.402076395281456,11.579439085657738,0.3617779307254695,3.208317301472521,10.572777443410814,0.22742253702914397,6.146602280076798
