,Returns,Semi Deviation,Sortino Ratio,ADANIPORTS Weight,ASIANPAINT Weight,BAJFINANCE Weight,BAJAJFINSV Weight,BRITANNIA Weight,DIVISLAB Weight,GRASIM Weight,HCLTECH Weight,HDFCBANK Weight,HINDALCO Weight,HINDUNILVR Weight,ICICIBANK Weight,INFY Weight,JSWSTEEL Weight,NESTLEIND Weight,POWERGRID Weight,RELIANCE Weight,TCS Weight,TATACONSUM Weight,TATASTEEL Weight,TECHM Weight,TITAN Weight,UPL Weight,WIPRO Weight
0,-40.13723601618772,4.462352743410559,-9.796902784241752,1.3582321583842434,6.647066042966861,7.265081750932172,2.927679029966265,5.76543023346222,3.639658720161782,3.971423964499647,1.9862412965286311,7.620981509789015,2.251904514658821,3.9753758444401743,0.5918910538843598,7.73507922024958,0.07642277823019553,4.249371316974255,3.7937501487076557,2.70729883250375,1.9052706993006479,4.294927124221461,6.05918983178685,7.15627489259139,7.631391504910426,4.919024079995504,1.4710334508540963
