,Returns,Semi Deviation,Sortino Ratio,ADANIPORTS Weight,ASIANPAINT Weight,BAJFINANCE Weight,BAJAJFINSV Weight,BRITANNIA Weight,DIVISLAB Weight,GRASIM Weight,HCLTECH Weight,HDFCBANK Weight,HINDALCO Weight,HINDUNILVR Weight,ICICIBANK Weight,INFY Weight,JSWSTEEL Weight,NESTLEIND Weight,POWERGRID Weight,RELIANCE Weight,TCS Weight,TATACONSUM Weight,TATASTEEL Weight,TECHM Weight,TITAN Weight,UPL Weight,WIPRO Weight
0,-39.44667054957479,4.8989864110494254,-8.78276993227216,2.46508502794904,0.12359942805648932,1.5342151991774855,0.10019768020608585,10.327533399416676,4.968191721251612,0.8476453491283441,0.8613283967070532,7.000560879536712,2.1137536348127117,3.584504565738783,4.531962232586941,5.285832338710031,7.574430739429612,8.882424265280916,0.270030601477706,10.462706668800738,1.4121760332068016,6.0700903809236735,10.83270977237537,3.0815247357358024,1.8196534143107332,0.1810909536807854,5.668752581499907
