,Returns,Semi Deviation,Sortino Ratio,ADANIPORTS Weight,ASIANPAINT Weight,BAJFINANCE Weight,BAJAJFINSV Weight,BRITANNIA Weight,DIVISLAB Weight,GRASIM Weight,HCLTECH Weight,HDFCBANK Weight,HINDALCO Weight,HINDUNILVR Weight,ICICIBANK Weight,INFY Weight,JSWSTEEL Weight,NESTLEIND Weight,POWERGRID Weight,RELIANCE Weight,TCS Weight,TATACONSUM Weight,TATASTEEL Weight,TECHM Weight,TITAN Weight,UPL Weight,WIPRO Weight
0,0.1157278679714041,0.6281655411928921,0.1685745176902701,1.385964620778779,9.491758467859805,5.714588306580705,6.7971241561049816,8.129031735990248,9.430987207276036,2.501892545595572,0.12776392408836298,5.190446578104206,1.2676093776198665,2.099851197072996,0.4278029155884347,2.177829076301267,0.8210555142297642,9.442118852320469,0.7008688751433636,6.4417963754442935,5.610285165366625,8.744700366099464,0.9001047961973305,0.03502762787197042,6.569031589430718,2.6392137625164773,3.353146966418266
