,Returns,Semi Deviation,Sortino Ratio,ADANIPORTS Weight,ASIANPAINT Weight,BAJFINANCE Weight,BAJAJFINSV Weight,BRITANNIA Weight,DIVISLAB Weight,GRASIM Weight,HCLTECH Weight,HDFCBANK Weight,HINDALCO Weight,HINDUNILVR Weight,ICICIBANK Weight,INFY Weight,JSWSTEEL Weight,NESTLEIND Weight,POWERGRID Weight,RELIANCE Weight,TCS Weight,TATACONSUM Weight,TATASTEEL Weight,TECHM Weight,TITAN Weight,UPL Weight,WIPRO Weight
0,-27.035814058592635,2.694759161496947,-11.361243147823814,4.89594964518227,6.942714094973345,6.702073307477504,4.853843429928521,1.3803537784839461,6.779576861944292,4.643524561291206,3.757818338976573,7.414659734325168,4.005541119374353,7.518342662566864,4.914953638552346,2.195856489450285,1.0283546691216152,5.36313274295357,5.429617143981227,3.524809851766509,0.8129944482850433,7.327531534202188,0.06706527094965607,0.2849397180186981,4.342276000103591,1.1254009057850989,4.68867005230615
