,Returns,Semi Deviation,Sortino Ratio,ADANIPORTS Weight,ASIANPAINT Weight,BAJFINANCE Weight,BAJAJFINSV Weight,BRITANNIA Weight,DIVISLAB Weight,GRASIM Weight,HCLTECH Weight,HDFCBANK Weight,HINDALCO Weight,HINDUNILVR Weight,ICICIBANK Weight,INFY Weight,JSWSTEEL Weight,NESTLEIND Weight,POWERGRID Weight,RELIANCE Weight,TCS Weight,TATACONSUM Weight,TATASTEEL Weight,TECHM Weight,TITAN Weight,UPL Weight,WIPRO Weight
0,-26.87168312461402,2.360637284022766,-12.899772163524105,6.037903310322598,0.00941687351688428,6.109177511557681,7.054528104420821,4.670273552279284,3.765193351997546,3.4678599564193426,3.5921011102476847,1.3915449323791744,4.476268105029308,6.622240396321708,1.7703331947938976,3.9818121542676996,0.13861999900880473,4.94639453037691,7.116763604555046,6.979829023745918,6.945709917151071,6.6683839829727285,2.832310060240145,0.5658535813966238,4.967011376683543,1.9322310473838835,3.9582403229316916
