,Returns,Semi Deviation,Sortino Ratio,ADANIPORTS Weight,ASIANPAINT Weight,BAJFINANCE Weight,BAJAJFINSV Weight,BRITANNIA Weight,DIVISLAB Weight,GRASIM Weight,HCLTECH Weight,HDFCBANK Weight,HINDALCO Weight,HINDUNILVR Weight,ICICIBANK Weight,INFY Weight,JSWSTEEL Weight,NESTLEIND Weight,POWERGRID Weight,RELIANCE Weight,TCS Weight,TATACONSUM Weight,TATASTEEL Weight,TECHM Weight,TITAN Weight,UPL Weight,WIPRO Weight
0,-39.436318299462656,4.2818714305130925,-10.046148978907581,0.35137852369553974,2.651555631591409,2.5744446091661057,0.006971659547887522,5.068445620143599,5.443074983103166,8.736728018039855,4.263423954009377,4.952500781166158,2.713824751193092,7.080905144942538,5.602568851539613,3.020590934106507,5.146605136012417,2.2716443430429676,6.604109287456551,7.5437104121624206,5.440625367969715,6.72258055290635,1.705682499041804,1.361043989163854,3.3344277010984906,0.33239221460080576,7.0707650342997725
