,Returns,Semi Deviation,Sortino Ratio,ADANIPORTS Weight,ASIANPAINT Weight,BAJFINANCE Weight,BAJAJFINSV Weight,BRITANNIA Weight,DIVISLAB Weight,GRASIM Weight,HCLTECH Weight,HDFCBANK Weight,HINDALCO Weight,HINDUNILVR Weight,ICICIBANK Weight,INFY Weight,JSWSTEEL Weight,NESTLEIND Weight,POWERGRID Weight,RELIANCE Weight,TCS Weight,TATACONSUM Weight,TATASTEEL Weight,TECHM Weight,TITAN Weight,UPL Weight,WIPRO Weight
0,-40.593572908865156,5.5331103052740245,-7.983497611959768,3.9416999181545673,3.6988753795172995,0.47621074568438176,6.887315696853749,3.9858477747780228,7.455659429876437,6.760860927705265,3.0982778795494252,1.348521410330471,6.984448518868577,6.545235691263505,3.1568028510570905,0.288091545227613,2.584041601541966,4.214901015183515,6.068666194033725,3.91592874684923,1.0017424037325215,0.70239305819839,6.947406172814732,6.161097807775608,7.8574529538585045,0.2509949996477052,5.667527277497705
