,Returns,Semi Deviation,Sortino Ratio,ADANIPORTS Weight,ASIANPAINT Weight,BAJFINANCE Weight,BAJAJFINSV Weight,BRITANNIA Weight,DIVISLAB Weight,GRASIM Weight,HCLTECH Weight,HDFCBANK Weight,HINDALCO Weight,HINDUNILVR Weight,ICICIBANK Weight,INFY Weight,JSWSTEEL Weight,NESTLEIND Weight,POWERGRID Weight,RELIANCE Weight,TCS Weight,TATACONSUM Weight,TATASTEEL Weight,TECHM Weight,TITAN Weight,UPL Weight,WIPRO Weight
0,-32.87573288542891,4.452370062032897,-8.187938643353394,4.0088518294853674,1.3979488946322294,7.206672485997783,0.11205072811526352,8.39433232849166,0.6076642744216723,3.4818047541168684,7.105183855077003,8.473118962616288,4.204835330174656,1.6356503405309752,0.11726408397910446,7.862414133219675,4.466502718472416,4.448420587891478,6.081500489473524,8.204750916837018,1.252218061187952,4.079626031846923,1.7109683469378099,5.987835144414139,4.120998595031145,0.11091446019391614,4.928472646855169
