,Returns,Semi Deviation,Sortino Ratio,ADANIPORTS Weight,ASIANPAINT Weight,BAJFINANCE Weight,BAJAJFINSV Weight,BRITANNIA Weight,DIVISLAB Weight,GRASIM Weight,HCLTECH Weight,HDFCBANK Weight,HINDALCO Weight,HINDUNILVR Weight,ICICIBANK Weight,INFY Weight,JSWSTEEL Weight,NESTLEIND Weight,POWERGRID Weight,RELIANCE Weight,TCS Weight,TATACONSUM Weight,TATASTEEL Weight,TECHM Weight,TITAN Weight,UPL Weight,WIPRO Weight
0,-39.376682909324515,4.84405444949152,-8.86791908663076,5.481698231357658,2.9381776095653946,7.602949839217714,2.4403998825311515,3.3864390124685637,7.579874469219089,2.976199722357741,1.1184916736593573,6.863734730360132,6.181601817123177,0.1211744871085948,4.934669307822088,3.71849334290325,5.061085094328692,0.20432719057259827,7.982674644254474,7.114219620841798,7.336982468332162,0.23910014670199572,0.36165806706876047,4.493398781701874,8.42699919237933,1.740897237090362,1.6947534310340386
