,Returns,Semi Deviation,Sortino Ratio,ADANIPORTS Weight,ASIANPAINT Weight,BAJFINANCE Weight,BAJAJFINSV Weight,BRITANNIA Weight,DIVISLAB Weight,GRASIM Weight,HCLTECH Weight,HDFCBANK Weight,HINDALCO Weight,HINDUNILVR Weight,ICICIBANK Weight,INFY Weight,JSWSTEEL Weight,NESTLEIND Weight,POWERGRID Weight,RELIANCE Weight,TCS Weight,TATACONSUM Weight,TATASTEEL Weight,TECHM Weight,TITAN Weight,UPL Weight,WIPRO Weight
0,-23.571142613000013,1.9472692024284015,-13.943189046044763,1.5824405051872314,0.5898203132744047,6.16141990799221,4.708638348426273,6.7839190050497375,2.812030256544447,4.949427365250483,2.446687159298528,5.530680473956321,1.3568894442269124,6.965652818251344,6.833161562348737,4.455370936549274,4.062736394614194,5.07524289876546,4.814540603039371,0.5285319246896976,5.183742514335102,4.345131426384857,5.06453010097411,4.933048898550837,5.813129500289629,1.3462663013123908,3.6569613406884227
