,Returns,Semi Deviation,Sortino Ratio,ADANIPORTS Weight,ASIANPAINT Weight,BAJFINANCE Weight,BAJAJFINSV Weight,BRITANNIA Weight,DIVISLAB Weight,GRASIM Weight,HCLTECH Weight,HDFCBANK Weight,HINDALCO Weight,HINDUNILVR Weight,ICICIBANK Weight,INFY Weight,JSWSTEEL Weight,NESTLEIND Weight,POWERGRID Weight,RELIANCE Weight,TCS Weight,TATACONSUM Weight,TATASTEEL Weight,TECHM Weight,TITAN Weight,UPL Weight,WIPRO Weight
0,0.26205712030702477,0.27135433857367675,0.9294929898582693,2.8312670816669487,0.49211873404127576,0.25495998814929455,5.932304614666056,0.28679524002781115,5.544302300640208,2.5103831330108575,5.998183912320885,2.9651387608806,0.9505377463036513,4.300471634424239,3.9101538371712325,9.62493558812609,4.618006959729961,7.193841716467138,0.04005492791018928,8.194167030129265,7.600368818616614,6.185825226738014,7.112215489097191,1.1756996809659808,5.650792383767369,0.5309893928186494,6.096485802330465
