,Returns,Semi Deviation,Sortino Ratio,ADANIPORTS Weight,ASIANPAINT Weight,BAJFINANCE Weight,BAJAJFINSV Weight,BRITANNIA Weight,DIVISLAB Weight,GRASIM Weight,HCLTECH Weight,HDFCBANK Weight,HINDALCO Weight,HINDUNILVR Weight,ICICIBANK Weight,INFY Weight,JSWSTEEL Weight,NESTLEIND Weight,POWERGRID Weight,RELIANCE Weight,TCS Weight,TATACONSUM Weight,TATASTEEL Weight,TECHM Weight,TITAN Weight,UPL Weight,WIPRO Weight
0,-35.093881770621984,4.124957578533585,-9.375582908266049,1.2206258954549092,1.8499032151195776,0.12736096251024773,2.2093471219720615,3.1924490725840546,9.222306709891713,7.65485984001031,4.553103725047305,1.1484955823055634,7.199648065237037,8.193316342080173,2.304044190715132,2.5661456177033415,6.047705259574987,7.836258138966276,3.0171231000377574,3.867097020872702,2.752840419885548,6.202039982336856,9.03200030937133,3.785576424227302,1.4824436549958895,1.2606377209502535,3.2746716281496813
