,Returns,Semi Deviation,Sortino Ratio,ADANIPORTS Weight,ASIANPAINT Weight,BAJFINANCE Weight,BAJAJFINSV Weight,BRITANNIA Weight,DIVISLAB Weight,GRASIM Weight,HCLTECH Weight,HDFCBANK Weight,HINDALCO Weight,HINDUNILVR Weight,ICICIBANK Weight,INFY Weight,JSWSTEEL Weight,NESTLEIND Weight,POWERGRID Weight,RELIANCE Weight,TCS Weight,TATACONSUM Weight,TATASTEEL Weight,TECHM Weight,TITAN Weight,UPL Weight,WIPRO Weight
0,0.11837720854764311,0.6312288044839819,0.17195356571411444,1.579372110779647,3.4705967342087605,7.179608333180301,4.796191687683916,2.733640740731276,8.68836474360988,2.370212502544898,1.7467944905767505,0.10761066957077582,0.4027900451121012,7.838762479369738,0.3333342439446241,3.9873205734358117,0.9067249855544505,7.879827116470564,0.48632736190920905,6.697817915192138,7.383674323325666,6.87489265824453,2.496656856389776,7.242614667830595,8.154003407048325,0.7637749930746401,5.879086360211632
