,Returns,Semi Deviation,Sortino Ratio,ADANIPORTS Weight,ASIANPAINT Weight,BAJFINANCE Weight,BAJAJFINSV Weight,BRITANNIA Weight,DIVISLAB Weight,GRASIM Weight,HCLTECH Weight,HDFCBANK Weight,HINDALCO Weight,HINDUNILVR Weight,ICICIBANK Weight,INFY Weight,JSWSTEEL Weight,NESTLEIND Weight,POWERGRID Weight,RELIANCE Weight,TCS Weight,TATACONSUM Weight,TATASTEEL Weight,TECHM Weight,TITAN Weight,UPL Weight,WIPRO Weight
0,-37.51546930225418,5.465715949210019,-7.51877149931179,6.863934176790118,4.403004104992398,4.712058258607541,5.828607100357505,2.3159027185056873,6.400228896016566,5.055704048442641,4.027187352686062,2.8602901248434867,1.5944390057192601,5.626415466038206,6.24265151008562,1.2092898501298415,2.1836290655467256,4.115150820242001,3.768045582731755,5.910394702253707,3.8174800850989468,3.6862260040014125,2.27342816902579,6.252966654948606,2.5112028332111285,5.293709112033045,3.0480543576919326
