,Returns,Semi Deviation,Sortino Ratio,ADANIPORTS Weight,ASIANPAINT Weight,BAJFINANCE Weight,BAJAJFINSV Weight,BRITANNIA Weight,DIVISLAB Weight,GRASIM Weight,HCLTECH Weight,HDFCBANK Weight,HINDALCO Weight,HINDUNILVR Weight,ICICIBANK Weight,INFY Weight,JSWSTEEL Weight,NESTLEIND Weight,POWERGRID Weight,RELIANCE Weight,TCS Weight,TATACONSUM Weight,TATASTEEL Weight,TECHM Weight,TITAN Weight,UPL Weight,WIPRO Weight
0,0.2317211616784008,0.2972903450228379,0.7463612611643698,3.9790527277303047,5.091329126965196,2.0206564282958617,1.0889130016570503,4.012780845152933,8.83101275974222,0.23449519286717885,7.8331173411802775,3.4243985768059906,0.7031898689244988,9.40257899572,0.6426362367407575,6.888896853383958,1.2670697702424207,5.81790792635449,4.182644058626921,7.4261069330617575,5.149226837018856,6.063295403718003,2.738166282164734,2.4069578318451956,1.8738032659961663,1.3781147501496038,7.543648985655636
