,Returns,Semi Deviation,Sortino Ratio,ADANIPORTS Weight,ASIANPAINT Weight,BAJFINANCE Weight,BAJAJFINSV Weight,BRITANNIA Weight,DIVISLAB Weight,GRASIM Weight,HCLTECH Weight,HDFCBANK Weight,HINDALCO Weight,HINDUNILVR Weight,ICICIBANK Weight,INFY Weight,JSWSTEEL Weight,NESTLEIND Weight,POWERGRID Weight,RELIANCE Weight,TCS Weight,TATACONSUM Weight,TATASTEEL Weight,TECHM Weight,TITAN Weight,UPL Weight,WIPRO Weight
0,-35.51477435573785,4.675090899805602,-8.36235598271757,5.163642892601464,4.060366333602883,6.295206235519904,3.569547978377267,0.9007519739776519,3.439646553184906,1.7499332407871973,7.643250697065391,1.699872374656661,5.307485032422472,6.652428834448289,1.4522739476642075,2.8095498258613403,5.259684920771217,8.066468153961882,4.308338899268727,3.506164382793278,2.2883222301159774,8.40959929701058,5.665318847562412,8.317915421970117,1.7733648427886262,1.583566165733393,0.07730091785415906
