,Returns,Semi Deviation,Sortino Ratio,ADANIPORTS Weight,ASIANPAINT Weight,BAJFINANCE Weight,BAJAJFINSV Weight,BRITANNIA Weight,DIVISLAB Weight,GRASIM Weight,HCLTECH Weight,HDFCBANK Weight,HINDALCO Weight,HINDUNILVR Weight,ICICIBANK Weight,INFY Weight,JSWSTEEL Weight,NESTLEIND Weight,POWERGRID Weight,RELIANCE Weight,TCS Weight,TATACONSUM Weight,TATASTEEL Weight,TECHM Weight,TITAN Weight,UPL Weight,WIPRO Weight
0,0.14903726936034903,0.30420218424963136,0.45759732090205363,8.436238050998986,3.9331892395034194,6.498017367206264,3.131264327525273,7.636827530524353,8.498638259980472,0.9807843263347736,7.592679882876187,1.7377200868117597,0.5013024000221917,8.96900909038269,1.2089611740041468,5.299913660215073,3.8703711653364667,0.83741835439099,0.22918729667748694,5.400453320801844,2.166054585655993,8.114787681159392,1.0031271484389206,0.4230427168135417,6.518534034148125,0.32033733952172266,6.692140960669919
