,Returns,Semi Deviation,Sortino Ratio,ADANIPORTS Weight,ASIANPAINT Weight,BAJFINANCE Weight,BAJAJFINSV Weight,BRITANNIA Weight,DIVISLAB Weight,GRASIM Weight,HCLTECH Weight,HDFCBANK Weight,HINDALCO Weight,HINDUNILVR Weight,ICICIBANK Weight,INFY Weight,JSWSTEEL Weight,NESTLEIND Weight,POWERGRID Weight,RELIANCE Weight,TCS Weight,TATACONSUM Weight,TATASTEEL Weight,TECHM Weight,TITAN Weight,UPL Weight,WIPRO Weight
0,0.1366818767125861,0.6845923357761989,0.18528795203878665,2.5946438020218405,10.789188021019017,10.791405586142506,5.431516621150682,2.175731675699295,9.495280637365557,0.2850799387346171,0.31078607227881866,8.606397298251132,1.912694337908179,4.348456364860321,0.8285918508079791,0.3755476922059178,1.8279531741663608,10.110449157747661,0.5772377090577194,7.893806067022971,4.857058287738704,6.312840849013239,1.4584317707182919,0.3989827505133632,1.0941507538002384,0.4232800149167557,7.10048956685884
