,Returns,Semi Deviation,Sortino Ratio,ADANIPORTS Weight,ASIANPAINT Weight,BAJFINANCE Weight,BAJAJFINSV Weight,BRITANNIA Weight,DIVISLAB Weight,GRASIM Weight,HCLTECH Weight,HDFCBANK Weight,HINDALCO Weight,HINDUNILVR Weight,ICICIBANK Weight,INFY Weight,JSWSTEEL Weight,NESTLEIND Weight,POWERGRID Weight,RELIANCE Weight,TCS Weight,TATACONSUM Weight,TATASTEEL Weight,TECHM Weight,TITAN Weight,UPL Weight,WIPRO Weight
0,-23.95132301578777,2.1176819581055946,-13.000688281075192,0.5386243819660814,0.27642928018343976,4.465660624604229,5.281098487081016,3.3881085149955306,3.3160425371642015,1.9034469493448158,4.4050084377648995,2.714533864793388,0.2434699246191638,2.4299241622789327,3.0828003503363806,6.085965767113335,2.063368170364855,5.095464751758527,7.290954742795649,7.917447684319108,7.532529267623729,3.6769082145172103,7.384929996864048,7.257984761258965,0.7616939696660364,5.689110887719844,7.198494270866615
