,Returns,Semi Deviation,Sortino Ratio,ADANIPORTS Weight,ASIANPAINT Weight,BAJFINANCE Weight,BAJAJFINSV Weight,BRITANNIA Weight,DIVISLAB Weight,GRASIM Weight,HCLTECH Weight,HDFCBANK Weight,HINDALCO Weight,HINDUNILVR Weight,ICICIBANK Weight,INFY Weight,JSWSTEEL Weight,NESTLEIND Weight,POWERGRID Weight,RELIANCE Weight,TCS Weight,TATACONSUM Weight,TATASTEEL Weight,TECHM Weight,TITAN Weight,UPL Weight,WIPRO Weight
0,-32.6213544687574,4.63476499400689,-7.810828491966379,4.533357269893277,8.29509628328557,5.263604166616247,0.789212534368823,8.742973707220427,8.340356109075243,1.2673792510066122,4.511317529185808,3.2594534121433663,2.092475915553756,4.939980661556512,4.262351997114364,6.069854192462093,3.1368449993437233,4.488139639710241,0.37585408346681715,1.1068392241860605,8.549570422053183,0.601610129880371,5.927816243110673,4.911112311337297,7.296329580881665,0.19438218480345235,1.0440881517444132
