,Returns,Semi Deviation,Sortino Ratio,ADANIPORTS Weight,ASIANPAINT Weight,BAJFINANCE Weight,BAJAJFINSV Weight,BRITANNIA Weight,DIVISLAB Weight,GRASIM Weight,HCLTECH Weight,HDFCBANK Weight,HINDALCO Weight,HINDUNILVR Weight,ICICIBANK Weight,INFY Weight,JSWSTEEL Weight,NESTLEIND Weight,POWERGRID Weight,RELIANCE Weight,TCS Weight,TATACONSUM Weight,TATASTEEL Weight,TECHM Weight,TITAN Weight,UPL Weight,WIPRO Weight
0,0.11424147252216395,0.6154065010060019,0.16965421638596057,0.01602429143346247,8.385138269270943,2.996171383049467,0.4651744014623911,4.301453584304431,7.268874591694741,1.2925380587636703,1.9298617666567623,5.421465945879386,0.969099195701195,7.161680784338451,1.0207974791022862,6.8870633377001225,2.1379046656241223,7.287885720274212,3.1475095336535683,7.0273115833830335,2.432782380218659,5.81092148709891,2.4251306265193535,7.676764689861522,8.141888496525988,1.337391421609204,4.459166305874118
