,Returns,Semi Deviation,Sortino Ratio,ADANIPORTS Weight,ASIANPAINT Weight,BAJFINANCE Weight,BAJAJFINSV Weight,BRITANNIA Weight,DIVISLAB Weight,GRASIM Weight,HCLTECH Weight,HDFCBANK Weight,HINDALCO Weight,HINDUNILVR Weight,ICICIBANK Weight,INFY Weight,JSWSTEEL Weight,NESTLEIND Weight,POWERGRID Weight,RELIANCE Weight,TCS Weight,TATACONSUM Weight,TATASTEEL Weight,TECHM Weight,TITAN Weight,UPL Weight,WIPRO Weight
0,-38.607728858732735,4.951359106973536,-8.520434076234782,1.7083977748093657,1.1931353090587071,6.822961769879898,4.337011849914623,3.460652711412594,3.80113934890078,4.489042118246419,4.494453791527082,3.4984392533979203,4.86610467644217,0.992618456378873,0.554243334051665,4.223191408587431,7.044357255387859,2.503664249368866,2.9002328403263364,6.672064954941632,8.532822123039477,7.306679795105745,2.8813768659291603,4.193438344516463,6.523928960728438,2.9955690882519344,4.004473719796551
