,Returns,Semi Deviation,Sortino Ratio,ADANIPORTS Weight,ASIANPAINT Weight,BAJFINANCE Weight,BAJAJFINSV Weight,BRITANNIA Weight,DIVISLAB Weight,GRASIM Weight,HCLTECH Weight,HDFCBANK Weight,HINDALCO Weight,HINDUNILVR Weight,ICICIBANK Weight,INFY Weight,JSWSTEEL Weight,NESTLEIND Weight,POWERGRID Weight,RELIANCE Weight,TCS Weight,TATACONSUM Weight,TATASTEEL Weight,TECHM Weight,TITAN Weight,UPL Weight,WIPRO Weight
0,0.21223872373630154,0.31437495978614727,0.6438285003322821,0.18945258493503403,2.4223033589984113,1.7589812980312618,2.3481051755132194,5.0416988915248035,7.9582010335996625,0.4851044897585944,5.0017376800881,0.3663510556719933,0.20792116839084368,7.900655464445844,5.067802002742344,6.7957551993646685,0.13753504523872456,6.182418909111344,5.903185290305712,8.897507223042522,5.360490441565141,6.632556523949157,6.3208784930063,1.2007032012787502,4.9171699250588965,1.7901195969776529,7.113365947401026
