,Returns,Semi Deviation,Sortino Ratio,ADANIPORTS Weight,ASIANPAINT Weight,BAJFINANCE Weight,BAJAJFINSV Weight,BRITANNIA Weight,DIVISLAB Weight,GRASIM Weight,HCLTECH Weight,HDFCBANK Weight,HINDALCO Weight,HINDUNILVR Weight,ICICIBANK Weight,INFY Weight,JSWSTEEL Weight,NESTLEIND Weight,POWERGRID Weight,RELIANCE Weight,TCS Weight,TATACONSUM Weight,TATASTEEL Weight,TECHM Weight,TITAN Weight,UPL Weight,WIPRO Weight
0,0.1872627134090506,0.5539768895432933,0.32027969383372595,3.2685000324735722,3.1806845331662053,5.367021155072684,1.3682271075026655,6.890083155883431,7.6114257265348275,0.5389027448082537,0.399831643194316,7.628955561287462,3.6946680356541113,7.957275106192754,3.796106282818844,6.588512473222057,2.789472913658327,5.702414658021683,1.5321124768102659,5.934583051419951,6.577297091872379,8.141243390245853,2.36150890947986,0.2373699331602224,6.537843750922144,0.4979193217641026,1.3980409448340207
