,Returns,Semi Deviation,Sortino Ratio,ADANIPORTS Weight,ASIANPAINT Weight,BAJFINANCE Weight,BAJAJFINSV Weight,BRITANNIA Weight,DIVISLAB Weight,GRASIM Weight,HCLTECH Weight,HDFCBANK Weight,HINDALCO Weight,HINDUNILVR Weight,ICICIBANK Weight,INFY Weight,JSWSTEEL Weight,NESTLEIND Weight,POWERGRID Weight,RELIANCE Weight,TCS Weight,TATACONSUM Weight,TATASTEEL Weight,TECHM Weight,TITAN Weight,UPL Weight,WIPRO Weight
0,-32.32955242315221,3.5361729050432626,-10.154919849065719,2.1059263079997237,6.353870034571636,1.842425180587646,3.316008149255857,6.180968452422582,2.1865102909324006,3.321075371944307,7.112285405221781,0.0012911177253013537,2.8202755386190623,1.8389372244838058,1.7190268979171326,5.944295114883429,5.109622555317533,6.471932868816037,6.891815411152397,4.3849968489169875,7.562828052944237,7.9911318397791575,6.429968804365354,2.439956798748982,5.291641497210543,0.7951512894478083,1.8880589467362967
