,Returns,Semi Deviation,Sortino Ratio,ADANIPORTS Weight,ASIANPAINT Weight,BAJFINANCE Weight,BAJAJFINSV Weight,BRITANNIA Weight,DIVISLAB Weight,GRASIM Weight,HCLTECH Weight,HDFCBANK Weight,HINDALCO Weight,HINDUNILVR Weight,ICICIBANK Weight,INFY Weight,JSWSTEEL Weight,NESTLEIND Weight,POWERGRID Weight,RELIANCE Weight,TCS Weight,TATACONSUM Weight,TATASTEEL Weight,TECHM Weight,TITAN Weight,UPL Weight,WIPRO Weight
0,-41.194889407732916,5.112993656597721,-8.757079005947162,6.535809049601397,3.5707166781714226,0.15640860230587547,4.919317546577502,0.9160486538570828,6.269555118291283,2.8428798683419747,2.4110928828144993,3.2055239638991018,4.920145397689146,7.515280694108443,7.55161922819432,2.124731842597415,4.75760850409364,5.113278179269145,2.086942232396079,0.014806763292978998,5.082902322201907,6.403011817935267,5.107757758857665,6.023277927122857,4.442425919176358,2.3733245690138016,5.655534480190825
