,Returns,Semi Deviation,Sortino Ratio,ADANIPORTS Weight,ASIANPAINT Weight,BAJFINANCE Weight,BAJAJFINSV Weight,BRITANNIA Weight,DIVISLAB Weight,GRASIM Weight,HCLTECH Weight,HDFCBANK Weight,HINDALCO Weight,HINDUNILVR Weight,ICICIBANK Weight,INFY Weight,JSWSTEEL Weight,NESTLEIND Weight,POWERGRID Weight,RELIANCE Weight,TCS Weight,TATACONSUM Weight,TATASTEEL Weight,TECHM Weight,TITAN Weight,UPL Weight,WIPRO Weight
0,0.2742705581312013,0.508358720729821,0.5201747949093939,0.24705868880618692,8.191437160587796,6.513861128209125,2.6656775140578963,3.3053399160763384,2.678627963266848,4.386755837686365,3.719133100150512,7.108411741582593,0.8004607538664386,6.299462719902282,0.595953011948997,0.4406721536966392,5.434080655462297,10.395185204146147,0.562084329716122,11.022495389773214,11.183716047305017,2.9149912854058835,1.9864160373004647,1.3205735990900702,4.924514273829137,2.3289681888039975,0.9741232993296502
