,Returns,Semi Deviation,Sortino Ratio,ADANIPORTS Weight,ASIANPAINT Weight,BAJFINANCE Weight,BAJAJFINSV Weight,BRITANNIA Weight,DIVISLAB Weight,GRASIM Weight,HCLTECH Weight,HDFCBANK Weight,HINDALCO Weight,HINDUNILVR Weight,ICICIBANK Weight,INFY Weight,JSWSTEEL Weight,NESTLEIND Weight,POWERGRID Weight,RELIANCE Weight,TCS Weight,TATACONSUM Weight,TATASTEEL Weight,TECHM Weight,TITAN Weight,UPL Weight,WIPRO Weight
0,-30.999945411082187,4.23210382458471,-8.170864148040003,5.818680125852057,7.569390311443411,7.169885009702604,0.9985823184265792,4.426704886549159,5.740893657092448,6.352001952292785,1.615443571193851,2.0767235861829128,5.09154706190582,3.643302808568173,2.9191116399766455,0.13827621858084863,0.2962002694659503,5.165838050975556,6.48878520990187,7.082752090644641,8.228914525739386,2.661952121447721,3.4295463132374455,0.9765534787824245,3.833657484665095,6.848501020694887,1.4267562866777213
