,Returns,Semi Deviation,Sortino Ratio,ADANIPORTS Weight,ASIANPAINT Weight,BAJFINANCE Weight,BAJAJFINSV Weight,BRITANNIA Weight,DIVISLAB Weight,GRASIM Weight,HCLTECH Weight,HDFCBANK Weight,HINDALCO Weight,HINDUNILVR Weight,ICICIBANK Weight,INFY Weight,JSWSTEEL Weight,NESTLEIND Weight,POWERGRID Weight,RELIANCE Weight,TCS Weight,TATACONSUM Weight,TATASTEEL Weight,TECHM Weight,TITAN Weight,UPL Weight,WIPRO Weight
0,-46.11735459078541,5.946445740844455,-8.357488953347094,3.1490110441303605,7.100715486370715,2.168682521186128,4.117324137904264,2.823351256054583,1.5834916764251294,0.028068091532444717,3.6117609014568313,6.79796021826525,5.699750669777794,6.945079221242721,0.20286684892384174,3.2496783391214477,4.282835819790195,2.8396694631168042,6.162970364859677,6.586828264456942,1.03075832220523,5.831544017128366,5.9328567210015315,3.1053703748583708,6.956545950009935,4.58566816924736,5.2072121209340905
