,Returns,Semi Deviation,Sortino Ratio,ADANIPORTS Weight,ASIANPAINT Weight,BAJFINANCE Weight,BAJAJFINSV Weight,BRITANNIA Weight,DIVISLAB Weight,GRASIM Weight,HCLTECH Weight,HDFCBANK Weight,HINDALCO Weight,HINDUNILVR Weight,ICICIBANK Weight,INFY Weight,JSWSTEEL Weight,NESTLEIND Weight,POWERGRID Weight,RELIANCE Weight,TCS Weight,TATACONSUM Weight,TATASTEEL Weight,TECHM Weight,TITAN Weight,UPL Weight,WIPRO Weight
0,-37.22807827127448,4.791582389060819,-8.51661830222085,6.68106073570795,6.722644109439016,2.7983060042832646,3.627509871347733,4.4050063169839975,4.407519222010297,1.8451406293518724,4.04714146803363,4.25261763180103,1.811436774585802,3.028528823122274,3.146035501118554,5.354839833652397,3.453297275494273,6.796375153679936,1.274281261495214,3.6991334848485207,3.277388076328648,6.092412481946498,5.778091311279247,3.876959145319783,4.249896034584852,3.6954530342259635,5.678925819359253
