,Returns,Semi Deviation,Sortino Ratio,ADANIPORTS Weight,ASIANPAINT Weight,BAJFINANCE Weight,BAJAJFINSV Weight,BRITANNIA Weight,DIVISLAB Weight,GRASIM Weight,HCLTECH Weight,HDFCBANK Weight,HINDALCO Weight,HINDUNILVR Weight,ICICIBANK Weight,INFY Weight,JSWSTEEL Weight,NESTLEIND Weight,POWERGRID Weight,RELIANCE Weight,TCS Weight,TATACONSUM Weight,TATASTEEL Weight,TECHM Weight,TITAN Weight,UPL Weight,WIPRO Weight
0,0.10386306596963295,0.6763649232324979,0.13901948179850596,2.023273543289003,7.385749272905509,6.241154072196846,2.879262925537131,1.4373206970646137,6.3865113287299335,0.4265292439617611,4.791099334258516,5.058268747640502,1.0839387492791615,1.4207659777801986,0.046224239975051984,6.617227483598503,1.0194011110160681,8.003540184625868,6.105577056074627,7.392255166571368,7.461915257627955,6.265659791071472,0.0038512941885329274,1.1923112863622136,7.8761231977814665,1.638658678936482,7.243381359527219
