,Returns,Semi Deviation,Sortino Ratio,ADANIPORTS Weight,ASIANPAINT Weight,BAJFINANCE Weight,BAJAJFINSV Weight,BRITANNIA Weight,DIVISLAB Weight,GRASIM Weight,HCLTECH Weight,HDFCBANK Weight,HINDALCO Weight,HINDUNILVR Weight,ICICIBANK Weight,INFY Weight,JSWSTEEL Weight,NESTLEIND Weight,POWERGRID Weight,RELIANCE Weight,TCS Weight,TATACONSUM Weight,TATASTEEL Weight,TECHM Weight,TITAN Weight,UPL Weight,WIPRO Weight
0,-36.19865559658911,3.742563674649075,-10.628718454688418,0.2210118654662747,3.4179202859187554,1.1854482982342602,8.341568481055251,4.611598933659773,7.390189684287503,1.2386825425273624,8.031826231915758,0.7874766707557818,3.5362415355383305,3.2763070051590777,0.7335147895234198,8.761256695518679,2.7028120714198582,5.333531266866347,9.333928237048386,4.4024639836909945,0.27800852651125874,2.774635495317177,8.44917247514573,6.591249855635679,3.393020679874512,2.9948294868905605,2.2133049020392797
