,Returns,Semi Deviation,Sortino Ratio,ADANIPORTS Weight,ASIANPAINT Weight,BAJFINANCE Weight,BAJAJFINSV Weight,BRITANNIA Weight,DIVISLAB Weight,GRASIM Weight,HCLTECH Weight,HDFCBANK Weight,HINDALCO Weight,HINDUNILVR Weight,ICICIBANK Weight,INFY Weight,JSWSTEEL Weight,NESTLEIND Weight,POWERGRID Weight,RELIANCE Weight,TCS Weight,TATACONSUM Weight,TATASTEEL Weight,TECHM Weight,TITAN Weight,UPL Weight,WIPRO Weight
0,-26.304458049346895,2.6383555159845806,-11.326926135727627,8.040202281237775,8.776674509766982,9.215316198173223,0.03327748736185735,7.122518513316139,2.0854063854836933,5.432376618149192,4.513157689404277,0.5811781726548958,1.2447825358853284,7.206666781598173,1.703084410359967,0.9642324429400415,1.387937725044036,5.418813165425438,2.7907445561881903,1.3473031392660746,8.300239622893042,5.60020458064973,7.086144530435122,0.9815796804333138,1.6017235218094321,2.6971780964187673,5.869257355105325
