,Returns,Semi Deviation,Sortino Ratio,ADANIPORTS Weight,ASIANPAINT Weight,BAJFINANCE Weight,BAJAJFINSV Weight,BRITANNIA Weight,DIVISLAB Weight,GRASIM Weight,HCLTECH Weight,HDFCBANK Weight,HINDALCO Weight,HINDUNILVR Weight,ICICIBANK Weight,INFY Weight,JSWSTEEL Weight,NESTLEIND Weight,POWERGRID Weight,RELIANCE Weight,TCS Weight,TATACONSUM Weight,TATASTEEL Weight,TECHM Weight,TITAN Weight,UPL Weight,WIPRO Weight
0,-28.362940489638365,3.8822311915959933,-8.227985123293639,5.70155646851826,4.8907681236250236,5.5733763048023395,0.6225030256957822,5.853394500557077,9.344734529945951,2.97131621374774,0.9150979026578158,1.776138188525243,0.33543398445774875,8.554892822188277,2.8243128753660827,0.08674646318000262,8.758741054415818,4.652605594560001,2.6471096346447935,3.1496955588479807,5.484775629673618,4.233048605003879,7.54650655921391,7.727451282401832,2.1335991799495204,1.5674961969704742,2.6486993010508253
