,Returns,Semi Deviation,Sortino Ratio,ADANIPORTS Weight,ASIANPAINT Weight,BAJFINANCE Weight,BAJAJFINSV Weight,BRITANNIA Weight,DIVISLAB Weight,GRASIM Weight,HCLTECH Weight,HDFCBANK Weight,HINDALCO Weight,HINDUNILVR Weight,ICICIBANK Weight,INFY Weight,JSWSTEEL Weight,NESTLEIND Weight,POWERGRID Weight,RELIANCE Weight,TCS Weight,TATACONSUM Weight,TATASTEEL Weight,TECHM Weight,TITAN Weight,UPL Weight,WIPRO Weight
0,-35.40941339404192,4.647339481581976,-8.389620243703337,3.189113084793997,6.6501609068420935,4.603592002979021,6.194535165131037,3.7159909786949523,3.6036616364234697,1.2708038842993776,0.7639215320792712,1.442030724983258,7.1719269252797755,5.837927649694697,2.8743639885965164,2.10503304426652,1.0752638470609799,6.263821493450211,7.139246869462955,3.6574807656797304,5.4242355107638875,7.162119585001557,6.602169386231754,0.3703899601568651,5.724265856411173,2.658063446940557,4.499881754776321
