,Returns,Semi Deviation,Sortino Ratio,ADANIPORTS Weight,ASIANPAINT Weight,BAJFINANCE Weight,BAJAJFINSV Weight,BRITANNIA Weight,DIVISLAB Weight,GRASIM Weight,HCLTECH Weight,HDFCBANK Weight,HINDALCO Weight,HINDUNILVR Weight,ICICIBANK Weight,INFY Weight,JSWSTEEL Weight,NESTLEIND Weight,POWERGRID Weight,RELIANCE Weight,TCS Weight,TATACONSUM Weight,TATASTEEL Weight,TECHM Weight,TITAN Weight,UPL Weight,WIPRO Weight
0,-30.25073869082829,3.1422858682683215,-10.766282925579915,1.1965522382668923,7.877554582576768,2.6594495033501424,8.981759499553377,1.8586358751039318,2.754676679940229,1.4040934414376036,4.202909163577662,6.808320232928203,1.539290252347546,5.064610845388265,4.694379365281405,7.304180115729777,1.81439104193765,1.5491438994287838,5.437283474330348,6.255595173392378,6.243937404394413,6.286703718483063,0.8684386385681789,3.3756553330402164,4.609741680675498,1.608538166921299,5.604159673346368
