,Returns,Semi Deviation,Sortino Ratio,ADANIPORTS Weight,ASIANPAINT Weight,BAJFINANCE Weight,BAJAJFINSV Weight,BRITANNIA Weight,DIVISLAB Weight,GRASIM Weight,HCLTECH Weight,HDFCBANK Weight,HINDALCO Weight,HINDUNILVR Weight,ICICIBANK Weight,INFY Weight,JSWSTEEL Weight,NESTLEIND Weight,POWERGRID Weight,RELIANCE Weight,TCS Weight,TATACONSUM Weight,TATASTEEL Weight,TECHM Weight,TITAN Weight,UPL Weight,WIPRO Weight
0,-0.045275954018472966,0.6199338334604576,-0.08889838863287829,1.4630499139297393,6.211115123048933,5.371386093875542,4.661078328645986,1.5959493959029056,9.859661451817454,0.1756376936374779,8.57702484120672,1.9670105111591205,0.4809645795793368,0.27071816917881175,2.4138633070013613,2.44383516384422,2.57928395568039,5.434351676365387,1.813620110203541,7.092259044744203,2.1035665625042355,9.25714189564704,7.947678425873204,0.6159619947696958,9.630490499229806,1.2320234720736853,6.802327790081197
