,Returns,Semi Deviation,Sortino Ratio,ADANIPORTS Weight,ASIANPAINT Weight,BAJFINANCE Weight,BAJAJFINSV Weight,BRITANNIA Weight,DIVISLAB Weight,GRASIM Weight,HCLTECH Weight,HDFCBANK Weight,HINDALCO Weight,HINDUNILVR Weight,ICICIBANK Weight,INFY Weight,JSWSTEEL Weight,NESTLEIND Weight,POWERGRID Weight,RELIANCE Weight,TCS Weight,TATACONSUM Weight,TATASTEEL Weight,TECHM Weight,TITAN Weight,UPL Weight,WIPRO Weight
0,-27.6713170828137,3.0830472571060348,-10.136502776849547,6.434679791947893,7.1202897057300305,6.13207624468808,0.03725870569937071,0.8392436598353068,2.6417207375776632,7.989991775700481,3.8105784087098526,6.098365628910724,5.754676293740477,4.005961103101421,0.42635853461849177,1.1531351372803051,1.8414032614754285,0.6574937965456075,4.191620889927766,1.9916219258584555,4.544396332718989,8.527187636568332,5.907555665288124,5.164338749241388,6.059865205872518,0.6667708264710129,8.00340998249227
