,Returns,Semi Deviation,Sortino Ratio,ADANIPORTS Weight,ASIANPAINT Weight,BAJFINANCE Weight,BAJAJFINSV Weight,BRITANNIA Weight,DIVISLAB Weight,GRASIM Weight,HCLTECH Weight,HDFCBANK Weight,HINDALCO Weight,HINDUNILVR Weight,ICICIBANK Weight,INFY Weight,JSWSTEEL Weight,NESTLEIND Weight,POWERGRID Weight,RELIANCE Weight,TCS Weight,TATACONSUM Weight,TATASTEEL Weight,TECHM Weight,TITAN Weight,UPL Weight,WIPRO Weight
0,0.17390711517087995,0.5623642872049572,0.29175385789730646,0.9924090229544383,3.1042736029381377,6.448021192137582,5.07850514149918,1.8182735249216895,7.372002699670334,0.9639522006223262,7.296730974328038,2.706081262230265,2.2724077999379326,8.47671599500927,0.5525221509982384,2.6136581365355727,3.3411903269038064,9.137875890467699,3.9570077512962847,10.26707146158039,9.143048876327768,0.9376327632609708,1.0118788289107072,2.1024576104946413,6.2223997188676226,0.301944519533969,3.881938548573151
