,Returns,Semi Deviation,Sortino Ratio,ADANIPORTS Weight,ASIANPAINT Weight,BAJFINANCE Weight,BAJAJFINSV Weight,BRITANNIA Weight,DIVISLAB Weight,GRASIM Weight,HCLTECH Weight,HDFCBANK Weight,HINDALCO Weight,HINDUNILVR Weight,ICICIBANK Weight,INFY Weight,JSWSTEEL Weight,NESTLEIND Weight,POWERGRID Weight,RELIANCE Weight,TCS Weight,TATACONSUM Weight,TATASTEEL Weight,TECHM Weight,TITAN Weight,UPL Weight,WIPRO Weight
0,-28.435783644576784,2.747630848019657,-11.652141577771271,6.389490984095364,0.9433773076991722,3.8452804839110155,7.089220521405171,2.7914419848631558,4.53949710934713,3.869448000519792,3.25895233745159,2.3450398207556797,1.0504666880403677,3.857970933736192,0.9952365513407282,5.3722549269240405,4.046520809664951,4.815105066081999,3.5104153111942087,5.604030735881089,6.43190798879591,4.2792564905675095,2.6009143824987566,5.944457693388997,5.745208635649022,3.7755038847944595,6.899001351393695
