,Returns,Semi Deviation,Sortino Ratio,ADANIPORTS Weight,ASIANPAINT Weight,BAJFINANCE Weight,BAJAJFINSV Weight,BRITANNIA Weight,DIVISLAB Weight,GRASIM Weight,HCLTECH Weight,HDFCBANK Weight,HINDALCO Weight,HINDUNILVR Weight,ICICIBANK Weight,INFY Weight,JSWSTEEL Weight,NESTLEIND Weight,POWERGRID Weight,RELIANCE Weight,TCS Weight,TATACONSUM Weight,TATASTEEL Weight,TECHM Weight,TITAN Weight,UPL Weight,WIPRO Weight
0,-39.332110004636405,5.313380118055805,-8.076235663775206,1.1516890975143497,3.1699854307106303,4.526032248694072,0.4302042112987384,1.5973082702832202,7.935815173494327,2.0326918103046596,5.671109500893633,1.9165398778643108,3.5288267336844035,2.058632635074443,0.837510159419339,1.4532863449855435,5.8999732259463,6.247916847361125,5.961221251968661,8.039726749191157,8.482271276846788,6.954390007058145,6.037619803960186,4.38004737842358,6.126507002921608,2.350304739754411,3.2103902223463585
