,Returns,Semi Deviation,Sortino Ratio,ADANIPORTS Weight,ASIANPAINT Weight,BAJFINANCE Weight,BAJAJFINSV Weight,BRITANNIA Weight,DIVISLAB Weight,GRASIM Weight,HCLTECH Weight,HDFCBANK Weight,HINDALCO Weight,HINDUNILVR Weight,ICICIBANK Weight,INFY Weight,JSWSTEEL Weight,NESTLEIND Weight,POWERGRID Weight,RELIANCE Weight,TCS Weight,TATACONSUM Weight,TATASTEEL Weight,TECHM Weight,TITAN Weight,UPL Weight,WIPRO Weight
0,-37.016157494773374,5.423597705035459,-7.485097476363793,3.4576142432860903,2.886859867276382,8.14796125273399,8.561032128569982,0.2880527121411735,7.869034395404801,0.47946569147884266,2.274871034625691,3.651243795144829,1.358254669530148,6.409909043935677,1.1909556596365394,7.689040204712729,8.486638808222894,8.326404208538284,3.43076315129722,1.1845059414725438,2.631888354368651,0.6839536586952452,2.8202403056214185,1.4552461543825288,7.4985465861102485,5.123651637124902,4.0938664956891895
