,Returns,Semi Deviation,Sortino Ratio,ADANIPORTS Weight,ASIANPAINT Weight,BAJFINANCE Weight,BAJAJFINSV Weight,BRITANNIA Weight,DIVISLAB Weight,GRASIM Weight,HCLTECH Weight,HDFCBANK Weight,HINDALCO Weight,HINDUNILVR Weight,ICICIBANK Weight,INFY Weight,JSWSTEEL Weight,NESTLEIND Weight,POWERGRID Weight,RELIANCE Weight,TCS Weight,TATACONSUM Weight,TATASTEEL Weight,TECHM Weight,TITAN Weight,UPL Weight,WIPRO Weight
0,-33.35487576012481,4.242502926068723,-8.705916390339459,5.67608255868135,1.8005232029552953,0.8182184734529004,0.6665439576805106,3.460689913525767,9.220977099884385,1.515763576571886,7.768916613144759,4.4858472400613785,6.641262972232939,8.019315584295324,1.1668333221254892,6.999776969497024,2.6065052906728274,1.3178714378871301,1.4549224410040857,1.2665697964989757,3.2574025095749337,2.389930638277131,7.411400501188734,1.3841186225118238,7.724878604720713,5.739920848672635,7.205727824881997
