,Returns,Semi Deviation,Sortino Ratio,ADANIPORTS Weight,ASIANPAINT Weight,BAJFINANCE Weight,BAJAJFINSV Weight,BRITANNIA Weight,DIVISLAB Weight,GRASIM Weight,HCLTECH Weight,HDFCBANK Weight,HINDALCO Weight,HINDUNILVR Weight,ICICIBANK Weight,INFY Weight,JSWSTEEL Weight,NESTLEIND Weight,POWERGRID Weight,RELIANCE Weight,TCS Weight,TATACONSUM Weight,TATASTEEL Weight,TECHM Weight,TITAN Weight,UPL Weight,WIPRO Weight
0,-32.95939682776044,4.728031775417478,-7.72824688229471,0.2771724623541415,1.2956129089458843,8.019750550740245,6.570362178343438,8.153063904918383,7.1379026067885505,2.1096422131997565,7.403573275298653,8.355331708766037,3.7269013581874804,1.0177301077726841,1.025438101061457,2.4790236543117072,5.435955613236755,1.8299784157452932,2.217927821816694,8.514518822538598,2.148770871533878,6.249598668473332,4.323193669012195,5.331220347010031,3.0910856238612694,0.769309399982831,2.5169357161007
