,Returns,Semi Deviation,Sortino Ratio,ADANIPORTS Weight,ASIANPAINT Weight,BAJFINANCE Weight,BAJAJFINSV Weight,BRITANNIA Weight,DIVISLAB Weight,GRASIM Weight,HCLTECH Weight,HDFCBANK Weight,HINDALCO Weight,HINDUNILVR Weight,ICICIBANK Weight,INFY Weight,JSWSTEEL Weight,NESTLEIND Weight,POWERGRID Weight,RELIANCE Weight,TCS Weight,TATACONSUM Weight,TATASTEEL Weight,TECHM Weight,TITAN Weight,UPL Weight,WIPRO Weight
0,0.19142191699366914,0.6704633901414984,0.27083768454558155,7.077381347551044,4.568851647254034,6.086177570010239,4.916788358472169,5.270515123925936,6.463636427046417,2.033579080952673,3.5223678148965383,0.5386335151620555,0.7068562396213136,7.085598924965001,2.833158224826965,1.5659955606683078,2.988785609409322,7.10339962617709,4.107321940453338,7.387235716350234,6.901364974320369,6.21772468992203,1.6453248374861802,2.376304802243837,8.126748187830408,0.08943161214612376,0.3868181683083526
