,Returns,Semi Deviation,Sortino Ratio,ADANIPORTS Weight,ASIANPAINT Weight,BAJFINANCE Weight,BAJAJFINSV Weight,BRITANNIA Weight,DIVISLAB Weight,GRASIM Weight,HCLTECH Weight,HDFCBANK Weight,HINDALCO Weight,HINDUNILVR Weight,ICICIBANK Weight,INFY Weight,JSWSTEEL Weight,NESTLEIND Weight,POWERGRID Weight,RELIANCE Weight,TCS Weight,TATACONSUM Weight,TATASTEEL Weight,TECHM Weight,TITAN Weight,UPL Weight,WIPRO Weight
0,-32.65182293645915,4.265944931566462,-8.493270193986016,3.6834904149541705,3.100063637914849,5.084737700952437,3.8502553117438194,6.9520411387194265,5.908020809601023,0.8448097373604315,6.627498947502847,0.0931148677737573,0.5049752998785786,3.8790816673757895,5.334167295580489,6.968823087843655,0.513616405778986,6.559604276806834,0.8407290877485614,0.46483393946839846,6.029998440191229,7.1706915362157915,5.068164623924828,1.8059567849067093,7.688932531379339,6.112089080481217,4.914303375896829
