,Returns,Semi Deviation,Sortino Ratio,ADANIPORTS Weight,ASIANPAINT Weight,BAJFINANCE Weight,BAJAJFINSV Weight,BRITANNIA Weight,DIVISLAB Weight,GRASIM Weight,HCLTECH Weight,HDFCBANK Weight,HINDALCO Weight,HINDUNILVR Weight,ICICIBANK Weight,INFY Weight,JSWSTEEL Weight,NESTLEIND Weight,POWERGRID Weight,RELIANCE Weight,TCS Weight,TATACONSUM Weight,TATASTEEL Weight,TECHM Weight,TITAN Weight,UPL Weight,WIPRO Weight
0,-27.51846074811436,2.7544878815690685,-11.29010621400861,0.17480889073917127,5.255050070310776,5.491128547106244,6.204732699060709,0.7602215414728786,1.8172377018283121,0.6210349981326779,5.233637397833274,1.6280566355606991,7.098150105691723,4.335772543512524,6.559156861611119,1.9422931460014645,6.789972579031637,3.141114076985227,5.83400626427191,5.292745039042712,7.492358144590508,3.5067551424340397,6.881582031711367,4.960021070123083,2.9946530509500624,5.418127796993986,0.5673836650038694
