,Returns,Semi Deviation,Sortino Ratio,ADANIPORTS Weight,ASIANPAINT Weight,BAJFINANCE Weight,BAJAJFINSV Weight,BRITANNIA Weight,DIVISLAB Weight,GRASIM Weight,HCLTECH Weight,HDFCBANK Weight,HINDALCO Weight,HINDUNILVR Weight,ICICIBANK Weight,INFY Weight,JSWSTEEL Weight,NESTLEIND Weight,POWERGRID Weight,RELIANCE Weight,TCS Weight,TATACONSUM Weight,TATASTEEL Weight,TECHM Weight,TITAN Weight,UPL Weight,WIPRO Weight
0,-40.595184482843,4.783886147289464,-9.234163005294878,5.378574036263205,4.949620968219035,6.921795926665652,0.6152425013641627,0.2411115537491235,3.8711575422891285,0.18409670781187304,2.020535604348849,2.873854272640009,2.132142122108465,5.0673200970463395,7.663920547137669,5.754997919956617,1.3093264648537097,7.720622428377136,0.41334441894834856,5.182052720129693,5.617773285053254,5.898985033150529,7.47292667431765,8.162755252770676,7.9323654227500375,0.669024073107435,1.9464544269414015
