,Returns,Semi Deviation,Sortino Ratio,ADANIPORTS Weight,ASIANPAINT Weight,BAJFINANCE Weight,BAJAJFINSV Weight,BRITANNIA Weight,DIVISLAB Weight,GRASIM Weight,HCLTECH Weight,HDFCBANK Weight,HINDALCO Weight,HINDUNILVR Weight,ICICIBANK Weight,INFY Weight,JSWSTEEL Weight,NESTLEIND Weight,POWERGRID Weight,RELIANCE Weight,TCS Weight,TATACONSUM Weight,TATASTEEL Weight,TECHM Weight,TITAN Weight,UPL Weight,WIPRO Weight
0,0.2654392674421506,0.4814773515334185,0.530874612882481,0.5194493201617245,4.09254140406948,1.6929035688326464,6.046143557834636,6.954291249011687,3.963925618532461,0.49421454182854324,4.3537179183983445,8.077413560296604,0.35420518957605107,6.727869192671494,1.280367067775023,2.021996802880895,4.540931437867717,9.698846708539586,1.3026802824368768,5.950655632410598,9.443383885317608,3.0957011514932327,1.7033743754695445,2.5892582122350176,7.766226697858455,0.842792054484081,6.487110570017694
