,Returns,Semi Deviation,Sortino Ratio,ADANIPORTS Weight,ASIANPAINT Weight,BAJFINANCE Weight,BAJAJFINSV Weight,BRITANNIA Weight,DIVISLAB Weight,GRASIM Weight,HCLTECH Weight,HDFCBANK Weight,HINDALCO Weight,HINDUNILVR Weight,ICICIBANK Weight,INFY Weight,JSWSTEEL Weight,NESTLEIND Weight,POWERGRID Weight,RELIANCE Weight,TCS Weight,TATACONSUM Weight,TATASTEEL Weight,TECHM Weight,TITAN Weight,UPL Weight,WIPRO Weight
0,-33.750201962541006,4.598950972995748,-8.117112398400755,6.6632266096068395,2.8294929304398218,4.9919798751496565,6.68851969165171,0.5007798494471614,2.1434986446869915,2.2618630473957553,5.885829306597564,3.7380718982508854,2.8940863374434436,7.032571181346424,2.1485012215947563,2.687767861411248,6.9433889884033055,5.220503688671244,2.4977834729417117,7.668652707186857,1.23882082817142,7.103876423600256,3.5852684756964743,0.494565992777751,2.2936646751076832,7.352747066661664,5.134539225759404
