,Returns,Semi Deviation,Sortino Ratio,ADANIPORTS Weight,ASIANPAINT Weight,BAJFINANCE Weight,BAJAJFINSV Weight,BRITANNIA Weight,DIVISLAB Weight,GRASIM Weight,HCLTECH Weight,HDFCBANK Weight,HINDALCO Weight,HINDUNILVR Weight,ICICIBANK Weight,INFY Weight,JSWSTEEL Weight,NESTLEIND Weight,POWERGRID Weight,RELIANCE Weight,TCS Weight,TATACONSUM Weight,TATASTEEL Weight,TECHM Weight,TITAN Weight,UPL Weight,WIPRO Weight
0,-40.584821656047666,4.909783302073108,-8.995269024887413,0.1625901172842556,2.3396250120026143,6.720148275235006,5.517158765653948,6.51656235529632,6.384953843727326,5.475503703442648,6.011975425871218,1.7458624353647374,7.114956943408318,2.5939322765279145,3.3131392117395846,6.109204960495786,6.45890268156164,5.0839567888932145,1.9854884998954534,7.238651326923487,5.670276500652452,0.7358127293453554,1.4227803512843327,1.5479429412085537,6.528928580220315,1.7357532841294785,1.585892989836042
