,Returns,Semi Deviation,Sortino Ratio,ADANIPORTS Weight,ASIANPAINT Weight,BAJFINANCE Weight,BAJAJFINSV Weight,BRITANNIA Weight,DIVISLAB Weight,GRASIM Weight,HCLTECH Weight,HDFCBANK Weight,HINDALCO Weight,HINDUNILVR Weight,ICICIBANK Weight,INFY Weight,JSWSTEEL Weight,NESTLEIND Weight,POWERGRID Weight,RELIANCE Weight,TCS Weight,TATACONSUM Weight,TATASTEEL Weight,TECHM Weight,TITAN Weight,UPL Weight,WIPRO Weight
0,-40.5602549304825,5.680893051277145,-7.769949994140295,7.813508189307584,4.841646407661777,3.6461100828723967,3.9394610148039746,7.575040186202592,1.6935867831498932,4.402571709935741,4.627877347153314,6.729528786397462,1.924807010549532,3.6069965777260444,7.8821995385383055,0.5957468824419319,0.9094949521678004,4.527475621825064,0.9347352514010479,8.09258997697345,6.820812799499648,0.10639204297543241,3.60839807639164,2.968498944606102,5.460414488257905,1.860167288808708,5.431940040352641
