,Returns,Semi Deviation,Sortino Ratio,ADANIPORTS Weight,ASIANPAINT Weight,BAJFINANCE Weight,BAJAJFINSV Weight,BRITANNIA Weight,DIVISLAB Weight,GRASIM Weight,HCLTECH Weight,HDFCBANK Weight,HINDALCO Weight,HINDUNILVR Weight,ICICIBANK Weight,INFY Weight,JSWSTEEL Weight,NESTLEIND Weight,POWERGRID Weight,RELIANCE Weight,TCS Weight,TATACONSUM Weight,TATASTEEL Weight,TECHM Weight,TITAN Weight,UPL Weight,WIPRO Weight
0,-25.238211746130894,2.315502129002189,-12.445772079056315,2.0042790795598715,6.051862271590848,6.376730962193687,1.96391218985757,4.680021524366128,8.218300149664824,5.14660537431277,2.054843693595429,1.0173392246567392,2.1016169616131473,1.5970315399143276,1.9745538941397713,5.975026701834591,7.404693759801704,3.63879724387942,4.724909939335722,8.035854385894877,7.163112037094088,4.85354162931105,4.732016580892806,0.5565645682519027,6.033133658244406,2.3957060979374853,1.2995465320568305
