,Returns,Semi Deviation,Sortino Ratio,ADANIPORTS Weight,ASIANPAINT Weight,BAJFINANCE Weight,BAJAJFINSV Weight,BRITANNIA Weight,DIVISLAB Weight,GRASIM Weight,HCLTECH Weight,HDFCBANK Weight,HINDALCO Weight,HINDUNILVR Weight,ICICIBANK Weight,INFY Weight,JSWSTEEL Weight,NESTLEIND Weight,POWERGRID Weight,RELIANCE Weight,TCS Weight,TATACONSUM Weight,TATASTEEL Weight,TECHM Weight,TITAN Weight,UPL Weight,WIPRO Weight
0,-31.47754114886635,4.619191880176794,-7.589539914831285,4.740053617958834,0.28097125383544214,7.939910834107463,8.215509980540837,1.3482459031623844,7.190028657355276,0.13740627966030639,0.3428928890284422,5.886271698976721,2.84229759064801,6.313887934853899,7.032339533704255,1.7868188365175341,7.197740446419132,2.479612850855762,0.39851871369598707,6.766763184558081,0.24349980164388793,3.77401853567651,5.456574551987719,7.637698837298703,7.182389080538306,3.4626898420598295,1.3438591449166724
