,Returns,Semi Deviation,Sortino Ratio,ADANIPORTS Weight,ASIANPAINT Weight,BAJFINANCE Weight,BAJAJFINSV Weight,BRITANNIA Weight,DIVISLAB Weight,GRASIM Weight,HCLTECH Weight,HDFCBANK Weight,HINDALCO Weight,HINDUNILVR Weight,ICICIBANK Weight,INFY Weight,JSWSTEEL Weight,NESTLEIND Weight,POWERGRID Weight,RELIANCE Weight,TCS Weight,TATACONSUM Weight,TATASTEEL Weight,TECHM Weight,TITAN Weight,UPL Weight,WIPRO Weight
0,-46.1814387592464,6.171659943564282,-8.062893810462922,6.668333761201489,6.566951102733764,9.458903796119781,5.31984198725093,3.2595026593315897,4.670440008940195,0.6250598669684864,5.340537802163216,2.162441090435396,3.9697034965395237,3.9463145280357668,0.22712868869030753,2.173149161213764,6.3671554398507695,3.104283781465131,9.147879349752436,0.3927681844008768,6.812187243475659,1.7578960828376642,1.297418008676352,0.007993129318108314,2.740379168287666,8.164049832148276,5.819681830162867
