,Returns,Semi Deviation,Sortino Ratio,ADANIPORTS Weight,ASIANPAINT Weight,BAJFINANCE Weight,BAJAJFINSV Weight,BRITANNIA Weight,DIVISLAB Weight,GRASIM Weight,HCLTECH Weight,HDFCBANK Weight,HINDALCO Weight,HINDUNILVR Weight,ICICIBANK Weight,INFY Weight,JSWSTEEL Weight,NESTLEIND Weight,POWERGRID Weight,RELIANCE Weight,TCS Weight,TATACONSUM Weight,TATASTEEL Weight,TECHM Weight,TITAN Weight,UPL Weight,WIPRO Weight
0,-39.23647656627576,5.012605328979769,-8.541760971831852,3.9770297001257595,1.0883052332939882,4.425733477928259,3.7877344518237632,5.272966628815699,2.568261180438726,4.502952758261604,6.828906324618951,0.10793465395814843,5.036760176090843,5.521164855946451,4.413657918761366,5.887011890501494,6.569789707375066,5.1276049509032005,0.13023829805672466,6.262487801879472,7.535421785855595,4.4675402806023525,5.349060926882656,2.1058862099456923,4.946864426880014,0.04586648607475066,4.040819874979422
