,Returns,Semi Deviation,Sortino Ratio,ADANIPORTS Weight,ASIANPAINT Weight,BAJFINANCE Weight,BAJAJFINSV Weight,BRITANNIA Weight,DIVISLAB Weight,GRASIM Weight,HCLTECH Weight,HDFCBANK Weight,HINDALCO Weight,HINDUNILVR Weight,ICICIBANK Weight,INFY Weight,JSWSTEEL Weight,NESTLEIND Weight,POWERGRID Weight,RELIANCE Weight,TCS Weight,TATACONSUM Weight,TATASTEEL Weight,TECHM Weight,TITAN Weight,UPL Weight,WIPRO Weight
0,0.01825667373634428,0.5448774691993145,0.01545578479057809,0.27577623036299775,9.692954797132442,5.024312543090424,0.35393571165831983,7.469232151484535,5.263867953761014,0.13124697770330065,1.4284857507336701,0.24791008589795438,0.044004036128061766,6.114161509937195,2.6807910460561057,9.641808553113762,5.080674988535667,5.446223413663623,2.5363692569858625,7.765314973018538,5.554687863393708,6.429910966519135,0.5089199067006757,0.37229660288250954,8.437179042687312,0.5089674539715975,8.99096818458159
