,Returns,Semi Deviation,Sortino Ratio,ADANIPORTS Weight,ASIANPAINT Weight,BAJFINANCE Weight,BAJAJFINSV Weight,BRITANNIA Weight,DIVISLAB Weight,GRASIM Weight,HCLTECH Weight,HDFCBANK Weight,HINDALCO Weight,HINDUNILVR Weight,ICICIBANK Weight,INFY Weight,JSWSTEEL Weight,NESTLEIND Weight,POWERGRID Weight,RELIANCE Weight,TCS Weight,TATACONSUM Weight,TATASTEEL Weight,TECHM Weight,TITAN Weight,UPL Weight,WIPRO Weight
0,-36.73074381779961,5.274628834614627,-7.642384911192481,2.5383930568315654,1.0263200895532316,5.146178356540032,5.292619629742104,1.52715754498301,3.2995126882759234,5.156407413434054,4.32453269533475,4.530256155610967,2.6896332484804875,4.036767758620937,5.202654496426847,7.030506165266534,5.943387145646085,4.605000064792466,4.75083352239887,5.379922437403191,4.997532678337343,4.8876394514772405,4.256701217573167,3.1328181127615435,5.532991910170492,2.3275320542848332,2.3847021060543017
