,Returns,Semi Deviation,Sortino Ratio,ADANIPORTS Weight,ASIANPAINT Weight,BAJFINANCE Weight,BAJAJFINSV Weight,BRITANNIA Weight,DIVISLAB Weight,GRASIM Weight,HCLTECH Weight,HDFCBANK Weight,HINDALCO Weight,HINDUNILVR Weight,ICICIBANK Weight,INFY Weight,JSWSTEEL Weight,NESTLEIND Weight,POWERGRID Weight,RELIANCE Weight,TCS Weight,TATACONSUM Weight,TATASTEEL Weight,TECHM Weight,TITAN Weight,UPL Weight,WIPRO Weight
0,-23.0213120370891,2.1009637734109576,-12.66148058988248,0.9110731000718957,6.008527133872495,8.880698975433129,0.5641592921658155,4.476168138810981,4.769003058582498,5.404954425492987,4.154132269111686,4.3336000889021875,2.4963727458604,2.0108117454774863,3.240494435477084,7.580163758340046,1.6620831423864932,6.502959370968038,3.4713432077099386,9.357439461875474,1.83980523172378,1.5299275528178053,4.706742039523544,4.9699999877063386,0.018059768456317987,1.7457528322988372,9.365728236934745
