,Returns,Semi Deviation,Sortino Ratio,ADANIPORTS Weight,ASIANPAINT Weight,BAJFINANCE Weight,BAJAJFINSV Weight,BRITANNIA Weight,DIVISLAB Weight,GRASIM Weight,HCLTECH Weight,HDFCBANK Weight,HINDALCO Weight,HINDUNILVR Weight,ICICIBANK Weight,INFY Weight,JSWSTEEL Weight,NESTLEIND Weight,POWERGRID Weight,RELIANCE Weight,TCS Weight,TATACONSUM Weight,TATASTEEL Weight,TECHM Weight,TITAN Weight,UPL Weight,WIPRO Weight
0,-31.988061073146522,4.158158062104448,-8.553802078208035,2.3484526189575043,7.890951905951356,3.27947148879605,7.322223872165792,6.7725041963486134,5.147588815440289,0.2694608798621103,7.929644601087622,8.499664285931301,1.8692051323295815,0.8199352652002895,4.270230483419661,5.050303551744187,4.482280695212841,3.845668799089904,3.998412254469645,4.568822912389599,0.5147421876131226,6.399675696364189,1.1414232225661722,7.041816408845344,2.933185649751766,2.2653379526889332,1.338997123774135
