,Returns,Semi Deviation,Sortino Ratio,ADANIPORTS Weight,ASIANPAINT Weight,BAJFINANCE Weight,BAJAJFINSV Weight,BRITANNIA Weight,DIVISLAB Weight,GRASIM Weight,HCLTECH Weight,HDFCBANK Weight,HINDALCO Weight,HINDUNILVR Weight,ICICIBANK Weight,INFY Weight,JSWSTEEL Weight,NESTLEIND Weight,POWERGRID Weight,RELIANCE Weight,TCS Weight,TATACONSUM Weight,TATASTEEL Weight,TECHM Weight,TITAN Weight,UPL Weight,WIPRO Weight
0,-40.053877084272784,5.497613362225647,-7.936876278729085,5.737553516320261,2.240380359265002,3.4755172822598497,6.016336221812129,6.469523179012958,4.847612681566706,2.8225857255634694,2.1245225769477774,2.712109680937836,4.215723212875682,5.3432068586735975,4.797244134375061,5.352446953645634,3.3697985238073276,4.436515790068847,3.8108834123724464,4.656310298531098,4.132413978123869,1.4194206859329448,4.446874414259229,4.37772201341957,7.015843140010449,0.9156090052079352,5.26384635501033
