,Returns,Semi Deviation,Sortino Ratio,ADANIPORTS Weight,ASIANPAINT Weight,BAJFINANCE Weight,BAJAJFINSV Weight,BRITANNIA Weight,DIVISLAB Weight,GRASIM Weight,HCLTECH Weight,HDFCBANK Weight,HINDALCO Weight,HINDUNILVR Weight,ICICIBANK Weight,INFY Weight,JSWSTEEL Weight,NESTLEIND Weight,POWERGRID Weight,RELIANCE Weight,TCS Weight,TATACONSUM Weight,TATASTEEL Weight,TECHM Weight,TITAN Weight,UPL Weight,WIPRO Weight
0,0.16031680246719515,0.5217737333546665,0.2884040111880125,7.344809199865801,3.9314128162432045,7.216843377814759,1.5736700542063295,5.937379168521944,8.111897098175652,0.04840187256002769,8.474170907847792,1.768640783474615,2.9506253270339493,5.990076638041434,0.7096681283825166,2.302806209955266,2.624848268753965,7.871303559743955,5.07517913217406,3.1442903855304536,5.345527157356682,7.664091800106748,7.253760783153288,0.09070359179615489,2.8501055880262545,0.45676051426349806,1.2630276369716644
