,Returns,Semi Deviation,Sortino Ratio,ADANIPORTS Weight,ASIANPAINT Weight,BAJFINANCE Weight,BAJAJFINSV Weight,BRITANNIA Weight,DIVISLAB Weight,GRASIM Weight,HCLTECH Weight,HDFCBANK Weight,HINDALCO Weight,HINDUNILVR Weight,ICICIBANK Weight,INFY Weight,JSWSTEEL Weight,NESTLEIND Weight,POWERGRID Weight,RELIANCE Weight,TCS Weight,TATACONSUM Weight,TATASTEEL Weight,TECHM Weight,TITAN Weight,UPL Weight,WIPRO Weight
0,0.21516560896661618,0.5395416966320065,0.3805645521248687,3.2108447246136462,4.085323442448052,2.764853702202848,3.5996814796319505,2.6064406026841658,7.65389297803697,1.9394949234465004,4.036270142795506,3.4016490264811647,0.7903203363482214,5.557630223537092,3.8587154778740826,8.127276384790221,3.339154064326153,8.77453017016196,1.4891536190007848,8.229581731397763,5.776951368523621,6.5518825864160135,1.3165246160104367,1.5236655842365756,9.405370144126119,1.152011345894117,0.8087813250160065
