,Returns,Semi Deviation,Sortino Ratio,ADANIPORTS Weight,ASIANPAINT Weight,BAJFINANCE Weight,BAJAJFINSV Weight,BRITANNIA Weight,DIVISLAB Weight,GRASIM Weight,HCLTECH Weight,HDFCBANK Weight,HINDALCO Weight,HINDUNILVR Weight,ICICIBANK Weight,INFY Weight,JSWSTEEL Weight,NESTLEIND Weight,POWERGRID Weight,RELIANCE Weight,TCS Weight,TATACONSUM Weight,TATASTEEL Weight,TECHM Weight,TITAN Weight,UPL Weight,WIPRO Weight
0,-30.525937684236197,3.3285146489079978,-10.24659383590981,1.884297286088077,1.6523282498964051,3.7686217517236393,6.212216288285229,4.552017814142655,4.972474295544583,3.2339092581563174,4.763727259382251,2.9277647328370078,2.736132120224348,6.118182778580423,0.27836559953485435,4.282541130066018,4.189608186211202,4.655221430236666,8.237114234027999,7.666946070369869,2.5906318453732275,8.219445581566596,5.649226772429261,1.034844175341104,1.1733668620479585,6.811589076127607,2.389427201806719
