,Returns,Semi Deviation,Sortino Ratio,ADANIPORTS Weight,ASIANPAINT Weight,BAJFINANCE Weight,BAJAJFINSV Weight,BRITANNIA Weight,DIVISLAB Weight,GRASIM Weight,HCLTECH Weight,HDFCBANK Weight,HINDALCO Weight,HINDUNILVR Weight,ICICIBANK Weight,INFY Weight,JSWSTEEL Weight,NESTLEIND Weight,POWERGRID Weight,RELIANCE Weight,TCS Weight,TATACONSUM Weight,TATASTEEL Weight,TECHM Weight,TITAN Weight,UPL Weight,WIPRO Weight
0,-37.55739360946912,5.217047015995966,-7.885187440967645,0.052649130550227984,1.8777063558669989,5.48532703906819,4.594249225355417,6.074545807955479,7.543465426287491,1.537095489989708,0.31020614646796946,0.6708485581624107,3.0635494007805417,5.560352830009355,3.1078925012046588,3.76783604706315,3.478636596231032,6.895982244145658,7.215199168858214,8.002112432231113,3.5354177865448024,5.057949390282149,4.650829290284149,4.330655327504024,5.134031698581593,7.152325803401091,0.9011363031745844
