,Returns,Semi Deviation,Sortino Ratio,ADANIPORTS Weight,ASIANPAINT Weight,BAJFINANCE Weight,BAJAJFINSV Weight,BRITANNIA Weight,DIVISLAB Weight,GRASIM Weight,HCLTECH Weight,HDFCBANK Weight,HINDALCO Weight,HINDUNILVR Weight,ICICIBANK Weight,INFY Weight,JSWSTEEL Weight,NESTLEIND Weight,POWERGRID Weight,RELIANCE Weight,TCS Weight,TATACONSUM Weight,TATASTEEL Weight,TECHM Weight,TITAN Weight,UPL Weight,WIPRO Weight
0,0.2836272357231497,0.5184857026605124,0.5280609850629865,0.013135451833653326,5.876053848412686,2.8631516767218566,0.3286731245251836,2.4151579678180295,7.146792123422322,1.8048899514952133,6.832702685250556,5.824457923726645,2.3271831729435415,7.753696004257887,1.038076874432371,7.278057165744778,1.227391632381559,5.908538618332344,2.0417820531338156,6.9161167878887095,7.99954472678666,3.2417447437955804,2.1073732600122903,1.0099957993207092,6.887542089895671,3.3194129704727926,7.838529347395136
