,Returns,Semi Deviation,Sortino Ratio,ADANIPORTS Weight,ASIANPAINT Weight,BAJFINANCE Weight,BAJAJFINSV Weight,BRITANNIA Weight,DIVISLAB Weight,GRASIM Weight,HCLTECH Weight,HDFCBANK Weight,HINDALCO Weight,HINDUNILVR Weight,ICICIBANK Weight,INFY Weight,JSWSTEEL Weight,NESTLEIND Weight,POWERGRID Weight,RELIANCE Weight,TCS Weight,TATACONSUM Weight,TATASTEEL Weight,TECHM Weight,TITAN Weight,UPL Weight,WIPRO Weight
0,0.09263483186618268,0.48141079871996073,0.17199378836365253,7.208812385468106,1.2584003002040163,1.408970354545761,0.41050575750347995,2.9550466034997256,5.785972241091381,0.4646495154334817,5.90529091767064,9.724159235348019,0.5902802290866153,9.144151977577792,0.4873297873958034,5.423705186660509,2.3704794286696504,9.624963222735445,2.7736498363633904,0.3732998964387995,6.563529897078417,10.061472599895458,1.9397699802810267,4.595406570620927,8.516601620316552,0.7560547964653626,1.657497659649658
