,Returns,Semi Deviation,Sortino Ratio,ADANIPORTS Weight,ASIANPAINT Weight,BAJFINANCE Weight,BAJAJFINSV Weight,BRITANNIA Weight,DIVISLAB Weight,GRASIM Weight,HCLTECH Weight,HDFCBANK Weight,HINDALCO Weight,HINDUNILVR Weight,ICICIBANK Weight,INFY Weight,JSWSTEEL Weight,NESTLEIND Weight,POWERGRID Weight,RELIANCE Weight,TCS Weight,TATACONSUM Weight,TATASTEEL Weight,TECHM Weight,TITAN Weight,UPL Weight,WIPRO Weight
0,-40.31242680554693,5.484033155548212,-8.003676411245042,5.929161430976981,7.136100056040016,3.984300768448806,4.787277081217954,1.5939846623113751,8.280740599359964,0.5997435066806045,4.3679741613241845,6.639186595811479,5.409080644630708,0.4974013157408592,2.1062377806091392,6.796363723942353,4.159082465015222,7.574843398993276,3.7537125776779092,8.46343874040035,4.1861567428091275,1.4141538753376348,3.555841718630622,2.5076840861075476,3.3648449130379494,2.6188751665859455,0.27381398830998627
