,Returns,Semi Deviation,Sortino Ratio,ADANIPORTS Weight,ASIANPAINT Weight,BAJFINANCE Weight,BAJAJFINSV Weight,BRITANNIA Weight,DIVISLAB Weight,GRASIM Weight,HCLTECH Weight,HDFCBANK Weight,HINDALCO Weight,HINDUNILVR Weight,ICICIBANK Weight,INFY Weight,JSWSTEEL Weight,NESTLEIND Weight,POWERGRID Weight,RELIANCE Weight,TCS Weight,TATACONSUM Weight,TATASTEEL Weight,TECHM Weight,TITAN Weight,UPL Weight,WIPRO Weight
0,-38.56861756648258,4.654509621148371,-9.055436769316117,3.044641356765623,9.250398839637167,8.377270580168997,3.798360367189689,1.1148242268974726,3.670284777151847,0.7106711254837242,8.674027634153804,1.4522187850294832,3.644982093006219,1.0877418538786177,0.9381830619300378,9.138526956529219,7.688160856242511,5.156427192349002,1.2577974275368808,4.68442609844246,5.449733949955505,5.6945399315611995,3.3550239458578086,1.1435184187058518,2.546822437940217,2.504907964216232,5.616510119370427
