,Returns,Semi Deviation,Sortino Ratio,ADANIPORTS Weight,ASIANPAINT Weight,BAJFINANCE Weight,BAJAJFINSV Weight,BRITANNIA Weight,DIVISLAB Weight,GRASIM Weight,HCLTECH Weight,HDFCBANK Weight,HINDALCO Weight,HINDUNILVR Weight,ICICIBANK Weight,INFY Weight,JSWSTEEL Weight,NESTLEIND Weight,POWERGRID Weight,RELIANCE Weight,TCS Weight,TATACONSUM Weight,TATASTEEL Weight,TECHM Weight,TITAN Weight,UPL Weight,WIPRO Weight
0,-39.97689145725413,4.522317832674608,-9.631541406167274,1.091670780881375,0.3619923119721009,7.96565173739225,0.5122166431179895,3.421037311563718,5.52850705387058,0.04877857957119512,7.909963757987253,0.70561205453782,6.684445688531946,0.26383274759191394,5.33472444788379,7.1833524711380115,0.9664525937154013,5.650822558806941,7.518481074934123,4.706214713202475,2.184092188867969,5.403320651100261,5.452372345782781,5.9775056040929835,6.610842586552969,3.4092303728459736,5.1088797240582
