,Returns,Semi Deviation,Sortino Ratio,ADANIPORTS Weight,ASIANPAINT Weight,BAJFINANCE Weight,BAJAJFINSV Weight,BRITANNIA Weight,DIVISLAB Weight,GRASIM Weight,HCLTECH Weight,HDFCBANK Weight,HINDALCO Weight,HINDUNILVR Weight,ICICIBANK Weight,INFY Weight,JSWSTEEL Weight,NESTLEIND Weight,POWERGRID Weight,RELIANCE Weight,TCS Weight,TATACONSUM Weight,TATASTEEL Weight,TECHM Weight,TITAN Weight,UPL Weight,WIPRO Weight
0,-39.571658964324975,5.547903147961013,-7.77801230725959,4.384227488714059,4.665592350338665,3.5752704128524755,3.473598422218057,1.1656706308519913,6.934575797152295,6.7293302107055055,6.7267540526859415,7.362054458924329,1.3572521049901205,3.5230116113594665,4.876575480671531,2.313648663456462,0.8242000320949986,6.036367557358685,0.2215828042387459,6.18496724389603,7.064319853881103,5.2658373480159915,2.5268419688797095,0.5643826839840874,4.019749802142567,6.679391580854521,3.5247974397326716
