,Returns,Semi Deviation,Sortino Ratio,ADANIPORTS Weight,ASIANPAINT Weight,BAJFINANCE Weight,BAJAJFINSV Weight,BRITANNIA Weight,DIVISLAB Weight,GRASIM Weight,HCLTECH Weight,HDFCBANK Weight,HINDALCO Weight,HINDUNILVR Weight,ICICIBANK Weight,INFY Weight,JSWSTEEL Weight,NESTLEIND Weight,POWERGRID Weight,RELIANCE Weight,TCS Weight,TATACONSUM Weight,TATASTEEL Weight,TECHM Weight,TITAN Weight,UPL Weight,WIPRO Weight
0,-42.27938351441517,5.333561780603882,-8.598266111998205,4.761824581543464,6.866942469258121,2.7332921272500177,6.494335797650145,6.178406711547414,4.995255888574075,0.3396819847767196,6.1267101893158245,2.65742494201906,2.2391433917719192,5.269448780882456,0.3572450102120079,6.775503443204935,4.6042368408562195,6.593829368865775,2.1913473602004183,6.303595352066159,5.1579126581057375,4.447603382922946,3.9125105693498066,1.0453612922866644,5.345904874047732,2.738526722858853,1.8639562604335118
