,Returns,Semi Deviation,Sortino Ratio,ADANIPORTS Weight,ASIANPAINT Weight,BAJFINANCE Weight,BAJAJFINSV Weight,BRITANNIA Weight,DIVISLAB Weight,GRASIM Weight,HCLTECH Weight,HDFCBANK Weight,HINDALCO Weight,HINDUNILVR Weight,ICICIBANK Weight,INFY Weight,JSWSTEEL Weight,NESTLEIND Weight,POWERGRID Weight,RELIANCE Weight,TCS Weight,TATACONSUM Weight,TATASTEEL Weight,TECHM Weight,TITAN Weight,UPL Weight,WIPRO Weight
0,-32.34516066752194,4.33550064304796,-8.286277324195181,0.8630154938092185,4.433181266165062,1.2573499701456279,4.2955357711428,4.613242957415451,3.055746395040141,0.30794946396877204,0.2013781607857929,7.470354495843047,5.045683863782103,6.391461011804438,5.3774922387978625,3.391452452815788,1.8278373172260078,8.661663549532207,6.180788652407549,6.754950570615241,0.5450202809467994,7.055909408856495,3.8460714529008198,0.889252857300853,8.455423576215212,4.76184804864159,4.317390743841127
