,Returns,Semi Deviation,Sortino Ratio,ADANIPORTS Weight,ASIANPAINT Weight,BAJFINANCE Weight,BAJAJFINSV Weight,BRITANNIA Weight,DIVISLAB Weight,GRASIM Weight,HCLTECH Weight,HDFCBANK Weight,HINDALCO Weight,HINDUNILVR Weight,ICICIBANK Weight,INFY Weight,JSWSTEEL Weight,NESTLEIND Weight,POWERGRID Weight,RELIANCE Weight,TCS Weight,TATACONSUM Weight,TATASTEEL Weight,TECHM Weight,TITAN Weight,UPL Weight,WIPRO Weight
0,-40.92362238170581,5.47087444313288,-8.134645173143646,1.3695277123989666,4.059996627807134,3.541621616400279,4.507651747663351,7.375485978194836,5.614930162311092,2.6428402288955106,4.9800650119852925,0.218710845784378,2.8825906844196836,6.360412972569379,3.0713378382877154,0.8273225219585355,5.544349700796951,0.9104267067608305,6.531104277100786,7.31654380557716,3.7104042515371036,5.76022807740399,1.5587207221095738,7.270909509613286,4.19617865742167,6.085734734660649,3.6629056083418488
