,Returns,Semi Deviation,Sortino Ratio,ADANIPORTS Weight,ASIANPAINT Weight,BAJFINANCE Weight,BAJAJFINSV Weight,BRITANNIA Weight,DIVISLAB Weight,GRASIM Weight,HCLTECH Weight,HDFCBANK Weight,HINDALCO Weight,HINDUNILVR Weight,ICICIBANK Weight,INFY Weight,JSWSTEEL Weight,NESTLEIND Weight,POWERGRID Weight,RELIANCE Weight,TCS Weight,TATACONSUM Weight,TATASTEEL Weight,TECHM Weight,TITAN Weight,UPL Weight,WIPRO Weight
0,-29.897216626852423,4.069972176398281,-8.225416581711883,1.4849174634404168,5.039984983123687,7.223748304077299,7.066969587238726,4.904947099586391,0.9472257627998973,2.342907050097947,3.478748194209871,2.0042645091712,0.662550606916307,2.099181170225914,4.826999409914868,6.279520583774499,5.12600535970733,4.947281422966811,7.113503768554301,7.372190091820349,7.494958593815664,5.580764729542126,1.9262279287367456,0.6103340742551837,5.7390071338737245,0.34167056869948154,5.386091603451267
