,Returns,Semi Deviation,Sortino Ratio,ADANIPORTS Weight,ASIANPAINT Weight,BAJFINANCE Weight,BAJAJFINSV Weight,BRITANNIA Weight,DIVISLAB Weight,GRASIM Weight,HCLTECH Weight,HDFCBANK Weight,HINDALCO Weight,HINDUNILVR Weight,ICICIBANK Weight,INFY Weight,JSWSTEEL Weight,NESTLEIND Weight,POWERGRID Weight,RELIANCE Weight,TCS Weight,TATACONSUM Weight,TATASTEEL Weight,TECHM Weight,TITAN Weight,UPL Weight,WIPRO Weight
0,0.23645640248733554,0.26776034294811696,0.8463584829516085,1.5069395072085456,1.5276618101058321,4.7335383196165175,0.24168566341157524,1.0219572223377489,9.65762783015387,1.3816602691599016,5.353585757609328,1.1615704553844655,0.7175964467904398,0.1747149406041958,1.859171623516482,7.382020046744755,0.4837502799604706,9.251713575499652,1.9080441036992124,6.942995429501061,7.953743049912464,8.864697058214743,7.3904048368873,2.226045087624336,7.86662740343621,1.067734251414718,9.324515031206172
