,Returns,Semi Deviation,Sortino Ratio,ADANIPORTS Weight,ASIANPAINT Weight,BAJFINANCE Weight,BAJAJFINSV Weight,BRITANNIA Weight,DIVISLAB Weight,GRASIM Weight,HCLTECH Weight,HDFCBANK Weight,HINDALCO Weight,HINDUNILVR Weight,ICICIBANK Weight,INFY Weight,JSWSTEEL Weight,NESTLEIND Weight,POWERGRID Weight,RELIANCE Weight,TCS Weight,TATACONSUM Weight,TATASTEEL Weight,TECHM Weight,TITAN Weight,UPL Weight,WIPRO Weight
0,-0.06354079551039567,0.5620307638240541,-0.13055506044955772,3.011056187705094,4.717359536699443,5.756463597459935,3.3462406019907314,0.06226828513228914,8.994554945881791,5.33891991663591,6.853523215692964,0.5137661311494368,0.32580590663194736,7.169805941596398,2.3906291975039218,1.929621830230081,4.708516325288468,8.026034834694043,3.0826072822874626,0.267182247036809,8.563914553072891,7.90057570996376,0.5757986729158289,1.8911442669657692,4.269385956495429,0.8196205613353874,9.485204295634206
