,Returns,Semi Deviation,Sortino Ratio,ADANIPORTS Weight,ASIANPAINT Weight,BAJFINANCE Weight,BAJAJFINSV Weight,BRITANNIA Weight,DIVISLAB Weight,GRASIM Weight,HCLTECH Weight,HDFCBANK Weight,HINDALCO Weight,HINDUNILVR Weight,ICICIBANK Weight,INFY Weight,JSWSTEEL Weight,NESTLEIND Weight,POWERGRID Weight,RELIANCE Weight,TCS Weight,TATACONSUM Weight,TATASTEEL Weight,TECHM Weight,TITAN Weight,UPL Weight,WIPRO Weight
0,-24.91893495620794,2.4941355165144516,-11.426377904290916,3.59220665987488,1.812544739275754,2.8929282216234373,1.944626310431465,4.394053111186649,5.211075025790233,0.21517327835458422,4.30742339661839,1.28925825039739,1.542796110452426,8.093438203719652,7.107129655313024,0.00436671840578547,5.441804385839834,6.023935578230882,5.388141905902697,6.665380186571997,7.917288266545644,8.864702288046706,5.178891480430558,2.235644634788423,1.3824887869504507,0.4279244123561673,8.06677839289299
