,Returns,Semi Deviation,Sortino Ratio,ADANIPORTS Weight,ASIANPAINT Weight,BAJFINANCE Weight,BAJAJFINSV Weight,BRITANNIA Weight,DIVISLAB Weight,GRASIM Weight,HCLTECH Weight,HDFCBANK Weight,HINDALCO Weight,HINDUNILVR Weight,ICICIBANK Weight,INFY Weight,JSWSTEEL Weight,NESTLEIND Weight,POWERGRID Weight,RELIANCE Weight,TCS Weight,TATACONSUM Weight,TATASTEEL Weight,TECHM Weight,TITAN Weight,UPL Weight,WIPRO Weight
0,0.08815835212591037,0.7185205841073421,0.10900618440604701,0.8935809283332437,6.302968498459971,3.4117876982232294,8.17607068612201,0.22914230449131334,6.158163946022516,0.027039572849050873,7.211062327120825,5.948563155906899,1.115190892414289,5.626797299356383,0.5576258061395427,2.404277677943686,0.094316421832604,7.726408452169686,4.263458190169719,7.76503841191589,2.3865013010996314,7.993921825183663,5.251300375513726,0.2834769628891147,6.341349351067757,3.360784737756302,6.471173177018954
