,Returns,Semi Deviation,Sortino Ratio,ADANIPORTS Weight,ASIANPAINT Weight,BAJFINANCE Weight,BAJAJFINSV Weight,BRITANNIA Weight,DIVISLAB Weight,GRASIM Weight,HCLTECH Weight,HDFCBANK Weight,HINDALCO Weight,HINDUNILVR Weight,ICICIBANK Weight,INFY Weight,JSWSTEEL Weight,NESTLEIND Weight,POWERGRID Weight,RELIANCE Weight,TCS Weight,TATACONSUM Weight,TATASTEEL Weight,TECHM Weight,TITAN Weight,UPL Weight,WIPRO Weight
0,-25.445479648349846,2.116544018643073,-13.713619651982585,6.104803711109743,6.795962102026248,7.48063629158639,4.299666514183997,6.304193225511494,2.950858567707276,2.3609473038953754,5.779263188670355,5.150249512328549,1.5304650387216492,5.384673778955297,4.036428926926907,1.505197686345071,4.603630482818667,2.0835517073874543,1.4206614077211144,7.672176941468349,3.026852897020665,3.4776201561402216,3.656912392391101,2.3878951805739304,6.958798340504021,1.0580195572446383,3.970535088761485
