,Returns,Semi Deviation,Sortino Ratio,ADANIPORTS Weight,ASIANPAINT Weight,BAJFINANCE Weight,BAJAJFINSV Weight,BRITANNIA Weight,DIVISLAB Weight,GRASIM Weight,HCLTECH Weight,HDFCBANK Weight,HINDALCO Weight,HINDUNILVR Weight,ICICIBANK Weight,INFY Weight,JSWSTEEL Weight,NESTLEIND Weight,POWERGRID Weight,RELIANCE Weight,TCS Weight,TATACONSUM Weight,TATASTEEL Weight,TECHM Weight,TITAN Weight,UPL Weight,WIPRO Weight
0,0.3273282055423907,0.5088129603468426,0.6239877232899106,6.422718560396193,2.3257259034134523,7.509414584982769,2.6162751210315123,2.242167884573618,8.356176560212116,0.5012327152393334,5.758664379304841,5.4992892599792595,1.1511836483501998,8.641646825885307,0.08580881149865877,0.22181867890057236,4.617057750007732,8.647528348011267,1.2995433262131186,8.304058311500293,7.118120969292768,3.7861360157042485,0.5804447875308404,0.727724375958447,8.252428524745003,0.4240969575344312,4.910737699734047
