,Returns,Semi Deviation,Sortino Ratio,ADANIPORTS Weight,ASIANPAINT Weight,BAJFINANCE Weight,BAJAJFINSV Weight,BRITANNIA Weight,DIVISLAB Weight,GRASIM Weight,HCLTECH Weight,HDFCBANK Weight,HINDALCO Weight,HINDUNILVR Weight,ICICIBANK Weight,INFY Weight,JSWSTEEL Weight,NESTLEIND Weight,POWERGRID Weight,RELIANCE Weight,TCS Weight,TATACONSUM Weight,TATASTEEL Weight,TECHM Weight,TITAN Weight,UPL Weight,WIPRO Weight
0,0.31996884756238453,0.5163255916605973,0.6006552604331952,1.527413947258056,7.498896396938039,5.899557449697693,0.8612020847862198,5.683849020624714,4.557841712306477,0.9272581627485057,6.844292894774425,2.7989299532510765,0.594666364282817,6.319787999886812,1.6646948218247952,8.057984855841834,3.4347962599660145,3.517152210511128,2.8015470819249226,9.00443305301617,3.545747992044051,8.944800344222525,1.6670662167039076,1.8319566425523792,7.419754764130906,0.6560669158227441,3.9403028548837926
