,Returns,Semi Deviation,Sortino Ratio,ADANIPORTS Weight,ASIANPAINT Weight,BAJFINANCE Weight,BAJAJFINSV Weight,BRITANNIA Weight,DIVISLAB Weight,GRASIM Weight,HCLTECH Weight,HDFCBANK Weight,HINDALCO Weight,HINDUNILVR Weight,ICICIBANK Weight,INFY Weight,JSWSTEEL Weight,NESTLEIND Weight,POWERGRID Weight,RELIANCE Weight,TCS Weight,TATACONSUM Weight,TATASTEEL Weight,TECHM Weight,TITAN Weight,UPL Weight,WIPRO Weight
0,-23.767471817001372,2.069661875386301,-13.213497403723002,1.9948136662673204,3.488371850723636,6.501471724302061,0.727265939748039,7.422242401448666,3.9078116654811352,4.468473561551207,3.9808033865551105,3.5799358785952626,5.988573734352881,3.6205747138464335,3.0945336281332265,7.718231800895146,4.9879257748258325,4.757533412453251,4.581489314414774,5.329598237516775,1.4732277624986447,8.35162014426273,1.9978838256750828,3.3522553100372643,4.239208954833611,0.5349261133332981,3.9012271982485935
