,Returns,Semi Deviation,Sortino Ratio,ADANIPORTS Weight,ASIANPAINT Weight,BAJFINANCE Weight,BAJAJFINSV Weight,BRITANNIA Weight,DIVISLAB Weight,GRASIM Weight,HCLTECH Weight,HDFCBANK Weight,HINDALCO Weight,HINDUNILVR Weight,ICICIBANK Weight,INFY Weight,JSWSTEEL Weight,NESTLEIND Weight,POWERGRID Weight,RELIANCE Weight,TCS Weight,TATACONSUM Weight,TATASTEEL Weight,TECHM Weight,TITAN Weight,UPL Weight,WIPRO Weight
0,-40.04096359634104,5.212953672910724,-8.367801889937892,1.9899226208030547,7.3589998807119485,5.589484397210789,6.515915272135837,3.0764589207197948,5.2289400855016375,2.7780672845247225,0.1598934148832563,2.6942837195807186,4.027076805524005,0.29045533702081494,6.581992397024232,5.421352249061525,3.9494696342895868,0.6326766747613486,5.561427366239393,2.948795752476535,7.0394693311419925,6.615520094088391,4.140261922715715,4.689211203222155,4.637822665450496,2.0836321483380953,5.9888708225739355
