,Returns,Semi Deviation,Sortino Ratio,ADANIPORTS Weight,ASIANPAINT Weight,BAJFINANCE Weight,BAJAJFINSV Weight,BRITANNIA Weight,DIVISLAB Weight,GRASIM Weight,HCLTECH Weight,HDFCBANK Weight,HINDALCO Weight,HINDUNILVR Weight,ICICIBANK Weight,INFY Weight,JSWSTEEL Weight,NESTLEIND Weight,POWERGRID Weight,RELIANCE Weight,TCS Weight,TATACONSUM Weight,TATASTEEL Weight,TECHM Weight,TITAN Weight,UPL Weight,WIPRO Weight
0,0.13108470147505746,0.4512982496214157,0.26866830691589483,0.08097641608333657,8.17974949730605,2.0641150540153337,0.5310478018007914,6.68690173227043,3.582359150036056,0.43791394123138094,0.025983915371855675,0.8852591956480826,0.41247150115848286,7.612419944689098,1.1574831207234708,3.983346405631517,4.610366178797752,6.352932659790005,1.4582847417636147,8.812031094025793,8.270255635998142,7.556896365071973,8.725165623605848,3.849554060729442,8.795362585759706,1.1292383930944248,4.799884985397413
