,Returns,Semi Deviation,Sortino Ratio,ADANIPORTS Weight,ASIANPAINT Weight,BAJFINANCE Weight,BAJAJFINSV Weight,BRITANNIA Weight,DIVISLAB Weight,GRASIM Weight,HCLTECH Weight,HDFCBANK Weight,HINDALCO Weight,HINDUNILVR Weight,ICICIBANK Weight,INFY Weight,JSWSTEEL Weight,NESTLEIND Weight,POWERGRID Weight,RELIANCE Weight,TCS Weight,TATACONSUM Weight,TATASTEEL Weight,TECHM Weight,TITAN Weight,UPL Weight,WIPRO Weight
0,-35.68778892131548,5.235618736958888,-7.500123842883982,2.1298731707942156,0.7094978931271086,4.3116178464016786,7.592581007622518,6.8716979917813035,6.7545445720420965,0.14510933561579573,4.3476636801555575,2.0100327273155747,4.558537876364136,0.45034214162272995,1.5864274989253226,6.09180665687732,5.105562242330069,1.8345210975273802,2.8387948658872704,8.114868140435782,7.850482890348581,8.339066907976148,2.617281250243999,3.51643331239119,5.072242285491407,0.9244159500778951,6.2265986586449085
