,Returns,Semi Deviation,Sortino Ratio,ADANIPORTS Weight,ASIANPAINT Weight,BAJFINANCE Weight,BAJAJFINSV Weight,BRITANNIA Weight,DIVISLAB Weight,GRASIM Weight,HCLTECH Weight,HDFCBANK Weight,HINDALCO Weight,HINDUNILVR Weight,ICICIBANK Weight,INFY Weight,JSWSTEEL Weight,NESTLEIND Weight,POWERGRID Weight,RELIANCE Weight,TCS Weight,TATACONSUM Weight,TATASTEEL Weight,TECHM Weight,TITAN Weight,UPL Weight,WIPRO Weight
0,-32.30346828660205,4.45587305470571,-8.053072393682003,0.6285099581802674,0.5195850930918687,7.795914957799536,6.817949920123295,5.589960884187802,3.104220849123984,2.300743426882697,7.385205169309263,7.139291565182547,6.027580035957545,2.8890367635876957,2.2469717853727396,2.501776513542691,1.4031570792589996,6.3696912986487,4.477399790771544,1.297091403422201,4.874512588885198,6.607552153723501,2.44292218709492,3.955078600774009,3.498261539152952,5.4388639456776255,4.68872249024844
