,Returns,Semi Deviation,Sortino Ratio,ADANIPORTS Weight,ASIANPAINT Weight,BAJFINANCE Weight,BAJAJFINSV Weight,BRITANNIA Weight,DIVISLAB Weight,GRASIM Weight,HCLTECH Weight,HDFCBANK Weight,HINDALCO Weight,HINDUNILVR Weight,ICICIBANK Weight,INFY Weight,JSWSTEEL Weight,NESTLEIND Weight,POWERGRID Weight,RELIANCE Weight,TCS Weight,TATACONSUM Weight,TATASTEEL Weight,TECHM Weight,TITAN Weight,UPL Weight,WIPRO Weight
0,0.2042575495214733,0.26431686041484087,0.7355655798164588,1.5681694466182494,3.721127325838532,0.030332772599244048,3.1364825676513384,8.732432066859158,4.383792402561029,0.15897535042509411,1.491593255546532,6.1943819951587535,0.556446216939577,8.059405117078203,1.105461402540129,2.973324902243967,0.06516598988496719,9.3690643702924,6.567715524339829,9.300890467234032,4.6881614337411195,9.154838511965245,7.26457127214556,0.6524893673989474,6.146289390301861,0.9395850370482772,3.7393038135879664
