,Returns,Semi Deviation,Sortino Ratio,ADANIPORTS Weight,ASIANPAINT Weight,BAJFINANCE Weight,BAJAJFINSV Weight,BRITANNIA Weight,DIVISLAB Weight,GRASIM Weight,HCLTECH Weight,HDFCBANK Weight,HINDALCO Weight,HINDUNILVR Weight,ICICIBANK Weight,INFY Weight,JSWSTEEL Weight,NESTLEIND Weight,POWERGRID Weight,RELIANCE Weight,TCS Weight,TATACONSUM Weight,TATASTEEL Weight,TECHM Weight,TITAN Weight,UPL Weight,WIPRO Weight
0,-32.5722209592269,4.345321504477712,-8.319803476445463,6.291367108687991,2.2400942366393912,7.01338559103076,7.380798589103795,6.399663961173439,5.486738325604875,1.7917833715822313,2.772523156122105,6.958359341500256,3.049402517888976,1.4032832900451306,4.102850069805028,2.5089794163875947,5.840131377701707,4.303525931388909,2.076801000846455,3.4906132491195843,4.876849656636257,4.68279782397668,4.5160956171403495,4.9173549788261255,1.5058164074248495,3.5099527944923916,2.8808321868751063
