,Returns,Semi Deviation,Sortino Ratio,ADANIPORTS Weight,ASIANPAINT Weight,BAJFINANCE Weight,BAJAJFINSV Weight,BRITANNIA Weight,DIVISLAB Weight,GRASIM Weight,HCLTECH Weight,HDFCBANK Weight,HINDALCO Weight,HINDUNILVR Weight,ICICIBANK Weight,INFY Weight,JSWSTEEL Weight,NESTLEIND Weight,POWERGRID Weight,RELIANCE Weight,TCS Weight,TATACONSUM Weight,TATASTEEL Weight,TECHM Weight,TITAN Weight,UPL Weight,WIPRO Weight
0,-38.13066897359189,4.616863213365463,-9.034417318850323,2.731870537838177,0.9992421196555799,5.706967057168369,6.373513449103006,4.920950835356421,4.4518456056659055,1.9058079849551754,2.991709169759207,1.5047962704609155,1.2542871564206601,7.674668393876839,2.237328345962856,3.1411572310102156,7.401834792367149,7.804853865808785,6.041630080393415,6.451081588392257,2.6333170979953033,5.411553695506221,5.127495730197283,0.6177237009679749,2.827651141877846,4.982524769737693,4.806189379522753
