,Returns,Semi Deviation,Sortino Ratio,ADANIPORTS Weight,ASIANPAINT Weight,BAJFINANCE Weight,BAJAJFINSV Weight,BRITANNIA Weight,DIVISLAB Weight,GRASIM Weight,HCLTECH Weight,HDFCBANK Weight,HINDALCO Weight,HINDUNILVR Weight,ICICIBANK Weight,INFY Weight,JSWSTEEL Weight,NESTLEIND Weight,POWERGRID Weight,RELIANCE Weight,TCS Weight,TATACONSUM Weight,TATASTEEL Weight,TECHM Weight,TITAN Weight,UPL Weight,WIPRO Weight
0,-25.740043080182947,2.4844603100379494,-11.801373103736598,6.699826523216454,6.924791315347774,1.5422741044312904,6.905316406864413,2.6664645181407387,4.8198614974952445,5.316301125555721,1.2616164216447667,4.321658777237373,1.75684835559606,6.560350037228689,3.687450637826423,2.2337763565274846,6.210163180585798,7.457941154282521,2.0057549326904835,2.186745215133386,4.08407847316397,7.246969622676342,2.528995077816591,0.9667203999384449,6.0157209062547174,1.7280838077176643,4.872291152627651
