,Returns,Semi Deviation,Sortino Ratio,ADANIPORTS Weight,ASIANPAINT Weight,BAJFINANCE Weight,BAJAJFINSV Weight,BRITANNIA Weight,DIVISLAB Weight,GRASIM Weight,HCLTECH Weight,HDFCBANK Weight,HINDALCO Weight,HINDUNILVR Weight,ICICIBANK Weight,INFY Weight,JSWSTEEL Weight,NESTLEIND Weight,POWERGRID Weight,RELIANCE Weight,TCS Weight,TATACONSUM Weight,TATASTEEL Weight,TECHM Weight,TITAN Weight,UPL Weight,WIPRO Weight
0,-28.08748298786401,2.8526214988803713,-11.101186400051047,6.065749849775923,2.023583419691296,3.2117154525255405,4.674257390761208,1.772884803004617,2.4588443778904367,2.23844572784279,2.039625308194191,4.158657087340593,7.999536687505847,6.081604148226827,2.97645354563428,3.2292802874108095,8.332181961281508,7.397170501955139,0.9113033057689466,7.587912421208351,1.6763119082464977,6.616775499685549,3.001074496683664,1.3954599026589314,1.0909929477549012,6.809182333970271,6.250996634981906
