,Returns,Semi Deviation,Sortino Ratio,ADANIPORTS Weight,ASIANPAINT Weight,BAJFINANCE Weight,BAJAJFINSV Weight,BRITANNIA Weight,DIVISLAB Weight,GRASIM Weight,HCLTECH Weight,HDFCBANK Weight,HINDALCO Weight,HINDUNILVR Weight,ICICIBANK Weight,INFY Weight,JSWSTEEL Weight,NESTLEIND Weight,POWERGRID Weight,RELIANCE Weight,TCS Weight,TATACONSUM Weight,TATASTEEL Weight,TECHM Weight,TITAN Weight,UPL Weight,WIPRO Weight
0,-25.852209862953735,2.6374078964686456,-11.159521400676004,2.433054813041113,3.941758992816999,2.877378558298417,0.45106108184906296,5.673854720102532,6.893503257468933,6.099301737467214,4.003124528811449,5.57201184968168,3.2485973001011454,2.2574744951315595,5.441836135888048,6.752039981804016,4.840300506518192,5.576581644086675,2.2481148554762744,5.885617155245475,4.939673995787062,3.147750457378409,1.6286195379626938,1.3281278914017132,3.948370834958764,3.146885597346317,7.664960071376268
