,Returns,Semi Deviation,Sortino Ratio,ADANIPORTS Weight,ASIANPAINT Weight,BAJFINANCE Weight,BAJAJFINSV Weight,BRITANNIA Weight,DIVISLAB Weight,GRASIM Weight,HCLTECH Weight,HDFCBANK Weight,HINDALCO Weight,HINDUNILVR Weight,ICICIBANK Weight,INFY Weight,JSWSTEEL Weight,NESTLEIND Weight,POWERGRID Weight,RELIANCE Weight,TCS Weight,TATACONSUM Weight,TATASTEEL Weight,TECHM Weight,TITAN Weight,UPL Weight,WIPRO Weight
0,-38.99746812652071,4.690719529421507,-9.076958845964441,6.078696096720563,4.449550722396797,2.615072860612372,2.90422111967517,0.3254025688290854,5.691902744981592,3.1751148777925198,2.7374635133751113,3.7320408276622836,1.0354268032109992,4.0168597477219095,1.9515130705216048,5.154089383011029,7.873252454616929,7.906309858158261,1.5138849199843305,4.8584573757168315,5.0804368378133935,7.4919373885365115,6.144517322931181,3.3004923603434397,4.640544907817558,4.780969054534696,2.541843183035831
