,Returns,Semi Deviation,Sortino Ratio,ADANIPORTS Weight,ASIANPAINT Weight,BAJFINANCE Weight,BAJAJFINSV Weight,BRITANNIA Weight,DIVISLAB Weight,GRASIM Weight,HCLTECH Weight,HDFCBANK Weight,HINDALCO Weight,HINDUNILVR Weight,ICICIBANK Weight,INFY Weight,JSWSTEEL Weight,NESTLEIND Weight,POWERGRID Weight,RELIANCE Weight,TCS Weight,TATACONSUM Weight,TATASTEEL Weight,TECHM Weight,TITAN Weight,UPL Weight,WIPRO Weight
0,-23.52119957626505,2.068082032132362,-13.104508987161159,0.47288895613943494,2.5134500194496443,1.9030212428934274,4.376218545621815,1.3957673930754102,2.8268398208374204,5.123885881181802,5.272467183602911,7.196011840149471,1.11395937291124,1.4451046325402337,1.106975454887797,7.3309073636687945,5.688005660741443,7.768643586573896,7.91790000191856,7.324598764460746,2.200975100324936,8.37783574842855,3.523817138494993,2.7517778530530483,5.004056440369218,2.84332358783623,4.521568410838991
