,Returns,Semi Deviation,Sortino Ratio,ADANIPORTS Weight,ASIANPAINT Weight,BAJFINANCE Weight,BAJAJFINSV Weight,BRITANNIA Weight,DIVISLAB Weight,GRASIM Weight,HCLTECH Weight,HDFCBANK Weight,HINDALCO Weight,HINDUNILVR Weight,ICICIBANK Weight,INFY Weight,JSWSTEEL Weight,NESTLEIND Weight,POWERGRID Weight,RELIANCE Weight,TCS Weight,TATACONSUM Weight,TATASTEEL Weight,TECHM Weight,TITAN Weight,UPL Weight,WIPRO Weight
0,-33.62964714968529,4.989904960715985,-7.456985141525862,2.564600309531995,5.276297463648577,6.56563644051181,8.047927341273935,0.6532415789374157,6.49452259703671,3.7344752822743,3.36959783827733,0.9245338883937365,7.742136689184479,4.163994558559977,2.7925366079889673,7.80179835939666,5.276244777433534,6.744447121165635,1.707582268080617,3.528799174961047,3.4770130537549417,2.332503395324654,8.289237699441681,0.30725439129260435,5.998969011584603,0.9719344231853255,1.2347157287594608
