,Returns,Semi Deviation,Sortino Ratio,ADANIPORTS Weight,ASIANPAINT Weight,BAJFINANCE Weight,BAJAJFINSV Weight,BRITANNIA Weight,DIVISLAB Weight,GRASIM Weight,HCLTECH Weight,HDFCBANK Weight,HINDALCO Weight,HINDUNILVR Weight,ICICIBANK Weight,INFY Weight,JSWSTEEL Weight,NESTLEIND Weight,POWERGRID Weight,RELIANCE Weight,TCS Weight,TATACONSUM Weight,TATASTEEL Weight,TECHM Weight,TITAN Weight,UPL Weight,WIPRO Weight
0,-24.825402262259015,2.336085864789499,-12.159399913503854,2.222191823958598,4.885091341945394,1.3664067105224977,6.011789941508251,6.0596020107287485,6.124144879247289,5.785285524185682,4.326700816871274,1.5625303537355943,1.5079039235081242,2.2748961591633514,7.45801486058958,4.840624975475851,4.931827537647164,4.615432174845134,4.106946645378948,7.358645467534032,6.306321705279069,5.299252971498429,0.20835561536448427,2.1984822554580528,3.6242274170987985,6.128132102813269,0.7971927856423836
