,Returns,Semi Deviation,Sortino Ratio,ADANIPORTS Weight,ASIANPAINT Weight,BAJFINANCE Weight,BAJAJFINSV Weight,BRITANNIA Weight,DIVISLAB Weight,GRASIM Weight,HCLTECH Weight,HDFCBANK Weight,HINDALCO Weight,HINDUNILVR Weight,ICICIBANK Weight,INFY Weight,JSWSTEEL Weight,NESTLEIND Weight,POWERGRID Weight,RELIANCE Weight,TCS Weight,TATACONSUM Weight,TATASTEEL Weight,TECHM Weight,TITAN Weight,UPL Weight,WIPRO Weight
0,-27.225270913929155,2.5756910005067843,-11.960002542179172,6.838579450349572,2.9532538629490745,2.9309376334281008,3.0530651822948025,9.150292086241004,4.607740780563344,6.108948609860162,6.847377902496208,8.072562161696837,5.516390506373444,2.6136646715303224,0.8888636643174421,0.5134925538658716,3.362560479250689,4.2516704391102635,0.7487783542635459,6.0070017369126205,4.7193430608280265,0.04918300100134858,3.7572103905702527,0.15328365975901265,7.934156930842957,1.9883892716359204,6.933253609859154
