,Returns,Semi Deviation,Sortino Ratio,ADANIPORTS Weight,ASIANPAINT Weight,BAJFINANCE Weight,BAJAJFINSV Weight,BRITANNIA Weight,DIVISLAB Weight,GRASIM Weight,HCLTECH Weight,HDFCBANK Weight,HINDALCO Weight,HINDUNILVR Weight,ICICIBANK Weight,INFY Weight,JSWSTEEL Weight,NESTLEIND Weight,POWERGRID Weight,RELIANCE Weight,TCS Weight,TATACONSUM Weight,TATASTEEL Weight,TECHM Weight,TITAN Weight,UPL Weight,WIPRO Weight
0,-42.859831199198666,5.694604453785231,-8.1550582794789,2.0238494922119523,2.7471431723737925,7.2252375220983085,4.750364774987972,2.351415978678637,7.21773964709882,5.044020156377827,8.547574834843084,3.8069344559573017,3.2376186030197185,8.390714810542022,0.6827161189368309,3.9393134487385635,4.066057493185897,2.6969774507575095,1.3234877967454706,4.679525104863873,1.8572208390804246,7.993923782008928,2.097662064454363,1.7882051728543322,2.6234361483668596,2.7475004511738756,8.161360680643616
