,Returns,Semi Deviation,Sortino Ratio,ADANIPORTS Weight,ASIANPAINT Weight,BAJFINANCE Weight,BAJAJFINSV Weight,BRITANNIA Weight,DIVISLAB Weight,GRASIM Weight,HCLTECH Weight,HDFCBANK Weight,HINDALCO Weight,HINDUNILVR Weight,ICICIBANK Weight,INFY Weight,JSWSTEEL Weight,NESTLEIND Weight,POWERGRID Weight,RELIANCE Weight,TCS Weight,TATACONSUM Weight,TATASTEEL Weight,TECHM Weight,TITAN Weight,UPL Weight,WIPRO Weight
0,-35.78773101934951,5.045091254145886,-7.803175212539204,2.5179861955089393,0.011549215316332958,5.537831982750149,2.574236081167479,5.011256813473542,2.361544550437071,1.769669279662658,5.013301770350822,1.6577108183413698,5.333247191170841,7.107688780449117,5.565282803520664,7.811759078322382,4.715269480718429,6.521527178289606,4.634196026034281,0.4160302664426188,4.533579248685364,6.939616741455973,1.4050842786218638,5.265142757848979,6.981212673229921,5.544258387782925,0.7710184004186906
