,Returns,Semi Deviation,Sortino Ratio,ADANIPORTS Weight,ASIANPAINT Weight,BAJFINANCE Weight,BAJAJFINSV Weight,BRITANNIA Weight,DIVISLAB Weight,GRASIM Weight,HCLTECH Weight,HDFCBANK Weight,HINDALCO Weight,HINDUNILVR Weight,ICICIBANK Weight,INFY Weight,JSWSTEEL Weight,NESTLEIND Weight,POWERGRID Weight,RELIANCE Weight,TCS Weight,TATACONSUM Weight,TATASTEEL Weight,TECHM Weight,TITAN Weight,UPL Weight,WIPRO Weight
0,-35.57375297533887,4.543184677614576,-8.618129297771969,4.167297970230677,4.503290662321628,3.0857328502155315,1.428663910191136,7.206642019054989,7.0092954496524404,4.002337255045063,1.4534712671422554,6.017962403353784,4.419294772814742,7.2437129649082515,4.30674910765999,3.847106137571008,5.593884701879976,1.8042010192743485,5.553539557062146,1.3710898859832878,1.2222985607498902,7.232508419982099,4.490310425142917,2.8724280112862073,2.7650688763226805,2.812635142980623,5.590478629174359
