,Returns,Semi Deviation,Sortino Ratio,ADANIPORTS Weight,ASIANPAINT Weight,BAJFINANCE Weight,BAJAJFINSV Weight,BRITANNIA Weight,DIVISLAB Weight,GRASIM Weight,HCLTECH Weight,HDFCBANK Weight,HINDALCO Weight,HINDUNILVR Weight,ICICIBANK Weight,INFY Weight,JSWSTEEL Weight,NESTLEIND Weight,POWERGRID Weight,RELIANCE Weight,TCS Weight,TATACONSUM Weight,TATASTEEL Weight,TECHM Weight,TITAN Weight,UPL Weight,WIPRO Weight
0,-32.255505081028886,4.216556132149119,-8.498761538545923,1.0387191798194901,5.611478922004379,7.241199898545844,4.197831568443553,8.88843904118406,0.40560560392557277,7.628077848418548,5.222899517969689,3.8797489285449926,0.05731112500885615,5.5877226337191805,2.1495562680699702,8.380557853575528,5.834513890884653,2.051735825407051,0.5567561721824082,6.298658711746674,0.2737546477480201,2.905992631732185,3.9933104419962415,0.5957748978789545,8.473432929332334,4.198984710990601,4.5279367508712145
