,Returns,Semi Deviation,Sortino Ratio,ADANIPORTS Weight,ASIANPAINT Weight,BAJFINANCE Weight,BAJAJFINSV Weight,BRITANNIA Weight,DIVISLAB Weight,GRASIM Weight,HCLTECH Weight,HDFCBANK Weight,HINDALCO Weight,HINDUNILVR Weight,ICICIBANK Weight,INFY Weight,JSWSTEEL Weight,NESTLEIND Weight,POWERGRID Weight,RELIANCE Weight,TCS Weight,TATACONSUM Weight,TATASTEEL Weight,TECHM Weight,TITAN Weight,UPL Weight,WIPRO Weight
0,-31.003175671903215,4.164342027496634,-8.304595406322248,0.828809631411575,1.8952364781786053,6.14401505122492,3.847572088050138,9.693310847372343,0.3386359254964502,4.444107647611551,2.7807500591387435,6.931444799857502,4.897563822046424,7.890523775906155,2.5493989106119828,3.49051635759657,1.8663038143037596,5.742172167632783,7.272547480640679,1.665753206375498,4.076703919967508,9.329655102571289,1.2427924875863077,0.35480351651323266,5.840137345877161,4.2981664519786955,2.5790791120501133
