,Returns,Semi Deviation,Sortino Ratio,ADANIPORTS Weight,ASIANPAINT Weight,BAJFINANCE Weight,BAJAJFINSV Weight,BRITANNIA Weight,DIVISLAB Weight,GRASIM Weight,HCLTECH Weight,HDFCBANK Weight,HINDALCO Weight,HINDUNILVR Weight,ICICIBANK Weight,INFY Weight,JSWSTEEL Weight,NESTLEIND Weight,POWERGRID Weight,RELIANCE Weight,TCS Weight,TATACONSUM Weight,TATASTEEL Weight,TECHM Weight,TITAN Weight,UPL Weight,WIPRO Weight
0,-23.998775087906367,1.9468531601142536,-14.16582187754102,1.2819703460714749,7.579460903246815,4.507015049266467,1.7441289693057411,1.2718955642196061,6.510061850483023,4.830618769298916,0.7238543576094338,0.33778616678860246,2.925398794302537,1.2826320622625629,1.9236874015631444,5.445485350978167,0.4221409492174551,2.3103196356230855,6.390843781109948,9.16354377371145,6.462532918008501,10.094855774872343,5.449768134514571,6.3242736682311795,4.468280200714793,3.5621195838570507,4.987325994743121
