,Returns,Semi Deviation,Sortino Ratio,ADANIPORTS Weight,ASIANPAINT Weight,BAJFINANCE Weight,BAJAJFINSV Weight,BRITANNIA Weight,DIVISLAB Weight,GRASIM Weight,HCLTECH Weight,HDFCBANK Weight,HINDALCO Weight,HINDUNILVR Weight,ICICIBANK Weight,INFY Weight,JSWSTEEL Weight,NESTLEIND Weight,POWERGRID Weight,RELIANCE Weight,TCS Weight,TATACONSUM Weight,TATASTEEL Weight,TECHM Weight,TITAN Weight,UPL Weight,WIPRO Weight
0,-31.452456070832604,4.128308277497283,-8.485910866150345,5.214743551241757,6.108829611449779,5.096294890627484,5.194493174634166,6.617333324841165,3.2819699075413085,1.6585323022380627,1.5374064052611227,4.409084610416617,4.882248810048719,4.404995903617002,6.502169320853217,6.384548785773651,2.2342190737868646,5.5605027459910055,1.6189342505148803,4.921841149211233,0.2758147250839367,6.148191192737617,1.751355010151892,1.8556377852811248,5.027581794731991,3.672529988782263,5.640741685183157
