,Returns,Semi Deviation,Sortino Ratio,ADANIPORTS Weight,ASIANPAINT Weight,BAJFINANCE Weight,BAJAJFINSV Weight,BRITANNIA Weight,DIVISLAB Weight,GRASIM Weight,HCLTECH Weight,HDFCBANK Weight,HINDALCO Weight,HINDUNILVR Weight,ICICIBANK Weight,INFY Weight,JSWSTEEL Weight,NESTLEIND Weight,POWERGRID Weight,RELIANCE Weight,TCS Weight,TATACONSUM Weight,TATASTEEL Weight,TECHM Weight,TITAN Weight,UPL Weight,WIPRO Weight
0,-40.65963385127184,4.7326483504620995,-9.347754275246809,3.4755906567287282,4.667982456211927,2.4483517477792494,2.093929879283173,5.587195709784539,7.6295958578518075,4.972689141526276,1.4651242215948457,2.4507637157053037,6.359414198587647,2.0289162989496403,0.954589992343869,7.675984643864739,6.917904479111008,0.6343376508704456,3.5426472466792784,2.430386089954956,4.5655440435682575,6.906132444073611,2.917101841716695,7.4726293222599205,7.332336098235545,1.0144762970282533,4.456375966290298
