,Returns,Semi Deviation,Sortino Ratio,ADANIPORTS Weight,ASIANPAINT Weight,BAJFINANCE Weight,BAJAJFINSV Weight,BRITANNIA Weight,DIVISLAB Weight,GRASIM Weight,HCLTECH Weight,HDFCBANK Weight,HINDALCO Weight,HINDUNILVR Weight,ICICIBANK Weight,INFY Weight,JSWSTEEL Weight,NESTLEIND Weight,POWERGRID Weight,RELIANCE Weight,TCS Weight,TATACONSUM Weight,TATASTEEL Weight,TECHM Weight,TITAN Weight,UPL Weight,WIPRO Weight
0,0.20725579787033913,0.31646118306908455,0.6238383839703864,1.9430149561039858,1.168358149663239,5.127886349385068,1.8900942543372434,4.574909989048118,6.522755117894455,0.8620503580098552,9.084603272352792,0.47737095294277865,2.092995276888995,2.351724772417435,0.029702160737992048,4.129798268488192,7.285806571205268,5.032115935467497,2.661680390396401,7.461046022293728,8.918117669045166,7.169186588771968,5.715302122238315,0.6545107819555036,9.4819551194728,0.9950333759015803,4.369981544981627
