,Returns,Semi Deviation,Sortino Ratio,ADANIPORTS Weight,ASIANPAINT Weight,BAJFINANCE Weight,BAJAJFINSV Weight,BRITANNIA Weight,DIVISLAB Weight,GRASIM Weight,HCLTECH Weight,HDFCBANK Weight,HINDALCO Weight,HINDUNILVR Weight,ICICIBANK Weight,INFY Weight,JSWSTEEL Weight,NESTLEIND Weight,POWERGRID Weight,RELIANCE Weight,TCS Weight,TATACONSUM Weight,TATASTEEL Weight,TECHM Weight,TITAN Weight,UPL Weight,WIPRO Weight
0,-24.74475384643507,2.29862090396254,-12.322499024352675,1.0745643771718933,7.5088393912194125,2.427049097548958,7.793885425577278,4.485301210548938,7.799722674599396,0.4694169559383883,7.86829431497291,3.5013748190243263,3.582997517502905,0.22685327320775167,6.862770372682506,1.6459264774407247,3.183730259071748,5.447242020550838,2.0665643754555076,7.1125754450570815,1.9574486041876011,5.0959313245196025,5.094634497947213,4.285900115011572,0.2354787878756362,4.924710759938241,5.348787902949583
