,Returns,Semi Deviation,Sortino Ratio,ADANIPORTS Weight,ASIANPAINT Weight,BAJFINANCE Weight,BAJAJFINSV Weight,BRITANNIA Weight,DIVISLAB Weight,GRASIM Weight,HCLTECH Weight,HDFCBANK Weight,HINDALCO Weight,HINDUNILVR Weight,ICICIBANK Weight,INFY Weight,JSWSTEEL Weight,NESTLEIND Weight,POWERGRID Weight,RELIANCE Weight,TCS Weight,TATACONSUM Weight,TATASTEEL Weight,TECHM Weight,TITAN Weight,UPL Weight,WIPRO Weight
0,0.11663890368424862,0.5797436440172119,0.18422580385532075,0.10251436145213644,7.461080150578956,5.120209133749976,1.0532369499209766,4.0575581545317,5.336914035755406,0.9209580782042756,6.463184519892342,8.441462246162427,0.2132185024359144,7.764557123225835,1.012882130436968,2.911138374491134,6.00378349558332,9.504986400111688,0.7047218858882993,3.2775116464105523,7.369899529894076,6.900633987111162,5.302916878415861,1.4658304432066978,6.368818602115814,0.41641105185780974,1.8255723185666923
