,Returns,Semi Deviation,Sortino Ratio,ADANIPORTS Weight,ASIANPAINT Weight,BAJFINANCE Weight,BAJAJFINSV Weight,BRITANNIA Weight,DIVISLAB Weight,GRASIM Weight,HCLTECH Weight,HDFCBANK Weight,HINDALCO Weight,HINDUNILVR Weight,ICICIBANK Weight,INFY Weight,JSWSTEEL Weight,NESTLEIND Weight,POWERGRID Weight,RELIANCE Weight,TCS Weight,TATACONSUM Weight,TATASTEEL Weight,TECHM Weight,TITAN Weight,UPL Weight,WIPRO Weight
0,-26.371838055580337,2.9319439974787818,-10.215692414772018,1.2353557731139786,5.5870396770948,2.3670457958312006,1.697398883390213,1.1718429147059755,6.297000174880204,2.465266128254089,8.84568961344548,0.5603703460848759,8.348333391128875,5.333727627265525,1.0036389019334706,2.4852426002124473,4.406854251061673,5.068846971936288,2.430204788604577,8.33475715157445,2.862453476933611,3.506413740162876,5.870640449054813,3.699605855825544,7.671038041559923,4.04150718225628,4.709726263688839
