,Returns,Semi Deviation,Sortino Ratio,ADANIPORTS Weight,ASIANPAINT Weight,BAJFINANCE Weight,BAJAJFINSV Weight,BRITANNIA Weight,DIVISLAB Weight,GRASIM Weight,HCLTECH Weight,HDFCBANK Weight,HINDALCO Weight,HINDUNILVR Weight,ICICIBANK Weight,INFY Weight,JSWSTEEL Weight,NESTLEIND Weight,POWERGRID Weight,RELIANCE Weight,TCS Weight,TATACONSUM Weight,TATASTEEL Weight,TECHM Weight,TITAN Weight,UPL Weight,WIPRO Weight
0,0.06708989650302397,0.6762554148399934,0.08466435966565382,3.63841790054345,9.62141225675655,1.1665765023603971,1.2258352061655975,5.327529979679413,8.411736791993292,1.1231164499639013,5.026911887382533,5.966223773609086,0.328243521296988,3.2627534718093187,2.071354561188745,0.11695609617276934,1.490961292141869,7.491266890434539,0.9602456374242664,5.455742403675426,5.132700937911482,8.502174522100022,5.296497654196287,5.014930410110094,9.692893017505963,0.5377786364135541,3.1377401991644525
