,Returns,Semi Deviation,Sortino Ratio,ADANIPORTS Weight,ASIANPAINT Weight,BAJFINANCE Weight,BAJAJFINSV Weight,BRITANNIA Weight,DIVISLAB Weight,GRASIM Weight,HCLTECH Weight,HDFCBANK Weight,HINDALCO Weight,HINDUNILVR Weight,ICICIBANK Weight,INFY Weight,JSWSTEEL Weight,NESTLEIND Weight,POWERGRID Weight,RELIANCE Weight,TCS Weight,TATACONSUM Weight,TATASTEEL Weight,TECHM Weight,TITAN Weight,UPL Weight,WIPRO Weight
0,-28.678869428145397,3.406534898175837,-9.469701732813505,5.140912198012853,4.297615388606566,1.5997120489459389,2.808414422698037,0.4351117187404996,7.4383073030417695,0.41095678616842474,1.1636186895081617,4.44656967581473,4.2841373839496715,6.22939824192556,1.8721033881970814,6.567507190130166,5.243927935115386,2.718542027011752,8.341784814992643,2.1795796320809635,1.1478216467781643,4.908056852756334,8.855082179499025,5.034432056110518,5.9216486435108155,0.16187987922869387,8.792879897176247
