,Returns,Semi Deviation,Sortino Ratio,ADANIPORTS Weight,ASIANPAINT Weight,BAJFINANCE Weight,BAJAJFINSV Weight,BRITANNIA Weight,DIVISLAB Weight,GRASIM Weight,HCLTECH Weight,HDFCBANK Weight,HINDALCO Weight,HINDUNILVR Weight,ICICIBANK Weight,INFY Weight,JSWSTEEL Weight,NESTLEIND Weight,POWERGRID Weight,RELIANCE Weight,TCS Weight,TATACONSUM Weight,TATASTEEL Weight,TECHM Weight,TITAN Weight,UPL Weight,WIPRO Weight
0,-38.30224503964917,4.8712119573917345,-8.597910623884001,4.183684156204843,0.07521951695357769,8.711278761057956,8.718076542757881,4.931039660578202,4.572836049583483,0.1043010419960771,0.02083265432056408,6.916512349893831,4.300775870062275,3.553711555095905,2.4297316351978164,4.261617167584767,3.5424565442466234,1.7327045289513854,3.174383480103324,1.9675305492926356,2.5917859061061463,6.505326921449842,8.373135182260476,6.624088686054525,6.852960094285463,4.9335682410342265,0.922442904928169
