,Returns,Semi Deviation,Sortino Ratio,ADANIPORTS Weight,ASIANPAINT Weight,BAJFINANCE Weight,BAJAJFINSV Weight,BRITANNIA Weight,DIVISLAB Weight,GRASIM Weight,HCLTECH Weight,HDFCBANK Weight,HINDALCO Weight,HINDUNILVR Weight,ICICIBANK Weight,INFY Weight,JSWSTEEL Weight,NESTLEIND Weight,POWERGRID Weight,RELIANCE Weight,TCS Weight,TATACONSUM Weight,TATASTEEL Weight,TECHM Weight,TITAN Weight,UPL Weight,WIPRO Weight
0,0.2477689150237903,0.24503917607681522,0.9710028983856757,1.468998219113875,7.344367216237152,4.641173710821821,2.8646758948894755,6.209314292330103,6.833827697273703,0.8810209914861207,3.45981907427218,0.901227768936742,0.08394821780683502,5.674217113998186,0.8211698068949144,4.948842401020121,8.028147858851627,8.832551193918347,3.697042912611357,4.911415289003123,5.7668161047533015,8.492943080417668,0.20466242645612417,0.7433555860873432,2.4481381301823384,0.000612001327089825,10.741713011310441
