,Returns,Semi Deviation,Sortino Ratio,ADANIPORTS Weight,ASIANPAINT Weight,BAJFINANCE Weight,BAJAJFINSV Weight,BRITANNIA Weight,DIVISLAB Weight,GRASIM Weight,HCLTECH Weight,HDFCBANK Weight,HINDALCO Weight,HINDUNILVR Weight,ICICIBANK Weight,INFY Weight,JSWSTEEL Weight,NESTLEIND Weight,POWERGRID Weight,RELIANCE Weight,TCS Weight,TATACONSUM Weight,TATASTEEL Weight,TECHM Weight,TITAN Weight,UPL Weight,WIPRO Weight
0,-0.050255017249107505,0.5345646960301663,-0.11240955964828879,0.7534174332938932,7.275153013450798,1.8938513004913653,1.051295064830832,0.1860561413018843,6.436976742446282,1.3252538274613055,2.726772082887599,0.24103483224302288,2.8426499580413904,5.2084469649288,2.6056659936628375,8.236861113105583,3.634576565199024,8.04929914631018,7.541970901724699,7.438253565217652,6.316617384492977,7.000241785854334,3.0085639345903705,2.845905095901167,5.574792621111654,0.04323984881813101,7.763104682634192
