,Returns,Semi Deviation,Sortino Ratio,ADANIPORTS Weight,ASIANPAINT Weight,BAJFINANCE Weight,BAJAJFINSV Weight,BRITANNIA Weight,DIVISLAB Weight,GRASIM Weight,HCLTECH Weight,HDFCBANK Weight,HINDALCO Weight,HINDUNILVR Weight,ICICIBANK Weight,INFY Weight,JSWSTEEL Weight,NESTLEIND Weight,POWERGRID Weight,RELIANCE Weight,TCS Weight,TATACONSUM Weight,TATASTEEL Weight,TECHM Weight,TITAN Weight,UPL Weight,WIPRO Weight
0,-39.78867026388062,5.359340169810598,-8.092165992406727,1.775576171446532,0.2954316921560791,5.696890039713056,9.03864187991181,7.688358004731283,9.187027735368805,0.9463718909477989,9.245323186694396,0.2444775269843868,0.757802473754926,4.6297792346708135,3.2210385086680318,0.1848138283448413,6.175183769107367,5.111164045430961,4.292103946423611,2.5837856551017,5.388241605694026,5.319538240015327,3.3689579374072696,1.6542174691912719,1.88116221001615,7.11132257439415,4.202790373825391
