,Returns,Semi Deviation,Sortino Ratio,ADANIPORTS Weight,ASIANPAINT Weight,BAJFINANCE Weight,BAJAJFINSV Weight,BRITANNIA Weight,DIVISLAB Weight,GRASIM Weight,HCLTECH Weight,HDFCBANK Weight,HINDALCO Weight,HINDUNILVR Weight,ICICIBANK Weight,INFY Weight,JSWSTEEL Weight,NESTLEIND Weight,POWERGRID Weight,RELIANCE Weight,TCS Weight,TATACONSUM Weight,TATASTEEL Weight,TECHM Weight,TITAN Weight,UPL Weight,WIPRO Weight
0,0.09832105356865409,0.6102973939641347,0.1449881477597941,0.4350476927092478,0.36872415388261864,3.1779529503966737,2.2009320489297517,3.2979550486693454,7.677172096676434,2.2833952851843033,1.3161096402581034,9.596187241829726,1.0406641813960178,7.21629024250543,0.8683401030588314,8.254247480928397,1.0100819566743457,11.30377612323446,2.607520114200265,10.875687225521526,3.1356060626777973,7.655702231763506,1.3626861174720384,2.9150471187221783,3.866878563358215,0.7302898441436909,6.80370647580712
