,Returns,Semi Deviation,Sortino Ratio,ADANIPORTS Weight,ASIANPAINT Weight,BAJFINANCE Weight,BAJAJFINSV Weight,BRITANNIA Weight,DIVISLAB Weight,GRASIM Weight,HCLTECH Weight,HDFCBANK Weight,HINDALCO Weight,HINDUNILVR Weight,ICICIBANK Weight,INFY Weight,JSWSTEEL Weight,NESTLEIND Weight,POWERGRID Weight,RELIANCE Weight,TCS Weight,TATACONSUM Weight,TATASTEEL Weight,TECHM Weight,TITAN Weight,UPL Weight,WIPRO Weight
0,0.18139567685671273,0.47286764363200534,0.3628087358733717,2.6221468311125244,2.292061367330511,7.053205610934701,0.3566349897087293,6.674182378971085,6.599841345262107,0.2005572038827365,5.298532439541558,0.5255722735162671,1.098506259246549,5.584949704176747,2.0249462315273328,8.209338892714943,1.278928697589817,4.950660652233337,0.4220580826013082,7.444773478937557,7.527417332118938,7.608554281551752,7.8068966329142855,2.1366508804679007,6.5115453514995005,0.9363602281768428,4.83567885398297
