,Returns,Semi Deviation,Sortino Ratio,ADANIPORTS Weight,ASIANPAINT Weight,BAJFINANCE Weight,BAJAJFINSV Weight,BRITANNIA Weight,DIVISLAB Weight,GRASIM Weight,HCLTECH Weight,HDFCBANK Weight,HINDALCO Weight,HINDUNILVR Weight,ICICIBANK Weight,INFY Weight,JSWSTEEL Weight,NESTLEIND Weight,POWERGRID Weight,RELIANCE Weight,TCS Weight,TATACONSUM Weight,TATASTEEL Weight,TECHM Weight,TITAN Weight,UPL Weight,WIPRO Weight
0,-40.13588445973266,5.334602010913494,-8.194778986379674,5.890375531242942,5.976734660588628,1.6483464132052907,0.07350111220146151,1.4316627367155415,7.142848277895535,2.981727749291503,8.109665622175498,5.874360362032376,0.7531471317710657,2.45857297571225,1.9305876370247304,8.134778779450162,2.409021715860625,7.836096715034483,3.1652361458877483,6.741664628309022,7.951659551947731,2.1865086863994376,5.6714558751451625,3.0369697494058987,4.065036986348612,1.7629018254081326,2.767139130946144
