,Returns,Semi Deviation,Sortino Ratio,ADANIPORTS Weight,ASIANPAINT Weight,BAJFINANCE Weight,BAJAJFINSV Weight,BRITANNIA Weight,DIVISLAB Weight,GRASIM Weight,HCLTECH Weight,HDFCBANK Weight,HINDALCO Weight,HINDUNILVR Weight,ICICIBANK Weight,INFY Weight,JSWSTEEL Weight,NESTLEIND Weight,POWERGRID Weight,RELIANCE Weight,TCS Weight,TATACONSUM Weight,TATASTEEL Weight,TECHM Weight,TITAN Weight,UPL Weight,WIPRO Weight
0,-29.411775654544993,4.260062798726183,-7.744434111255352,0.04260475590980274,4.930560741166865,4.390938316288877,8.367892941672823,3.043025835827039,6.3592862455892964,5.460324390823199,3.787797919506672,6.5459502261128675,6.659634303834588,0.32618543053466675,2.6152285679674216,8.223562058234547,4.538572132636245,4.399102048781513,3.2231870352349814,0.17027852739738064,3.1404091127341855,8.49052616580415,1.9045230604329104,3.8072162265644605,7.339912562463283,1.3547326123937267,0.8785487820884779
