,Returns,Semi Deviation,Sortino Ratio,ADANIPORTS Weight,ASIANPAINT Weight,BAJFINANCE Weight,BAJAJFINSV Weight,BRITANNIA Weight,DIVISLAB Weight,GRASIM Weight,HCLTECH Weight,HDFCBANK Weight,HINDALCO Weight,HINDUNILVR Weight,ICICIBANK Weight,INFY Weight,JSWSTEEL Weight,NESTLEIND Weight,POWERGRID Weight,RELIANCE Weight,TCS Weight,TATACONSUM Weight,TATASTEEL Weight,TECHM Weight,TITAN Weight,UPL Weight,WIPRO Weight
0,0.055426356477710916,0.7123897773023647,0.06399753771760748,0.29201455171155744,3.972171422807136,9.649102093231868,6.824799692539021,3.089656243855936,8.44121022531639,0.4135203695026284,4.722900464978171,1.846439336481849,3.2803463289180956,6.925245674767575,0.8041155343788537,2.1659104209103246,1.8173316214655737,7.789433957894251,2.2289009928660537,2.9586198957534107,6.8213404266053494,5.726349585184719,1.782298636098522,4.756892729782411,9.780245450559418,1.0859723116004651,2.825182032790421
