,Returns,Semi Deviation,Sortino Ratio,ADANIPORTS Weight,ASIANPAINT Weight,BAJFINANCE Weight,BAJAJFINSV Weight,BRITANNIA Weight,DIVISLAB Weight,GRASIM Weight,HCLTECH Weight,HDFCBANK Weight,HINDALCO Weight,HINDUNILVR Weight,ICICIBANK Weight,INFY Weight,JSWSTEEL Weight,NESTLEIND Weight,POWERGRID Weight,RELIANCE Weight,TCS Weight,TATACONSUM Weight,TATASTEEL Weight,TECHM Weight,TITAN Weight,UPL Weight,WIPRO Weight
0,-40.23400135451263,4.3647263334239,-10.038201254222239,2.1557433438208484,1.4420018486510828,6.975079589112523,1.5644579907552814,4.599624124897341,5.7373240678300705,3.359298792517503,3.04227427102251,2.002882927329823,6.148372123139238,8.198319171571738,1.5478117546771535,3.6224856143142423,5.784892594388532,1.650179605737561,5.288591007476796,7.168341705282819,7.636764871236772,2.6676333593200185,1.3196844563790113,3.68436119198581,3.2631267189559146,3.066311455570762,8.074437414026628
