,Returns,Semi Deviation,Sortino Ratio,ADANIPORTS Weight,ASIANPAINT Weight,BAJFINANCE Weight,BAJAJFINSV Weight,BRITANNIA Weight,DIVISLAB Weight,GRASIM Weight,HCLTECH Weight,HDFCBANK Weight,HINDALCO Weight,HINDUNILVR Weight,ICICIBANK Weight,INFY Weight,JSWSTEEL Weight,NESTLEIND Weight,POWERGRID Weight,RELIANCE Weight,TCS Weight,TATACONSUM Weight,TATASTEEL Weight,TECHM Weight,TITAN Weight,UPL Weight,WIPRO Weight
0,-32.73444402091746,3.463723862706062,-10.484220295940826,1.329521548655759,6.554172826868741,6.177210337692028,2.9279713785354162,0.2150673243892664,5.1488051489999,5.331828430036242,6.921099702907195,1.5124793188451195,1.9443629250281216,0.7548805496931024,7.118543857214591,3.9923231842203846,1.1727170089868013,6.024977825381667,6.237747858321196,5.310650478910659,2.6693887836756516,7.086133374930532,2.802599498003698,5.217304899515957,7.2860250383574705,1.7161045908087627,4.548084110021742
