,Returns,Semi Deviation,Sortino Ratio,ADANIPORTS Weight,ASIANPAINT Weight,BAJFINANCE Weight,BAJAJFINSV Weight,BRITANNIA Weight,DIVISLAB Weight,GRASIM Weight,HCLTECH Weight,HDFCBANK Weight,HINDALCO Weight,HINDUNILVR Weight,ICICIBANK Weight,INFY Weight,JSWSTEEL Weight,NESTLEIND Weight,POWERGRID Weight,RELIANCE Weight,TCS Weight,TATACONSUM Weight,TATASTEEL Weight,TECHM Weight,TITAN Weight,UPL Weight,WIPRO Weight
0,0.15878784248605735,0.5575535933528943,0.2671540089180545,1.7344908349669323,7.541705317094029,3.9071467079637414,4.932026575626161,3.37619812155179,7.1583448536519825,0.1261560987172697,4.315064225545562,6.7351663534086645,1.388264759052847,7.12986012537912,0.22932932804170797,7.160004592717178,1.970058712214446,7.005360821661437,3.0046890309261123,7.463371566581125,3.205776529022302,7.259552665441022,2.6311940350744867,0.08499623742160906,6.036997278403429,3.287379728650724,2.3168655008863155
