,Returns,Semi Deviation,Sortino Ratio,ADANIPORTS Weight,ASIANPAINT Weight,BAJFINANCE Weight,BAJAJFINSV Weight,BRITANNIA Weight,DIVISLAB Weight,GRASIM Weight,HCLTECH Weight,HDFCBANK Weight,HINDALCO Weight,HINDUNILVR Weight,ICICIBANK Weight,INFY Weight,JSWSTEEL Weight,NESTLEIND Weight,POWERGRID Weight,RELIANCE Weight,TCS Weight,TATACONSUM Weight,TATASTEEL Weight,TECHM Weight,TITAN Weight,UPL Weight,WIPRO Weight
0,0.20678462986927587,0.24430744480963681,0.8061541685214428,1.2946946136811348,6.896118790371722,1.9168372586389155,1.696735377261987,4.174659363501587,8.53144806542846,2.0686102691373534,3.485633931554412,3.383846199107785,1.5296052690480109,8.110789067450508,1.606331430564263,8.261808107135451,8.226976247429192,7.420787012804173,3.343836537090359,3.300048632819107,4.265204539143359,8.624704651513301,1.2306636967167441,1.4182279451744664,3.332832203406887,0.8985931494590408,4.98100764156179
