,Returns,Semi Deviation,Sortino Ratio,ADANIPORTS Weight,ASIANPAINT Weight,BAJFINANCE Weight,BAJAJFINSV Weight,BRITANNIA Weight,DIVISLAB Weight,GRASIM Weight,HCLTECH Weight,HDFCBANK Weight,HINDALCO Weight,HINDUNILVR Weight,ICICIBANK Weight,INFY Weight,JSWSTEEL Weight,NESTLEIND Weight,POWERGRID Weight,RELIANCE Weight,TCS Weight,TATACONSUM Weight,TATASTEEL Weight,TECHM Weight,TITAN Weight,UPL Weight,WIPRO Weight
0,-30.945861286872667,4.42265907463852,-7.806584388305941,1.8671718787167717,2.93227577824692,0.9019973579592482,8.291828220804819,4.030089828625079,7.774419978734606,0.33900988587078545,7.968961699518359,7.060404131171519,2.5657848617700694,3.6463025767014603,3.14349681934445,7.488919413456113,2.4055091553771604,1.7352396528227052,3.2958630940053903,6.336137203697705,4.892511913603386,1.6539222256690542,8.318011191230742,4.203689894761956,7.430013584139264,0.6210117790511952,1.0974278747212594
