,Returns,Semi Deviation,Sortino Ratio,ADANIPORTS Weight,ASIANPAINT Weight,BAJFINANCE Weight,BAJAJFINSV Weight,BRITANNIA Weight,DIVISLAB Weight,GRASIM Weight,HCLTECH Weight,HDFCBANK Weight,HINDALCO Weight,HINDUNILVR Weight,ICICIBANK Weight,INFY Weight,JSWSTEEL Weight,NESTLEIND Weight,POWERGRID Weight,RELIANCE Weight,TCS Weight,TATACONSUM Weight,TATASTEEL Weight,TECHM Weight,TITAN Weight,UPL Weight,WIPRO Weight
0,0.27200532376690434,0.5841340434141373,0.4488184893306535,1.129546235495202,3.0109995397799905,7.836892113082082,4.970002961137964,0.6662223890104378,8.000523965019118,1.099647453963374,8.068172136858456,3.332422998634311,0.4625721526872427,4.923274568929658,2.570718513729897,8.461679942589374,4.123204793761392,8.905720076428487,4.591986855380706,8.886132893691984,3.0711368896363664,4.387495008522895,1.2238773303423327,0.5901394489724336,4.665183101213658,0.6027567520826419,4.419691879050007
