,Returns,Semi Deviation,Sortino Ratio,ADANIPORTS Weight,ASIANPAINT Weight,BAJFINANCE Weight,BAJAJFINSV Weight,BRITANNIA Weight,DIVISLAB Weight,GRASIM Weight,HCLTECH Weight,HDFCBANK Weight,HINDALCO Weight,HINDUNILVR Weight,ICICIBANK Weight,INFY Weight,JSWSTEEL Weight,NESTLEIND Weight,POWERGRID Weight,RELIANCE Weight,TCS Weight,TATACONSUM Weight,TATASTEEL Weight,TECHM Weight,TITAN Weight,UPL Weight,WIPRO Weight
0,0.3046685123664978,0.4934346597892774,0.5975124399596135,0.5083235861045082,8.728523790994013,7.5736435863534,0.6327708315189942,6.7869044225508155,4.868974289222347,0.789133404123775,4.697717365613839,1.7413243487268457,0.8984556941158427,6.361482217701039,0.8135086440640984,4.366829859790435,7.13839122903596,8.019838906912609,1.9042458858954239,5.623798739760258,3.9562879010814607,1.832328181313776,0.9574557025982158,0.3740488983778966,8.405759635168431,4.0449008440109,8.97535203496511
