,Returns,Semi Deviation,Sortino Ratio,ADANIPORTS Weight,ASIANPAINT Weight,BAJFINANCE Weight,BAJAJFINSV Weight,BRITANNIA Weight,DIVISLAB Weight,GRASIM Weight,HCLTECH Weight,HDFCBANK Weight,HINDALCO Weight,HINDUNILVR Weight,ICICIBANK Weight,INFY Weight,JSWSTEEL Weight,NESTLEIND Weight,POWERGRID Weight,RELIANCE Weight,TCS Weight,TATACONSUM Weight,TATASTEEL Weight,TECHM Weight,TITAN Weight,UPL Weight,WIPRO Weight
0,-34.07832648394968,3.651039907594279,-10.314411082064362,1.6135946630764544,3.87818624394118,4.146359434482334,3.2962896424835173,2.6357045214579933,9.202646609159247,0.28797566988106754,5.182421874787129,4.773709997499103,1.1958341452391321,1.03815178243723,5.845385060360836,4.787400395682406,5.499848215074512,0.07700238352469864,6.541324731370373,5.851819242786821,7.239821662994269,6.965113522296634,3.7003077877260857,1.1601530221284158,4.5398264056400786,8.759498833923749,1.7816241520467366
