,Returns,Semi Deviation,Sortino Ratio,ADANIPORTS Weight,ASIANPAINT Weight,BAJFINANCE Weight,BAJAJFINSV Weight,BRITANNIA Weight,DIVISLAB Weight,GRASIM Weight,HCLTECH Weight,HDFCBANK Weight,HINDALCO Weight,HINDUNILVR Weight,ICICIBANK Weight,INFY Weight,JSWSTEEL Weight,NESTLEIND Weight,POWERGRID Weight,RELIANCE Weight,TCS Weight,TATACONSUM Weight,TATASTEEL Weight,TECHM Weight,TITAN Weight,UPL Weight,WIPRO Weight
0,-23.10414641103386,2.1276035557862483,-12.541879025565377,0.4329911703651523,9.059766853252487,0.40363665832196916,1.0793228161938573,7.529201349262811,8.128301165729535,2.2028771898199206,1.539218109498729,2.551609258605919,2.1987515443543564,2.3516872995121547,8.338789691869605,2.057503074161957,6.302209560176726,3.4045352191926987,4.908759863776789,5.496001356133861,10.274798562438878,4.732276273161828,4.016878380364576,4.73063071016154,1.2943886432176244,1.1816189843801854,5.784246266046837
