,Returns,Semi Deviation,Sortino Ratio,ADANIPORTS Weight,ASIANPAINT Weight,BAJFINANCE Weight,BAJAJFINSV Weight,BRITANNIA Weight,DIVISLAB Weight,GRASIM Weight,HCLTECH Weight,HDFCBANK Weight,HINDALCO Weight,HINDUNILVR Weight,ICICIBANK Weight,INFY Weight,JSWSTEEL Weight,NESTLEIND Weight,POWERGRID Weight,RELIANCE Weight,TCS Weight,TATACONSUM Weight,TATASTEEL Weight,TECHM Weight,TITAN Weight,UPL Weight,WIPRO Weight
0,0.16862062405518474,0.32947559015821093,0.4819339094097159,3.8104118412225843,1.1033298575635282,2.2801751717879055,4.30714197085008,6.315643606638095,8.468794796369677,0.6384303437637431,4.5068914383253125,2.4100287513053473,0.24907938369318397,4.935813153330134,3.392614849026334,2.45852392438926,8.552173911632375,6.877853941402423,1.7844754844211526,7.963796242403263,8.201601669475302,8.030989843999539,1.59549062056018,5.2031078099821055,5.464721758373257,0.6829562526563827,0.7659533768288405
