,Returns,Semi Deviation,Sortino Ratio,ADANIPORTS Weight,ASIANPAINT Weight,BAJFINANCE Weight,BAJAJFINSV Weight,BRITANNIA Weight,DIVISLAB Weight,GRASIM Weight,HCLTECH Weight,HDFCBANK Weight,HINDALCO Weight,HINDUNILVR Weight,ICICIBANK Weight,INFY Weight,JSWSTEEL Weight,NESTLEIND Weight,POWERGRID Weight,RELIANCE Weight,TCS Weight,TATACONSUM Weight,TATASTEEL Weight,TECHM Weight,TITAN Weight,UPL Weight,WIPRO Weight
0,-23.30320374118879,2.194290491949394,-12.251433363002867,5.143172801845959,5.290082162351636,9.630125033569904,0.14590775252295216,2.2631935254177975,5.982256618683925,1.0068743217301448,2.39498352035605,2.925919561939184,9.656441721913184,8.839160552776013,1.7025346610209342,8.17642535202698,4.294291404444688,4.154971393498101,0.9302346121669189,2.5102545426406158,4.972799899773687,5.580798786622986,0.7104592060058134,0.30719564182507775,2.247894017832277,1.6153952004284464,9.518627708606726
