,Returns,Semi Deviation,Sortino Ratio,ADANIPORTS Weight,ASIANPAINT Weight,BAJFINANCE Weight,BAJAJFINSV Weight,BRITANNIA Weight,DIVISLAB Weight,GRASIM Weight,HCLTECH Weight,HDFCBANK Weight,HINDALCO Weight,HINDUNILVR Weight,ICICIBANK Weight,INFY Weight,JSWSTEEL Weight,NESTLEIND Weight,POWERGRID Weight,RELIANCE Weight,TCS Weight,TATACONSUM Weight,TATASTEEL Weight,TECHM Weight,TITAN Weight,UPL Weight,WIPRO Weight
0,-36.416896873811524,4.622617616719924,-8.652434657182864,0.9022294309539219,2.5457783679575194,8.616989152054714,7.646040166112056,1.1577341371299672,8.594453536136609,3.14747281639818,5.8239062468352705,7.138209390212351,2.0389095839479414,8.729592498322548,1.9408196952983834,7.525398179729363,2.028924855050121,4.656406553691403,1.9003988751912861,1.2294718233445976,4.877728781715163,8.525840889521726,0.10630182791814469,1.8837188890619767,6.965778826109874,1.2193988944163796,0.7984965828905233
