,Returns,Semi Deviation,Sortino Ratio,ADANIPORTS Weight,ASIANPAINT Weight,BAJFINANCE Weight,BAJAJFINSV Weight,BRITANNIA Weight,DIVISLAB Weight,GRASIM Weight,HCLTECH Weight,HDFCBANK Weight,HINDALCO Weight,HINDUNILVR Weight,ICICIBANK Weight,INFY Weight,JSWSTEEL Weight,NESTLEIND Weight,POWERGRID Weight,RELIANCE Weight,TCS Weight,TATACONSUM Weight,TATASTEEL Weight,TECHM Weight,TITAN Weight,UPL Weight,WIPRO Weight
0,-29.570914082015097,3.647558160800425,-9.088522408849107,1.3691529445827082,1.50054396706523,1.6119374881901702,0.5881202839610036,8.212447240376939,7.435977745845538,3.452067608349438,4.7982912593356675,5.0983152123105535,0.7255511900744442,4.140317196727638,4.064458052928959,0.8742766003070702,5.536072707411492,8.033753253844921,1.6394237892781975,5.479394293353033,4.906248653493053,7.728837978204664,4.148663754502904,3.0762958143935766,3.771067860994796,4.861244944896952,6.947540159571068
