,Returns,Semi Deviation,Sortino Ratio,ADANIPORTS Weight,ASIANPAINT Weight,BAJFINANCE Weight,BAJAJFINSV Weight,BRITANNIA Weight,DIVISLAB Weight,GRASIM Weight,HCLTECH Weight,HDFCBANK Weight,HINDALCO Weight,HINDUNILVR Weight,ICICIBANK Weight,INFY Weight,JSWSTEEL Weight,NESTLEIND Weight,POWERGRID Weight,RELIANCE Weight,TCS Weight,TATACONSUM Weight,TATASTEEL Weight,TECHM Weight,TITAN Weight,UPL Weight,WIPRO Weight
0,-31.07696551955242,4.035174519080289,-8.588715396490846,4.654053500263465,6.850046806975482,5.2971993916538285,6.178366222386183,3.090817790479057,6.729383687878119,4.85595926867065,4.363564075503811,6.797306729334691,2.825394319912671,6.0846511730339925,0.4947890464561571,4.520314530137845,5.703965755776495,5.550686612058946,3.72439776689629,1.2923914530608902,3.82813689283431,1.91703444440844,5.73113852203947,0.1453184267708922,5.414276528342831,0.9759965001342643,2.9748105549912425
