,Returns,Semi Deviation,Sortino Ratio,ADANIPORTS Weight,ASIANPAINT Weight,BAJFINANCE Weight,BAJAJFINSV Weight,BRITANNIA Weight,DIVISLAB Weight,GRASIM Weight,HCLTECH Weight,HDFCBANK Weight,HINDALCO Weight,HINDUNILVR Weight,ICICIBANK Weight,INFY Weight,JSWSTEEL Weight,NESTLEIND Weight,POWERGRID Weight,RELIANCE Weight,TCS Weight,TATACONSUM Weight,TATASTEEL Weight,TECHM Weight,TITAN Weight,UPL Weight,WIPRO Weight
0,-39.3740416404527,5.3801101182308155,-7.983859195539593,1.0147516560695033,1.692252380480234,5.4911961600274175,5.908022035801426,5.097164587105882,4.711374267769633,1.4498879116867953,5.190291954394729,4.021086192654444,3.4071622357431277,6.804205739214668,5.100512416409018,4.218053828983185,5.459945947567825,0.24100817618376602,6.323057084821639,6.075931179455927,1.2331128952122883,6.406120340030158,4.630079931591064,3.9083130458687663,6.909567614986607,0.44807604256670563,4.2588263753752
