,Returns,Semi Deviation,Sortino Ratio,ADANIPORTS Weight,ASIANPAINT Weight,BAJFINANCE Weight,BAJAJFINSV Weight,BRITANNIA Weight,DIVISLAB Weight,GRASIM Weight,HCLTECH Weight,HDFCBANK Weight,HINDALCO Weight,HINDUNILVR Weight,ICICIBANK Weight,INFY Weight,JSWSTEEL Weight,NESTLEIND Weight,POWERGRID Weight,RELIANCE Weight,TCS Weight,TATACONSUM Weight,TATASTEEL Weight,TECHM Weight,TITAN Weight,UPL Weight,WIPRO Weight
0,0.1495765474565949,0.6602831732817177,0.21163856399200973,0.5786142350740245,2.521165479726732,7.287336570774341,5.947841308556724,5.0976561406399785,9.804186514385608,0.7855720436653619,0.814282297433338,3.1364842968495346,0.5562426512541632,6.525778211856786,0.46736695621867946,1.1723001379167393,4.456187531801721,7.08338572144095,0.5801335782028407,8.173001816527387,6.5207244614669975,9.469421236797505,8.507757550007469,2.42632556542419,3.495149678418656,2.362738525176171,2.2303474903840885
