,Returns,Semi Deviation,Sortino Ratio,ADANIPORTS Weight,ASIANPAINT Weight,BAJFINANCE Weight,BAJAJFINSV Weight,BRITANNIA Weight,DIVISLAB Weight,GRASIM Weight,HCLTECH Weight,HDFCBANK Weight,HINDALCO Weight,HINDUNILVR Weight,ICICIBANK Weight,INFY Weight,JSWSTEEL Weight,NESTLEIND Weight,POWERGRID Weight,RELIANCE Weight,TCS Weight,TATACONSUM Weight,TATASTEEL Weight,TECHM Weight,TITAN Weight,UPL Weight,WIPRO Weight
0,0.0907631145773375,0.6176308891216202,0.13102963463706688,0.4924261657008687,1.0621381026442345,1.6630396457780656,9.037181097407126,2.376150542418922,5.113394858856625,0.8915247925668689,2.874412144586065,7.6968620996425585,1.524188577483738,7.150955963656025,1.815608559912623,2.9568579755166238,2.718305157443958,12.325608231108117,4.31186412310813,12.03491674416741,4.089486495435349,7.598434178802381,2.070575191230482,1.5495589414395585,3.452515856401966,0.10332840346862679,5.090666151223703
