,Returns,Semi Deviation,Sortino Ratio,ADANIPORTS Weight,ASIANPAINT Weight,BAJFINANCE Weight,BAJAJFINSV Weight,BRITANNIA Weight,DIVISLAB Weight,GRASIM Weight,HCLTECH Weight,HDFCBANK Weight,HINDALCO Weight,HINDUNILVR Weight,ICICIBANK Weight,INFY Weight,JSWSTEEL Weight,NESTLEIND Weight,POWERGRID Weight,RELIANCE Weight,TCS Weight,TATACONSUM Weight,TATASTEEL Weight,TECHM Weight,TITAN Weight,UPL Weight,WIPRO Weight
0,0.14454139456572695,0.6737884232353175,0.19992363342152078,1.2961746483761918,7.683257819752318,5.050055065612873,3.521788787160024,3.4821615297465516,6.500473816079843,0.09030415416388399,7.6851414567055185,4.528289603659959,2.0595356027393517,7.744991515211093,0.9264785592035361,0.19218260599731696,0.18845734096699532,3.545079603704787,2.595853417676283,5.709222007463634,8.281096394560059,7.754241879585093,4.802355868914611,0.0783260223795416,7.364848164475865,3.4404253042744313,5.47925883159025
