,Returns,Semi Deviation,Sortino Ratio,ADANIPORTS Weight,ASIANPAINT Weight,BAJFINANCE Weight,BAJAJFINSV Weight,BRITANNIA Weight,DIVISLAB Weight,GRASIM Weight,HCLTECH Weight,HDFCBANK Weight,HINDALCO Weight,HINDUNILVR Weight,ICICIBANK Weight,INFY Weight,JSWSTEEL Weight,NESTLEIND Weight,POWERGRID Weight,RELIANCE Weight,TCS Weight,TATACONSUM Weight,TATASTEEL Weight,TECHM Weight,TITAN Weight,UPL Weight,WIPRO Weight
0,-36.384151942726945,4.110792297603582,-9.721763847330442,0.9989598854014092,9.2419108830522,6.192633038387747,0.22680882232152988,8.858925313443427,1.3913618095434814,3.768827746577591,0.4654832327268027,2.950998298590673,6.193334106927141,5.747056985095478,1.293805711814844,9.163535209944182,4.297479090357999,3.4234835283474743,6.833378205383889,6.362213924715316,0.2272412664508249,6.419811213124438,4.282247298710398,4.062797498760286,1.918895863965591,2.686998359020025,2.9918127073372593
