,Returns,Semi Deviation,Sortino Ratio,ADANIPORTS Weight,ASIANPAINT Weight,BAJFINANCE Weight,BAJAJFINSV Weight,BRITANNIA Weight,DIVISLAB Weight,GRASIM Weight,HCLTECH Weight,HDFCBANK Weight,HINDALCO Weight,HINDUNILVR Weight,ICICIBANK Weight,INFY Weight,JSWSTEEL Weight,NESTLEIND Weight,POWERGRID Weight,RELIANCE Weight,TCS Weight,TATACONSUM Weight,TATASTEEL Weight,TECHM Weight,TITAN Weight,UPL Weight,WIPRO Weight
0,-23.80403961747246,1.9100210093729582,-14.337035814314092,5.412080543323255,5.364096752779964,2.048674063105835,3.1373315721638795,2.1480910072423702,8.180663350224576,6.341915661919812,6.8132025635468825,2.911556103203145,2.71972562090987,7.448996920165368,3.6561156161187083,4.1581295711446815,6.700656740282246,1.9934494343655023,0.3648412589662298,6.18875203463623,4.4421796323079725,0.5906855123943211,0.615267466726459,7.5325047448943545,2.3944368373982265,0.6878378885033778,8.14880910367676
