,Returns,Semi Deviation,Sortino Ratio,ADANIPORTS Weight,ASIANPAINT Weight,BAJFINANCE Weight,BAJAJFINSV Weight,BRITANNIA Weight,DIVISLAB Weight,GRASIM Weight,HCLTECH Weight,HDFCBANK Weight,HINDALCO Weight,HINDUNILVR Weight,ICICIBANK Weight,INFY Weight,JSWSTEEL Weight,NESTLEIND Weight,POWERGRID Weight,RELIANCE Weight,TCS Weight,TATACONSUM Weight,TATASTEEL Weight,TECHM Weight,TITAN Weight,UPL Weight,WIPRO Weight
0,0.3116311122711301,0.5241774632179,0.5757514746690073,2.643977102105961,8.71768114798346,4.460518822440005,2.3074104855623796,1.1949187280742548,9.27123860232389,0.223863670720385,3.8499832684966804,4.233139315521521,2.9478494142363827,9.695880372666315,1.8446739743943987,1.8620383241860428,2.591884969101904,6.613113201719408,4.402414818730045,8.165443854483529,7.248777676540691,3.4169466499264627,0.8051262154859634,1.5345782151059562,5.618908154687401,0.5194696523719493,5.8301633631350125
