,Returns,Semi Deviation,Sortino Ratio,ADANIPORTS Weight,ASIANPAINT Weight,BAJFINANCE Weight,BAJAJFINSV Weight,BRITANNIA Weight,DIVISLAB Weight,GRASIM Weight,HCLTECH Weight,HDFCBANK Weight,HINDALCO Weight,HINDUNILVR Weight,ICICIBANK Weight,INFY Weight,JSWSTEEL Weight,NESTLEIND Weight,POWERGRID Weight,RELIANCE Weight,TCS Weight,TATACONSUM Weight,TATASTEEL Weight,TECHM Weight,TITAN Weight,UPL Weight,WIPRO Weight
0,-26.017633553255852,2.6273904060716458,-11.265030687810452,0.18328903356126103,0.6905040628164881,5.534079656535618,0.5454320310857739,4.299415035664919,7.8029801357782365,4.311158611359843,5.116469114633767,4.127089088700277,1.5454185293187068,1.5569194448919403,1.2962002039424458,0.14116743648139218,6.036345244853801,3.3269639217215263,6.19659598385243,2.6463373250609283,7.878338961015348,7.518879491965157,3.006605445969844,6.123489552208634,8.337263775027925,6.859232809144436,4.91982510440932
