,Returns,Semi Deviation,Sortino Ratio,ADANIPORTS Weight,ASIANPAINT Weight,BAJFINANCE Weight,BAJAJFINSV Weight,BRITANNIA Weight,DIVISLAB Weight,GRASIM Weight,HCLTECH Weight,HDFCBANK Weight,HINDALCO Weight,HINDUNILVR Weight,ICICIBANK Weight,INFY Weight,JSWSTEEL Weight,NESTLEIND Weight,POWERGRID Weight,RELIANCE Weight,TCS Weight,TATACONSUM Weight,TATASTEEL Weight,TECHM Weight,TITAN Weight,UPL Weight,WIPRO Weight
0,-29.512806900343346,4.203622591121531,-7.8724495796170295,1.6186922656752798,6.9879112839908055,7.364725551229314,4.268397768923455,5.538957039159632,3.9556859941891225,4.420663043924774,0.43969326232734635,0.3508565786104014,1.025128742009658,4.753694092414547,5.562831135174522,2.465402069716434,6.466755178865437,0.0014748164595480419,3.2155812006727764,8.235029970854098,3.732801811888773,8.11337768550385,8.53342199472793,1.8030940482428017,8.8832704539903,1.1511366160987775,1.1114173953504147
