,Returns,Semi Deviation,Sortino Ratio,ADANIPORTS Weight,ASIANPAINT Weight,BAJFINANCE Weight,BAJAJFINSV Weight,BRITANNIA Weight,DIVISLAB Weight,GRASIM Weight,HCLTECH Weight,HDFCBANK Weight,HINDALCO Weight,HINDUNILVR Weight,ICICIBANK Weight,INFY Weight,JSWSTEEL Weight,NESTLEIND Weight,POWERGRID Weight,RELIANCE Weight,TCS Weight,TATACONSUM Weight,TATASTEEL Weight,TECHM Weight,TITAN Weight,UPL Weight,WIPRO Weight
0,-28.114175019644193,3.1799520790269127,-9.96687189995103,0.986935585971491,7.760609503985104,0.41251561052282537,4.8729059278056415,0.2040317828587498,0.2762496285774741,3.481164848784135,7.064879741133792,4.96459315366479,4.53359477441458,5.808957922913175,3.1791144190866842,3.849706182077317,6.457498492664887,6.467876455670887,3.2299407222560457,1.2167033117167734,2.4598338560195256,6.7263481565694905,6.609985574096454,6.289556357439766,5.561811322677793,4.781414684818426,2.8037719842741704
