,Returns,Semi Deviation,Sortino Ratio,ADANIPORTS Weight,ASIANPAINT Weight,BAJFINANCE Weight,BAJAJFINSV Weight,BRITANNIA Weight,DIVISLAB Weight,GRASIM Weight,HCLTECH Weight,HDFCBANK Weight,HINDALCO Weight,HINDUNILVR Weight,ICICIBANK Weight,INFY Weight,JSWSTEEL Weight,NESTLEIND Weight,POWERGRID Weight,RELIANCE Weight,TCS Weight,TATACONSUM Weight,TATASTEEL Weight,TECHM Weight,TITAN Weight,UPL Weight,WIPRO Weight
0,0.21682811628115545,0.22468965632690374,0.9212393433226584,2.0022270478752566,6.424919311837289,5.141912158571184,7.0351306726008,2.1758212463584616,6.699088343858671,0.1779918575723047,2.0724962516552896,5.599488449755933,1.3564830745105434,6.450052393723582,0.2848476015490618,4.237986943914652,3.35126101359807,7.984427245551092,2.2437281134788942,7.875074230178142,7.974445270401466,7.786727843946083,0.534807371042408,1.5347525746225155,2.892775422375685,0.13245253379257757,8.031103027230067
