,Returns,Semi Deviation,Sortino Ratio,ADANIPORTS Weight,ASIANPAINT Weight,BAJFINANCE Weight,BAJAJFINSV Weight,BRITANNIA Weight,DIVISLAB Weight,GRASIM Weight,HCLTECH Weight,HDFCBANK Weight,HINDALCO Weight,HINDUNILVR Weight,ICICIBANK Weight,INFY Weight,JSWSTEEL Weight,NESTLEIND Weight,POWERGRID Weight,RELIANCE Weight,TCS Weight,TATACONSUM Weight,TATASTEEL Weight,TECHM Weight,TITAN Weight,UPL Weight,WIPRO Weight
0,0.25021738343323635,0.23602730923481605,1.0184508706953181,1.35103278370567,4.840543604867402,2.899931661346277,0.9587885935169467,6.653770574434133,10.470685064673791,0.8358204825976003,3.9482799209276784,0.22673713929596845,3.3321880978305773,4.87361152004777,0.3286027479304231,4.572901193458876,3.214999296059209,5.273731881334766,0.6281362987627165,6.9919132811043045,3.6308919989674298,8.126297153237424,0.6689856355432979,2.518322356805657,10.746096884448054,2.795917308089079,10.111814521014942
