,Returns,Semi Deviation,Sortino Ratio,ADANIPORTS Weight,ASIANPAINT Weight,BAJFINANCE Weight,BAJAJFINSV Weight,BRITANNIA Weight,DIVISLAB Weight,GRASIM Weight,HCLTECH Weight,HDFCBANK Weight,HINDALCO Weight,HINDUNILVR Weight,ICICIBANK Weight,INFY Weight,JSWSTEEL Weight,NESTLEIND Weight,POWERGRID Weight,RELIANCE Weight,TCS Weight,TATACONSUM Weight,TATASTEEL Weight,TECHM Weight,TITAN Weight,UPL Weight,WIPRO Weight
0,0.19790242990006382,0.29131057530111587,0.6455902428894027,0.5627572533515424,2.9221810146247034,3.642571458629292,4.84435287897345,4.71131969401715,8.36220950902966,1.8970652104623356,0.8664331564685781,4.7721234894659,0.09984355206845692,8.126669811538381,0.15169918340111355,8.804051641460365,6.759285121752931,7.537421715483362,4.623537367300791,6.871342916010001,7.423442980626409,6.211800071512966,1.0111245677261511,1.1332082198164566,6.076757314179355,2.152713168526723,0.4360887035739134
