,Returns,Semi Deviation,Sortino Ratio,ADANIPORTS Weight,ASIANPAINT Weight,BAJFINANCE Weight,BAJAJFINSV Weight,BRITANNIA Weight,DIVISLAB Weight,GRASIM Weight,HCLTECH Weight,HDFCBANK Weight,HINDALCO Weight,HINDUNILVR Weight,ICICIBANK Weight,INFY Weight,JSWSTEEL Weight,NESTLEIND Weight,POWERGRID Weight,RELIANCE Weight,TCS Weight,TATACONSUM Weight,TATASTEEL Weight,TECHM Weight,TITAN Weight,UPL Weight,WIPRO Weight
0,-24.09162526661153,2.0005916292248966,-13.831721008116256,2.8420318768563924,4.173162578354838,6.7732631923636735,1.7368579375147515,0.4628834495474149,3.8619710586483667,1.5191952486152125,5.528655103852334,0.06498325276213097,7.617687591809652,5.641422394121367,6.454618594799307,7.94524047200176,1.7308881389182886,3.454529630297575,5.7585184084170375,7.746789186249889,7.616700561541932,4.076395330231286,1.0866135197511495,2.4631403232594873,6.1674623896346805,1.1563502459788093,4.120639514472675
