,Returns,Semi Deviation,Sortino Ratio,ADANIPORTS Weight,ASIANPAINT Weight,BAJFINANCE Weight,BAJAJFINSV Weight,BRITANNIA Weight,DIVISLAB Weight,GRASIM Weight,HCLTECH Weight,HDFCBANK Weight,HINDALCO Weight,HINDUNILVR Weight,ICICIBANK Weight,INFY Weight,JSWSTEEL Weight,NESTLEIND Weight,POWERGRID Weight,RELIANCE Weight,TCS Weight,TATACONSUM Weight,TATASTEEL Weight,TECHM Weight,TITAN Weight,UPL Weight,WIPRO Weight
0,-28.027644572069494,2.8698160472119665,-11.013822507117277,5.754396948747491,5.218869533788172,4.766448497059454,2.2942618293508117,1.8992374458173331,6.091518872701939,2.173990907337987,0.7518915153842659,9.071850785699512,6.79433793908098,4.477688906138604,0.9461135041586579,1.4100016494046086,6.436004844555038,6.492028027366844,0.7151046979353031,3.8677337643357133,2.1979330017779923,5.47785721803823,3.415626276611213,5.635844644616543,6.733451907216381,4.160358644657398,3.2174486382195453
