,Returns,Semi Deviation,Sortino Ratio,ADANIPORTS Weight,ASIANPAINT Weight,BAJFINANCE Weight,BAJAJFINSV Weight,BRITANNIA Weight,DIVISLAB Weight,GRASIM Weight,HCLTECH Weight,HDFCBANK Weight,HINDALCO Weight,HINDUNILVR Weight,ICICIBANK Weight,INFY Weight,JSWSTEEL Weight,NESTLEIND Weight,POWERGRID Weight,RELIANCE Weight,TCS Weight,TATACONSUM Weight,TATASTEEL Weight,TECHM Weight,TITAN Weight,UPL Weight,WIPRO Weight
0,-32.35295941422309,4.147379492805492,-8.664015308113573,5.39312019986461,5.2605634746152825,1.3712074004077788,4.649522570363815,2.6678757055723406,8.741082193827197,1.3802988898670137,1.6632037734510627,6.226391460032179,1.8038955000397654,8.481914386341337,0.67451435564066,1.139370968344585,1.9279626782973303,5.080979548179485,3.7251566991369596,5.757473291739089,8.229553735785846,8.705532512142339,0.1965666413672793,9.043175495287507,2.1994741162756815,4.474346628331652,1.2068177750892244
