,Returns,Semi Deviation,Sortino Ratio,ADANIPORTS Weight,ASIANPAINT Weight,BAJFINANCE Weight,BAJAJFINSV Weight,BRITANNIA Weight,DIVISLAB Weight,GRASIM Weight,HCLTECH Weight,HDFCBANK Weight,HINDALCO Weight,HINDUNILVR Weight,ICICIBANK Weight,INFY Weight,JSWSTEEL Weight,NESTLEIND Weight,POWERGRID Weight,RELIANCE Weight,TCS Weight,TATACONSUM Weight,TATASTEEL Weight,TECHM Weight,TITAN Weight,UPL Weight,WIPRO Weight
0,0.23984549325214802,0.3080251644221679,0.7467257710858309,5.403591611945399,2.737612909937097,4.578189736740627,2.2395574663998157,0.5947185971334091,5.346724251016948,0.8025586869329286,4.81029325793352,2.4243019747114474,1.632776773087859,8.336971879520629,0.37077631458629795,4.252942104355788,7.0537183490119615,8.481532892618848,4.374304084751655,5.550645129374007,7.668411840609059,7.701461478505409,5.44073410015549,0.7364881852274592,5.017827672926288,0.3794511005861897,4.06440960193187
