,Returns,Semi Deviation,Sortino Ratio,ADANIPORTS Weight,ASIANPAINT Weight,BAJFINANCE Weight,BAJAJFINSV Weight,BRITANNIA Weight,DIVISLAB Weight,GRASIM Weight,HCLTECH Weight,HDFCBANK Weight,HINDALCO Weight,HINDUNILVR Weight,ICICIBANK Weight,INFY Weight,JSWSTEEL Weight,NESTLEIND Weight,POWERGRID Weight,RELIANCE Weight,TCS Weight,TATACONSUM Weight,TATASTEEL Weight,TECHM Weight,TITAN Weight,UPL Weight,WIPRO Weight
0,-31.128919278150303,3.715746613228949,-9.34103503037,9.872284620113534,6.328355408296985,5.5551891642360784,3.780636190618046,2.481194332968272,0.7692457892978741,4.9946327388506715,7.707599821354383,2.4321576517641206,4.242020768753895,0.36384438496869104,0.4256273150078408,4.596480495264403,2.2019963454596576,3.1048046649877628,2.4083709741274344,8.361619309206885,6.954738828520273,4.133061754512743,2.073242885322124,2.9457486390420917,6.477473639430163,4.974990902153122,2.8146833757429475
