,Returns,Semi Deviation,Sortino Ratio,ADANIPORTS Weight,ASIANPAINT Weight,BAJFINANCE Weight,BAJAJFINSV Weight,BRITANNIA Weight,DIVISLAB Weight,GRASIM Weight,HCLTECH Weight,HDFCBANK Weight,HINDALCO Weight,HINDUNILVR Weight,ICICIBANK Weight,INFY Weight,JSWSTEEL Weight,NESTLEIND Weight,POWERGRID Weight,RELIANCE Weight,TCS Weight,TATACONSUM Weight,TATASTEEL Weight,TECHM Weight,TITAN Weight,UPL Weight,WIPRO Weight
0,0.010261266847732523,0.5449446570415788,0.0007819179563681385,0.2987722466764097,7.952613017734106,3.2039521331136513,2.140836714828869,1.48368510936438,8.127149703922802,1.022958117159642,7.873191747590483,4.870062893164597,3.0678602017921595,7.291275529017348,0.8596820707435803,8.117801163150258,0.46787063761811143,3.5478928920736736,4.253754446647908,6.325232190653132,5.140211086759229,6.332890307752072,0.9557335444548706,4.3251869334472515,6.972972924181488,0.25801971254169165,5.110394675612284
