,Returns,Semi Deviation,Sortino Ratio,ADANIPORTS Weight,ASIANPAINT Weight,BAJFINANCE Weight,BAJAJFINSV Weight,BRITANNIA Weight,DIVISLAB Weight,GRASIM Weight,HCLTECH Weight,HDFCBANK Weight,HINDALCO Weight,HINDUNILVR Weight,ICICIBANK Weight,INFY Weight,JSWSTEEL Weight,NESTLEIND Weight,POWERGRID Weight,RELIANCE Weight,TCS Weight,TATACONSUM Weight,TATASTEEL Weight,TECHM Weight,TITAN Weight,UPL Weight,WIPRO Weight
0,-31.175832297578182,4.0267842795017845,-8.631163202484332,1.1248826753256258,4.817664146419826,6.4088588343773,3.2479020076597593,4.01467348380145,3.9368344795813357,2.8594133272825757,2.6089127454560566,4.992625089244688,2.5720431503824184,5.448619517932451,2.861841854139104,2.5382224061261276,6.443476092183629,3.5399501633354076,5.495941154469046,5.956069564660489,0.8693621671738214,5.5532607283104225,5.622595355163594,6.176306337215165,6.6588455371363775,0.7113976921822098,5.540301490441133
