,Returns,Semi Deviation,Sortino Ratio,ADANIPORTS Weight,ASIANPAINT Weight,BAJFINANCE Weight,BAJAJFINSV Weight,BRITANNIA Weight,DIVISLAB Weight,GRASIM Weight,HCLTECH Weight,HDFCBANK Weight,HINDALCO Weight,HINDUNILVR Weight,ICICIBANK Weight,INFY Weight,JSWSTEEL Weight,NESTLEIND Weight,POWERGRID Weight,RELIANCE Weight,TCS Weight,TATACONSUM Weight,TATASTEEL Weight,TECHM Weight,TITAN Weight,UPL Weight,WIPRO Weight
0,0.2187285583780342,0.5407283759445519,0.38631853410313716,1.8464457410123263,5.204306706143166,6.166577265470466,2.1054432831122676,6.066005787851135,5.105135389247875,0.5566482176941083,3.8039335532484717,4.921111522097994,0.8674815474088641,4.805323296737198,4.356331419567973,3.225140235553388,1.3434567278666592,6.9465151338464715,2.0739900300599574,9.519734594582486,7.920687087116467,6.540428024956807,0.6271081246759522,2.186601870325534,8.652888130111615,2.584600598427655,2.5741057128851583
