,Returns,Semi Deviation,Sortino Ratio,ADANIPORTS Weight,ASIANPAINT Weight,BAJFINANCE Weight,BAJAJFINSV Weight,BRITANNIA Weight,DIVISLAB Weight,GRASIM Weight,HCLTECH Weight,HDFCBANK Weight,HINDALCO Weight,HINDUNILVR Weight,ICICIBANK Weight,INFY Weight,JSWSTEEL Weight,NESTLEIND Weight,POWERGRID Weight,RELIANCE Weight,TCS Weight,TATACONSUM Weight,TATASTEEL Weight,TECHM Weight,TITAN Weight,UPL Weight,WIPRO Weight
0,-23.680970923835766,2.3099174943607115,-11.801707632583849,0.2097580435245888,5.394193590389836,0.9527784066186027,2.6397093880837468,2.628140433532892,7.418814821414258,4.710857930257244,4.353171134412114,3.3130025580817355,0.773661809760346,1.0747740379079895,0.9811499459115305,5.687037543561447,7.4702156370970645,8.645740450326453,6.513873850207045,0.21702478564745337,5.804553596832716,7.829118316864283,7.5580328399745556,1.655012630903046,3.0575967771678356,3.048432322286335,8.06334914923689
