,Returns,Semi Deviation,Sortino Ratio,ADANIPORTS Weight,ASIANPAINT Weight,BAJFINANCE Weight,BAJAJFINSV Weight,BRITANNIA Weight,DIVISLAB Weight,GRASIM Weight,HCLTECH Weight,HDFCBANK Weight,HINDALCO Weight,HINDUNILVR Weight,ICICIBANK Weight,INFY Weight,JSWSTEEL Weight,NESTLEIND Weight,POWERGRID Weight,RELIANCE Weight,TCS Weight,TATACONSUM Weight,TATASTEEL Weight,TECHM Weight,TITAN Weight,UPL Weight,WIPRO Weight
0,-38.124766324805,4.449855704142041,-9.372161503121353,5.9907267711611984,3.878610126657563,4.478142275603871,0.7379698249776725,0.531860168934125,7.50265065121741,0.6709008339010256,8.127109305536123,2.5082246398704258,1.6024433968415064,1.7677211741072545,0.8664500336303479,5.531481912839631,7.807161357485194,7.4859098165345275,8.229988858210763,3.917046893880021,6.904406655058821,3.3086218263524847,3.997668544295853,1.2409115145069263,2.1282857080452207,5.156928435903653,5.628779274448358
