,Returns,Semi Deviation,Sortino Ratio,ADANIPORTS Weight,ASIANPAINT Weight,BAJFINANCE Weight,BAJAJFINSV Weight,BRITANNIA Weight,DIVISLAB Weight,GRASIM Weight,HCLTECH Weight,HDFCBANK Weight,HINDALCO Weight,HINDUNILVR Weight,ICICIBANK Weight,INFY Weight,JSWSTEEL Weight,NESTLEIND Weight,POWERGRID Weight,RELIANCE Weight,TCS Weight,TATACONSUM Weight,TATASTEEL Weight,TECHM Weight,TITAN Weight,UPL Weight,WIPRO Weight
0,-26.466349754769514,2.860011850084587,-10.505673168410429,8.355907936293288,1.2841279530908893,2.048200287313199,6.293903135598937,1.8311039086268934,8.121419495237527,3.1395888266638394,3.0457783144742825,0.8657735126316692,2.157058697464427,7.846080518878152,8.129575594221485,8.065289311070526,1.7716422184886207,3.5065698028529706,0.25714172119471357,4.389366816234346,2.9059876101121067,4.0785987070499266,5.708203065197344,1.6675088601715917,7.891945896559946,0.4532560701982039,6.185971740375122
