,Returns,Semi Deviation,Sortino Ratio,ADANIPORTS Weight,ASIANPAINT Weight,BAJFINANCE Weight,BAJAJFINSV Weight,BRITANNIA Weight,DIVISLAB Weight,GRASIM Weight,HCLTECH Weight,HDFCBANK Weight,HINDALCO Weight,HINDUNILVR Weight,ICICIBANK Weight,INFY Weight,JSWSTEEL Weight,NESTLEIND Weight,POWERGRID Weight,RELIANCE Weight,TCS Weight,TATACONSUM Weight,TATASTEEL Weight,TECHM Weight,TITAN Weight,UPL Weight,WIPRO Weight
0,-45.571172532268776,6.034042317514354,-8.145645977590021,4.074992009673604,6.765580897124623,6.601779143686691,6.399542417570131,0.40025885196488636,1.1544281360453534,4.62016793618226,6.064266364171714,4.199845434528551,4.03212003103136,2.16237410340642,2.2558043816320104,2.5962102928050017,3.787310979901833,6.239334038567839,6.717199653880668,6.64686452376971,3.4841497258447602,3.104940206849876,4.892509183607078,5.141488677426646,5.3968515159846735,0.8911588994623555,2.370822594881952
