,Returns,Semi Deviation,Sortino Ratio,ADANIPORTS Weight,ASIANPAINT Weight,BAJFINANCE Weight,BAJAJFINSV Weight,BRITANNIA Weight,DIVISLAB Weight,GRASIM Weight,HCLTECH Weight,HDFCBANK Weight,HINDALCO Weight,HINDUNILVR Weight,ICICIBANK Weight,INFY Weight,JSWSTEEL Weight,NESTLEIND Weight,POWERGRID Weight,RELIANCE Weight,TCS Weight,TATACONSUM Weight,TATASTEEL Weight,TECHM Weight,TITAN Weight,UPL Weight,WIPRO Weight
0,-34.88140976585382,4.46676393099892,-8.610575879986687,1.886443078304461,3.2546181891230708,4.955903408118888,0.24625941377282354,4.102515757109241,2.29585374013845,1.0715072853966754,8.208676963221663,2.0653101641539693,4.509690826749856,8.916932845078748,2.0324196078283396,7.819549860608095,5.635385498467972,5.915391784080221,8.07937033639349,5.921896920659446,3.167185891421076,2.182549549482388,3.7498142572394215,3.714334619050151,6.839729627277789,0.5883854677305208,2.8402749085932575
