,Returns,Semi Deviation,Sortino Ratio,ADANIPORTS Weight,ASIANPAINT Weight,BAJFINANCE Weight,BAJAJFINSV Weight,BRITANNIA Weight,DIVISLAB Weight,GRASIM Weight,HCLTECH Weight,HDFCBANK Weight,HINDALCO Weight,HINDUNILVR Weight,ICICIBANK Weight,INFY Weight,JSWSTEEL Weight,NESTLEIND Weight,POWERGRID Weight,RELIANCE Weight,TCS Weight,TATACONSUM Weight,TATASTEEL Weight,TECHM Weight,TITAN Weight,UPL Weight,WIPRO Weight
0,-24.64932059392737,2.4998706644986672,-11.29231243632701,5.71098710529288,6.930869486407111,7.058618994425793,6.6768933957926535,4.3936000658825405,2.116677123081652,2.928951302002647,8.364389010077824,1.369272775061761,5.248652545219297,0.3625014168166125,0.8454208548628575,1.8113051762561734,1.001565485847401,2.6053773823822968,1.4194996639453266,0.01048361833342894,3.6424481506367847,1.165153479867481,8.526894557949106,8.17860926730595,6.80933821150911,4.155807582272908,8.6666833487704
