,Returns,Semi Deviation,Sortino Ratio,ADANIPORTS Weight,ASIANPAINT Weight,BAJFINANCE Weight,BAJAJFINSV Weight,BRITANNIA Weight,DIVISLAB Weight,GRASIM Weight,HCLTECH Weight,HDFCBANK Weight,HINDALCO Weight,HINDUNILVR Weight,ICICIBANK Weight,INFY Weight,JSWSTEEL Weight,NESTLEIND Weight,POWERGRID Weight,RELIANCE Weight,TCS Weight,TATACONSUM Weight,TATASTEEL Weight,TECHM Weight,TITAN Weight,UPL Weight,WIPRO Weight
0,0.24123388982722713,0.28900793155060106,0.8006656556121117,3.4453384778478973,8.792936543162796,4.213403260672843,2.8057612283303626,1.4744237107198706,7.822738993675536,0.22370996401920926,2.229246298874016,0.6129977592798944,1.9544065092835323,2.1706794341777806,0.8154894262434355,5.079999228696812,4.34637345497332,3.395047610490694,3.9440789802827068,10.153239970095717,7.362086591065875,9.170283724346767,8.074999916283764,0.1094087919125993,8.2681800790072,1.1715380419158186,2.363632004641528
