,Returns,Semi Deviation,Sortino Ratio,ADANIPORTS Weight,ASIANPAINT Weight,BAJFINANCE Weight,BAJAJFINSV Weight,BRITANNIA Weight,DIVISLAB Weight,GRASIM Weight,HCLTECH Weight,HDFCBANK Weight,HINDALCO Weight,HINDUNILVR Weight,ICICIBANK Weight,INFY Weight,JSWSTEEL Weight,NESTLEIND Weight,POWERGRID Weight,RELIANCE Weight,TCS Weight,TATACONSUM Weight,TATASTEEL Weight,TECHM Weight,TITAN Weight,UPL Weight,WIPRO Weight
0,-30.495145480749642,4.197511477596604,-8.117939799002114,4.533615639686584,5.143385679109866,4.964019400647705,5.965609875697931,7.198745112706913,6.594907019448519,3.006931038261807,1.658564539170335,4.067009260558452,6.113905420002041,3.6117296495100946,3.610588442186824,4.67622745575194,1.3321019241924488,6.549548238607549,4.464745444857953,2.954693032527355,0.948064119736192,5.916086343240298,0.9822440338182001,5.392973248307685,5.186204511157082,3.460239134375061,1.6678614364411624
