,Returns,Semi Deviation,Sortino Ratio,ADANIPORTS Weight,ASIANPAINT Weight,BAJFINANCE Weight,BAJAJFINSV Weight,BRITANNIA Weight,DIVISLAB Weight,GRASIM Weight,HCLTECH Weight,HDFCBANK Weight,HINDALCO Weight,HINDUNILVR Weight,ICICIBANK Weight,INFY Weight,JSWSTEEL Weight,NESTLEIND Weight,POWERGRID Weight,RELIANCE Weight,TCS Weight,TATACONSUM Weight,TATASTEEL Weight,TECHM Weight,TITAN Weight,UPL Weight,WIPRO Weight
0,-39.80428444153743,4.514124415722148,-9.610786156100446,1.3317994230917958,4.733186494423212,0.7952470967311545,6.040463962244998,3.450193821548024,7.386863463467269,4.727764592268683,1.2455667032217268,6.2196386310541705,5.481067052835803,4.449639259975443,2.155049168972227,3.1810164642773238,7.310092420571958,7.769644593017874,2.464572970937623,7.0510884171234744,4.194217971912003,4.3826843213520945,6.242638264026766,2.6875539723432724,5.488832532874815,0.10750184925711048,1.1036765524711565
