,Returns,Semi Deviation,Sortino Ratio,ADANIPORTS Weight,ASIANPAINT Weight,BAJFINANCE Weight,BAJAJFINSV Weight,BRITANNIA Weight,DIVISLAB Weight,GRASIM Weight,HCLTECH Weight,HDFCBANK Weight,HINDALCO Weight,HINDUNILVR Weight,ICICIBANK Weight,INFY Weight,JSWSTEEL Weight,NESTLEIND Weight,POWERGRID Weight,RELIANCE Weight,TCS Weight,TATACONSUM Weight,TATASTEEL Weight,TECHM Weight,TITAN Weight,UPL Weight,WIPRO Weight
0,0.11684503867001729,0.5717612613329583,0.18715831426805343,2.4916184842484013,5.985994606086811,6.477444153043692,4.603629364447971,5.205689450410288,6.942205087247168,3.4540657028741104,0.45839215978262704,3.238167800190197,0.5078601844788132,7.510058406552559,0.17030679706823373,8.895299228837917,0.8576672039742846,8.126069128231782,2.828483565153514,7.172235970834053,1.3324450430832446,7.639768377588785,0.47411597935694455,0.5362038479483248,8.145863635039879,0.2989327065761637,6.647483116944238
