,Returns,Semi Deviation,Sortino Ratio,ADANIPORTS Weight,ASIANPAINT Weight,BAJFINANCE Weight,BAJAJFINSV Weight,BRITANNIA Weight,DIVISLAB Weight,GRASIM Weight,HCLTECH Weight,HDFCBANK Weight,HINDALCO Weight,HINDUNILVR Weight,ICICIBANK Weight,INFY Weight,JSWSTEEL Weight,NESTLEIND Weight,POWERGRID Weight,RELIANCE Weight,TCS Weight,TATACONSUM Weight,TATASTEEL Weight,TECHM Weight,TITAN Weight,UPL Weight,WIPRO Weight
0,-31.168494588190303,4.383951902957819,-7.926294666861138,2.295414769495325,2.4235257859664907,3.5441136264324444,6.198298655763016,6.131477364894654,7.602457071526316,4.697159272311248,6.496306883670952,4.40140207422244,5.67485399953793,5.732748509635194,6.458208149430593,1.2956718413260635,3.1304003381574628,2.515439734415571,4.675552957713613,7.944528504178707,3.257364619098639,1.5074815682273284,0.5958232022028008,0.6328605487451426,3.520825960046745,4.923262507983786,4.3448220550175245
