,Returns,Semi Deviation,Sortino Ratio,ADANIPORTS Weight,ASIANPAINT Weight,BAJFINANCE Weight,BAJAJFINSV Weight,BRITANNIA Weight,DIVISLAB Weight,GRASIM Weight,HCLTECH Weight,HDFCBANK Weight,HINDALCO Weight,HINDUNILVR Weight,ICICIBANK Weight,INFY Weight,JSWSTEEL Weight,NESTLEIND Weight,POWERGRID Weight,RELIANCE Weight,TCS Weight,TATACONSUM Weight,TATASTEEL Weight,TECHM Weight,TITAN Weight,UPL Weight,WIPRO Weight
0,-34.34118233883871,4.656237735634931,-8.144167993962562,4.323547686339514,1.5128162016195295,5.621662933681719,8.237969558987377,5.169845950581239,7.632320829562398,2.245435097277265,6.4267754374235295,3.6286370606956524,6.975925965302514,0.2803878418575441,0.07177314070726741,4.043929839776135,4.637193925417831,4.641256523902686,8.60289915534195,0.6855477334809545,1.5850962784379945,5.404097263670592,2.5427676335465748,4.904720858643492,3.5161775024862125,3.6468208332358656,3.662394748024172
