,Returns,Semi Deviation,Sortino Ratio,ADANIPORTS Weight,ASIANPAINT Weight,BAJFINANCE Weight,BAJAJFINSV Weight,BRITANNIA Weight,DIVISLAB Weight,GRASIM Weight,HCLTECH Weight,HDFCBANK Weight,HINDALCO Weight,HINDUNILVR Weight,ICICIBANK Weight,INFY Weight,JSWSTEEL Weight,NESTLEIND Weight,POWERGRID Weight,RELIANCE Weight,TCS Weight,TATACONSUM Weight,TATASTEEL Weight,TECHM Weight,TITAN Weight,UPL Weight,WIPRO Weight
0,-31.346510387211374,4.472265043855039,-7.809579719610075,5.345738063766884,2.4808485075354856,1.7565838506367388,5.963107673598565,0.5701928593589924,6.240833095440798,2.7320738090090435,2.901126564901683,1.519946396400826,7.10369536440126,5.406445138224645,1.4797436630036565,4.228568462544499,5.501031917070623,0.1964740852753693,4.853034529181517,5.080698416693116,3.0395944025156907,7.356692065648404,4.539742599225793,7.177043100446147,3.7064989352054183,4.6048549308482585,6.215431569066587
