,Returns,Semi Deviation,Sortino Ratio,ADANIPORTS Weight,ASIANPAINT Weight,BAJFINANCE Weight,BAJAJFINSV Weight,BRITANNIA Weight,DIVISLAB Weight,GRASIM Weight,HCLTECH Weight,HDFCBANK Weight,HINDALCO Weight,HINDUNILVR Weight,ICICIBANK Weight,INFY Weight,JSWSTEEL Weight,NESTLEIND Weight,POWERGRID Weight,RELIANCE Weight,TCS Weight,TATACONSUM Weight,TATASTEEL Weight,TECHM Weight,TITAN Weight,UPL Weight,WIPRO Weight
0,0.21282384960028866,0.6597174999695332,0.30769031407306635,0.06434469477283643,2.665612728004572,4.977750825001794,5.389987555655754,3.600864350923004,9.40898565691961,2.591760325005415,4.261898683993952,1.2886484013215886,8.332315690404906,9.026450066072263,1.206917947435724,0.12113938506323135,1.0278653138169527,7.762126352321555,7.633519130559184,4.2689271763107035,9.64029098169124,6.844511819023133,0.7517867107099163,0.11908470436688022,5.730362148636966,0.25354392389234065,3.03130542809647
