,Returns,Semi Deviation,Sortino Ratio,ADANIPORTS Weight,ASIANPAINT Weight,BAJFINANCE Weight,BAJAJFINSV Weight,BRITANNIA Weight,DIVISLAB Weight,GRASIM Weight,HCLTECH Weight,HDFCBANK Weight,HINDALCO Weight,HINDUNILVR Weight,ICICIBANK Weight,INFY Weight,JSWSTEEL Weight,NESTLEIND Weight,POWERGRID Weight,RELIANCE Weight,TCS Weight,TATACONSUM Weight,TATASTEEL Weight,TECHM Weight,TITAN Weight,UPL Weight,WIPRO Weight
0,-31.57764870539093,4.462151525452134,-7.8790799695733185,6.641990537973877,8.476486347566837,5.6385279800334365,3.6884419613065473,1.28348847209328,6.227495007134291,2.56583529690535,0.5136038196873588,1.5003202046445943,5.831320128306829,5.100953761432062,1.3336835966691127,0.7799737982665602,4.993758829902595,3.216334298121324,5.500956421538834,8.64449174508213,0.13968576976970834,6.049324669396762,1.3875972658888505,9.043257574881016,2.4889509492199067,4.332807854474385,4.620713709704334
