,Returns,Semi Deviation,Sortino Ratio,ADANIPORTS Weight,ASIANPAINT Weight,BAJFINANCE Weight,BAJAJFINSV Weight,BRITANNIA Weight,DIVISLAB Weight,GRASIM Weight,HCLTECH Weight,HDFCBANK Weight,HINDALCO Weight,HINDUNILVR Weight,ICICIBANK Weight,INFY Weight,JSWSTEEL Weight,NESTLEIND Weight,POWERGRID Weight,RELIANCE Weight,TCS Weight,TATACONSUM Weight,TATASTEEL Weight,TECHM Weight,TITAN Weight,UPL Weight,WIPRO Weight
0,0.21658642503517497,0.6497765355665225,0.31818825224236413,3.150860786749885,4.200732604743066,4.1574820062431055,5.884701704594258,3.635396035485168,8.167976501091442,0.14538820462360558,5.491861160814432,2.7343831316609917,4.018476285267783,8.966440785052326,2.2172284497731387,1.8381222106268043,5.5340769362425215,8.06887559523732,1.9987826326729283,9.152653745594904,6.103808942514259,7.115935610299758,1.2963514113702608,0.7726644445051198,2.792390869848576,1.0071592631234516,1.5482506818648847
