,Returns,Semi Deviation,Sortino Ratio,ADANIPORTS Weight,ASIANPAINT Weight,BAJFINANCE Weight,BAJAJFINSV Weight,BRITANNIA Weight,DIVISLAB Weight,GRASIM Weight,HCLTECH Weight,HDFCBANK Weight,HINDALCO Weight,HINDUNILVR Weight,ICICIBANK Weight,INFY Weight,JSWSTEEL Weight,NESTLEIND Weight,POWERGRID Weight,RELIANCE Weight,TCS Weight,TATACONSUM Weight,TATASTEEL Weight,TECHM Weight,TITAN Weight,UPL Weight,WIPRO Weight
0,-32.60918329909099,3.52382645279795,-10.26985403051176,1.8890192917184376,4.322797573330832,7.581877365801741,4.605996546144303,0.7563154623468943,6.9094010547636895,3.9041644251776706,1.1432775445036318,6.5018522723854275,0.7733359213878922,5.6384726244025805,1.1215765211793027,1.6486845209530483,3.9454134100393925,3.840986127120168,5.618889696493912,2.9899476508603224,7.521863308954763,4.150189444758203,8.137834812283632,8.01232259553027,3.0772545050999662,0.8727374339600982,5.035789890803834
