,Returns,Semi Deviation,Sortino Ratio,ADANIPORTS Weight,ASIANPAINT Weight,BAJFINANCE Weight,BAJAJFINSV Weight,BRITANNIA Weight,DIVISLAB Weight,GRASIM Weight,HCLTECH Weight,HDFCBANK Weight,HINDALCO Weight,HINDUNILVR Weight,ICICIBANK Weight,INFY Weight,JSWSTEEL Weight,NESTLEIND Weight,POWERGRID Weight,RELIANCE Weight,TCS Weight,TATACONSUM Weight,TATASTEEL Weight,TECHM Weight,TITAN Weight,UPL Weight,WIPRO Weight
0,-41.86949459570174,4.900664149009566,-9.27415003635521,5.179573564517186,2.8465524592941915,7.152105497875205,1.912778357227647,4.437080769558896,6.059669726775316,3.0082091971075338,3.6438807605979644,5.825700636383684,0.9462175795475796,3.70375170146446,2.0781506446013402,2.4551556724282775,5.600593056702785,1.5073015064904207,0.7915579532343963,4.042491152468723,3.0412724551825807,7.008745869586348,5.216760831771994,7.481874270700774,6.142523617511381,1.9614913507767802,7.956561368194524
