,Returns,Semi Deviation,Sortino Ratio,ADANIPORTS Weight,ASIANPAINT Weight,BAJFINANCE Weight,BAJAJFINSV Weight,BRITANNIA Weight,DIVISLAB Weight,GRASIM Weight,HCLTECH Weight,HDFCBANK Weight,HINDALCO Weight,HINDUNILVR Weight,ICICIBANK Weight,INFY Weight,JSWSTEEL Weight,NESTLEIND Weight,POWERGRID Weight,RELIANCE Weight,TCS Weight,TATACONSUM Weight,TATASTEEL Weight,TECHM Weight,TITAN Weight,UPL Weight,WIPRO Weight
0,-26.799996863491042,2.805206764166137,-10.829860119962195,3.6906726307412674,2.4846780998530904,2.3666176128205785,2.8981172261847754,4.8527817757752025,4.768528109383629,4.342378790527309,0.35640824337065874,3.4487861125019807,7.526839720443522,7.996965756595794,1.8638139686953985,7.297031753120187,7.192305915246005,6.16915782457331,1.5983491177080227,3.9175788868779753,1.9539370216871472,5.447395756597496,7.348872481936921,6.953251048703692,4.641568960474953,0.11456809023218163,0.7693950959488935
