,Returns,Semi Deviation,Sortino Ratio,ADANIPORTS Weight,ASIANPAINT Weight,BAJFINANCE Weight,BAJAJFINSV Weight,BRITANNIA Weight,DIVISLAB Weight,GRASIM Weight,HCLTECH Weight,HDFCBANK Weight,HINDALCO Weight,HINDUNILVR Weight,ICICIBANK Weight,INFY Weight,JSWSTEEL Weight,NESTLEIND Weight,POWERGRID Weight,RELIANCE Weight,TCS Weight,TATACONSUM Weight,TATASTEEL Weight,TECHM Weight,TITAN Weight,UPL Weight,WIPRO Weight
0,-30.87605693685146,3.335900530624384,-10.328862212927639,0.8472398534621343,8.313952648288797,1.9380816077351557,5.375170397522329,1.3808716552906177,4.413633102270195,8.103902665736861,6.4854355150976355,1.3084989802607148,2.1490296344386333,8.97670963099114,3.7527767828776466,1.8414863914752069,0.9520297539274658,8.168998996324007,0.20874391962828986,0.33451656116370115,6.49107690327578,4.157081867759206,5.581451675840317,4.750726721897639,7.29632268422823,2.9784614018191045,4.193800648689205
