,Returns,Semi Deviation,Sortino Ratio,ADANIPORTS Weight,ASIANPAINT Weight,BAJFINANCE Weight,BAJAJFINSV Weight,BRITANNIA Weight,DIVISLAB Weight,GRASIM Weight,HCLTECH Weight,HDFCBANK Weight,HINDALCO Weight,HINDUNILVR Weight,ICICIBANK Weight,INFY Weight,JSWSTEEL Weight,NESTLEIND Weight,POWERGRID Weight,RELIANCE Weight,TCS Weight,TATACONSUM Weight,TATASTEEL Weight,TECHM Weight,TITAN Weight,UPL Weight,WIPRO Weight
0,0.3306807746395178,0.5048620835263844,0.6355114005854736,0.015699434984672897,6.75507000941827,6.473868950135278,1.8808011538766565,2.2002194115819393,8.338825586035256,0.32596314643213004,3.848815378248708,4.282352255379469,1.4689898169943767,7.831339897164516,0.29337461529178144,4.30615002789721,4.084982985655418,8.007655936541411,2.043056382660524,2.5141357540033598,8.193263085862963,7.218535165463667,2.143359243063959,1.9623865922865285,6.74845219565304,5.0587783930338075,4.0039245823350385
