,Returns,Semi Deviation,Sortino Ratio,ADANIPORTS Weight,ASIANPAINT Weight,BAJFINANCE Weight,BAJAJFINSV Weight,BRITANNIA Weight,DIVISLAB Weight,GRASIM Weight,HCLTECH Weight,HDFCBANK Weight,HINDALCO Weight,HINDUNILVR Weight,ICICIBANK Weight,INFY Weight,JSWSTEEL Weight,NESTLEIND Weight,POWERGRID Weight,RELIANCE Weight,TCS Weight,TATACONSUM Weight,TATASTEEL Weight,TECHM Weight,TITAN Weight,UPL Weight,WIPRO Weight
0,-39.24837491839086,4.702981856506753,-9.106642599340711,3.0104740519698217,3.602997464374596,5.8460408776799975,5.493851477676057,8.811990722397171,8.41697506528051,1.3563131751798974,1.856471952609617,3.5215330749077367,5.3826295224269325,4.269808981619809,1.7141973842991234,8.381530668401194,1.7402668022106655,1.619255767678323,1.6275158149361975,6.41270980749559,3.5554526300738063,7.919267044273457,0.9001248410812863,0.9197702180910683,9.363784072352521,3.1307094510190114,1.1463291319655855
