,Returns,Semi Deviation,Sortino Ratio,ADANIPORTS Weight,ASIANPAINT Weight,BAJFINANCE Weight,BAJAJFINSV Weight,BRITANNIA Weight,DIVISLAB Weight,GRASIM Weight,HCLTECH Weight,HDFCBANK Weight,HINDALCO Weight,HINDUNILVR Weight,ICICIBANK Weight,INFY Weight,JSWSTEEL Weight,NESTLEIND Weight,POWERGRID Weight,RELIANCE Weight,TCS Weight,TATACONSUM Weight,TATASTEEL Weight,TECHM Weight,TITAN Weight,UPL Weight,WIPRO Weight
0,-25.51927636907088,2.199828419577786,-13.227975468494002,7.731098591358291,6.002223432805661,0.0476103630997422,1.597891054445991,0.7711646215340332,6.268075850634461,4.528619148126422,5.376007594275283,2.441874927031685,5.211237947799777,8.771601704871316,1.839143893402495,5.7497944531790495,1.147351280780935,4.5209986643393645,6.468308687507306,7.293480831114435,6.802737148937227,1.4555844006213645,1.2565296196978082,2.489968518952246,1.059428521673059,1.3964118557140628,9.77285688809798
