,Returns,Semi Deviation,Sortino Ratio,ADANIPORTS Weight,ASIANPAINT Weight,BAJFINANCE Weight,BAJAJFINSV Weight,BRITANNIA Weight,DIVISLAB Weight,GRASIM Weight,HCLTECH Weight,HDFCBANK Weight,HINDALCO Weight,HINDUNILVR Weight,ICICIBANK Weight,INFY Weight,JSWSTEEL Weight,NESTLEIND Weight,POWERGRID Weight,RELIANCE Weight,TCS Weight,TATACONSUM Weight,TATASTEEL Weight,TECHM Weight,TITAN Weight,UPL Weight,WIPRO Weight
0,-38.003429306648826,4.396970386527175,-9.457291191695369,1.891381715049807,4.140903099894703,0.10105578186214043,6.529379102602198,5.00380463483356,5.765316320493516,6.05129467710738,1.8724059909349153,6.42480774609525,5.3644843974766845,5.626110340799218,6.028381521247919,0.25231391841555867,6.018592009232989,4.930737568788416,1.5576687154369573,5.582216243965809,2.292667505861116,5.564062591405855,4.038769765714841,0.11312079530065913,6.444840964456838,5.353824967343179,3.0518596256804935
