,Returns,Semi Deviation,Sortino Ratio,ADANIPORTS Weight,ASIANPAINT Weight,BAJFINANCE Weight,BAJAJFINSV Weight,BRITANNIA Weight,DIVISLAB Weight,GRASIM Weight,HCLTECH Weight,HDFCBANK Weight,HINDALCO Weight,HINDUNILVR Weight,ICICIBANK Weight,INFY Weight,JSWSTEEL Weight,NESTLEIND Weight,POWERGRID Weight,RELIANCE Weight,TCS Weight,TATACONSUM Weight,TATASTEEL Weight,TECHM Weight,TITAN Weight,UPL Weight,WIPRO Weight
0,-39.47100985631399,5.817544382434785,-7.400203079894009,5.715793023834101,5.313672064119037,10.757559982749024,7.185269670354727,6.567593155237023,7.946332426979866,0.07678575157063997,8.713121001960673,1.8773359011871766,3.360318508652924,1.8003963596981871,6.309013257105568,1.4172121001673754,0.36233143866448414,1.0473939080738495,0.48532974232621195,0.032358775342964344,4.577972460330059,4.4670657484491745,7.2619754817075695,6.3109996197104055,6.462437843269406,1.5738361464429789,0.37789563206657156
