,Returns,Semi Deviation,Sortino Ratio,ADANIPORTS Weight,ASIANPAINT Weight,BAJFINANCE Weight,BAJAJFINSV Weight,BRITANNIA Weight,DIVISLAB Weight,GRASIM Weight,HCLTECH Weight,HDFCBANK Weight,HINDALCO Weight,HINDUNILVR Weight,ICICIBANK Weight,INFY Weight,JSWSTEEL Weight,NESTLEIND Weight,POWERGRID Weight,RELIANCE Weight,TCS Weight,TATACONSUM Weight,TATASTEEL Weight,TECHM Weight,TITAN Weight,UPL Weight,WIPRO Weight
0,0.20509330894001024,0.30110810736609345,0.6484652499490706,4.2330969711335245,4.18322711495072,7.159325236442814,0.18607326157254345,4.518548244972641,7.534437779570692,0.7336551727440708,5.8938750650078555,1.1646787624946298,1.7358601634505133,7.897945088279412,0.028640968773243014,5.690806333693844,4.770205220657139,7.67807265752707,1.456864219253131,5.694553226784569,4.732672188175532,7.106020866068475,1.9193027667784703,2.9934665177951505,3.518902244977537,3.316444372984626,5.853325555911788
