,Returns,Semi Deviation,Sortino Ratio,ADANIPORTS Weight,ASIANPAINT Weight,BAJFINANCE Weight,BAJAJFINSV Weight,BRITANNIA Weight,DIVISLAB Weight,GRASIM Weight,HCLTECH Weight,HDFCBANK Weight,HINDALCO Weight,HINDUNILVR Weight,ICICIBANK Weight,INFY Weight,JSWSTEEL Weight,NESTLEIND Weight,POWERGRID Weight,RELIANCE Weight,TCS Weight,TATACONSUM Weight,TATASTEEL Weight,TECHM Weight,TITAN Weight,UPL Weight,WIPRO Weight
0,0.3425951229770963,0.5056840712508137,0.6580392325169487,2.8160529012764397,3.1456800614190863,8.490910063181246,1.5284857148981414,0.489024230171399,6.539616941597889,1.2250245769032129,3.4348486787329406,4.951438550737752,0.7924506133816156,8.769238490883927,0.45076776737066326,8.058314828929692,1.8621666418463894,8.31602512838246,1.1771133652159311,7.734782629954048,5.65068211845629,7.741623630181602,2.0202640275841452,1.0768897481164048,7.56192907520625,1.6366892610549209,4.529980954517536
