,Returns,Semi Deviation,Sortino Ratio,ADANIPORTS Weight,ASIANPAINT Weight,BAJFINANCE Weight,BAJAJFINSV Weight,BRITANNIA Weight,DIVISLAB Weight,GRASIM Weight,HCLTECH Weight,HDFCBANK Weight,HINDALCO Weight,HINDUNILVR Weight,ICICIBANK Weight,INFY Weight,JSWSTEEL Weight,NESTLEIND Weight,POWERGRID Weight,RELIANCE Weight,TCS Weight,TATACONSUM Weight,TATASTEEL Weight,TECHM Weight,TITAN Weight,UPL Weight,WIPRO Weight
0,-43.18645318322182,6.987500703420041,-6.692872769276707,1.6391332851821345,0.9018099676889028,7.494086402373061,4.411329615757861,3.8153579466341756,6.4647497938229765,5.371054391114598,1.8572218454865255,0.7856981648362438,8.643233967231838,4.575371556306948,4.680713418601004,2.029546905840373,0.6693567567205376,3.923827829503485,4.279088958136068,1.5688793290946417,7.095721009340685,4.540842055268671,8.38992704260854,2.7776126334870823,2.767845312128923,3.5814203961365387,7.7361714166981965
