,Returns,Semi Deviation,Sortino Ratio,ADANIPORTS Weight,ASIANPAINT Weight,BAJFINANCE Weight,BAJAJFINSV Weight,BRITANNIA Weight,DIVISLAB Weight,GRASIM Weight,HCLTECH Weight,HDFCBANK Weight,HINDALCO Weight,HINDUNILVR Weight,ICICIBANK Weight,INFY Weight,JSWSTEEL Weight,NESTLEIND Weight,POWERGRID Weight,RELIANCE Weight,TCS Weight,TATACONSUM Weight,TATASTEEL Weight,TECHM Weight,TITAN Weight,UPL Weight,WIPRO Weight
0,-37.647153750586234,4.934186869601999,-8.355409886190975,6.91318863185997,2.6895753709244206,1.2051467723396567,5.40493518467762,0.1680888788978002,7.654716834169186,4.580061860501114,0.7033264519612776,4.323123519357251,0.6187264130582172,8.192704172438358,4.578991019202709,8.091094896479936,1.163352424786806,0.8483997562369717,1.2824115922122599,6.232786473697849,2.8464837310747146,8.038521279032125,3.1491582631392583,6.583782228661686,5.418702020419966,6.124092333564886,3.1886298913059545
