,Returns,Semi Deviation,Sortino Ratio,ADANIPORTS Weight,ASIANPAINT Weight,BAJFINANCE Weight,BAJAJFINSV Weight,BRITANNIA Weight,DIVISLAB Weight,GRASIM Weight,HCLTECH Weight,HDFCBANK Weight,HINDALCO Weight,HINDUNILVR Weight,ICICIBANK Weight,INFY Weight,JSWSTEEL Weight,NESTLEIND Weight,POWERGRID Weight,RELIANCE Weight,TCS Weight,TATACONSUM Weight,TATASTEEL Weight,TECHM Weight,TITAN Weight,UPL Weight,WIPRO Weight
0,-43.39263582544724,6.646554466030671,-7.0672159636268415,1.529529389277737,8.365565457739011,5.429693450020451,5.7381887254966495,4.794612193611938,4.953322654777068,0.22471985100254188,6.565045082228556,4.552316157172587,3.933033107161791,0.8383258592682481,0.488870061202991,7.328686339314341,1.0055045361057664,7.111542375855715,7.702548265659957,2.9667968350196676,1.2304749859097353,6.018059854189504,8.698531259182914,1.0062704210386602,6.2754727293304775,0.3537761480996611,2.8891142613340444
