,Returns,Semi Deviation,Sortino Ratio,ADANIPORTS Weight,ASIANPAINT Weight,BAJFINANCE Weight,BAJAJFINSV Weight,BRITANNIA Weight,DIVISLAB Weight,GRASIM Weight,HCLTECH Weight,HDFCBANK Weight,HINDALCO Weight,HINDUNILVR Weight,ICICIBANK Weight,INFY Weight,JSWSTEEL Weight,NESTLEIND Weight,POWERGRID Weight,RELIANCE Weight,TCS Weight,TATACONSUM Weight,TATASTEEL Weight,TECHM Weight,TITAN Weight,UPL Weight,WIPRO Weight
0,-39.020436811942474,5.208172498574678,-8.17953645421709,1.6936062494581012,6.085310110841007,0.5319286998321038,5.05296641569417,3.089442302434216,6.9803517915105155,3.753230195387004,2.1054373758066833,7.455761915147538,5.707500894803718,7.27691129289693,2.435888294477349,4.999662419969217,2.602695900920077,6.703318641393199,1.163700271068609,0.2184100625400858,7.042359302323703,3.4505387477375526,6.188527924042723,1.0639923835105072,6.977904733942284,0.39858017098763565,7.021973903275065
