,Returns,Semi Deviation,Sortino Ratio,ADANIPORTS Weight,ASIANPAINT Weight,BAJFINANCE Weight,BAJAJFINSV Weight,BRITANNIA Weight,DIVISLAB Weight,GRASIM Weight,HCLTECH Weight,HDFCBANK Weight,HINDALCO Weight,HINDUNILVR Weight,ICICIBANK Weight,INFY Weight,JSWSTEEL Weight,NESTLEIND Weight,POWERGRID Weight,RELIANCE Weight,TCS Weight,TATACONSUM Weight,TATASTEEL Weight,TECHM Weight,TITAN Weight,UPL Weight,WIPRO Weight
0,-0.05578176531062814,0.6983539945918649,-0.09395941120683515,1.2802264473810558,4.817410876485635,6.971860624853117,1.6972762293358261,3.1805570924148854,10.100470849034043,0.4967177646885303,5.915366775639904,0.1699226061885162,0.7196961856133489,1.2007810187571304,3.43961155557134,2.013300554080338,0.41093583690733654,11.13870412328562,2.9629301021733006,4.119093668980285,8.826640026176616,4.734225826320879,5.013290918400199,8.17619613270349,5.021700808629399,1.2071165666248116,6.3859674097543815
