,Returns,Semi Deviation,Sortino Ratio,ADANIPORTS Weight,ASIANPAINT Weight,BAJFINANCE Weight,BAJAJFINSV Weight,BRITANNIA Weight,DIVISLAB Weight,GRASIM Weight,HCLTECH Weight,HDFCBANK Weight,HINDALCO Weight,HINDUNILVR Weight,ICICIBANK Weight,INFY Weight,JSWSTEEL Weight,NESTLEIND Weight,POWERGRID Weight,RELIANCE Weight,TCS Weight,TATACONSUM Weight,TATASTEEL Weight,TECHM Weight,TITAN Weight,UPL Weight,WIPRO Weight
0,-0.06544569902696064,0.6855357903628414,-0.10981317813075914,0.0740744900727879,7.536044694083642,7.666334649319823,0.48627091448482546,4.234146171008404,8.23499824085505,0.060835602110393426,1.3895649065921916,0.12511706244437767,4.409732738855601,4.536192977769947,4.4079808907626035,6.681099683339303,0.02315660809833773,5.9000431011540355,0.0639795522995722,8.351024511832055,8.316871875995318,7.8707703876280855,1.247313446909449,1.5220961413097063,6.678411143987953,3.718839631603864,6.465100577482688
