,Returns,Semi Deviation,Sortino Ratio,ADANIPORTS Weight,ASIANPAINT Weight,BAJFINANCE Weight,BAJAJFINSV Weight,BRITANNIA Weight,DIVISLAB Weight,GRASIM Weight,HCLTECH Weight,HDFCBANK Weight,HINDALCO Weight,HINDUNILVR Weight,ICICIBANK Weight,INFY Weight,JSWSTEEL Weight,NESTLEIND Weight,POWERGRID Weight,RELIANCE Weight,TCS Weight,TATACONSUM Weight,TATASTEEL Weight,TECHM Weight,TITAN Weight,UPL Weight,WIPRO Weight
0,-0.10472947770013204,0.8551343502586711,-0.13397268218805852,0.06755600548178546,7.604835499704288,5.625497985272033,4.119686120144946,1.4456675059965969,6.6289083647494795,1.1635951600957233,0.5078460138262065,4.127485376217625,0.06525856422695656,6.385538233712482,0.19773455428907868,4.265858850573368,2.587593831455931,8.907772248795798,7.40713928777939,2.077533489222927,8.722764547674473,5.365139843604589,3.388217663081016,6.223020062194094,5.833114238987398,0.6256109912969304,6.656625561616878
