,Returns,Semi Deviation,Sortino Ratio,ADANIPORTS Weight,ASIANPAINT Weight,BAJFINANCE Weight,BAJAJFINSV Weight,BRITANNIA Weight,DIVISLAB Weight,GRASIM Weight,HCLTECH Weight,HDFCBANK Weight,HINDALCO Weight,HINDUNILVR Weight,ICICIBANK Weight,INFY Weight,JSWSTEEL Weight,NESTLEIND Weight,POWERGRID Weight,RELIANCE Weight,TCS Weight,TATACONSUM Weight,TATASTEEL Weight,TECHM Weight,TITAN Weight,UPL Weight,WIPRO Weight
0,-36.48162822972723,4.348193572003048,-9.21339576224808,3.2029616362759907,4.927548330313766,1.0084068573530676,2.1555016559229956,3.5271040656914776,6.963391789855485,4.239743973497417,2.16216349041817,6.422676268979808,0.15482118877747617,4.551095501644814,0.6293215852812677,3.3763903261262587,3.9912930236814685,8.400597030312978,7.992110975616947,0.7041941913355702,4.712198915603477,6.528203355800039,7.046884254767244,6.119102263468739,8.372151627838873,0.4011654353265814,2.410972256110121
