,Returns,Semi Deviation,Sortino Ratio,ADANIPORTS Weight,ASIANPAINT Weight,BAJFINANCE Weight,BAJAJFINSV Weight,BRITANNIA Weight,DIVISLAB Weight,GRASIM Weight,HCLTECH Weight,HDFCBANK Weight,HINDALCO Weight,HINDUNILVR Weight,ICICIBANK Weight,INFY Weight,JSWSTEEL Weight,NESTLEIND Weight,POWERGRID Weight,RELIANCE Weight,TCS Weight,TATACONSUM Weight,TATASTEEL Weight,TECHM Weight,TITAN Weight,UPL Weight,WIPRO Weight
0,-44.656837111775936,7.586368904514611,-6.358356378249735,5.8979116665387625,0.7446099282472873,6.67572093711143,0.20667992374928407,5.239129927613985,3.877619098571615,7.467143903320829,2.847588869231075,0.13465656713566534,0.5003022983904161,4.269565898724911,1.9082964869380672,6.4861901061334155,4.03674927509375,0.24265512031572178,3.964364377850227,6.073716122454333,3.3490200856881223,4.508970401615167,1.5573862797106393,7.973256151646543,7.432269173664249,6.636354346769191,7.9698430534852776
