,Returns,Semi Deviation,Sortino Ratio,ADANIPORTS Weight,ASIANPAINT Weight,BAJFINANCE Weight,BAJAJFINSV Weight,BRITANNIA Weight,DIVISLAB Weight,GRASIM Weight,HCLTECH Weight,HDFCBANK Weight,HINDALCO Weight,HINDUNILVR Weight,ICICIBANK Weight,INFY Weight,JSWSTEEL Weight,NESTLEIND Weight,POWERGRID Weight,RELIANCE Weight,TCS Weight,TATACONSUM Weight,TATASTEEL Weight,TECHM Weight,TITAN Weight,UPL Weight,WIPRO Weight
0,-0.04337341235522169,0.5800247373805365,-0.0917350136318031,0.8616709951800827,0.2949240031924718,2.3834934168528763,4.130160541524978,1.3354365641867751,9.951076061507429,0.5298821591136333,4.1049857803838785,9.018228227875879,0.9800587542564604,3.8463746177232414,2.869979718088266,4.079606833081723,0.2746367337630222,5.573626487602399,3.901476226023986,5.489566530281817,6.85442260552321,9.433023417316097,4.319893118541297,2.2667391300896447,6.718757629402039,1.0156628049360672,9.766317643552732
