,Returns,Semi Deviation,Sortino Ratio,ADANIPORTS Weight,ASIANPAINT Weight,BAJFINANCE Weight,BAJAJFINSV Weight,BRITANNIA Weight,DIVISLAB Weight,GRASIM Weight,HCLTECH Weight,HDFCBANK Weight,HINDALCO Weight,HINDUNILVR Weight,ICICIBANK Weight,INFY Weight,JSWSTEEL Weight,NESTLEIND Weight,POWERGRID Weight,RELIANCE Weight,TCS Weight,TATACONSUM Weight,TATASTEEL Weight,TECHM Weight,TITAN Weight,UPL Weight,WIPRO Weight
0,-38.72911529404824,4.804738158015591,-8.805706763325967,3.3106523425218732,5.8584014844736645,8.940318340015594,1.4757043643719383,7.632293526606694,8.309180884429383,8.013054881831783,4.201614920817874,1.1196030360585982,0.46512334167048314,2.691015394114434,3.5710006157525993,1.2044036652384427,8.235957650150132,6.02096468104545,0.6504420000801358,4.52511815697618,5.000907449287766,0.9484729756664265,9.2563991051283,3.9904713082257737,3.098870699815251,0.1412628957603734,1.338766279960821
