,Returns,Semi Deviation,Sortino Ratio,ADANIPORTS Weight,ASIANPAINT Weight,BAJFINANCE Weight,BAJAJFINSV Weight,BRITANNIA Weight,DIVISLAB Weight,GRASIM Weight,HCLTECH Weight,HDFCBANK Weight,HINDALCO Weight,HINDUNILVR Weight,ICICIBANK Weight,INFY Weight,JSWSTEEL Weight,NESTLEIND Weight,POWERGRID Weight,RELIANCE Weight,TCS Weight,TATACONSUM Weight,TATASTEEL Weight,TECHM Weight,TITAN Weight,UPL Weight,WIPRO Weight
0,-0.028700302826127216,0.7926418177943628,-0.048616495870130096,2.4701974380643743,5.187275245115085,4.063623893933229,7.516507297745982,0.13416419353668982,7.404646947319671,0.6282267590129451,0.7478946715895619,0.6809200751696559,5.434339078328578,0.36741942467267136,1.0169116190787617,5.104675687708734,3.574047770541586,11.245162701515232,1.5629824741609257,10.138574531876667,2.757081237132244,4.8111086474174245,1.8362045192013208,0.3351107302270414,9.89528314789767,0.7933544751383904,12.294287433615562
