,Returns,Semi Deviation,Sortino Ratio,ADANIPORTS Weight,ASIANPAINT Weight,BAJFINANCE Weight,BAJAJFINSV Weight,BRITANNIA Weight,DIVISLAB Weight,GRASIM Weight,HCLTECH Weight,HDFCBANK Weight,HINDALCO Weight,HINDUNILVR Weight,ICICIBANK Weight,INFY Weight,JSWSTEEL Weight,NESTLEIND Weight,POWERGRID Weight,RELIANCE Weight,TCS Weight,TATACONSUM Weight,TATASTEEL Weight,TECHM Weight,TITAN Weight,UPL Weight,WIPRO Weight
0,-43.38386853847756,6.871104463719909,-6.8349810116337615,9.221732509579512,9.160207317659323,3.480387848008003,1.362081546623619,4.474623999916365,9.490852485611178,0.03392064628174174,1.2271710804938332,0.28238587333508347,0.31751941900650227,6.715903902857219,2.8098738824735854,6.3178254115073145,4.743380620346461,11.131500721879899,0.6393760907097945,1.2371924407728259,7.066319325370239,10.439182812396123,6.296812972894957,2.4628848237804384,0.5965127916209058,0.3644677439440619,0.1278837329310284
