,Returns,Semi Deviation,Sortino Ratio,ADANIPORTS Weight,ASIANPAINT Weight,BAJFINANCE Weight,BAJAJFINSV Weight,BRITANNIA Weight,DIVISLAB Weight,GRASIM Weight,HCLTECH Weight,HDFCBANK Weight,HINDALCO Weight,HINDUNILVR Weight,ICICIBANK Weight,INFY Weight,JSWSTEEL Weight,NESTLEIND Weight,POWERGRID Weight,RELIANCE Weight,TCS Weight,TATACONSUM Weight,TATASTEEL Weight,TECHM Weight,TITAN Weight,UPL Weight,WIPRO Weight
0,-0.0532109260459106,0.7402341817341375,-0.08517046691005019,0.19725781332556747,8.548325507463577,4.163999915921533,5.997095790918212,4.1886573878975355,4.895174794018564,0.32962534674334965,5.077670771714483,0.9833804618564366,0.5877489327797304,3.7665416889834518,1.4202433682766076,8.895705531531405,1.646552863409811,4.760843614590382,1.340624517346815,7.2445958278372675,7.364429401882909,6.738540717059617,5.394558686390445,4.712206717495547,5.041472892113893,0.03128053396842739,6.673466916474443
