,Returns,Semi Deviation,Sortino Ratio,ADANIPORTS Weight,ASIANPAINT Weight,BAJFINANCE Weight,BAJAJFINSV Weight,BRITANNIA Weight,DIVISLAB Weight,GRASIM Weight,HCLTECH Weight,HDFCBANK Weight,HINDALCO Weight,HINDUNILVR Weight,ICICIBANK Weight,INFY Weight,JSWSTEEL Weight,NESTLEIND Weight,POWERGRID Weight,RELIANCE Weight,TCS Weight,TATACONSUM Weight,TATASTEEL Weight,TECHM Weight,TITAN Weight,UPL Weight,WIPRO Weight
0,-42.039819600372894,6.849924218845491,-6.65990135699075,1.5490890263764558,5.571773604137087,8.459550225353976,2.4086758925344482,6.289012493818434,6.5519827048585135,2.383876706984354,0.502341561460786,8.721450753453988,1.4287585755362326,7.013126448221545,0.23501135520357383,3.8991886000489555,0.36470513390844594,5.826197922855728,5.665289233273844,0.6934453988321011,3.294261100997617,6.9321888595921175,6.360909193065314,8.22970034278493,2.7732136870002244,1.5964057176248228,3.249845462076526
