,Returns,Semi Deviation,Sortino Ratio,ADANIPORTS Weight,ASIANPAINT Weight,BAJFINANCE Weight,BAJAJFINSV Weight,BRITANNIA Weight,DIVISLAB Weight,GRASIM Weight,HCLTECH Weight,HDFCBANK Weight,HINDALCO Weight,HINDUNILVR Weight,ICICIBANK Weight,INFY Weight,JSWSTEEL Weight,NESTLEIND Weight,POWERGRID Weight,RELIANCE Weight,TCS Weight,TATACONSUM Weight,TATASTEEL Weight,TECHM Weight,TITAN Weight,UPL Weight,WIPRO Weight
0,-40.77145710367848,6.714556019177131,-6.6052702482499726,1.7113030100466782,7.1200464661986835,5.04253974834281,6.113960152610831,0.4333799280629086,5.135685015278879,5.767031111739099,1.5464329194772084,2.9510118454716365,5.129620011879282,7.669866926169029,3.4942330596669615,4.98698564100506,0.6834312520267923,9.065712222552152,3.0355114792008457,5.459711435387864,3.3552376532113746,3.6016764354270916,0.3750000958924489,3.914034165024502,8.455693273965709,3.0836598901102064,1.8682362612519339
