,Returns,Semi Deviation,Sortino Ratio,ADANIPORTS Weight,ASIANPAINT Weight,BAJFINANCE Weight,BAJAJFINSV Weight,BRITANNIA Weight,DIVISLAB Weight,GRASIM Weight,HCLTECH Weight,HDFCBANK Weight,HINDALCO Weight,HINDUNILVR Weight,ICICIBANK Weight,INFY Weight,JSWSTEEL Weight,NESTLEIND Weight,POWERGRID Weight,RELIANCE Weight,TCS Weight,TATACONSUM Weight,TATASTEEL Weight,TECHM Weight,TITAN Weight,UPL Weight,WIPRO Weight
0,-36.5046505377569,4.692719112645278,-8.541881492489596,4.08358048613602,2.6405572604497007,5.245740697796948,4.897115771370159,5.314595941192451,4.6277135049809255,5.671581213557005,0.22174333941518287,3.5773176069031645,0.8938266004328306,4.614211081306132,4.687547050003162,7.923321209184732,2.932933540519621,5.232734416441513,2.538359243200021,4.813440119860989,7.503211794160217,1.0542338548595895,6.96103465462037,1.0755108622128162,6.2928546853716645,1.3923903803379558,5.804444685686817
