,Returns,Semi Deviation,Sortino Ratio,ADANIPORTS Weight,ASIANPAINT Weight,BAJFINANCE Weight,BAJAJFINSV Weight,BRITANNIA Weight,DIVISLAB Weight,GRASIM Weight,HCLTECH Weight,HDFCBANK Weight,HINDALCO Weight,HINDUNILVR Weight,ICICIBANK Weight,INFY Weight,JSWSTEEL Weight,NESTLEIND Weight,POWERGRID Weight,RELIANCE Weight,TCS Weight,TATACONSUM Weight,TATASTEEL Weight,TECHM Weight,TITAN Weight,UPL Weight,WIPRO Weight
0,-39.340763565424275,5.076124413823317,-8.455419935835758,4.453817940720262,7.245087622871839,4.934260313606784,4.565001076995649,7.532419050067675,6.11888497549929,1.4494741733061258,2.582594370366557,1.7411270986425338,3.6372533023183986,4.852908853672397,1.0158952374609997,0.7454079485043512,4.597247217788179,5.017260692663476,6.224395805831304,3.8400367845472063,6.739657996167746,3.0251891528463526,0.30785281764419425,2.7629114811790036,6.936432151860624,4.672232414599118,5.00265152083992
