,Returns,Semi Deviation,Sortino Ratio,ADANIPORTS Weight,ASIANPAINT Weight,BAJFINANCE Weight,BAJAJFINSV Weight,BRITANNIA Weight,DIVISLAB Weight,GRASIM Weight,HCLTECH Weight,HDFCBANK Weight,HINDALCO Weight,HINDUNILVR Weight,ICICIBANK Weight,INFY Weight,JSWSTEEL Weight,NESTLEIND Weight,POWERGRID Weight,RELIANCE Weight,TCS Weight,TATACONSUM Weight,TATASTEEL Weight,TECHM Weight,TITAN Weight,UPL Weight,WIPRO Weight
0,-37.768258708406584,4.667959254012286,-8.85788766747829,2.9121425494089666,2.5637114709082276,3.513622187109516,5.374189836929306,2.083423741860432,6.88771018764698,3.577516612860195,0.5730773683943021,6.762660513256612,5.857672633473139,3.565115750828804,3.665048569810906,2.9400440097932394,3.586354998946606,4.4257541602462345,4.4366175046622525,1.9484469749729287,5.485613453774067,5.869100903692195,5.074236261849208,6.590563545016822,6.6613575321101,2.024500162863246,3.621519069585714
