,Returns,Semi Deviation,Sortino Ratio,ADANIPORTS Weight,ASIANPAINT Weight,BAJFINANCE Weight,BAJAJFINSV Weight,BRITANNIA Weight,DIVISLAB Weight,GRASIM Weight,HCLTECH Weight,HDFCBANK Weight,HINDALCO Weight,HINDUNILVR Weight,ICICIBANK Weight,INFY Weight,JSWSTEEL Weight,NESTLEIND Weight,POWERGRID Weight,RELIANCE Weight,TCS Weight,TATACONSUM Weight,TATASTEEL Weight,TECHM Weight,TITAN Weight,UPL Weight,WIPRO Weight
0,-45.56948935996964,7.3814430069656005,-6.65852046999334,1.9069663190424646,5.168776580939175,6.152005194605563,5.75670475646148,6.165353292889696,5.031066893149064,7.189737067753114,2.178325431432012,0.5077636453169632,1.4318140004681337,3.366351107070711,1.6255785299755883,0.26951731371519566,4.752220806571536,4.816472854703423,3.8495129038930953,5.731669078875073,7.171568319384342,4.160657225088105,3.995162463639676,5.422853476924266,2.3040252807197774,4.954932438985479,6.0909650183960515
