,Returns,Semi Deviation,Sortino Ratio,ADANIPORTS Weight,ASIANPAINT Weight,BAJFINANCE Weight,BAJAJFINSV Weight,BRITANNIA Weight,DIVISLAB Weight,GRASIM Weight,HCLTECH Weight,HDFCBANK Weight,HINDALCO Weight,HINDUNILVR Weight,ICICIBANK Weight,INFY Weight,JSWSTEEL Weight,NESTLEIND Weight,POWERGRID Weight,RELIANCE Weight,TCS Weight,TATACONSUM Weight,TATASTEEL Weight,TECHM Weight,TITAN Weight,UPL Weight,WIPRO Weight
0,-39.71135347287216,5.609258285225341,-7.717839199328832,0.3039246300422516,3.416963419271673,6.114273639809617,5.132290253879406,4.146897749059062,7.473336091214098,3.3111626459287966,2.422532004113629,0.7062250361069695,6.443142073432169,0.07005992943336883,4.165546169178249,6.919145760581522,0.39770524977425675,6.576632789586329,5.348135777773707,5.6312156340228,4.03587585452235,7.63106800211504,2.981796815485979,6.462158249587841,6.085243460899616,3.605929487328337,0.6187392768529411
