,Returns,Semi Deviation,Sortino Ratio,ADANIPORTS Weight,ASIANPAINT Weight,BAJFINANCE Weight,BAJAJFINSV Weight,BRITANNIA Weight,DIVISLAB Weight,GRASIM Weight,HCLTECH Weight,HDFCBANK Weight,HINDALCO Weight,HINDUNILVR Weight,ICICIBANK Weight,INFY Weight,JSWSTEEL Weight,NESTLEIND Weight,POWERGRID Weight,RELIANCE Weight,TCS Weight,TATACONSUM Weight,TATASTEEL Weight,TECHM Weight,TITAN Weight,UPL Weight,WIPRO Weight
0,-36.35568710393373,4.555843986870335,-8.765815339380794,2.0954798068191347,3.425500253681902,4.517241638925739,0.9958955703234268,5.767885092286395,2.9048484021164773,0.5479837322153246,2.2005109105445007,4.848226168985179,2.028722416446913,7.396835072476812,6.55064612160653,6.746368270412635,3.2363445825750383,0.8163851526249228,3.6029041455609963,5.360679297765844,7.697896560647022,7.658183266229772,5.557763205282015,6.361108144189193,7.620957517829428,1.2877275933611594,0.7739070770936594
