,Returns,Semi Deviation,Sortino Ratio,ADANIPORTS Weight,ASIANPAINT Weight,BAJFINANCE Weight,BAJAJFINSV Weight,BRITANNIA Weight,DIVISLAB Weight,GRASIM Weight,HCLTECH Weight,HDFCBANK Weight,HINDALCO Weight,HINDUNILVR Weight,ICICIBANK Weight,INFY Weight,JSWSTEEL Weight,NESTLEIND Weight,POWERGRID Weight,RELIANCE Weight,TCS Weight,TATACONSUM Weight,TATASTEEL Weight,TECHM Weight,TITAN Weight,UPL Weight,WIPRO Weight
0,-40.7053060274558,5.556490751414714,-7.970013450698268,2.334639938044416,3.6307658793642004,4.961826942661305,3.0920432881846356,0.22241156607422816,7.9960613975020305,8.34417915570699,2.795637048576444,8.171050515166419,0.6041462476519553,2.8879683556773306,1.289539745252328,3.0143627367575148,5.273063658209888,7.294453144871079,2.3505940157296448,2.909771227123581,7.1830420960727555,1.3185654051635185,2.884194358624284,9.646336243481661,4.339612781991055,3.0985256186336687,4.357208633479077
