,Returns,Semi Deviation,Sortino Ratio,ADANIPORTS Weight,ASIANPAINT Weight,BAJFINANCE Weight,BAJAJFINSV Weight,BRITANNIA Weight,DIVISLAB Weight,GRASIM Weight,HCLTECH Weight,HDFCBANK Weight,HINDALCO Weight,HINDUNILVR Weight,ICICIBANK Weight,INFY Weight,JSWSTEEL Weight,NESTLEIND Weight,POWERGRID Weight,RELIANCE Weight,TCS Weight,TATACONSUM Weight,TATASTEEL Weight,TECHM Weight,TITAN Weight,UPL Weight,WIPRO Weight
0,-35.77627516414626,4.323687910211803,-9.102478250382859,3.2510625778379323,0.8956836582150041,3.383365823854197,2.7431647202919542,5.999953628698672,8.59258101516579,3.329372796228517,2.2097548130238827,6.203897473000587,1.6497372926345775,6.881292308928612,7.950730495787226,2.224245503443747,5.944932201666346,7.033142668851355,4.086166552739082,4.097017314387996,7.911213776091272,0.6969363369596715,0.9113703535601625,5.14781905207178,7.632225816676772,0.9867239079132857,0.23760991197157516
