,Returns,Semi Deviation,Sortino Ratio,ADANIPORTS Weight,ASIANPAINT Weight,BAJFINANCE Weight,BAJAJFINSV Weight,BRITANNIA Weight,DIVISLAB Weight,GRASIM Weight,HCLTECH Weight,HDFCBANK Weight,HINDALCO Weight,HINDUNILVR Weight,ICICIBANK Weight,INFY Weight,JSWSTEEL Weight,NESTLEIND Weight,POWERGRID Weight,RELIANCE Weight,TCS Weight,TATACONSUM Weight,TATASTEEL Weight,TECHM Weight,TITAN Weight,UPL Weight,WIPRO Weight
0,-42.60892089583504,6.822935262370248,-6.76965545174897,2.959372834654616,2.1443757008569175,6.711671862984262,1.7874262520572388,7.512971136769557,8.483601890273611,2.9771695914625873,3.911452929882416,4.675484459583103,4.616936345044991,0.19517391997542313,2.5658742768006224,8.780907482898632,2.009960699860065,3.001835611765638,3.8838613444255516,6.162169882547114,7.85878806010456,5.958327342838641,6.216627269442165,1.024795092278691,2.2103520180632885,0.3697627912818051,3.9811012041485063
