,Returns,Semi Deviation,Sortino Ratio,ADANIPORTS Weight,ASIANPAINT Weight,BAJFINANCE Weight,BAJAJFINSV Weight,BRITANNIA Weight,DIVISLAB Weight,GRASIM Weight,HCLTECH Weight,HDFCBANK Weight,HINDALCO Weight,HINDUNILVR Weight,ICICIBANK Weight,INFY Weight,JSWSTEEL Weight,NESTLEIND Weight,POWERGRID Weight,RELIANCE Weight,TCS Weight,TATACONSUM Weight,TATASTEEL Weight,TECHM Weight,TITAN Weight,UPL Weight,WIPRO Weight
0,-38.6110997323509,5.283860836686922,-7.984899874616209,2.905986393091544,5.062121431718509,1.8862760120074138,1.624543436381316,3.8155889227849342,7.316355491916168,3.458640945146494,4.562780828111889,7.442826450615852,3.8923366013963157,7.481836542095409,5.624385165225905,7.668031692645864,5.59155008526115,0.06693859028968359,2.7873891959002783,3.416218887046903,5.705624689192172,2.341522865636413,2.249971288391524,8.199205282363268,3.280901415943769,1.189151001027843,2.4298167858093938
