,Returns,Semi Deviation,Sortino Ratio,ADANIPORTS Weight,ASIANPAINT Weight,BAJFINANCE Weight,BAJAJFINSV Weight,BRITANNIA Weight,DIVISLAB Weight,GRASIM Weight,HCLTECH Weight,HDFCBANK Weight,HINDALCO Weight,HINDUNILVR Weight,ICICIBANK Weight,INFY Weight,JSWSTEEL Weight,NESTLEIND Weight,POWERGRID Weight,RELIANCE Weight,TCS Weight,TATACONSUM Weight,TATASTEEL Weight,TECHM Weight,TITAN Weight,UPL Weight,WIPRO Weight
0,-40.159820434222986,6.191336409753514,-7.064681603363938,4.785148329373242,3.025083413809762,7.961281656190156,2.5174051452434423,1.1681812999690662,1.1038325127090287,5.8146792260629026,0.7604319621413789,1.8742625374421702,5.492950449707963,8.208206075417932,0.4826766458515953,5.631314193528909,5.830759248302303,2.565462979045425,7.80764562626267,6.186382601553327,9.024957313126073,9.050081732743385,3.4065100581610586,2.892134359913303,0.548983494868227,0.8996505817323044,2.961978556844368
