,Returns,Semi Deviation,Sortino Ratio,ADANIPORTS Weight,ASIANPAINT Weight,BAJFINANCE Weight,BAJAJFINSV Weight,BRITANNIA Weight,DIVISLAB Weight,GRASIM Weight,HCLTECH Weight,HDFCBANK Weight,HINDALCO Weight,HINDUNILVR Weight,ICICIBANK Weight,INFY Weight,JSWSTEEL Weight,NESTLEIND Weight,POWERGRID Weight,RELIANCE Weight,TCS Weight,TATACONSUM Weight,TATASTEEL Weight,TECHM Weight,TITAN Weight,UPL Weight,WIPRO Weight
0,-41.95798526144328,5.676119370292473,-8.022732132762888,3.886848899035896,2.5030566473711957,3.254573835230473,3.9571859434819765,3.607479768065389,6.226634595416609,1.4102294685460113,4.5857436299860765,1.9363252187540136,0.5590859339580734,6.159348309472022,3.1616692517967517,6.617602149945875,5.021819957851676,1.1822859271668142,4.095510632708636,4.095088091506493,3.8091433880757015,4.810899147376374,7.959098089618413,7.670170641282055,3.751188644179727,2.650428980414754,7.088582848759002
