,Returns,Semi Deviation,Sortino Ratio,ADANIPORTS Weight,ASIANPAINT Weight,BAJFINANCE Weight,BAJAJFINSV Weight,BRITANNIA Weight,DIVISLAB Weight,GRASIM Weight,HCLTECH Weight,HDFCBANK Weight,HINDALCO Weight,HINDUNILVR Weight,ICICIBANK Weight,INFY Weight,JSWSTEEL Weight,NESTLEIND Weight,POWERGRID Weight,RELIANCE Weight,TCS Weight,TATACONSUM Weight,TATASTEEL Weight,TECHM Weight,TITAN Weight,UPL Weight,WIPRO Weight
0,-42.03883251380658,6.189303581069384,-7.370592170230011,8.822985073876746,2.9739818387116057,8.388427309143799,8.336735801960671,2.7722072593173146,5.226528251261897,3.9272759742065837,7.929494801760513,5.868482441668122,6.723387469502291,4.510267990718921,0.3144373288182058,1.3498649117222628,0.19975902178289534,4.077507817446118,3.136355072494278,0.9569775860708795,1.8036552546264153,8.219847768297642,3.043648548230336,4.20763958802912,2.944970399690587,0.858043137787363,3.4075193528754313
