,Returns,Semi Deviation,Sortino Ratio,ADANIPORTS Weight,ASIANPAINT Weight,BAJFINANCE Weight,BAJAJFINSV Weight,BRITANNIA Weight,DIVISLAB Weight,GRASIM Weight,HCLTECH Weight,HDFCBANK Weight,HINDALCO Weight,HINDUNILVR Weight,ICICIBANK Weight,INFY Weight,JSWSTEEL Weight,NESTLEIND Weight,POWERGRID Weight,RELIANCE Weight,TCS Weight,TATACONSUM Weight,TATASTEEL Weight,TECHM Weight,TITAN Weight,UPL Weight,WIPRO Weight
0,-38.24605787579875,4.7644950173737755,-8.778696949682944,4.805721110828238,5.394144276739072,2.77807867062088,4.852552948332054,1.9367029580465742,5.024265180502125,6.036070669901456,5.975130899623675,0.20127159251501497,1.6528726548457389,5.151774431186348,1.2079018916043938,3.6810535435322382,5.272260608922184,1.4611732251231202,7.377642744537479,6.981948491776461,6.347936809395703,6.217146206596615,3.152634317192666,1.6555941372203824,7.068526950522304,3.295943941811055,2.4716517386242276
