,Returns,Semi Deviation,Sortino Ratio,ADANIPORTS Weight,ASIANPAINT Weight,BAJFINANCE Weight,BAJAJFINSV Weight,BRITANNIA Weight,DIVISLAB Weight,GRASIM Weight,HCLTECH Weight,HDFCBANK Weight,HINDALCO Weight,HINDUNILVR Weight,ICICIBANK Weight,INFY Weight,JSWSTEEL Weight,NESTLEIND Weight,POWERGRID Weight,RELIANCE Weight,TCS Weight,TATACONSUM Weight,TATASTEEL Weight,TECHM Weight,TITAN Weight,UPL Weight,WIPRO Weight
0,-41.456212396329796,6.912475873478284,-6.51520717332617,0.274307105880108,3.8286151025000734,3.0340491843502493,1.9209641653349128,1.6490558990458692,4.938752540817241,5.241623182152282,0.6775773682930616,4.106464012637788,5.743235318984767,5.566306565941338,5.482422519299401,6.583706265625172,4.606166078782389,1.1335370207233197,6.212294919442944,6.32928653647139,5.847860103192187,7.242426860118227,1.1792311181854507,3.316814761037738,6.380064325284683,6.662281668191191,2.0429573777082406
