,Returns,Semi Deviation,Sortino Ratio,ADANIPORTS Weight,ASIANPAINT Weight,BAJFINANCE Weight,BAJAJFINSV Weight,BRITANNIA Weight,DIVISLAB Weight,GRASIM Weight,HCLTECH Weight,HDFCBANK Weight,HINDALCO Weight,HINDUNILVR Weight,ICICIBANK Weight,INFY Weight,JSWSTEEL Weight,NESTLEIND Weight,POWERGRID Weight,RELIANCE Weight,TCS Weight,TATACONSUM Weight,TATASTEEL Weight,TECHM Weight,TITAN Weight,UPL Weight,WIPRO Weight
0,-41.68412276707809,6.062581095811119,-7.4661471824851775,3.1783661188953336,5.093976798189811,4.861997987027792,1.6444499839541045,1.3897272555622517,7.496391092288943,0.45335471895004076,2.7856712153722367,1.9477434666614681,5.7648753124614505,4.960561410245816,5.4989812014403725,0.6626778038686908,5.120445802136091,1.701532618535781,7.240628579918688,4.436788293320405,3.112311570004219,5.7335865447590235,6.364444971357871,3.075318493136184,5.856781283187169,3.8432066249468364,7.776180853779441
