,Returns,Semi Deviation,Sortino Ratio,ADANIPORTS Weight,ASIANPAINT Weight,BAJFINANCE Weight,BAJAJFINSV Weight,BRITANNIA Weight,DIVISLAB Weight,GRASIM Weight,HCLTECH Weight,HDFCBANK Weight,HINDALCO Weight,HINDUNILVR Weight,ICICIBANK Weight,INFY Weight,JSWSTEEL Weight,NESTLEIND Weight,POWERGRID Weight,RELIANCE Weight,TCS Weight,TATACONSUM Weight,TATASTEEL Weight,TECHM Weight,TITAN Weight,UPL Weight,WIPRO Weight
0,-44.29857165920183,6.962320304568088,-6.8768125516701595,1.4249663236991998,5.164245939782653,1.821638055368044,5.8949845067294895,6.490757211194024,7.416757002219692,3.768240790844822,1.821556201836214,2.089424404593741,2.045633778684983,1.6096724658204786,1.7071749280625061,3.214880631062131,7.978784013281608,4.693460345282859,4.872848510978697,0.32938801654411687,8.266092442817548,2.382291719350257,2.960669715758096,8.22242135275872,7.78449399572863,1.5153767679326045,6.52424087966888
