,Returns,Semi Deviation,Sortino Ratio,ADANIPORTS Weight,ASIANPAINT Weight,BAJFINANCE Weight,BAJAJFINSV Weight,BRITANNIA Weight,DIVISLAB Weight,GRASIM Weight,HCLTECH Weight,HDFCBANK Weight,HINDALCO Weight,HINDUNILVR Weight,ICICIBANK Weight,INFY Weight,JSWSTEEL Weight,NESTLEIND Weight,POWERGRID Weight,RELIANCE Weight,TCS Weight,TATACONSUM Weight,TATASTEEL Weight,TECHM Weight,TITAN Weight,UPL Weight,WIPRO Weight
0,-38.13410508601761,4.80833559683201,-8.675373057051406,3.739689630530359,2.8530018634613596,6.8587246493509655,6.3076972176317305,7.349709914215855,6.925289639933838,1.7716864113956632,7.169019531115027,1.496779816582262,1.6431977965061568,7.325567547452897,0.6795491136304579,3.2883455830249355,7.096117011437678,1.7048993367420697,2.2580270812302494,5.877775418596087,3.5942971049520622,5.410495789076032,4.239036018124824,0.2037201282000422,7.494358392001227,0.3352577572878413,4.3777572475204005
