,Returns,Semi Deviation,Sortino Ratio,ADANIPORTS Weight,ASIANPAINT Weight,BAJFINANCE Weight,BAJAJFINSV Weight,BRITANNIA Weight,DIVISLAB Weight,GRASIM Weight,HCLTECH Weight,HDFCBANK Weight,HINDALCO Weight,HINDUNILVR Weight,ICICIBANK Weight,INFY Weight,JSWSTEEL Weight,NESTLEIND Weight,POWERGRID Weight,RELIANCE Weight,TCS Weight,TATACONSUM Weight,TATASTEEL Weight,TECHM Weight,TITAN Weight,UPL Weight,WIPRO Weight
0,-0.052296202998656637,0.8594734684636716,-0.07229003583424479,1.3816845840509853,4.625178414143042,2.8071929795429944,0.4003993920743137,0.3507869105326097,7.291968724587193,2.8928443609263055,5.137673147648498,0.6020727697323797,0.021955583036774185,3.7188062755710543,0.9921258684093359,9.068068984716822,3.0353714352517325,10.018081397190528,7.278450302211493,8.876527926929693,1.550190236543983,7.2098023323213845,0.7122273312706499,4.023922091256281,9.806892680190423,0.4353369737277991,7.762439298133709
