,Returns,Semi Deviation,Sortino Ratio,ADANIPORTS Weight,ASIANPAINT Weight,BAJFINANCE Weight,BAJAJFINSV Weight,BRITANNIA Weight,DIVISLAB Weight,GRASIM Weight,HCLTECH Weight,HDFCBANK Weight,HINDALCO Weight,HINDUNILVR Weight,ICICIBANK Weight,INFY Weight,JSWSTEEL Weight,NESTLEIND Weight,POWERGRID Weight,RELIANCE Weight,TCS Weight,TATACONSUM Weight,TATASTEEL Weight,TECHM Weight,TITAN Weight,UPL Weight,WIPRO Weight
0,0.04505303635969158,0.5656739414519605,0.062258253286566846,0.01659188881379462,8.43876028274492,2.685525226568201,4.18677968070185,4.472992936109259,5.3092043456893805,3.107291315010499,6.87948420212977,4.037278025322285,0.7384508097628499,3.401791504200173,1.023068732352096,4.831550061574604,0.3896184783797406,6.385369565579657,0.42286055967019354,5.66289877366751,6.851043157705584,6.477196141141661,2.8844698317208604,2.3691764553937085,9.169823554299612,0.6310013890612423,9.627773082400548
