,Returns,Semi Deviation,Sortino Ratio,ADANIPORTS Weight,ASIANPAINT Weight,BAJFINANCE Weight,BAJAJFINSV Weight,BRITANNIA Weight,DIVISLAB Weight,GRASIM Weight,HCLTECH Weight,HDFCBANK Weight,HINDALCO Weight,HINDUNILVR Weight,ICICIBANK Weight,INFY Weight,JSWSTEEL Weight,NESTLEIND Weight,POWERGRID Weight,RELIANCE Weight,TCS Weight,TATACONSUM Weight,TATASTEEL Weight,TECHM Weight,TITAN Weight,UPL Weight,WIPRO Weight
0,-41.59126162693118,6.40622787688967,-7.051148116333099,5.988586225302722,2.1775719654410506,6.078368820830077,3.4204695497735615,3.95278886300634,5.457698243187636,5.97804039600838,4.003688317904775,3.8394320023045267,5.64836913707317,7.683104637361635,2.142641915745397,0.5449655556557771,7.489839277192957,4.711507330039414,2.0714312306108247,2.5159067738390517,4.532101628624952,2.6305605603568702,5.603212900447089,1.9986050413610357,4.411476746127676,2.2868555906662276,4.8327772911388704
