,Returns,Semi Deviation,Sortino Ratio,ADANIPORTS Weight,ASIANPAINT Weight,BAJFINANCE Weight,BAJAJFINSV Weight,BRITANNIA Weight,DIVISLAB Weight,GRASIM Weight,HCLTECH Weight,HDFCBANK Weight,HINDALCO Weight,HINDUNILVR Weight,ICICIBANK Weight,INFY Weight,JSWSTEEL Weight,NESTLEIND Weight,POWERGRID Weight,RELIANCE Weight,TCS Weight,TATACONSUM Weight,TATASTEEL Weight,TECHM Weight,TITAN Weight,UPL Weight,WIPRO Weight
0,-43.21891450127389,6.7934545137256555,-6.888824295021077,0.37754416325599416,6.824748247805188,9.88581473487694,1.1348825471523276,1.1468370762164635,5.309557732177971,0.32352825078389297,4.586490528914343,4.838838280395502,7.542012905017733,3.914029932859765,3.6442517444252025,8.358783298118583,2.217613730959863,6.630783837256593,1.1309531089727631,0.3660513808048611,3.0396542942720846,0.1699027458490015,6.283742561394156,3.857185224374373,9.323554758997226,1.5818466219294411,7.511392293189729
