,Returns,Semi Deviation,Sortino Ratio,ADANIPORTS Weight,ASIANPAINT Weight,BAJFINANCE Weight,BAJAJFINSV Weight,BRITANNIA Weight,DIVISLAB Weight,GRASIM Weight,HCLTECH Weight,HDFCBANK Weight,HINDALCO Weight,HINDUNILVR Weight,ICICIBANK Weight,INFY Weight,JSWSTEEL Weight,NESTLEIND Weight,POWERGRID Weight,RELIANCE Weight,TCS Weight,TATACONSUM Weight,TATASTEEL Weight,TECHM Weight,TITAN Weight,UPL Weight,WIPRO Weight
0,-42.67477528184623,6.901956284586889,-6.701690560564709,1.1766456497974367,5.282135644119075,0.1062205639146088,1.16575689011422,8.12162815916569,7.591085705498456,7.50916855294965,4.426983704899355,0.8231906582817164,7.633864503884673,5.535032789647667,5.254321066894784,0.3898557848393007,3.0132143440722103,0.25798146139488903,4.415446774409249,7.836183652229405,2.792732986088622,6.3621893837422565,4.629798273402261,3.995303191425896,4.875078781394698,0.1584334677583318,6.64774801007557
