,Returns,Semi Deviation,Sortino Ratio,ADANIPORTS Weight,ASIANPAINT Weight,BAJFINANCE Weight,BAJAJFINSV Weight,BRITANNIA Weight,DIVISLAB Weight,GRASIM Weight,HCLTECH Weight,HDFCBANK Weight,HINDALCO Weight,HINDUNILVR Weight,ICICIBANK Weight,INFY Weight,JSWSTEEL Weight,NESTLEIND Weight,POWERGRID Weight,RELIANCE Weight,TCS Weight,TATACONSUM Weight,TATASTEEL Weight,TECHM Weight,TITAN Weight,UPL Weight,WIPRO Weight
0,-38.22194884797614,5.5125829344412525,-7.583005887640786,1.5016223293813027,3.527974191712418,0.2896705663649355,3.4936242980507446,7.649034805336839,3.768668378231218,3.0319514261885443,6.433285854911505,4.560970622044504,0.17061167328209004,1.2940858768023629,2.200004584975797,5.764726878310551,7.763183672915829,4.275502474785397,6.970770167734284,6.635962500459942,2.0074074141279956,7.120849673689637,2.202195402288614,2.2396074637197105,6.136410470819369,3.8611273752738358,7.100751898592571
