,Returns,Semi Deviation,Sortino Ratio,ADANIPORTS Weight,ASIANPAINT Weight,BAJFINANCE Weight,BAJAJFINSV Weight,BRITANNIA Weight,DIVISLAB Weight,GRASIM Weight,HCLTECH Weight,HDFCBANK Weight,HINDALCO Weight,HINDUNILVR Weight,ICICIBANK Weight,INFY Weight,JSWSTEEL Weight,NESTLEIND Weight,POWERGRID Weight,RELIANCE Weight,TCS Weight,TATACONSUM Weight,TATASTEEL Weight,TECHM Weight,TITAN Weight,UPL Weight,WIPRO Weight
0,-37.89719433402588,5.540418338070344,-7.486292875940457,0.8246712973269282,5.241510522146185,7.035853042367199,3.2852236656195988,1.2811208205595437,0.27945953961247877,5.479902618874775,3.895920340634398,6.724195062717177,4.191699570735292,7.462920180481413,3.2934312797269367,2.9875061823359386,5.968436526401885,3.1361612217799326,9.191281516302627,7.315610344367663,1.1290402134450528,5.065136934478742,0.2640359678270987,0.22798176102147025,7.8282211097656536,4.465099761958789,3.4255805195132147
