,Returns,Semi Deviation,Sortino Ratio,ADANIPORTS Weight,ASIANPAINT Weight,BAJFINANCE Weight,BAJAJFINSV Weight,BRITANNIA Weight,DIVISLAB Weight,GRASIM Weight,HCLTECH Weight,HDFCBANK Weight,HINDALCO Weight,HINDUNILVR Weight,ICICIBANK Weight,INFY Weight,JSWSTEEL Weight,NESTLEIND Weight,POWERGRID Weight,RELIANCE Weight,TCS Weight,TATACONSUM Weight,TATASTEEL Weight,TECHM Weight,TITAN Weight,UPL Weight,WIPRO Weight
0,-42.443353938446506,6.3552462830313585,-7.241789206710971,0.7065231124174418,0.27602827101787886,4.399499189665952,6.3642689507548384,6.180838070000353,5.575932226809684,1.197075347655983,6.666059190762471,6.479581049717888,2.337682860476201,0.6116727187624278,1.8434259678667124,3.7249026615852894,5.0377673031253,3.438489959962222,0.6469947727610031,0.1402079876770401,6.18705066273759,7.057285959637206,7.095134072077995,6.133321684443999,7.180437127054834,3.872556179842372,6.847264673187316
