,Returns,Semi Deviation,Sortino Ratio,ADANIPORTS Weight,ASIANPAINT Weight,BAJFINANCE Weight,BAJAJFINSV Weight,BRITANNIA Weight,DIVISLAB Weight,GRASIM Weight,HCLTECH Weight,HDFCBANK Weight,HINDALCO Weight,HINDUNILVR Weight,ICICIBANK Weight,INFY Weight,JSWSTEEL Weight,NESTLEIND Weight,POWERGRID Weight,RELIANCE Weight,TCS Weight,TATACONSUM Weight,TATASTEEL Weight,TECHM Weight,TITAN Weight,UPL Weight,WIPRO Weight
0,-0.0072588788958429205,0.6899173875501269,-0.024776942920235884,6.081926093225968,2.288632820891495,5.405598046125545,1.2870213595976918,5.897440936872847,8.446441544390511,0.6724559979726502,4.90539547403473,2.5242714416549643,1.8788771800387165,6.005540540051342,0.8075706986029153,3.179544153344961,0.7299226044662809,6.913183520158113,4.200895434597173,7.2953637776713345,5.947103982965701,6.624739060300905,1.6760958550784137,5.358109932910459,9.273726903339503,0.0007374943546571652,2.599405147353141
