,Returns,Semi Deviation,Sortino Ratio,ADANIPORTS Weight,ASIANPAINT Weight,BAJFINANCE Weight,BAJAJFINSV Weight,BRITANNIA Weight,DIVISLAB Weight,GRASIM Weight,HCLTECH Weight,HDFCBANK Weight,HINDALCO Weight,HINDUNILVR Weight,ICICIBANK Weight,INFY Weight,JSWSTEEL Weight,NESTLEIND Weight,POWERGRID Weight,RELIANCE Weight,TCS Weight,TATACONSUM Weight,TATASTEEL Weight,TECHM Weight,TITAN Weight,UPL Weight,WIPRO Weight
0,-0.04023721821187016,0.7194603370891925,-0.06959714172655976,1.3593238784291752,9.916769167736609,0.7989962085424381,2.203121402649422,10.629562509909844,10.817417143075234,0.17124510102873,2.788817631401417,0.13321383323747552,3.9501450128453888,4.976027608128442,0.8093482913112805,2.0371136323935324,2.835105368243506,9.30945991213711,3.347642346672269,7.965073038945192,0.36606065786557535,7.282644544345052,2.96593928891393,0.6939135909437074,7.903200447858648,0.16010437481674195,6.579755008569288
