,Returns,Semi Deviation,Sortino Ratio,ADANIPORTS Weight,ASIANPAINT Weight,BAJFINANCE Weight,BAJAJFINSV Weight,BRITANNIA Weight,DIVISLAB Weight,GRASIM Weight,HCLTECH Weight,HDFCBANK Weight,HINDALCO Weight,HINDUNILVR Weight,ICICIBANK Weight,INFY Weight,JSWSTEEL Weight,NESTLEIND Weight,POWERGRID Weight,RELIANCE Weight,TCS Weight,TATACONSUM Weight,TATASTEEL Weight,TECHM Weight,TITAN Weight,UPL Weight,WIPRO Weight
0,-39.07542171538226,5.429707939307769,-7.85593298795743,3.1380826518814824,7.256608024002293,4.490075313256269,4.832459936810796,1.8070834810462277,1.2872880685702899,4.591997098725599,6.737158850340465,2.9064722376349525,2.6421320048734747,5.382150256711877,1.9226357123172908,5.97198993182555,1.5844397212222892,4.320424696079201,6.964310487444626,1.4812887191322264,7.328975172744512,5.413472495486369,7.4229981157041145,0.5829721351531038,5.647873351846695,0.44537288585686247,5.841738651333406
