,Returns,Semi Deviation,Sortino Ratio,ADANIPORTS Weight,ASIANPAINT Weight,BAJFINANCE Weight,BAJAJFINSV Weight,BRITANNIA Weight,DIVISLAB Weight,GRASIM Weight,HCLTECH Weight,HDFCBANK Weight,HINDALCO Weight,HINDUNILVR Weight,ICICIBANK Weight,INFY Weight,JSWSTEEL Weight,NESTLEIND Weight,POWERGRID Weight,RELIANCE Weight,TCS Weight,TATACONSUM Weight,TATASTEEL Weight,TECHM Weight,TITAN Weight,UPL Weight,WIPRO Weight
0,-42.80123791604421,6.059768710795303,-7.653961748311841,8.319249248795064,8.496329047433312,0.15914218177560127,4.258706807494031,7.3467361909368005,4.052947073532728,0.7697991394019567,6.537498743578986,3.28064695018657,2.700047107287819,0.08765951346549024,2.5746805875388947,8.197045781066787,1.8670958994529445,4.900276302160369,1.7097738182322721,2.6841110433144975,1.50101912628904,3.2818167844767396,6.34397883893124,7.045186852413872,7.86497395201106,1.7267107559153565,4.2945682543085635
