,Returns,Semi Deviation,Sortino Ratio,ADANIPORTS Weight,ASIANPAINT Weight,BAJFINANCE Weight,BAJAJFINSV Weight,BRITANNIA Weight,DIVISLAB Weight,GRASIM Weight,HCLTECH Weight,HDFCBANK Weight,HINDALCO Weight,HINDUNILVR Weight,ICICIBANK Weight,INFY Weight,JSWSTEEL Weight,NESTLEIND Weight,POWERGRID Weight,RELIANCE Weight,TCS Weight,TATACONSUM Weight,TATASTEEL Weight,TECHM Weight,TITAN Weight,UPL Weight,WIPRO Weight
0,0.04598314391292674,0.5966154738296444,0.06058840352518828,1.09892427777603,1.2329578098045457,7.940213400397354,1.2192419179055332,0.6038565935303092,8.250819561576076,2.244634461042263,5.3881724330087435,3.9414796180044016,0.66947786309277,6.310089385635739,2.329958177488167,7.323250993292128,1.3586873923969087,3.5173116200037096,3.6802240040669614,3.836414310600337,5.22358404974799,7.0560536440370125,7.760306258567157,1.804332987319703,8.655880563912397,0.18371683027524183,8.370411846518543
