,Returns,Semi Deviation,Sortino Ratio,ADANIPORTS Weight,ASIANPAINT Weight,BAJFINANCE Weight,BAJAJFINSV Weight,BRITANNIA Weight,DIVISLAB Weight,GRASIM Weight,HCLTECH Weight,HDFCBANK Weight,HINDALCO Weight,HINDUNILVR Weight,ICICIBANK Weight,INFY Weight,JSWSTEEL Weight,NESTLEIND Weight,POWERGRID Weight,RELIANCE Weight,TCS Weight,TATACONSUM Weight,TATASTEEL Weight,TECHM Weight,TITAN Weight,UPL Weight,WIPRO Weight
0,-44.39132088205002,7.146018463688879,-6.713013844815414,0.0870602702235791,6.223301456251538,6.361964007919618,7.633229150666308,5.101945010227702,7.090064862948417,1.3913327329362533,5.252059978591054,6.1966912178591285,0.16234385233165077,7.286716613140445,6.724345201520052,3.6189992865962655,0.5647662293059907,2.556275128648297,1.3570487438026553,1.7114992389812869,2.102904121582899,4.9776316981500015,4.273548569394137,6.577377585062694,5.8404716646161114,5.590231795245301,1.3181915839986071
