,Returns,Semi Deviation,Sortino Ratio,ADANIPORTS Weight,ASIANPAINT Weight,BAJFINANCE Weight,BAJAJFINSV Weight,BRITANNIA Weight,DIVISLAB Weight,GRASIM Weight,HCLTECH Weight,HDFCBANK Weight,HINDALCO Weight,HINDUNILVR Weight,ICICIBANK Weight,INFY Weight,JSWSTEEL Weight,NESTLEIND Weight,POWERGRID Weight,RELIANCE Weight,TCS Weight,TATACONSUM Weight,TATASTEEL Weight,TECHM Weight,TITAN Weight,UPL Weight,WIPRO Weight
0,-42.87704637811856,6.800523643200624,-6.831392524392994,5.105213245373759,6.317989566380831,6.976386531607959,6.1709386326778,5.294749991329195,8.145041263358381,0.19494229351731795,0.33764290249920986,3.3087859749775634,4.510837077059781,1.0152744463609005,5.1263132035347265,3.6575116431668415,0.4066570769926096,3.3113795713588448,6.040754423837542,6.585384218966494,2.9400644903760593,4.230542799411778,3.7083510270686952,3.6618857608471993,6.0735991779976235,0.5486929693255531,6.331061711973343
