,Returns,Semi Deviation,Sortino Ratio,ADANIPORTS Weight,ASIANPAINT Weight,BAJFINANCE Weight,BAJAJFINSV Weight,BRITANNIA Weight,DIVISLAB Weight,GRASIM Weight,HCLTECH Weight,HDFCBANK Weight,HINDALCO Weight,HINDUNILVR Weight,ICICIBANK Weight,INFY Weight,JSWSTEEL Weight,NESTLEIND Weight,POWERGRID Weight,RELIANCE Weight,TCS Weight,TATACONSUM Weight,TATASTEEL Weight,TECHM Weight,TITAN Weight,UPL Weight,WIPRO Weight
0,-36.615156511300675,4.356205792356277,-9.227102305825426,4.5855952877549555,3.641658809904685,3.0805873182917667,4.254791705599521,3.6042394012721,8.483117836613188,3.587991070871125,8.795832224659748,0.42059510884734075,0.7282007814415612,6.399068527220379,1.7777150631232648,3.927791614212256,5.650654559625056,6.398191338133227,6.341851814614306,8.443382959514215,3.356351711360432,0.21914427321758304,1.4389242219299951,1.6067783310225454,3.240516715076468,5.243736892213001,4.773282433481294
