,Returns,Semi Deviation,Sortino Ratio,ADANIPORTS Weight,ASIANPAINT Weight,BAJFINANCE Weight,BAJAJFINSV Weight,BRITANNIA Weight,DIVISLAB Weight,GRASIM Weight,HCLTECH Weight,HDFCBANK Weight,HINDALCO Weight,HINDUNILVR Weight,ICICIBANK Weight,INFY Weight,JSWSTEEL Weight,NESTLEIND Weight,POWERGRID Weight,RELIANCE Weight,TCS Weight,TATACONSUM Weight,TATASTEEL Weight,TECHM Weight,TITAN Weight,UPL Weight,WIPRO Weight
0,-41.25256012308242,5.860634506556054,-7.6497792300355965,6.850172024741406,4.386156982572888,7.464602638510594,2.7220639932022292,4.471479128481112,4.727447608724988,2.379246506890957,6.040254320683223,5.5646694373091545,0.22198722425692574,1.620424797669206,3.7346973696233396,3.284861248773832,0.27848719680885897,0.6013926297182681,2.7413068878129634,6.9204685764606495,5.3243468514772205,3.8205940538753946,7.386633126898176,6.694535491291612,7.492365868253306,2.5958840695026786,2.675921966461037
