,Returns,Semi Deviation,Sortino Ratio,ADANIPORTS Weight,ASIANPAINT Weight,BAJFINANCE Weight,BAJAJFINSV Weight,BRITANNIA Weight,DIVISLAB Weight,GRASIM Weight,HCLTECH Weight,HDFCBANK Weight,HINDALCO Weight,HINDUNILVR Weight,ICICIBANK Weight,INFY Weight,JSWSTEEL Weight,NESTLEIND Weight,POWERGRID Weight,RELIANCE Weight,TCS Weight,TATACONSUM Weight,TATASTEEL Weight,TECHM Weight,TITAN Weight,UPL Weight,WIPRO Weight
0,-46.69098559277951,7.492032673297722,-6.709926102157807,5.825666642326147,7.8530419723113045,7.229961039920885,1.26051408151265,1.9089622038469176,4.459321268191052,7.438803336797431,2.5436125943869214,1.7525510639022037,4.094493290027641,7.075547155871884,2.924332917000607,2.0916113364353173,6.999235475048221,6.609486223066556,2.4022084359807767,1.0252500494556216,1.8284933787947635,7.885162295641482,5.206753428518464,1.3838029422268379,3.0348232108288005,2.3397059773348854,4.826659680572631
