,Returns,Semi Deviation,Sortino Ratio,ADANIPORTS Weight,ASIANPAINT Weight,BAJFINANCE Weight,BAJAJFINSV Weight,BRITANNIA Weight,DIVISLAB Weight,GRASIM Weight,HCLTECH Weight,HDFCBANK Weight,HINDALCO Weight,HINDUNILVR Weight,ICICIBANK Weight,INFY Weight,JSWSTEEL Weight,NESTLEIND Weight,POWERGRID Weight,RELIANCE Weight,TCS Weight,TATACONSUM Weight,TATASTEEL Weight,TECHM Weight,TITAN Weight,UPL Weight,WIPRO Weight
0,0.03738255767679884,0.5392026809987566,0.05108912439123711,2.3890014064065874,1.5723391113334368,1.2562644040216338,1.2888903041015807,6.547336356810289,9.40849933123936,1.173213007962047,0.2318579280429571,3.776608153227343,0.30875903883095085,5.949866255623763,6.375567011622306,5.78992572900232,3.110924745843625,8.706743811646556,3.976962518718971,3.6238287056252676,7.550572233917697,6.268615154434095,0.018293840822910752,1.8903913547766364,9.234897290671777,0.4059754013487443,9.144666903969147
