,Returns,Semi Deviation,Sortino Ratio,ADANIPORTS Weight,ASIANPAINT Weight,BAJFINANCE Weight,BAJAJFINSV Weight,BRITANNIA Weight,DIVISLAB Weight,GRASIM Weight,HCLTECH Weight,HDFCBANK Weight,HINDALCO Weight,HINDUNILVR Weight,ICICIBANK Weight,INFY Weight,JSWSTEEL Weight,NESTLEIND Weight,POWERGRID Weight,RELIANCE Weight,TCS Weight,TATACONSUM Weight,TATASTEEL Weight,TECHM Weight,TITAN Weight,UPL Weight,WIPRO Weight
0,-0.05760654916939209,0.7828394375747119,-0.08615012321491594,0.8332817953044716,0.6755803286453453,9.52614771745315,2.8810358684096435,1.1164157079911197,8.634277881001703,1.8946985384327824,9.378171097435649,2.30949244191926,0.7697516288558045,8.943956747738165,6.839333407004186,9.348690897520877,1.706071467186851,1.2952207378703393,1.3905002870441208,3.319449090751937,0.2567188145139764,8.100846977000822,3.1328396214751244,0.9704816396332041,6.781299554250833,0.0007741997948135414,9.89496355276582
