,Returns,Semi Deviation,Sortino Ratio,ADANIPORTS Weight,ASIANPAINT Weight,BAJFINANCE Weight,BAJAJFINSV Weight,BRITANNIA Weight,DIVISLAB Weight,GRASIM Weight,HCLTECH Weight,HDFCBANK Weight,HINDALCO Weight,HINDUNILVR Weight,ICICIBANK Weight,INFY Weight,JSWSTEEL Weight,NESTLEIND Weight,POWERGRID Weight,RELIANCE Weight,TCS Weight,TATACONSUM Weight,TATASTEEL Weight,TECHM Weight,TITAN Weight,UPL Weight,WIPRO Weight
0,-42.876689805396175,6.936103956813976,-6.6978076013058425,1.682299642927693,2.105130280007406,0.254314664567868,9.002366548839017,2.627223791916827,7.9043456140935096,7.065579828085232,5.59297173543301,1.5952181025659582,1.6826952785129519,5.3700513254439715,4.163526098685111,4.236302895765052,0.009038212328445115,7.449645822804128,5.415239478625729,2.372682450976721,0.3248806884411463,7.337138159832551,2.17344910969012,0.35540704089848985,6.0622064843333465,6.852444982809117,8.365841762416593
