,Returns,Semi Deviation,Sortino Ratio,ADANIPORTS Weight,ASIANPAINT Weight,BAJFINANCE Weight,BAJAJFINSV Weight,BRITANNIA Weight,DIVISLAB Weight,GRASIM Weight,HCLTECH Weight,HDFCBANK Weight,HINDALCO Weight,HINDUNILVR Weight,ICICIBANK Weight,INFY Weight,JSWSTEEL Weight,NESTLEIND Weight,POWERGRID Weight,RELIANCE Weight,TCS Weight,TATACONSUM Weight,TATASTEEL Weight,TECHM Weight,TITAN Weight,UPL Weight,WIPRO Weight
0,-40.58725902625307,5.655193236756821,-7.810035338700896,2.098534395022193,5.220885467149459,1.3284314193339015,6.721125771738307,8.181536553549524,5.327776621244733,0.32117927352766507,6.930867665061389,1.6596658852327144,2.317739489914438,3.6458320146729237,8.986136441833942,5.404972493901723,0.32810572717129316,0.2701328898090703,0.19221230439310177,0.27230687837021195,6.009977074318803,7.670094591266426,1.7819708063990711,4.285573060084183,9.111274919301431,7.947252318060399,3.9864159386431104
