,Returns,Semi Deviation,Sortino Ratio,ADANIPORTS Weight,ASIANPAINT Weight,BAJFINANCE Weight,BAJAJFINSV Weight,BRITANNIA Weight,DIVISLAB Weight,GRASIM Weight,HCLTECH Weight,HDFCBANK Weight,HINDALCO Weight,HINDUNILVR Weight,ICICIBANK Weight,INFY Weight,JSWSTEEL Weight,NESTLEIND Weight,POWERGRID Weight,RELIANCE Weight,TCS Weight,TATACONSUM Weight,TATASTEEL Weight,TECHM Weight,TITAN Weight,UPL Weight,WIPRO Weight
0,-36.755534580180054,4.618408577166427,-8.733643614729182,5.2438700227300465,3.0770106432380775,3.74309870954992,2.035804151925253,0.9524748429014888,2.358768335139837,4.843659206350964,6.282639028592857,4.618244821147542,5.62086763031293,5.682773054843496,4.2359996543366885,6.492364375092816,2.2339191428893552,6.308725322958371,3.652450256832265,6.204215335825984,6.685873798163919,4.7603903614611385,5.0837842680141,4.7174614329755675,0.7794123317017561,0.5333797518642008,3.852813521151436
