,Returns,Semi Deviation,Sortino Ratio,ADANIPORTS Weight,ASIANPAINT Weight,BAJFINANCE Weight,BAJAJFINSV Weight,BRITANNIA Weight,DIVISLAB Weight,GRASIM Weight,HCLTECH Weight,HDFCBANK Weight,HINDALCO Weight,HINDUNILVR Weight,ICICIBANK Weight,INFY Weight,JSWSTEEL Weight,NESTLEIND Weight,POWERGRID Weight,RELIANCE Weight,TCS Weight,TATACONSUM Weight,TATASTEEL Weight,TECHM Weight,TITAN Weight,UPL Weight,WIPRO Weight
0,0.026446439409027512,0.5635362818034301,0.02947685022285209,1.312557193450339,7.903008533224281,7.605583239399329,0.9621190950611617,0.5718231167931412,8.66614456288556,1.527704726291377,0.6458624408150226,4.021176707864968,0.79941001141642,8.52318238388721,0.04565488567061912,3.3522758572969393,0.4252716850947244,6.855180687966668,2.5744640270890704,0.8069360448720234,8.263735985717851,5.67058586454389,7.9870558741596165,5.483763823654174,6.968688784253392,0.8597488175093686,8.16806565108286
