,Returns,Semi Deviation,Sortino Ratio,ADANIPORTS Weight,ASIANPAINT Weight,BAJFINANCE Weight,BAJAJFINSV Weight,BRITANNIA Weight,DIVISLAB Weight,GRASIM Weight,HCLTECH Weight,HDFCBANK Weight,HINDALCO Weight,HINDUNILVR Weight,ICICIBANK Weight,INFY Weight,JSWSTEEL Weight,NESTLEIND Weight,POWERGRID Weight,RELIANCE Weight,TCS Weight,TATACONSUM Weight,TATASTEEL Weight,TECHM Weight,TITAN Weight,UPL Weight,WIPRO Weight
0,-37.721899821891455,4.636304136566944,-8.908367226416336,5.760399148722316,8.802585920310719,5.3138749813000885,0.2565979067469892,2.4336922368408316,8.690800055444964,0.0465516439350723,1.4657054402494245,4.219636324794747,2.683584318884243,3.209248395841828,3.036373134197024,6.5649834947242764,7.622827362846843,6.080207903477325,2.0173192775568847,6.54802002000657,2.704707532204531,3.7818474871508077,6.313459464399268,5.527805126622363,1.5140129046269795,2.4400625349227973,2.965697384193099
