,Returns,Semi Deviation,Sortino Ratio,ADANIPORTS Weight,ASIANPAINT Weight,BAJFINANCE Weight,BAJAJFINSV Weight,BRITANNIA Weight,DIVISLAB Weight,GRASIM Weight,HCLTECH Weight,HDFCBANK Weight,HINDALCO Weight,HINDUNILVR Weight,ICICIBANK Weight,INFY Weight,JSWSTEEL Weight,NESTLEIND Weight,POWERGRID Weight,RELIANCE Weight,TCS Weight,TATACONSUM Weight,TATASTEEL Weight,TECHM Weight,TITAN Weight,UPL Weight,WIPRO Weight
0,-43.80374114539385,7.238989916427246,-6.545628836678884,2.2223739283199455,4.0171640892950435,4.554926124665664,5.736394889987159,2.324945628340972,5.2822072113116905,0.4487635445586653,6.249291773553343,5.5127923635372555,6.298825635088353,3.2769372482419614,3.2102931457778574,5.468344373169387,6.3797189907122185,2.195376252233786,0.5305849921489114,4.316406196865259,2.074021865037216,6.556013321815908,5.429355725498296,5.88089695824454,6.0066066090056855,1.4084152913504782,4.619343841240401
