,Returns,Semi Deviation,Sortino Ratio,ADANIPORTS Weight,ASIANPAINT Weight,BAJFINANCE Weight,BAJAJFINSV Weight,BRITANNIA Weight,DIVISLAB Weight,GRASIM Weight,HCLTECH Weight,HDFCBANK Weight,HINDALCO Weight,HINDUNILVR Weight,ICICIBANK Weight,INFY Weight,JSWSTEEL Weight,NESTLEIND Weight,POWERGRID Weight,RELIANCE Weight,TCS Weight,TATACONSUM Weight,TATASTEEL Weight,TECHM Weight,TITAN Weight,UPL Weight,WIPRO Weight
0,-45.87210729044041,7.546838736931064,-6.552691665245548,5.069201381730753,5.406505505320195,3.2558724265491326,1.9219597882065313,3.60766576500645,4.37464137150078,8.654431318124576,8.466142483220974,1.2033413554393564,1.597386743058427,4.296180156674166,3.154297514712211,5.118995085208583,4.03669406085837,1.5468912176471872,4.578622697712156,1.0201007856390143,0.527953787424927,6.922313207693656,8.360266264756683,4.561789072131126,6.882758467139735,2.216112772688143,3.2198767715568635
