,Returns,Semi Deviation,Sortino Ratio,ADANIPORTS Weight,ASIANPAINT Weight,BAJFINANCE Weight,BAJAJFINSV Weight,BRITANNIA Weight,DIVISLAB Weight,GRASIM Weight,HCLTECH Weight,HDFCBANK Weight,HINDALCO Weight,HINDUNILVR Weight,ICICIBANK Weight,INFY Weight,JSWSTEEL Weight,NESTLEIND Weight,POWERGRID Weight,RELIANCE Weight,TCS Weight,TATACONSUM Weight,TATASTEEL Weight,TECHM Weight,TITAN Weight,UPL Weight,WIPRO Weight
0,-37.61039061155647,5.334249714829286,-7.721871455895029,4.614231014642731,5.425915208359626,7.3399262680812525,4.238103863369073,7.5215454570727385,2.2854958237646024,0.16981268033871177,5.523370896671312,3.2652585734219564,2.8914688835817124,3.546571874125072,1.8368567693543971,5.478649699374229,0.15532474450933675,6.437587727707676,1.7533942460542573,0.7017738269349669,8.445171988873865,7.802962671946129,3.0020419974467343,2.0064880042350746,5.2553920635703095,6.487364844838147,3.815290871726064
