,Returns,Semi Deviation,Sortino Ratio,ADANIPORTS Weight,ASIANPAINT Weight,BAJFINANCE Weight,BAJAJFINSV Weight,BRITANNIA Weight,DIVISLAB Weight,GRASIM Weight,HCLTECH Weight,HDFCBANK Weight,HINDALCO Weight,HINDUNILVR Weight,ICICIBANK Weight,INFY Weight,JSWSTEEL Weight,NESTLEIND Weight,POWERGRID Weight,RELIANCE Weight,TCS Weight,TATACONSUM Weight,TATASTEEL Weight,TECHM Weight,TITAN Weight,UPL Weight,WIPRO Weight
0,-37.0855032638776,4.58920038797668,-8.861130442335401,2.0051464964099335,6.067616318945575,6.654354102987384,3.7086703180822447,3.8844285443315467,5.587954099871693,5.9613788660916605,5.896895669932926,6.030584943347084,1.4454795191921417,6.912275894357394,2.243485593916499,6.256326439972967,3.2664440986846057,4.28099520191441,0.023317783778544213,2.7894598973117994,3.3438721354194114,5.94277173747221,2.292883267959497,5.633237247595077,2.3129884766057156,4.856028103646739,2.60340524217295
