,Returns,Semi Deviation,Sortino Ratio,ADANIPORTS Weight,ASIANPAINT Weight,BAJFINANCE Weight,BAJAJFINSV Weight,BRITANNIA Weight,DIVISLAB Weight,GRASIM Weight,HCLTECH Weight,HDFCBANK Weight,HINDALCO Weight,HINDUNILVR Weight,ICICIBANK Weight,INFY Weight,JSWSTEEL Weight,NESTLEIND Weight,POWERGRID Weight,RELIANCE Weight,TCS Weight,TATACONSUM Weight,TATASTEEL Weight,TECHM Weight,TITAN Weight,UPL Weight,WIPRO Weight
0,-0.037015010016902695,0.8614838775665202,-0.05438311275703469,1.659077266433069,5.7261734647333995,6.972588546984208,0.34432911900856095,5.052327302753398,9.388271280879506,0.6566627330670501,4.830261181061526,2.108917136877709,0.17192271277441423,2.127404118255674,1.5004462748278338,8.64057183431239,2.325265651229497,3.3529246890150155,8.738526531257303,3.825768465809808,8.790842232410903,6.141998156129445,4.972154913843805,4.737469488578762,5.747221399074189,0.041154916526640155,2.1477205841558757
