,Returns,Semi Deviation,Sortino Ratio,ADANIPORTS Weight,ASIANPAINT Weight,BAJFINANCE Weight,BAJAJFINSV Weight,BRITANNIA Weight,DIVISLAB Weight,GRASIM Weight,HCLTECH Weight,HDFCBANK Weight,HINDALCO Weight,HINDUNILVR Weight,ICICIBANK Weight,INFY Weight,JSWSTEEL Weight,NESTLEIND Weight,POWERGRID Weight,RELIANCE Weight,TCS Weight,TATACONSUM Weight,TATASTEEL Weight,TECHM Weight,TITAN Weight,UPL Weight,WIPRO Weight
0,-42.74232331909627,6.366405011888805,-7.276056617917435,5.4728090587970515,7.616931261964129,3.8057389646172632,5.640742495116632,4.87257487231835,3.2712484074799555,6.668536729159142,0.6386352039210035,4.781283884393327,2.965099196113142,4.534686605659107,3.665639858343227,4.689582556974148,1.0036436444222525,2.772338667224169,0.6616477206451167,6.249280995703423,2.552055286363049,4.570408518356313,3.567696641220377,6.712780498960133,7.688357028659095,1.0747204707062847,4.52356143288331
