,Returns,Semi Deviation,Sortino Ratio,ADANIPORTS Weight,ASIANPAINT Weight,BAJFINANCE Weight,BAJAJFINSV Weight,BRITANNIA Weight,DIVISLAB Weight,GRASIM Weight,HCLTECH Weight,HDFCBANK Weight,HINDALCO Weight,HINDUNILVR Weight,ICICIBANK Weight,INFY Weight,JSWSTEEL Weight,NESTLEIND Weight,POWERGRID Weight,RELIANCE Weight,TCS Weight,TATACONSUM Weight,TATASTEEL Weight,TECHM Weight,TITAN Weight,UPL Weight,WIPRO Weight
0,-41.04614220222497,6.268282722770733,-7.119356955631883,4.331066363532919,1.891729737821066,1.653422845690857,8.272269137501583,3.692854994234116,4.3273184322473295,2.358215633937127,5.664163688433412,2.5180779969489087,8.750469137088755,2.198055437968558,2.4172203631496725,3.4851062309516805,4.367439462735338,0.6458560338462742,1.0667624382936822,5.142568713969308,8.65695089841637,7.353746402642955,1.2827913097022325,2.2127939263479806,5.2168354140283615,5.9998813706293435,6.494404029882162
