,Returns,Semi Deviation,Sortino Ratio,ADANIPORTS Weight,ASIANPAINT Weight,BAJFINANCE Weight,BAJAJFINSV Weight,BRITANNIA Weight,DIVISLAB Weight,GRASIM Weight,HCLTECH Weight,HDFCBANK Weight,HINDALCO Weight,HINDUNILVR Weight,ICICIBANK Weight,INFY Weight,JSWSTEEL Weight,NESTLEIND Weight,POWERGRID Weight,RELIANCE Weight,TCS Weight,TATACONSUM Weight,TATASTEEL Weight,TECHM Weight,TITAN Weight,UPL Weight,WIPRO Weight
0,-39.18927741853069,5.670571385751983,-7.542322370897901,0.641782726879425,7.861777779779404,6.657741054080477,0.9366653625093727,5.652218608691757,0.2928296305663137,4.736928336880893,4.682748709339987,3.791717462911009,6.316845123237477,4.044652219433946,0.7026036771616471,6.0524390612951775,5.4927976189969,4.172424718119914,3.3578309467338148,5.90336543092934,6.629902374455668,5.130817007478414,2.3206984167721783,2.377996691962333,7.44273458652233,3.356773858772054,1.4437085964901744
