,Returns,Semi Deviation,Sortino Ratio,ADANIPORTS Weight,ASIANPAINT Weight,BAJFINANCE Weight,BAJAJFINSV Weight,BRITANNIA Weight,DIVISLAB Weight,GRASIM Weight,HCLTECH Weight,HDFCBANK Weight,HINDALCO Weight,HINDUNILVR Weight,ICICIBANK Weight,INFY Weight,JSWSTEEL Weight,NESTLEIND Weight,POWERGRID Weight,RELIANCE Weight,TCS Weight,TATACONSUM Weight,TATASTEEL Weight,TECHM Weight,TITAN Weight,UPL Weight,WIPRO Weight
0,-41.775545853214965,6.971568572074322,-6.505787812931154,2.0201100222830495,7.864461652833205,3.1188858540770528,7.169429354323606,1.303347845359404,3.550944903308314,2.0771434258228463,3.545202805537088,7.8396816874490165,0.11551579159862081,4.812487072655358,1.1251955161808784,7.207316852155444,1.6444642504348719,6.98309257887079,1.049507581168204,3.259028183431841,6.049978223481885,5.315744970118395,3.320154632971338,6.393224102111003,6.5788803282810715,2.79632259269549,4.859879772851223
