,Returns,Semi Deviation,Sortino Ratio,ADANIPORTS Weight,ASIANPAINT Weight,BAJFINANCE Weight,BAJAJFINSV Weight,BRITANNIA Weight,DIVISLAB Weight,GRASIM Weight,HCLTECH Weight,HDFCBANK Weight,HINDALCO Weight,HINDUNILVR Weight,ICICIBANK Weight,INFY Weight,JSWSTEEL Weight,NESTLEIND Weight,POWERGRID Weight,RELIANCE Weight,TCS Weight,TATACONSUM Weight,TATASTEEL Weight,TECHM Weight,TITAN Weight,UPL Weight,WIPRO Weight
0,-0.10056834594939285,0.8829231638035596,-0.12504316945196967,0.8378505547559735,6.540988511391724,0.23584560128879464,1.1665627396140723,1.46773376649531,8.877928184266487,3.09807024639862,4.858895589262003,6.977510353759254,2.2211721445878787,9.06844299824092,2.338202433177327,8.706523985708452,2.3703996173165525,1.3727384866558678,1.0135958764824962,0.7152111989597861,9.02564578304407,7.030722166119113,1.5294627974767279,3.4335763347572774,6.99285807757354,0.9079897748963349,9.212072777771404
