,Returns,Semi Deviation,Sortino Ratio,ADANIPORTS Weight,ASIANPAINT Weight,BAJFINANCE Weight,BAJAJFINSV Weight,BRITANNIA Weight,DIVISLAB Weight,GRASIM Weight,HCLTECH Weight,HDFCBANK Weight,HINDALCO Weight,HINDUNILVR Weight,ICICIBANK Weight,INFY Weight,JSWSTEEL Weight,NESTLEIND Weight,POWERGRID Weight,RELIANCE Weight,TCS Weight,TATACONSUM Weight,TATASTEEL Weight,TECHM Weight,TITAN Weight,UPL Weight,WIPRO Weight
0,-44.14809837202232,7.050180017082464,-6.769770169893246,0.10088256820613424,0.5183619215746094,4.048150759756575,0.896772439022992,4.723209449394103,6.580168392110395,3.7469793137552303,1.7180185061591449,5.400809333042045,1.9296355390114144,0.33149026860702263,1.9482964173297657,5.2168746638796675,2.038259649981312,8.35561862877608,3.3966751347626523,6.655237052417321,4.675593002639351,3.115788508523638,7.511559788386172,9.064291418669299,5.032090649780118,7.654051516915102,5.34118507729985
