,Returns,Semi Deviation,Sortino Ratio,ADANIPORTS Weight,ASIANPAINT Weight,BAJFINANCE Weight,BAJAJFINSV Weight,BRITANNIA Weight,DIVISLAB Weight,GRASIM Weight,HCLTECH Weight,HDFCBANK Weight,HINDALCO Weight,HINDUNILVR Weight,ICICIBANK Weight,INFY Weight,JSWSTEEL Weight,NESTLEIND Weight,POWERGRID Weight,RELIANCE Weight,TCS Weight,TATACONSUM Weight,TATASTEEL Weight,TECHM Weight,TITAN Weight,UPL Weight,WIPRO Weight
0,-36.388495714851615,4.4275908993738105,-9.027142891748268,0.9851488275824629,1.8698936862084383,3.517720726309195,3.8467351988015603,8.339280701923519,5.09912134243457,3.768602240967899,5.33134868370498,5.030761365285506,3.59768269989777,2.87247511890005,1.7908129477711883,1.7170393069676333,6.3877915717066465,5.746335571037527,5.368685335353751,5.124077491378201,3.1447334575471753,4.022320521646797,1.5902166585711932,8.350083822288012,4.316322402300762,3.3976492124458324,4.785161108969352
