,Returns,Semi Deviation,Sortino Ratio,ADANIPORTS Weight,ASIANPAINT Weight,BAJFINANCE Weight,BAJAJFINSV Weight,BRITANNIA Weight,DIVISLAB Weight,GRASIM Weight,HCLTECH Weight,HDFCBANK Weight,HINDALCO Weight,HINDUNILVR Weight,ICICIBANK Weight,INFY Weight,JSWSTEEL Weight,NESTLEIND Weight,POWERGRID Weight,RELIANCE Weight,TCS Weight,TATACONSUM Weight,TATASTEEL Weight,TECHM Weight,TITAN Weight,UPL Weight,WIPRO Weight
0,-44.32942275810241,7.264458375426665,-6.5950440187206025,5.727378599592405,6.333609743927229,1.3071174936510115,6.636053145525868,2.7267818974361355,3.972625717526775,0.2274198979329103,2.147049837639729,6.360351441966908,1.9200737491561155,0.43926963638792293,5.528574610696878,4.263588072128372,4.268786420303401,0.10370209650088782,3.7456900608000803,6.899127156472913,7.590242582640565,6.574430094800136,3.735810499896043,3.8735991557744076,3.7262329240420278,5.27699391315081,6.615491252050471
