,Returns,Semi Deviation,Sortino Ratio,ADANIPORTS Weight,ASIANPAINT Weight,BAJFINANCE Weight,BAJAJFINSV Weight,BRITANNIA Weight,DIVISLAB Weight,GRASIM Weight,HCLTECH Weight,HDFCBANK Weight,HINDALCO Weight,HINDUNILVR Weight,ICICIBANK Weight,INFY Weight,JSWSTEEL Weight,NESTLEIND Weight,POWERGRID Weight,RELIANCE Weight,TCS Weight,TATACONSUM Weight,TATASTEEL Weight,TECHM Weight,TITAN Weight,UPL Weight,WIPRO Weight
0,-41.92125984967661,6.589817647645465,-6.904782845688327,3.599155689706346,1.2103111121134285,9.246165077066397,5.102283427512258,5.660675485126624,1.9747218176224486,3.245231236085487,5.517206354552471,2.780132109777003,0.3113574164348203,1.4893868321663475,0.7970450923403936,6.171547794832087,5.240705827994422,2.4607590854224672,0.033278807074063485,9.39222718698832,6.0850891379790815,6.6087924654221615,7.374842565366742,0.34539364206706585,3.0808164834228458,7.5322711845228385,4.740604168403874
