,Returns,Semi Deviation,Sortino Ratio,ADANIPORTS Weight,ASIANPAINT Weight,BAJFINANCE Weight,BAJAJFINSV Weight,BRITANNIA Weight,DIVISLAB Weight,GRASIM Weight,HCLTECH Weight,HDFCBANK Weight,HINDALCO Weight,HINDUNILVR Weight,ICICIBANK Weight,INFY Weight,JSWSTEEL Weight,NESTLEIND Weight,POWERGRID Weight,RELIANCE Weight,TCS Weight,TATACONSUM Weight,TATASTEEL Weight,TECHM Weight,TITAN Weight,UPL Weight,WIPRO Weight
0,-43.241228018404634,6.068436381475448,-7.715534130230227,2.309970541840059,1.9860861003038368,7.709970241103016,1.4220613284448276,2.0141025047979504,8.703097439881695,3.900407949674984,6.285130485881435,1.2941763431857778,4.183965724557534,6.620844291303017,6.961296605937944,8.228579254907894,2.958149327906132,3.51385647753683,3.2504784675656957,0.09162281516363897,3.4285540221969097,8.70472137627373,0.9549110414805584,4.6327606209469065,1.9018998120089132,1.7716372827542477,7.171719944346476
