,Returns,Semi Deviation,Sortino Ratio,ADANIPORTS Weight,ASIANPAINT Weight,BAJFINANCE Weight,BAJAJFINSV Weight,BRITANNIA Weight,DIVISLAB Weight,GRASIM Weight,HCLTECH Weight,HDFCBANK Weight,HINDALCO Weight,HINDUNILVR Weight,ICICIBANK Weight,INFY Weight,JSWSTEEL Weight,NESTLEIND Weight,POWERGRID Weight,RELIANCE Weight,TCS Weight,TATACONSUM Weight,TATASTEEL Weight,TECHM Weight,TITAN Weight,UPL Weight,WIPRO Weight
0,-37.271276723643815,4.866970317418804,-8.393574248324011,4.2111129150445885,0.5919440317062246,5.24160243010295,6.448984115461628,3.984271925122271,5.532483575538074,2.604203896674374,6.292185722596436,7.33275597679456,2.0301147509533988,4.857049333726877,6.146964254690007,1.9358901716941708,5.919041638761039,0.9792130695736322,1.4271249820768463,6.00117769337384,4.577565856280511,7.2137470277320865,1.0143577117645008,2.927916735771561,7.871456741930212,2.288977621557476,2.5698578210727145
