,Returns,Semi Deviation,Sortino Ratio,ADANIPORTS Weight,ASIANPAINT Weight,BAJFINANCE Weight,BAJAJFINSV Weight,BRITANNIA Weight,DIVISLAB Weight,GRASIM Weight,HCLTECH Weight,HDFCBANK Weight,HINDALCO Weight,HINDUNILVR Weight,ICICIBANK Weight,INFY Weight,JSWSTEEL Weight,NESTLEIND Weight,POWERGRID Weight,RELIANCE Weight,TCS Weight,TATACONSUM Weight,TATASTEEL Weight,TECHM Weight,TITAN Weight,UPL Weight,WIPRO Weight
0,-0.1227856218385241,0.7342157499487877,-0.18062917702724218,2.0143707298287956,3.2367340535351943,0.09011843372727872,1.2210820255224513,3.9116923137958373,9.1323640094115,0.9538524770039714,1.1200517562243293,9.836669532996897,1.5187893959309506,5.341636375122663,0.20447677175624732,8.699152439083898,3.3006259601024333,8.257818994584445,2.163602904054939,9.352816834348232,3.2948921786287353,8.848295232823016,3.3126247572938925,2.910732787138718,1.4095326375014956,0.07631891699415963,9.791748482589915
