,Returns,Semi Deviation,Sortino Ratio,ADANIPORTS Weight,ASIANPAINT Weight,BAJFINANCE Weight,BAJAJFINSV Weight,BRITANNIA Weight,DIVISLAB Weight,GRASIM Weight,HCLTECH Weight,HDFCBANK Weight,HINDALCO Weight,HINDUNILVR Weight,ICICIBANK Weight,INFY Weight,JSWSTEEL Weight,NESTLEIND Weight,POWERGRID Weight,RELIANCE Weight,TCS Weight,TATACONSUM Weight,TATASTEEL Weight,TECHM Weight,TITAN Weight,UPL Weight,WIPRO Weight
0,-43.34798840155362,7.233733226804881,-6.487381678337283,3.4408306631865093,1.7606463621222188,6.290776055046751,5.3019122355439325,2.4847700794268257,7.895455249592158,4.285317265199434,2.480869881498423,3.5144700226068664,0.6892633791512794,1.949201160999751,4.700299428657067,4.445988818130832,2.1695423693879325,7.19497937322323,5.219732489711496,1.3840105376250107,1.5933283447284452,7.015962055292557,3.6975655488900485,6.899774533003688,7.617150624333879,4.8841637017054165,3.0839898209362384
