,Returns,Semi Deviation,Sortino Ratio,ADANIPORTS Weight,ASIANPAINT Weight,BAJFINANCE Weight,BAJAJFINSV Weight,BRITANNIA Weight,DIVISLAB Weight,GRASIM Weight,HCLTECH Weight,HDFCBANK Weight,HINDALCO Weight,HINDUNILVR Weight,ICICIBANK Weight,INFY Weight,JSWSTEEL Weight,NESTLEIND Weight,POWERGRID Weight,RELIANCE Weight,TCS Weight,TATACONSUM Weight,TATASTEEL Weight,TECHM Weight,TITAN Weight,UPL Weight,WIPRO Weight
0,-34.8487403921463,4.152773840742394,-9.25375227880851,2.0725988566616045,8.487435196809718,6.123698792464568,1.4394896424681838,8.85375530892461,5.067641664679298,0.8450176208886584,2.4174094427869814,2.1092533845134485,1.453894222617229,7.610782327744777,3.9087011042946616,4.152420204850885,4.244163876302061,3.204407702090085,1.6090358549094228,5.207465575700361,6.84266287196142,3.886040211707611,1.580966068069832,7.281023346499015,2.1575981117500374,2.361518590247692,7.0830200210578305
