,Returns,Semi Deviation,Sortino Ratio,ADANIPORTS Weight,ASIANPAINT Weight,BAJFINANCE Weight,BAJAJFINSV Weight,BRITANNIA Weight,DIVISLAB Weight,GRASIM Weight,HCLTECH Weight,HDFCBANK Weight,HINDALCO Weight,HINDUNILVR Weight,ICICIBANK Weight,INFY Weight,JSWSTEEL Weight,NESTLEIND Weight,POWERGRID Weight,RELIANCE Weight,TCS Weight,TATACONSUM Weight,TATASTEEL Weight,TECHM Weight,TITAN Weight,UPL Weight,WIPRO Weight
0,-44.2638924517671,7.159352328069398,-6.6827123822622045,4.489983326856555,1.6136495637694575,3.839960366952412,0.9610982014268786,0.6972448038390461,3.552409175350964,3.7958343140217767,4.972423568402105,6.303986678646709,2.4656314397510464,7.571636511494477,0.5212064054207646,6.544801734371716,7.7142946661728145,6.533976535834422,0.4476863887645944,7.000065750581497,4.440960036853775,5.101477471728623,1.511170746971977,0.905305877461738,7.075317347098872,6.820207323672084,5.119671764555702
