,Returns,Semi Deviation,Sortino Ratio,ADANIPORTS Weight,ASIANPAINT Weight,BAJFINANCE Weight,BAJAJFINSV Weight,BRITANNIA Weight,DIVISLAB Weight,GRASIM Weight,HCLTECH Weight,HDFCBANK Weight,HINDALCO Weight,HINDUNILVR Weight,ICICIBANK Weight,INFY Weight,JSWSTEEL Weight,NESTLEIND Weight,POWERGRID Weight,RELIANCE Weight,TCS Weight,TATACONSUM Weight,TATASTEEL Weight,TECHM Weight,TITAN Weight,UPL Weight,WIPRO Weight
0,-38.600754272427764,5.023457698877045,-8.396757134405043,2.8794640873919746,8.072455979893151,7.977092213385719,3.1982284146005115,2.418038340611291,4.331513670204414,4.228672757143115,3.416516438354399,1.133791971592333,3.477993585988636,2.0486922731025397,3.0395749198100224,2.797800746461299,7.938590415725855,4.124642205333104,0.8051096193497878,7.914030849273418,1.2360988850333827,3.310375787870897,7.147881744399783,1.7827007377126738,4.756972838536507,2.848343650986498,9.115417867238698
