,Returns,Semi Deviation,Sortino Ratio,ADANIPORTS Weight,ASIANPAINT Weight,BAJFINANCE Weight,BAJAJFINSV Weight,BRITANNIA Weight,DIVISLAB Weight,GRASIM Weight,HCLTECH Weight,HDFCBANK Weight,HINDALCO Weight,HINDUNILVR Weight,ICICIBANK Weight,INFY Weight,JSWSTEEL Weight,NESTLEIND Weight,POWERGRID Weight,RELIANCE Weight,TCS Weight,TATACONSUM Weight,TATASTEEL Weight,TECHM Weight,TITAN Weight,UPL Weight,WIPRO Weight
0,-0.1210586774984668,0.7257145868491807,-0.18036545593210496,0.288753504063789,5.4005595593126285,1.1845577583165496,5.884611289676195,4.641279073323182,7.8186638489477485,0.22299975845900838,13.113302137711596,1.723376154574151,1.0705748078256532,3.283585520109095,4.826180643272057,0.4889848193145377,3.97059172022992,3.9305441836897015,0.18693187942457767,2.368717591078922,5.094878150403993,8.746220782674396,6.252756454074445,0.07726598487843196,12.354658518090742,0.05087199737667487,7.019133863172016
