,Returns,Semi Deviation,Sortino Ratio,ADANIPORTS Weight,ASIANPAINT Weight,BAJFINANCE Weight,BAJAJFINSV Weight,BRITANNIA Weight,DIVISLAB Weight,GRASIM Weight,HCLTECH Weight,HDFCBANK Weight,HINDALCO Weight,HINDUNILVR Weight,ICICIBANK Weight,INFY Weight,JSWSTEEL Weight,NESTLEIND Weight,POWERGRID Weight,RELIANCE Weight,TCS Weight,TATACONSUM Weight,TATASTEEL Weight,TECHM Weight,TITAN Weight,UPL Weight,WIPRO Weight
0,-39.8752163448228,5.734788971657466,-7.577474351643562,2.4354076136022145,1.4953897327009975,3.8244765218749825,8.032429283117287,5.0413580980415045,4.795859999707602,4.481109753423521,1.6582365276514874,4.279723224014746,2.3787798065695807,5.665743091645408,0.101130730216738,0.09919063681600016,0.302256187326737,0.39840177765156515,6.8353694574563475,6.3945969956623525,5.785160282763747,2.854451792742497,6.2391263661591685,4.525091422971644,8.579585676059759,5.660006712080223,8.137118309743895
