,Returns,Semi Deviation,Sortino Ratio,ADANIPORTS Weight,ASIANPAINT Weight,BAJFINANCE Weight,BAJAJFINSV Weight,BRITANNIA Weight,DIVISLAB Weight,GRASIM Weight,HCLTECH Weight,HDFCBANK Weight,HINDALCO Weight,HINDUNILVR Weight,ICICIBANK Weight,INFY Weight,JSWSTEEL Weight,NESTLEIND Weight,POWERGRID Weight,RELIANCE Weight,TCS Weight,TATACONSUM Weight,TATASTEEL Weight,TECHM Weight,TITAN Weight,UPL Weight,WIPRO Weight
0,-0.079369898617511,0.6982184190733673,-0.12776097137492207,0.46122310799632715,8.13029091486676,5.571855483098076,0.4488788498760576,8.585505285324938,7.600243079507361,5.104141276988448,2.2033879903990483,0.558563515915199,0.10199644453914597,8.681972736738224,0.5948569486219141,6.550238614112364,0.9794748138539329,2.4720809002771507,4.880122536950348,4.797445563370138,6.332725213707613,6.711007917202048,0.5479539672275596,1.6823919129586722,7.371849681441477,0.6362521645221808,8.995541080505024
