,Returns,Semi Deviation,Sortino Ratio,ADANIPORTS Weight,ASIANPAINT Weight,BAJFINANCE Weight,BAJAJFINSV Weight,BRITANNIA Weight,DIVISLAB Weight,GRASIM Weight,HCLTECH Weight,HDFCBANK Weight,HINDALCO Weight,HINDUNILVR Weight,ICICIBANK Weight,INFY Weight,JSWSTEEL Weight,NESTLEIND Weight,POWERGRID Weight,RELIANCE Weight,TCS Weight,TATACONSUM Weight,TATASTEEL Weight,TECHM Weight,TITAN Weight,UPL Weight,WIPRO Weight
0,-38.219556269008784,5.439135369578796,-7.684963404807798,4.679064803859434,5.038556781415285,4.559373741319502,0.48724001975574305,4.662625853386386,1.2039052056772033,3.7611564995212414,7.24961432936803,6.776557112251563,5.019980335728328,6.2184141876383645,3.353544855317223,2.5131703378394112,1.4243996165348183,2.6439263909195536,2.4184079434289694,6.814307516931269,8.574753190753196,3.317094273584493,5.139661784091062,0.3921306647625004,7.841528861899549,0.428139870732938,5.482445823283941
