,Returns,Semi Deviation,Sortino Ratio,ADANIPORTS Weight,ASIANPAINT Weight,BAJFINANCE Weight,BAJAJFINSV Weight,BRITANNIA Weight,DIVISLAB Weight,GRASIM Weight,HCLTECH Weight,HDFCBANK Weight,HINDALCO Weight,HINDUNILVR Weight,ICICIBANK Weight,INFY Weight,JSWSTEEL Weight,NESTLEIND Weight,POWERGRID Weight,RELIANCE Weight,TCS Weight,TATACONSUM Weight,TATASTEEL Weight,TECHM Weight,TITAN Weight,UPL Weight,WIPRO Weight
0,-0.05133269768366302,0.6744026667547783,-0.09069931887008581,0.6223964262249521,1.4591442045812069,2.445091834109162,0.38727655803306077,4.0069654396561285,10.05770808126629,0.49916542390885793,3.588815142050584,6.607066227371675,1.2652904932089173,6.375078360342074,5.375932643634988,8.41805598882658,0.8261508303612785,4.001492887553275,0.5942730972424652,8.586297371287118,7.145759788972664,6.364033492906734,2.88867562829322,0.6210259614095754,8.98870879021674,2.7804651489227723,6.095130179619669
