,Returns,Semi Deviation,Sortino Ratio,ADANIPORTS Weight,ASIANPAINT Weight,BAJFINANCE Weight,BAJAJFINSV Weight,BRITANNIA Weight,DIVISLAB Weight,GRASIM Weight,HCLTECH Weight,HDFCBANK Weight,HINDALCO Weight,HINDUNILVR Weight,ICICIBANK Weight,INFY Weight,JSWSTEEL Weight,NESTLEIND Weight,POWERGRID Weight,RELIANCE Weight,TCS Weight,TATACONSUM Weight,TATASTEEL Weight,TECHM Weight,TITAN Weight,UPL Weight,WIPRO Weight
0,-0.01812748316922917,0.7119245900995922,-0.039277542022368224,0.7666124592965364,4.222300970768712,1.031185133189212,3.0241608721484794,9.22503654318329,6.926186232045954,1.087048889928985,7.3156435527517605,0.9663814533628619,1.0587831144524913,5.503612016371896,0.9591130034203014,4.59309490006253,3.329233794246718,8.896427292328337,0.8584727741734965,10.062730371593275,7.772488374588053,5.214951045273628,1.583823253938935,3.5146204041033733,7.091584928886895,0.14954551588196757,4.84696310400233
