,Returns,Semi Deviation,Sortino Ratio,ADANIPORTS Weight,ASIANPAINT Weight,BAJFINANCE Weight,BAJAJFINSV Weight,BRITANNIA Weight,DIVISLAB Weight,GRASIM Weight,HCLTECH Weight,HDFCBANK Weight,HINDALCO Weight,HINDUNILVR Weight,ICICIBANK Weight,INFY Weight,JSWSTEEL Weight,NESTLEIND Weight,POWERGRID Weight,RELIANCE Weight,TCS Weight,TATACONSUM Weight,TATASTEEL Weight,TECHM Weight,TITAN Weight,UPL Weight,WIPRO Weight
0,-0.002978159036122092,0.5947174353124638,-0.021545229903264605,0.01107852946107718,7.221348883014047,7.59923872487178,0.056311653447615614,0.2553694488148268,9.055893528411533,0.24441585272756633,10.070297572035443,2.979016787688144,2.2700053644602765,0.0143065091301671,0.7544231137675467,2.586699406850891,1.948822101439573,0.7806090933422755,3.9016750354684735,2.2935346316412515,8.668962949085309,11.228993483256914,2.473778289013224,5.952944950506997,10.254605542118158,0.32040390307463157,9.05726464637228
