,Returns,Semi Deviation,Sortino Ratio,ADANIPORTS Weight,ASIANPAINT Weight,BAJFINANCE Weight,BAJAJFINSV Weight,BRITANNIA Weight,DIVISLAB Weight,GRASIM Weight,HCLTECH Weight,HDFCBANK Weight,HINDALCO Weight,HINDUNILVR Weight,ICICIBANK Weight,INFY Weight,JSWSTEEL Weight,NESTLEIND Weight,POWERGRID Weight,RELIANCE Weight,TCS Weight,TATACONSUM Weight,TATASTEEL Weight,TECHM Weight,TITAN Weight,UPL Weight,WIPRO Weight
0,0.0578685222950351,0.8540716733934118,0.056240429177358525,0.8587938560607267,7.145138379994291,2.4773782377590967,0.4300239961209105,0.7660222411178538,7.272259935007044,1.8612233310645492,1.618775013271,1.98320954325115,3.0942403864122072,7.924286968781788,2.27900332067235,7.231607562861327,4.236909544590949,7.646938352461347,4.093117124850129,4.9340522750476925,7.702152837698681,6.473620151140573,4.624812680049461,1.7746040222293962,7.182681949411441,0.176113617078413,6.213034673067616
