,Returns,Semi Deviation,Sortino Ratio,ADANIPORTS Weight,ASIANPAINT Weight,BAJFINANCE Weight,BAJAJFINSV Weight,BRITANNIA Weight,DIVISLAB Weight,GRASIM Weight,HCLTECH Weight,HDFCBANK Weight,HINDALCO Weight,HINDUNILVR Weight,ICICIBANK Weight,INFY Weight,JSWSTEEL Weight,NESTLEIND Weight,POWERGRID Weight,RELIANCE Weight,TCS Weight,TATACONSUM Weight,TATASTEEL Weight,TECHM Weight,TITAN Weight,UPL Weight,WIPRO Weight
0,-45.350794805784254,7.384771681671749,-6.625904891172939,1.6498419196385399,2.895096203191109,2.1794125127628736,5.302497853582447,4.746365841550046,7.769075147429776,5.1596880561465515,5.636361063226713,0.21006050257082556,1.5184466635659581,0.6866596569684135,8.068913104531196,6.60432356344576,5.02457002079342,1.7296589214581135,1.7232899501623922,5.7497818851995595,6.870748507683791,5.864762903522608,8.011694457516512,6.461442195080792,1.9318196752272982,3.778071938833176,0.4274174559121395
