,Returns,Semi Deviation,Sortino Ratio,ADANIPORTS Weight,ASIANPAINT Weight,BAJFINANCE Weight,BAJAJFINSV Weight,BRITANNIA Weight,DIVISLAB Weight,GRASIM Weight,HCLTECH Weight,HDFCBANK Weight,HINDALCO Weight,HINDUNILVR Weight,ICICIBANK Weight,INFY Weight,JSWSTEEL Weight,NESTLEIND Weight,POWERGRID Weight,RELIANCE Weight,TCS Weight,TATACONSUM Weight,TATASTEEL Weight,TECHM Weight,TITAN Weight,UPL Weight,WIPRO Weight
0,-35.85999384052392,4.358855009732858,-9.048246329014987,0.29404973922569855,9.497478210704065,1.2764847963166324,2.9732331797531213,3.4112106118062613,8.012324085611485,0.9567838864829641,6.009344266712544,2.9065005136874524,1.6020969315627478,6.040339788823693,0.9764527781054941,1.2712848024197159,4.408925703517233,3.866899714653721,3.6459230050927256,6.087064657678931,8.747814153070351,8.331533870784433,4.943067259900678,3.218950121802743,9.027670081721825,2.091103494423107,0.40346434614238097
