,Returns,Semi Deviation,Sortino Ratio,ADANIPORTS Weight,ASIANPAINT Weight,BAJFINANCE Weight,BAJAJFINSV Weight,BRITANNIA Weight,DIVISLAB Weight,GRASIM Weight,HCLTECH Weight,HDFCBANK Weight,HINDALCO Weight,HINDUNILVR Weight,ICICIBANK Weight,INFY Weight,JSWSTEEL Weight,NESTLEIND Weight,POWERGRID Weight,RELIANCE Weight,TCS Weight,TATACONSUM Weight,TATASTEEL Weight,TECHM Weight,TITAN Weight,UPL Weight,WIPRO Weight
0,-41.263363799913094,5.692089105446751,-7.878190760752946,4.907474636631946,2.0887261111769013,6.8879574493887725,4.467261306545055,5.010568040591781,6.765453228942647,5.619161398003516,4.730319829389048,5.344284429801708,7.053511994531229,8.21816673702387,0.4875164429024436,2.631718492440647,1.040735206211709,5.9785023389504035,1.7812529565412782,4.382066420812138,1.745152298867581,2.2210364550931363,6.572544699634808,1.6154166482737402,5.421380365010408,3.298047244619593,1.7317452686156458
