,Returns,Semi Deviation,Sortino Ratio,ADANIPORTS Weight,ASIANPAINT Weight,BAJFINANCE Weight,BAJAJFINSV Weight,BRITANNIA Weight,DIVISLAB Weight,GRASIM Weight,HCLTECH Weight,HDFCBANK Weight,HINDALCO Weight,HINDUNILVR Weight,ICICIBANK Weight,INFY Weight,JSWSTEEL Weight,NESTLEIND Weight,POWERGRID Weight,RELIANCE Weight,TCS Weight,TATACONSUM Weight,TATASTEEL Weight,TECHM Weight,TITAN Weight,UPL Weight,WIPRO Weight
0,-36.00931851639129,4.756778119045048,-8.322717084045763,7.217927632750926,3.2412824468629116,4.247254080090346,0.09170046884419263,0.6231697008528791,2.0981285876420492,2.1849321543931937,3.6218725606427036,4.229858290673889,4.85925496381436,7.982799527986753,0.028109037978994826,4.7021251800835095,5.443064092344595,7.62510731488955,2.0114237065756755,3.0621235448856763,7.825780317816982,4.25447439731731,4.190400028139082,7.926109974737564,6.211876457973927,1.6598123029683485,4.661413229734591
