,Returns,Semi Deviation,Sortino Ratio,ADANIPORTS Weight,ASIANPAINT Weight,BAJFINANCE Weight,BAJAJFINSV Weight,BRITANNIA Weight,DIVISLAB Weight,GRASIM Weight,HCLTECH Weight,HDFCBANK Weight,HINDALCO Weight,HINDUNILVR Weight,ICICIBANK Weight,INFY Weight,JSWSTEEL Weight,NESTLEIND Weight,POWERGRID Weight,RELIANCE Weight,TCS Weight,TATACONSUM Weight,TATASTEEL Weight,TECHM Weight,TITAN Weight,UPL Weight,WIPRO Weight
0,-39.56085686809621,5.049846141839174,-8.543004213665832,6.199070964805396,2.252018240721974,5.356050591398232,5.981161055308628,2.5126118272295694,5.5957333924477295,6.47645763730875,6.8795136135020165,3.9274985996927128,6.500861320309951,1.2281998813100283,0.7633845863880754,5.048126448674752,1.3194338956991967,6.434074658692639,3.5467307976707567,6.799703201877472,1.7893012551571812,5.352509072355532,6.1290402381104,0.7591270544036443,3.5362563359135226,0.39760324103335287,5.215532089988467
