,Returns,Semi Deviation,Sortino Ratio,ADANIPORTS Weight,ASIANPAINT Weight,BAJFINANCE Weight,BAJAJFINSV Weight,BRITANNIA Weight,DIVISLAB Weight,GRASIM Weight,HCLTECH Weight,HDFCBANK Weight,HINDALCO Weight,HINDUNILVR Weight,ICICIBANK Weight,INFY Weight,JSWSTEEL Weight,NESTLEIND Weight,POWERGRID Weight,RELIANCE Weight,TCS Weight,TATACONSUM Weight,TATASTEEL Weight,TECHM Weight,TITAN Weight,UPL Weight,WIPRO Weight
0,-43.13437594589604,6.2936208249483885,-7.42249608694517,4.803015045488319,3.6074480193605916,1.7908945660817954,6.070847790884422,5.156046879983231,7.008329283652938,6.978388018176082,3.6555570824057506,6.939564965675864,2.0023155139732514,7.13275835541227,2.890783362736447,2.7315117935646227,3.686304882680086,1.7761539722248125,3.4478082806604373,2.655327578484246,0.2344225178132932,7.5260779030981135,4.135602720500275,3.5693695652162143,6.3948574174605675,1.6274399186939803,4.17917456577237
