,Returns,Semi Deviation,Sortino Ratio,ADANIPORTS Weight,ASIANPAINT Weight,BAJFINANCE Weight,BAJAJFINSV Weight,BRITANNIA Weight,DIVISLAB Weight,GRASIM Weight,HCLTECH Weight,HDFCBANK Weight,HINDALCO Weight,HINDUNILVR Weight,ICICIBANK Weight,INFY Weight,JSWSTEEL Weight,NESTLEIND Weight,POWERGRID Weight,RELIANCE Weight,TCS Weight,TATACONSUM Weight,TATASTEEL Weight,TECHM Weight,TITAN Weight,UPL Weight,WIPRO Weight
0,-40.293623619990846,5.646525071299829,-7.770021927821025,2.940962155281445,2.7240141006211043,6.581146024147206,6.012354141575621,8.000482402041635,4.678805200846623,3.5903107856975036,2.0815390473361277,1.4822459992483372,2.0674080004063415,7.397552554130408,6.162447446069581,8.192688545664232,2.3305535787056164,7.117539931743054,8.651644028238486,1.2415615205379176,3.776127609675503,3.550756727192174,2.0338483992975784,2.6114673218671327,1.0923636673949513,1.4276279639006284,4.254552848380782
