,Returns,Semi Deviation,Sortino Ratio,ADANIPORTS Weight,ASIANPAINT Weight,BAJFINANCE Weight,BAJAJFINSV Weight,BRITANNIA Weight,DIVISLAB Weight,GRASIM Weight,HCLTECH Weight,HDFCBANK Weight,HINDALCO Weight,HINDUNILVR Weight,ICICIBANK Weight,INFY Weight,JSWSTEEL Weight,NESTLEIND Weight,POWERGRID Weight,RELIANCE Weight,TCS Weight,TATACONSUM Weight,TATASTEEL Weight,TECHM Weight,TITAN Weight,UPL Weight,WIPRO Weight
0,-38.36608310095852,4.720299470739246,-8.886318200991038,3.909678633188449,0.4678954018969085,7.988107686921757,7.6012442437457235,0.5209864233550232,9.643032603438186,0.22097298944740357,0.4741459816145971,4.324259505290169,3.590313019018316,8.61031299545159,3.4671693717535352,3.7466594681517784,1.27074394900448,1.353254146728418,5.582307817626418,1.5479265627450334,7.9165867142846595,2.6766787322997336,8.177773926615203,4.523136603394588,3.2877073137683914,3.4002506974406175,5.698855212819006
