,Returns,Semi Deviation,Sortino Ratio,ADANIPORTS Weight,ASIANPAINT Weight,BAJFINANCE Weight,BAJAJFINSV Weight,BRITANNIA Weight,DIVISLAB Weight,GRASIM Weight,HCLTECH Weight,HDFCBANK Weight,HINDALCO Weight,HINDUNILVR Weight,ICICIBANK Weight,INFY Weight,JSWSTEEL Weight,NESTLEIND Weight,POWERGRID Weight,RELIANCE Weight,TCS Weight,TATACONSUM Weight,TATASTEEL Weight,TECHM Weight,TITAN Weight,UPL Weight,WIPRO Weight
0,-0.017342352350677066,0.5627735507514873,-0.04829210105832266,1.2574720608335013,1.831940968556442,2.689489984499104,3.567669216239537,3.2993540024894483,9.470038923844209,1.0907446418211435,7.714772314137626,0.035180130982298316,0.7601363712559744,4.618503457266466,1.5427555195199092,8.393241457609944,0.5855767418400296,4.385979300243784,9.422631489117068,6.615285803478501,2.84253182163168,7.860741375186987,6.4565006214723875,0.32286937809710176,8.489215084643103,0.7097591821513852,6.037610153082372
