,Returns,Semi Deviation,Sortino Ratio,ADANIPORTS Weight,ASIANPAINT Weight,BAJFINANCE Weight,BAJAJFINSV Weight,BRITANNIA Weight,DIVISLAB Weight,GRASIM Weight,HCLTECH Weight,HDFCBANK Weight,HINDALCO Weight,HINDUNILVR Weight,ICICIBANK Weight,INFY Weight,JSWSTEEL Weight,NESTLEIND Weight,POWERGRID Weight,RELIANCE Weight,TCS Weight,TATACONSUM Weight,TATASTEEL Weight,TECHM Weight,TITAN Weight,UPL Weight,WIPRO Weight
0,-44.172714439791584,7.2864063007874735,-6.5536716549323835,0.10171588356048171,2.307856324450117,0.8757307507497496,8.77096530198496,5.024842243782334,5.643443311486894,4.96294960257441,5.959655745127169,3.8326079803616695,1.3907620900486135,4.883738292703143,4.023980391973816,3.3252013653128984,8.373248863318087,1.1388366277355153,1.0172960358178211,7.298302960590984,8.888485576736004,4.759784461568981,4.65915240636572,6.099296543451406,1.825467138428255,0.05638168313497315,4.7802984187360025
