,Returns,Semi Deviation,Sortino Ratio,ADANIPORTS Weight,ASIANPAINT Weight,BAJFINANCE Weight,BAJAJFINSV Weight,BRITANNIA Weight,DIVISLAB Weight,GRASIM Weight,HCLTECH Weight,HDFCBANK Weight,HINDALCO Weight,HINDUNILVR Weight,ICICIBANK Weight,INFY Weight,JSWSTEEL Weight,NESTLEIND Weight,POWERGRID Weight,RELIANCE Weight,TCS Weight,TATACONSUM Weight,TATASTEEL Weight,TECHM Weight,TITAN Weight,UPL Weight,WIPRO Weight
0,-37.49939901309771,4.393122969653024,-9.350842054016582,0.1966401916795702,7.531740321366113,4.354656661535431,4.494576321105419,7.57375811864391,6.879327276342607,0.9963580467709418,6.741988196528095,4.294759368482195,0.7439795512701626,5.889132750396559,0.6376423476432428,1.4013402440238028,8.44544685247629,6.63716389939097,0.05723152389549592,7.169939209485235,2.3649764709325707,1.1579244551712102,7.323275832426902,5.537666215175276,2.507107177508739,2.0479452190603027,5.015423748688939
