,Returns,Semi Deviation,Sortino Ratio,ADANIPORTS Weight,ASIANPAINT Weight,BAJFINANCE Weight,BAJAJFINSV Weight,BRITANNIA Weight,DIVISLAB Weight,GRASIM Weight,HCLTECH Weight,HDFCBANK Weight,HINDALCO Weight,HINDUNILVR Weight,ICICIBANK Weight,INFY Weight,JSWSTEEL Weight,NESTLEIND Weight,POWERGRID Weight,RELIANCE Weight,TCS Weight,TATACONSUM Weight,TATASTEEL Weight,TECHM Weight,TITAN Weight,UPL Weight,WIPRO Weight
0,0.004734174107370385,0.5902713366156349,-0.008641772709210927,1.18113861396248,0.49499689979818307,2.9815621590674493,2.077687632571427,1.5207411851988266,10.091190336597329,5.166211612859544,2.6033941832072838,2.0109570074491723,3.064007413633189,0.812017835119045,0.11227344952443014,6.2262824757331785,3.6854540874961006,10.30997200882385,0.06264333595351422,5.401055307634232,12.425256707750563,5.143968240584287,6.382994951727286,2.8513667122383692,10.727203628093811,1.1790391582509172,3.4885850567255363
