,Returns,Semi Deviation,Sortino Ratio,ADANIPORTS Weight,ASIANPAINT Weight,BAJFINANCE Weight,BAJAJFINSV Weight,BRITANNIA Weight,DIVISLAB Weight,GRASIM Weight,HCLTECH Weight,HDFCBANK Weight,HINDALCO Weight,HINDUNILVR Weight,ICICIBANK Weight,INFY Weight,JSWSTEEL Weight,NESTLEIND Weight,POWERGRID Weight,RELIANCE Weight,TCS Weight,TATACONSUM Weight,TATASTEEL Weight,TECHM Weight,TITAN Weight,UPL Weight,WIPRO Weight
0,-37.420303479143314,4.693572451109179,-8.735415060963675,6.073319046622593,1.261774424852393,9.940554484872811,2.576639265161444,2.9669378967746085,7.299923949191949,3.137088217623771,3.0446185301253865,2.308556119598719,0.2710618853947289,5.904073909033302,2.1770365604909903,0.43078235201086773,2.9296298635926097,9.218160207215663,3.3638175368949517,1.8252207923724517,4.312143573173074,4.782098511792374,3.391427291655703,6.776795499634038,4.099444069406615,9.544178171023466,2.3647178414855077
