,Returns,Semi Deviation,Sortino Ratio,ADANIPORTS Weight,ASIANPAINT Weight,BAJFINANCE Weight,BAJAJFINSV Weight,BRITANNIA Weight,DIVISLAB Weight,GRASIM Weight,HCLTECH Weight,HDFCBANK Weight,HINDALCO Weight,HINDUNILVR Weight,ICICIBANK Weight,INFY Weight,JSWSTEEL Weight,NESTLEIND Weight,POWERGRID Weight,RELIANCE Weight,TCS Weight,TATACONSUM Weight,TATASTEEL Weight,TECHM Weight,TITAN Weight,UPL Weight,WIPRO Weight
0,-42.85583499949991,7.276033338327754,-6.382026145329927,5.409548315778888,8.97686296619067,10.106916388704995,4.557360246900121,1.1990754277836246,5.293218231596222,0.48063578432668624,6.351420756798174,2.2106753225837923,0.5785302528779932,0.45412832225365024,3.355134738159765,4.796604270815708,2.883444288161692,0.5044542674817274,7.228340781818096,0.2579896803663782,6.708883798480845,4.895018755155886,0.3736915596117691,0.3296335088742166,8.691862441804528,8.913474210237107,5.443095683237453
