,Returns,Semi Deviation,Sortino Ratio,ADANIPORTS Weight,ASIANPAINT Weight,BAJFINANCE Weight,BAJAJFINSV Weight,BRITANNIA Weight,DIVISLAB Weight,GRASIM Weight,HCLTECH Weight,HDFCBANK Weight,HINDALCO Weight,HINDUNILVR Weight,ICICIBANK Weight,INFY Weight,JSWSTEEL Weight,NESTLEIND Weight,POWERGRID Weight,RELIANCE Weight,TCS Weight,TATACONSUM Weight,TATASTEEL Weight,TECHM Weight,TITAN Weight,UPL Weight,WIPRO Weight
0,-43.353993081463294,7.150373081573791,-6.563852339734581,6.6538430374048385,5.2970301340677075,3.508056080723834,3.3722414256054307,1.7281699554988224,6.502320261852858,6.138239204783439,4.054802140679018,1.9594604447060526,6.647237014662473,3.7775259938425427,6.076459242568339,0.8081449522900009,3.93991142974989,3.8974998443818722,3.1665753065173012,3.223144513129649,4.563136360746993,5.610838631014869,3.467307388829641,6.629761151363514,5.666121775778435,3.1538492314384228,0.1583244783640532
