,Returns,Semi Deviation,Sortino Ratio,ADANIPORTS Weight,ASIANPAINT Weight,BAJFINANCE Weight,BAJAJFINSV Weight,BRITANNIA Weight,DIVISLAB Weight,GRASIM Weight,HCLTECH Weight,HDFCBANK Weight,HINDALCO Weight,HINDUNILVR Weight,ICICIBANK Weight,INFY Weight,JSWSTEEL Weight,NESTLEIND Weight,POWERGRID Weight,RELIANCE Weight,TCS Weight,TATACONSUM Weight,TATASTEEL Weight,TECHM Weight,TITAN Weight,UPL Weight,WIPRO Weight
0,-0.03049088096074,0.786010518489159,-0.051304715200781406,1.1969032855336355,2.428944743457663,2.206712206216825,0.5904369151564404,8.873501925724236,9.270814327493968,1.0906158295951702,3.2966973081630297,5.767040395040115,0.9639974938270222,6.029617177589912,0.06486528335704096,3.997286817844588,5.244967486139346,5.398641637486427,0.1868308955711057,6.268793277991722,0.9219482611019789,10.124030447979683,5.960769409252264,1.8363518237636978,8.100144714298262,1.1045667699787118,9.075521567437148
