,Returns,Semi Deviation,Sortino Ratio,ADANIPORTS Weight,ASIANPAINT Weight,BAJFINANCE Weight,BAJAJFINSV Weight,BRITANNIA Weight,DIVISLAB Weight,GRASIM Weight,HCLTECH Weight,HDFCBANK Weight,HINDALCO Weight,HINDUNILVR Weight,ICICIBANK Weight,INFY Weight,JSWSTEEL Weight,NESTLEIND Weight,POWERGRID Weight,RELIANCE Weight,TCS Weight,TATACONSUM Weight,TATASTEEL Weight,TECHM Weight,TITAN Weight,UPL Weight,WIPRO Weight
0,-42.966014844996614,6.77350685850226,-6.871774963447626,1.4064547309128017,8.268519202213163,4.147539670450585,3.392016126574028,3.210136756217686,4.1381292059276475,1.6050858756189077,5.701200820519274,5.286704159328827,1.3444492057918782,0.7923184952649108,2.192698923811003,6.269599674447228,2.1858045725532493,6.213311536645235,5.9616958411813785,6.895148162982233,5.231380899059697,6.908785061096171,7.701723035834783,8.407867504779889,1.8255283612452826,0.16818937792741884,0.7457127996167234
