,Returns,Semi Deviation,Sortino Ratio,ADANIPORTS Weight,ASIANPAINT Weight,BAJFINANCE Weight,BAJAJFINSV Weight,BRITANNIA Weight,DIVISLAB Weight,GRASIM Weight,HCLTECH Weight,HDFCBANK Weight,HINDALCO Weight,HINDUNILVR Weight,ICICIBANK Weight,INFY Weight,JSWSTEEL Weight,NESTLEIND Weight,POWERGRID Weight,RELIANCE Weight,TCS Weight,TATACONSUM Weight,TATASTEEL Weight,TECHM Weight,TITAN Weight,UPL Weight,WIPRO Weight
0,-40.23239924362781,5.620549471233167,-7.795038450931956,4.307312094658058,2.7952831433482435,3.144458462067997,5.574654084258059,4.914575398463049,0.5489195259216287,2.336560397776366,6.157328795354377,5.133852877498651,1.2733364141908032,5.820141883793903,1.9495830299185026,4.691339901744944,5.003430594262635,4.86012398240481,3.889042749009098,2.646610730968183,5.470831797051388,5.331954756942947,0.9183510046671901,5.320764014822867,6.70087252376375,5.797879191160102,5.412792645952445
