,Returns,Standard Deviation,Sharpe Ratio,ADANIPORTS Weight,ASIANPAINT Weight,BAJFINANCE Weight,BAJAJFINSV Weight,BRITANNIA Weight,DIVISLAB Weight,GRASIM Weight,HCLTECH Weight,HDFCBANK Weight,HINDALCO Weight,HINDUNILVR Weight,ICICIBANK Weight,INFY Weight,JSWSTEEL Weight,NESTLEIND Weight,POWERGRID Weight,RELIANCE Weight,TCS Weight,TATACONSUM Weight,TATASTEEL Weight,TECHM Weight,TITAN Weight,UPL Weight,WIPRO Weight
0,0.41629168313010256,1.0241995904468222,0.39685284204967813,6.701851056113582,4.048736444266488,3.2887183325916003,7.841595152614573,3.2921521100718802,7.103799901139078,3.9625985259360306,5.854577849731744,3.2792929288985238,6.256434232313142,3.1861068542769133,2.8738956048762754,3.979161515422875,2.487832344329129,2.8597250921141715,1.9572683105245716,0.8996944021732691,1.6304493049457407,4.0153077810603035,2.7070841098638856,3.3642410318380134,6.346015920871366,7.047619246586535,5.015841947440294
