,Returns,Standard Deviation,Sharpe Ratio,ADANIPORTS Weight,ASIANPAINT Weight,BAJFINANCE Weight,BAJAJFINSV Weight,BRITANNIA Weight,DIVISLAB Weight,GRASIM Weight,HCLTECH Weight,HDFCBANK Weight,HINDALCO Weight,HINDUNILVR Weight,ICICIBANK Weight,INFY Weight,JSWSTEEL Weight,NESTLEIND Weight,POWERGRID Weight,RELIANCE Weight,TCS Weight,TATACONSUM Weight,TATASTEEL Weight,TECHM Weight,TITAN Weight,UPL Weight,WIPRO Weight
0,0.37521409577327364,1.4652981001241263,0.24935467459294278,6.599074435752544,2.459903492338161,0.3724579430413578,2.128982764763578,0.9711776205896586,1.6719027783133118,2.0874147590817134,1.692288577522661,9.684803095535607,2.2651993036307254,0.5987081815801104,2.842497796479007,0.702783014672641,2.001610612107868,5.724529614879017,1.3997905042075698,2.3631372833318296,0.7455327414299461,0.4995851229630887,2.349829448992377,0.8545587807118326,2.529183936646135,45.640133327574326,1.8149148638549475
