,Returns,Standard Deviation,Sharpe Ratio,ADANIPORTS Weight,ASIANPAINT Weight,BAJFINANCE Weight,BAJAJFINSV Weight,BRITANNIA Weight,DIVISLAB Weight,GRASIM Weight,HCLTECH Weight,HDFCBANK Weight,HINDALCO Weight,HINDUNILVR Weight,ICICIBANK Weight,INFY Weight,JSWSTEEL Weight,NESTLEIND Weight,POWERGRID Weight,RELIANCE Weight,TCS Weight,TATACONSUM Weight,TATASTEEL Weight,TECHM Weight,TITAN Weight,UPL Weight,WIPRO Weight
0,0.15882109897704175,1.223109222321652,0.12180918222419937,2.9084320848036587,4.1902992707421856,4.411655337960151,1.6541218391906116,7.029953973553142,3.4545539506985947,1.805803625021919,8.65747886558423,8.120834626580912,6.596179120698134,3.305883188273173,2.2454989638891987,5.95415859808531,0.8010488203247399,3.849390992659236,5.578438539873139,4.933523277942489,1.1346962331086934,7.562120375675713,3.0259575505037457,1.1626617002975852,4.014225089800509,3.7713901173278117,3.8316938574051487
