,Returns,Standard Deviation,Sharpe Ratio,ADANIPORTS Weight,ASIANPAINT Weight,BAJFINANCE Weight,BAJAJFINSV Weight,BRITANNIA Weight,DIVISLAB Weight,GRASIM Weight,HCLTECH Weight,HDFCBANK Weight,HINDALCO Weight,HINDUNILVR Weight,ICICIBANK Weight,INFY Weight,JSWSTEEL Weight,NESTLEIND Weight,POWERGRID Weight,RELIANCE Weight,TCS Weight,TATACONSUM Weight,TATASTEEL Weight,TECHM Weight,TITAN Weight,UPL Weight,WIPRO Weight
0,0.11362021256597064,1.3187004600130743,0.07870251878866928,2.7958404727544472,1.304134052953069,4.935637735766947,2.486609385938056,7.023207539807197,6.62149880842898,6.452568457396951,3.362858241696571,7.696943430636225,1.2902663378140378,2.487311946266747,8.003327114663575,2.691917367509369,1.8324069906527098,3.016770077599425,3.169056124994702,5.230954310690692,2.5974917092550105,3.8441474859724147,1.4824198783192615,6.166864508395332,4.983206079849494,6.202419104563249,4.322142838075532
