,Returns,Standard Deviation,Sharpe Ratio,ADANIPORTS Weight,ASIANPAINT Weight,BAJFINANCE Weight,BAJAJFINSV Weight,BRITANNIA Weight,DIVISLAB Weight,GRASIM Weight,HCLTECH Weight,HDFCBANK Weight,HINDALCO Weight,HINDUNILVR Weight,ICICIBANK Weight,INFY Weight,JSWSTEEL Weight,NESTLEIND Weight,POWERGRID Weight,RELIANCE Weight,TCS Weight,TATACONSUM Weight,TATASTEEL Weight,TECHM Weight,TITAN Weight,UPL Weight,WIPRO Weight
0,0.32176212768476753,1.863259284832936,0.16740931623886732,13.278446398468583,1.6666579661056395,0.44658042434230283,1.4265082992930909,0.9725842358925485,0.9650943555620732,0.0213545617865858,3.608351430403086,2.5395049736415922,35.88016413070136,0.8876005916425138,0.19782656687857836,1.6519227134281185,3.3963406775028258,4.512257990609533,0.6008731149614239,1.4481715290978323,0.46077460689510735,0.4699933212538629,8.433462041632566,0.20061087457364507,8.312886734478028,5.78221876118326,2.8398136996658407
