,Returns,Standard Deviation,Sharpe Ratio,ADANIPORTS Weight,ASIANPAINT Weight,BAJFINANCE Weight,BAJAJFINSV Weight,BRITANNIA Weight,DIVISLAB Weight,GRASIM Weight,HCLTECH Weight,HDFCBANK Weight,HINDALCO Weight,HINDUNILVR Weight,ICICIBANK Weight,INFY Weight,JSWSTEEL Weight,NESTLEIND Weight,POWERGRID Weight,RELIANCE Weight,TCS Weight,TATACONSUM Weight,TATASTEEL Weight,TECHM Weight,TITAN Weight,UPL Weight,WIPRO Weight
0,0.22500136315407368,1.250279159017762,0.1720945252642191,8.461695677072239,3.0531889821739986,3.4692434936608585,4.021202555253788,7.786373289188477,1.9704075912180639,3.975462264221088,1.619497711351075,2.299002786227083,2.8318200792240527,7.557493823184422,6.373389834802287,2.8352849662636634,2.0243632985572204,1.3600528961217238,7.233187797485778,1.828642455099785,5.172698857670487,3.9253158153685264,6.863906260326395,8.899256687855097,0.8311293698281685,2.142342477459449,3.465041030386301
