,Returns,Standard Deviation,Sharpe Ratio,ADANIPORTS Weight,ASIANPAINT Weight,BAJFINANCE Weight,BAJAJFINSV Weight,BRITANNIA Weight,DIVISLAB Weight,GRASIM Weight,HCLTECH Weight,HDFCBANK Weight,HINDALCO Weight,HINDUNILVR Weight,ICICIBANK Weight,INFY Weight,JSWSTEEL Weight,NESTLEIND Weight,POWERGRID Weight,RELIANCE Weight,TCS Weight,TATACONSUM Weight,TATASTEEL Weight,TECHM Weight,TITAN Weight,UPL Weight,WIPRO Weight
0,0.27150507397815726,0.7068177021921466,0.37020848279753205,8.478822484073355,4.6661419721058826,1.1213447610131027,3.6473439723101726,3.9185557546545153,0.8897475017900095,2.1209660473489937,2.183813193129173,2.6999692466661287,2.4960262317589264,4.547320917528628,3.6761429545527586,2.4070237677201907,3.886580972842463,4.559262844267619,5.48575399001802,6.205349971076403,3.992425792096848,3.847502806430439,4.955730554130115,4.600119673392826,7.011828749307993,6.6515600272083235,5.950665814577141
