,Returns,Standard Deviation,Sharpe Ratio,ADANIPORTS Weight,ASIANPAINT Weight,BAJFINANCE Weight,BAJAJFINSV Weight,BRITANNIA Weight,DIVISLAB Weight,GRASIM Weight,HCLTECH Weight,HDFCBANK Weight,HINDALCO Weight,HINDUNILVR Weight,ICICIBANK Weight,INFY Weight,JSWSTEEL Weight,NESTLEIND Weight,POWERGRID Weight,RELIANCE Weight,TCS Weight,TATACONSUM Weight,TATASTEEL Weight,TECHM Weight,TITAN Weight,UPL Weight,WIPRO Weight
0,0.17957251481859737,0.8199822201545072,0.2070012566265758,7.070036805173967,5.773707983593909,2.9646695059361856,0.751994791762326,6.781729082457177,5.473100903416976,5.327579116790142,7.097901152985264,6.404184638918775,1.0891164901889425,1.5969776195389596,0.8792032981065656,4.383143538774743,4.009960687568114,6.03962355042823,4.028455038924528,0.688690806705477,1.8138219685552257,6.788965367817382,3.5188218930151693,3.0174725024911404,4.194630625504572,6.998213342101329,3.3079992892449104
