,Returns,Standard Deviation,Sharpe Ratio,ADANIPORTS Weight,ASIANPAINT Weight,BAJFINANCE Weight,BAJAJFINSV Weight,BRITANNIA Weight,DIVISLAB Weight,GRASIM Weight,HCLTECH Weight,HDFCBANK Weight,HINDALCO Weight,HINDUNILVR Weight,ICICIBANK Weight,INFY Weight,JSWSTEEL Weight,NESTLEIND Weight,POWERGRID Weight,RELIANCE Weight,TCS Weight,TATACONSUM Weight,TATASTEEL Weight,TECHM Weight,TITAN Weight,UPL Weight,WIPRO Weight
0,0.04426254365223982,1.4640866517956481,0.02351457734748901,53.54127270963714,5.385697629679428,1.4502652489399495,1.9625838756995941,1.5585826495648825,0.6913720946388138,1.6035223738590478,0.48695056889678484,0.6548082808824706,1.716553973566376,3.96633069833734,0.2833516095850148,0.8296163746462696,0.06273907947091445,2.6346840564135587,5.233912946657707,0.2847786498216029,2.0916088887563844,3.1040599959881097,1.1132777538444483,3.017300639975751,5.563019443646093,0.4260093473787539,2.3377011101135805
