,Returns,Standard Deviation,Sharpe Ratio,ADANIPORTS Weight,ASIANPAINT Weight,BAJFINANCE Weight,BAJAJFINSV Weight,BRITANNIA Weight,DIVISLAB Weight,GRASIM Weight,HCLTECH Weight,HDFCBANK Weight,HINDALCO Weight,HINDUNILVR Weight,ICICIBANK Weight,INFY Weight,JSWSTEEL Weight,NESTLEIND Weight,POWERGRID Weight,RELIANCE Weight,TCS Weight,TATACONSUM Weight,TATASTEEL Weight,TECHM Weight,TITAN Weight,UPL Weight,WIPRO Weight
0,0.15056296387314494,1.437787071709058,0.09787805288212867,9.374419875615477,0.046007501365827604,33.94003103720911,2.853304928522058,0.21676449761729122,3.421891535725722,0.4096507592697998,0.8871862965750312,6.609508353251259,0.26489556069771386,1.326597531162999,5.061884662194391,2.489785013204886,1.090054411557668,0.6147101834444226,0.5651420646586098,7.84185426035741,4.692917730206204,1.4024290067001839,1.6327913070393711,2.201156284739049,2.258382837638301,10.320327492363928,0.47830686888331064
