,Returns,Standard Deviation,Sharpe Ratio,ADANIPORTS Weight,ASIANPAINT Weight,BAJFINANCE Weight,BAJAJFINSV Weight,BRITANNIA Weight,DIVISLAB Weight,GRASIM Weight,HCLTECH Weight,HDFCBANK Weight,HINDALCO Weight,HINDUNILVR Weight,ICICIBANK Weight,INFY Weight,JSWSTEEL Weight,NESTLEIND Weight,POWERGRID Weight,RELIANCE Weight,TCS Weight,TATACONSUM Weight,TATASTEEL Weight,TECHM Weight,TITAN Weight,UPL Weight,WIPRO Weight
0,0.22495198939718775,1.2532934238825604,0.1716412297892823,4.934464992267576,3.452658246261779,2.269287935543718,4.734529796675493,4.926698775167585,0.753510404618033,2.566251950445907,5.379823734033981,0.7214522581037852,9.172314635052533,1.0693692827353978,1.844754168668319,4.225585665294879,5.436702109912809,5.693477067540723,7.507965187281935,2.951000490320042,5.403918449931372,2.9531874487057723,2.069228414093744,3.9361945366996887,8.69220566106111,0.7033636060991828,8.602055183484627
