,Returns,Standard Deviation,Sharpe Ratio,ADANIPORTS Weight,ASIANPAINT Weight,BAJFINANCE Weight,BAJAJFINSV Weight,BRITANNIA Weight,DIVISLAB Weight,GRASIM Weight,HCLTECH Weight,HDFCBANK Weight,HINDALCO Weight,HINDUNILVR Weight,ICICIBANK Weight,INFY Weight,JSWSTEEL Weight,NESTLEIND Weight,POWERGRID Weight,RELIANCE Weight,TCS Weight,TATACONSUM Weight,TATASTEEL Weight,TECHM Weight,TITAN Weight,UPL Weight,WIPRO Weight
0,0.3702858358035504,0.9673502086339945,0.37261652269386675,6.783894312690015,5.18926779352556,1.2759938595021199,4.706250740131795,5.346367748101693,7.009476976022548,0.4108590794291964,4.590736206039319,1.7874569929280895,5.642590254694943,7.59738258852506,3.9333645796546746,3.592265294171234,2.977737344020299,1.4585642468088489,0.5914736891941398,6.773668091823325,4.892040733062494,5.01259471719816,3.5634181894664767,4.773986358601018,5.579556651815958,4.507495661900184,2.003557890692844
