,Returns,Standard Deviation,Sharpe Ratio,ADANIPORTS Weight,ASIANPAINT Weight,BAJFINANCE Weight,BAJAJFINSV Weight,BRITANNIA Weight,DIVISLAB Weight,GRASIM Weight,HCLTECH Weight,HDFCBANK Weight,HINDALCO Weight,HINDUNILVR Weight,ICICIBANK Weight,INFY Weight,JSWSTEEL Weight,NESTLEIND Weight,POWERGRID Weight,RELIANCE Weight,TCS Weight,TATACONSUM Weight,TATASTEEL Weight,TECHM Weight,TITAN Weight,UPL Weight,WIPRO Weight
0,0.17090869895855962,0.5800621292479089,0.27768324460732835,9.544868345461023,1.098055952321529,1.9654260724905268,5.0496160515205215,4.6978829160736435,8.155499263758989,7.130667456759479,3.872666620354587,1.4218961889780806,1.5000269401086461,5.178788704210211,4.937499907892532,0.8155475163294059,2.0277962917473844,9.024314921841137,9.034552334907909,3.205301396207677,1.591993193023216,3.0986730638185174,1.9019826046211392,3.703326668371561,3.373694089855757,5.477610744714557,2.1923127546319847
