,Returns,Standard Deviation,Sharpe Ratio,ADANIPORTS Weight,ASIANPAINT Weight,BAJFINANCE Weight,BAJAJFINSV Weight,BRITANNIA Weight,DIVISLAB Weight,GRASIM Weight,HCLTECH Weight,HDFCBANK Weight,HINDALCO Weight,HINDUNILVR Weight,ICICIBANK Weight,INFY Weight,JSWSTEEL Weight,NESTLEIND Weight,POWERGRID Weight,RELIANCE Weight,TCS Weight,TATACONSUM Weight,TATASTEEL Weight,TECHM Weight,TITAN Weight,UPL Weight,WIPRO Weight
0,0.21193139078160483,1.2676452115707184,0.1594264894481208,5.338078739445027,7.593895656566567,2.3442551701638084,4.948194048455044,5.992472431473677,5.391872597467754,1.7305248926230223,3.2507824212100482,4.159789174241879,7.118523561944368,1.0154489851209234,4.423028717291695,0.7365944999672182,6.879500511400476,5.121132347266138,4.585927475558224,4.2630432856895775,6.797953609514265,1.147129985233614,3.3924773355466122,0.8627270597261739,3.955497839514905,3.548151620100263,5.402998034478698
