,Returns,Standard Deviation,Sharpe Ratio,ADANIPORTS Weight,ASIANPAINT Weight,BAJFINANCE Weight,BAJAJFINSV Weight,BRITANNIA Weight,DIVISLAB Weight,GRASIM Weight,HCLTECH Weight,HDFCBANK Weight,HINDALCO Weight,HINDUNILVR Weight,ICICIBANK Weight,INFY Weight,JSWSTEEL Weight,NESTLEIND Weight,POWERGRID Weight,RELIANCE Weight,TCS Weight,TATACONSUM Weight,TATASTEEL Weight,TECHM Weight,TITAN Weight,UPL Weight,WIPRO Weight
0,-0.01471680838646962,1.2668364565822943,-0.019380538895976705,14.944328105334966,0.35471624618327185,0.7194983336101605,0.1640901059737048,2.291452686818355,3.0267294455711466,1.2780375281293583,5.70289716567641,0.35722338051639324,3.5827083122909844,0.6216880767329593,35.72902908578654,1.1561390611727165,1.4532965541539036,0.18849954530547197,0.5619855536439835,1.209456572251737,0.6671893106193132,17.47205576417617,2.9564619917205546,0.06106984152403481,1.9948340787602308,3.443809057849387,0.06280419619824079
