,Returns,Standard Deviation,Sharpe Ratio,ADANIPORTS Weight,ASIANPAINT Weight,BAJFINANCE Weight,BAJAJFINSV Weight,BRITANNIA Weight,DIVISLAB Weight,GRASIM Weight,HCLTECH Weight,HDFCBANK Weight,HINDALCO Weight,HINDUNILVR Weight,ICICIBANK Weight,INFY Weight,JSWSTEEL Weight,NESTLEIND Weight,POWERGRID Weight,RELIANCE Weight,TCS Weight,TATACONSUM Weight,TATASTEEL Weight,TECHM Weight,TITAN Weight,UPL Weight,WIPRO Weight
0,0.18950740968816698,0.8263766368725491,0.2174217382681315,5.532257507391126,4.877902526976946,2.8322727565184453,6.967981688691846,1.8441951594922759,5.620036992517962,3.6952020582087868,6.922998946339051,8.267058769335712,0.9565456746192188,4.99479568797573,1.2746672334006912,6.311353707901028,5.1542419438653955,1.1424735335559688,1.388778214132708,5.871765993487885,1.3365031043061166,6.06113179716388,3.3902790666534734,4.806477921137297,1.872341789826091,2.044018943829012,6.834718982673345
