,Returns,Standard Deviation,Sharpe Ratio,ADANIPORTS Weight,ASIANPAINT Weight,BAJFINANCE Weight,BAJAJFINSV Weight,BRITANNIA Weight,DIVISLAB Weight,GRASIM Weight,HCLTECH Weight,HDFCBANK Weight,HINDALCO Weight,HINDUNILVR Weight,ICICIBANK Weight,INFY Weight,JSWSTEEL Weight,NESTLEIND Weight,POWERGRID Weight,RELIANCE Weight,TCS Weight,TATACONSUM Weight,TATASTEEL Weight,TECHM Weight,TITAN Weight,UPL Weight,WIPRO Weight
0,0.23322273340117933,1.2654125107440832,0.1765333965559254,6.076495796257091,4.816171616540991,0.9529424343989681,1.9089772509834144,1.4870791016275406,5.93912517895198,4.243596175914643,5.1921971592740155,5.128012786488404,5.670061175342407,7.723271533873226,3.8367782735214315,3.968126894843528,1.241278354828411,2.3090564787067205,6.464548079227718,0.41705965126152295,7.2549718181141625,4.625832539390533,7.273656915107899,0.16670055515545873,3.0761080980777304,5.735787660565339,4.4921644715468565
