,Returns,Standard Deviation,Sharpe Ratio,ADANIPORTS Weight,ASIANPAINT Weight,BAJFINANCE Weight,BAJAJFINSV Weight,BRITANNIA Weight,DIVISLAB Weight,GRASIM Weight,HCLTECH Weight,HDFCBANK Weight,HINDALCO Weight,HINDUNILVR Weight,ICICIBANK Weight,INFY Weight,JSWSTEEL Weight,NESTLEIND Weight,POWERGRID Weight,RELIANCE Weight,TCS Weight,TATACONSUM Weight,TATASTEEL Weight,TECHM Weight,TITAN Weight,UPL Weight,WIPRO Weight
0,0.193858972020235,0.6432951610246427,0.2860643423649518,8.101697083411725,4.008363115054719,3.9451050377793258,2.657363974448073,2.9494758495929485,5.418156743368086,4.696359889023716,3.7869641695982184,3.7729882255262837,4.4568235940678225,2.5993129725095727,4.504426069948283,4.6105251417450015,2.345378390386322,2.4568987117987016,3.6687924490339308,2.690111401098504,4.6859457469084616,7.965476878534054,3.630451451298212,5.060287983351857,1.9351836509610778,1.888121547658329,8.165789922896778
