,Returns,Standard Deviation,Sharpe Ratio,ADANIPORTS Weight,ASIANPAINT Weight,BAJFINANCE Weight,BAJAJFINSV Weight,BRITANNIA Weight,DIVISLAB Weight,GRASIM Weight,HCLTECH Weight,HDFCBANK Weight,HINDALCO Weight,HINDUNILVR Weight,ICICIBANK Weight,INFY Weight,JSWSTEEL Weight,NESTLEIND Weight,POWERGRID Weight,RELIANCE Weight,TCS Weight,TATACONSUM Weight,TATASTEEL Weight,TECHM Weight,TITAN Weight,UPL Weight,WIPRO Weight
0,-0.018311919599970305,0.978908359998003,-0.02875354383038731,3.5848619176640653,1.7332844387662356,5.660295539771522,6.110231806530077,3.4147907033471863,6.209446180599251,4.29578851307155,4.513365485880394,4.104825991286236,6.809596313528929,6.620907593283061,1.2216604905575201,1.1926135463663838,7.594572429519573,4.035057384395409,5.410811165155685,3.063935812207675,7.156857740983069,1.4903917902136992,7.379615796881472,2.5201305377798757,0.9638123011213952,3.1834248408856847,1.7297216802040445
