,Returns,Standard Deviation,Sharpe Ratio,ADANIPORTS Weight,ASIANPAINT Weight,BAJFINANCE Weight,BAJAJFINSV Weight,BRITANNIA Weight,DIVISLAB Weight,GRASIM Weight,HCLTECH Weight,HDFCBANK Weight,HINDALCO Weight,HINDUNILVR Weight,ICICIBANK Weight,INFY Weight,JSWSTEEL Weight,NESTLEIND Weight,POWERGRID Weight,RELIANCE Weight,TCS Weight,TATACONSUM Weight,TATASTEEL Weight,TECHM Weight,TITAN Weight,UPL Weight,WIPRO Weight
0,0.14665932557735872,0.7950974846281499,0.17208476116131044,4.912823133129844,4.558097700895343,5.123986590548743,4.343683532510095,4.361925945656875,5.631764076457638,5.055056846506503,1.5794848997449127,2.253866570729463,3.253611401209929,5.427842685576592,3.4334285910777655,3.0875361727473547,2.5689058350750797,5.677259266547024,4.9722023663432795,0.40452498340280035,4.631783499420241,6.807269714339796,5.44322192022032,6.106964040006151,2.1574171761315473,2.7867731742006394,5.420569877522084
