,Returns,Standard Deviation,Sharpe Ratio,ADANIPORTS Weight,ASIANPAINT Weight,BAJFINANCE Weight,BAJAJFINSV Weight,BRITANNIA Weight,DIVISLAB Weight,GRASIM Weight,HCLTECH Weight,HDFCBANK Weight,HINDALCO Weight,HINDUNILVR Weight,ICICIBANK Weight,INFY Weight,JSWSTEEL Weight,NESTLEIND Weight,POWERGRID Weight,RELIANCE Weight,TCS Weight,TATACONSUM Weight,TATASTEEL Weight,TECHM Weight,TITAN Weight,UPL Weight,WIPRO Weight
0,0.32272247634167345,0.8943056568737309,0.3498661884799929,5.290372741768932,3.995784175763221,1.4589622422190478,0.9878274697042114,7.724970871994416,1.5866028390185885,4.264584710526812,5.463268753075941,2.801975026991373,6.212363451806058,8.78826346195187,1.523855521865323,7.7471697881991055,4.361599387989266,0.8695813426342675,6.251596567332332,6.451421000833565,6.587805973275505,1.2065557176114063,3.2586311332151894,3.271223486112318,3.6344506842637174,5.758585382396501,0.5025482694510425
