,Returns,Standard Deviation,Sharpe Ratio,ADANIPORTS Weight,ASIANPAINT Weight,BAJFINANCE Weight,BAJAJFINSV Weight,BRITANNIA Weight,DIVISLAB Weight,GRASIM Weight,HCLTECH Weight,HDFCBANK Weight,HINDALCO Weight,HINDUNILVR Weight,ICICIBANK Weight,INFY Weight,JSWSTEEL Weight,NESTLEIND Weight,POWERGRID Weight,RELIANCE Weight,TCS Weight,TATACONSUM Weight,TATASTEEL Weight,TECHM Weight,TITAN Weight,UPL Weight,WIPRO Weight
0,0.1822108766686889,0.5526123928934177,0.31192878417182035,7.279185046518992,3.4258530746599116,0.4817806782414371,4.346510231074401,7.166757040773036,8.595275439761764,4.844821583295768,2.3986215177423764,2.510138946271771,2.1117054575386303,2.9745289422180115,4.097309535694498,3.2944720570433,6.355675783333209,0.39309980630254987,1.0919543913326535,8.738011346859667,7.111097860608205,3.5582738329515355,2.4165857316537784,4.623583968135333,2.127414926381503,5.396758271953299,4.660584529654361
