,Returns,Standard Deviation,Sharpe Ratio,ADANIPORTS Weight,ASIANPAINT Weight,BAJFINANCE Weight,BAJAJFINSV Weight,BRITANNIA Weight,DIVISLAB Weight,GRASIM Weight,HCLTECH Weight,HDFCBANK Weight,HINDALCO Weight,HINDUNILVR Weight,ICICIBANK Weight,INFY Weight,JSWSTEEL Weight,NESTLEIND Weight,POWERGRID Weight,RELIANCE Weight,TCS Weight,TATACONSUM Weight,TATASTEEL Weight,TECHM Weight,TITAN Weight,UPL Weight,WIPRO Weight
0,0.125081722500483,0.7618016598586815,0.15128157857610477,4.33931249557775,2.2237547556098898,7.014073588332177,1.516220237933684,6.160363980450228,5.074641431173825,6.240143081372123,2.2799201278809194,3.453230123315867,4.211427899500602,4.168673118852362,4.860168785133478,6.5418376272668946,2.8337386008425276,4.923876312711752,2.6989449125325295,2.269158619664694,5.138378590082009,2.5484509541369103,4.451011673332374,0.8393025649227087,2.1349934553727907,7.487026701730598,6.591350362271324
