,Returns,Standard Deviation,Sharpe Ratio,ADANIPORTS Weight,ASIANPAINT Weight,BAJFINANCE Weight,BAJAJFINSV Weight,BRITANNIA Weight,DIVISLAB Weight,GRASIM Weight,HCLTECH Weight,HDFCBANK Weight,HINDALCO Weight,HINDUNILVR Weight,ICICIBANK Weight,INFY Weight,JSWSTEEL Weight,NESTLEIND Weight,POWERGRID Weight,RELIANCE Weight,TCS Weight,TATACONSUM Weight,TATASTEEL Weight,TECHM Weight,TITAN Weight,UPL Weight,WIPRO Weight
0,0.24535423255007688,0.5419523024296314,0.4345752691870748,5.806952332584581,7.2275434269199685,5.9875498118371135,3.207959309584462,6.737655113946252,3.3600614876499297,3.3667357465499466,4.488959676642668,0.3785777639791065,3.185514851131942,2.8720700178761946,7.1639680026974615,2.461981389178608,2.6630836782298366,4.162250461548046,3.3254697459172435,6.130435392806829,1.5040271986709732,4.412126429974304,6.142596881929747,3.4970084404339516,4.377420650926965,6.347806177929392,1.1922460110544582
