,Returns,Standard Deviation,Sharpe Ratio,ADANIPORTS Weight,ASIANPAINT Weight,BAJFINANCE Weight,BAJAJFINSV Weight,BRITANNIA Weight,DIVISLAB Weight,GRASIM Weight,HCLTECH Weight,HDFCBANK Weight,HINDALCO Weight,HINDUNILVR Weight,ICICIBANK Weight,INFY Weight,JSWSTEEL Weight,NESTLEIND Weight,POWERGRID Weight,RELIANCE Weight,TCS Weight,TATACONSUM Weight,TATASTEEL Weight,TECHM Weight,TITAN Weight,UPL Weight,WIPRO Weight
0,0.13321452488209867,1.3538230401973048,0.09113403774613899,6.40116774804235,2.1346960190226616,5.591049000696591,5.660619311832995,2.591180117664788,5.066095215507481,3.776581589075592,3.244911233276828,6.27339179911153,2.809918041717223,3.5312627329522424,5.487040199770912,3.085375673443412,2.310549095268982,6.169765269859971,3.628031938830676,5.350138237169821,5.801561620974195,3.394616698920252,0.5997120832912682,4.488374999267938,2.490392322844217,4.774890706739118,5.338678344718942
