,Returns,Standard Deviation,Sharpe Ratio,ADANIPORTS Weight,ASIANPAINT Weight,BAJFINANCE Weight,BAJAJFINSV Weight,BRITANNIA Weight,DIVISLAB Weight,GRASIM Weight,HCLTECH Weight,HDFCBANK Weight,HINDALCO Weight,HINDUNILVR Weight,ICICIBANK Weight,INFY Weight,JSWSTEEL Weight,NESTLEIND Weight,POWERGRID Weight,RELIANCE Weight,TCS Weight,TATACONSUM Weight,TATASTEEL Weight,TECHM Weight,TITAN Weight,UPL Weight,WIPRO Weight
0,0.4190249320552562,1.3450486229410112,0.30421931240327876,6.460956934862361,1.07815229693459,25.224578928075438,17.935072679646595,1.6530873213253534,2.795055511448426,0.5758266257607434,0.5966682229931963,1.328374902582673,3.45366979211958,4.2218660414204505,3.0078549108104613,0.42442829768028906,2.255920289123276,1.541366338765581,0.22580243112483794,2.2630696223738767,4.297480236936927,1.6288503649806805,2.955309041150878,2.378015591132557,1.0936128634195261,5.149523339113491,7.455457416218189
