,Returns,Standard Deviation,Sharpe Ratio,ADANIPORTS Weight,ASIANPAINT Weight,BAJFINANCE Weight,BAJAJFINSV Weight,BRITANNIA Weight,DIVISLAB Weight,GRASIM Weight,HCLTECH Weight,HDFCBANK Weight,HINDALCO Weight,HINDUNILVR Weight,ICICIBANK Weight,INFY Weight,JSWSTEEL Weight,NESTLEIND Weight,POWERGRID Weight,RELIANCE Weight,TCS Weight,TATACONSUM Weight,TATASTEEL Weight,TECHM Weight,TITAN Weight,UPL Weight,WIPRO Weight
0,0.09887886664867698,1.1611426777197618,0.07668627079350412,28.882857676430014,8.325829995229324,1.3100431434771547,30.938222778301604,1.055409100267382,1.9772178804452458,0.017103954155522412,2.6807040020251955,4.165479444396558,1.4084929238785693,0.7138717162404242,0.19328939506024964,0.5515147564889235,3.3004275326385737,0.6212002524168942,0.44712937980720263,0.8136104820971558,0.9113826021127283,0.905152955935596,4.9428045264291125,0.11936270983770947,5.489648221998749,0.02373768815509605,0.20550688217503763
