,Returns,Standard Deviation,Sharpe Ratio,ADANIPORTS Weight,ASIANPAINT Weight,BAJFINANCE Weight,BAJAJFINSV Weight,BRITANNIA Weight,DIVISLAB Weight,GRASIM Weight,HCLTECH Weight,HDFCBANK Weight,HINDALCO Weight,HINDUNILVR Weight,ICICIBANK Weight,INFY Weight,JSWSTEEL Weight,NESTLEIND Weight,POWERGRID Weight,RELIANCE Weight,TCS Weight,TATACONSUM Weight,TATASTEEL Weight,TECHM Weight,TITAN Weight,UPL Weight,WIPRO Weight
0,0.3726857724095158,1.1143784335003835,0.32560806694239214,3.3555535036546504,3.662849528517261,4.645898817100255,7.216266103620489,6.3164895683574755,2.2048566230682822,5.295557318590065,6.283342550423243,3.343378746568968,5.127492712491728,3.801985551317635,3.5190793695665517,4.752313351541612,4.489753130761548,6.025016595153513,2.5767861938851517,6.137058935095159,2.154123049637004,1.7266299397311304,5.179435098485083,4.7754548255166185,1.7567642571321263,1.8503008371362821,3.8036133926481916
