,Returns,Standard Deviation,Sharpe Ratio,ADANIPORTS Weight,ASIANPAINT Weight,BAJFINANCE Weight,BAJAJFINSV Weight,BRITANNIA Weight,DIVISLAB Weight,GRASIM Weight,HCLTECH Weight,HDFCBANK Weight,HINDALCO Weight,HINDUNILVR Weight,ICICIBANK Weight,INFY Weight,JSWSTEEL Weight,NESTLEIND Weight,POWERGRID Weight,RELIANCE Weight,TCS Weight,TATACONSUM Weight,TATASTEEL Weight,TECHM Weight,TITAN Weight,UPL Weight,WIPRO Weight
0,0.21113066266743213,1.253275860824033,0.16061547511169233,6.353847594685306,0.5271139334607392,5.595652277331843,2.225469250546307,3.018454300612653,5.127826606429583,4.835624656480475,0.7723644077055825,1.6038271458967155,5.6348592275381835,4.283977299490405,3.737991800668463,3.353156458653317,2.5655371143173262,7.282092607863433,5.644813397701739,6.6317007857278,6.103175929216451,5.076260715218625,3.380913290144267,3.2697445134330474,5.177345376165624,3.325011966308846,4.47323934440326
