,Returns,Standard Deviation,Sharpe Ratio,ADANIPORTS Weight,ASIANPAINT Weight,BAJFINANCE Weight,BAJAJFINSV Weight,BRITANNIA Weight,DIVISLAB Weight,GRASIM Weight,HCLTECH Weight,HDFCBANK Weight,HINDALCO Weight,HINDUNILVR Weight,ICICIBANK Weight,INFY Weight,JSWSTEEL Weight,NESTLEIND Weight,POWERGRID Weight,RELIANCE Weight,TCS Weight,TATACONSUM Weight,TATASTEEL Weight,TECHM Weight,TITAN Weight,UPL Weight,WIPRO Weight
0,0.1576069442700418,0.8042662176468176,0.18373490791051586,5.735488640027348,4.55410844121947,2.0638677799361163,5.951891543134538,2.5779942273040612,6.4107107389768645,7.076252968109569,0.5803662164781581,2.5840931394114346,0.364287019803074,3.6037047127962727,3.894746778048856,5.368469770747918,3.2824160230659603,6.608105867021519,4.349564360021107,2.009160825750848,2.97404475660336,4.41929686737956,6.324623023726736,7.093668604260015,3.5405262279359353,4.2874508135520975,4.345160654689187
