,Returns,Standard Deviation,Sharpe Ratio,ADANIPORTS Weight,ASIANPAINT Weight,BAJFINANCE Weight,BAJAJFINSV Weight,BRITANNIA Weight,DIVISLAB Weight,GRASIM Weight,HCLTECH Weight,HDFCBANK Weight,HINDALCO Weight,HINDUNILVR Weight,ICICIBANK Weight,INFY Weight,JSWSTEEL Weight,NESTLEIND Weight,POWERGRID Weight,RELIANCE Weight,TCS Weight,TATACONSUM Weight,TATASTEEL Weight,TECHM Weight,TITAN Weight,UPL Weight,WIPRO Weight
0,0.35011281575001946,0.9716729924415954,0.3501977039207537,4.201156383995244,0.6406958574651538,1.6343859080554677,3.5020900360554026,3.1978812822361404,5.574914486246774,4.458471474574232,4.10376754956798,3.0159265648835443,6.9807704800896095,3.8365334891470324,4.103418854215392,2.912847651557014,6.112198992615596,4.964881668439257,2.783706825406045,2.8595812255026396,6.565198378212384,5.054370254961165,5.15100427913428,2.575166225898093,5.593274282018006,7.302919860352894,2.8748379893706684
