,Returns,Standard Deviation,Sharpe Ratio,ADANIPORTS Weight,ASIANPAINT Weight,BAJFINANCE Weight,BAJAJFINSV Weight,BRITANNIA Weight,DIVISLAB Weight,GRASIM Weight,HCLTECH Weight,HDFCBANK Weight,HINDALCO Weight,HINDUNILVR Weight,ICICIBANK Weight,INFY Weight,JSWSTEEL Weight,NESTLEIND Weight,POWERGRID Weight,RELIANCE Weight,TCS Weight,TATACONSUM Weight,TATASTEEL Weight,TECHM Weight,TITAN Weight,UPL Weight,WIPRO Weight
0,-0.022288583987573593,0.9701721583559845,-0.03311139012396941,2.8252495068929955,0.2762606582520062,3.425687803016428,3.695392870261748,7.275961694396914,3.6559672644368346,2.434608170102552,4.621864506203806,0.7983014936651786,5.684003345337249,3.9410707406093275,5.75283239435872,3.0083945182709235,0.7674423030615312,6.267421884394955,5.6962960886222715,5.601031372557606,5.063897520596742,5.310294323472235,4.994332629685724,6.255936047596884,3.4236946556895416,6.158670601887388,3.0653876066304275
