,Returns,Standard Deviation,Sharpe Ratio,ADANIPORTS Weight,ASIANPAINT Weight,BAJFINANCE Weight,BAJAJFINSV Weight,BRITANNIA Weight,DIVISLAB Weight,GRASIM Weight,HCLTECH Weight,HDFCBANK Weight,HINDALCO Weight,HINDUNILVR Weight,ICICIBANK Weight,INFY Weight,JSWSTEEL Weight,NESTLEIND Weight,POWERGRID Weight,RELIANCE Weight,TCS Weight,TATACONSUM Weight,TATASTEEL Weight,TECHM Weight,TITAN Weight,UPL Weight,WIPRO Weight
0,0.27380546690382807,1.586619029731826,0.16637283249607823,8.80280120496725,0.7299733138992237,28.382477265978682,0.6875157808298851,0.2469932299122153,6.283102976313105,6.715795883713774,1.4061637117171277,0.3574561620175951,19.47374952789746,4.087428213254973,1.3292154943716863,1.044166447437648,1.250397633419679,0.5054701431681239,5.260950058693619,0.8815737154316,0.46007836010218006,2.373371099999286,1.4034564717604472,0.7991316816655605,1.8750702076574672,3.3069339085171503,2.336727507274261
