,Returns,Standard Deviation,Sharpe Ratio,ADANIPORTS Weight,ASIANPAINT Weight,BAJFINANCE Weight,BAJAJFINSV Weight,BRITANNIA Weight,DIVISLAB Weight,GRASIM Weight,HCLTECH Weight,HDFCBANK Weight,HINDALCO Weight,HINDUNILVR Weight,ICICIBANK Weight,INFY Weight,JSWSTEEL Weight,NESTLEIND Weight,POWERGRID Weight,RELIANCE Weight,TCS Weight,TATACONSUM Weight,TATASTEEL Weight,TECHM Weight,TITAN Weight,UPL Weight,WIPRO Weight
0,0.1442752495633045,1.3026105568774857,0.10320819528010639,3.913805756019161,10.702093621529594,4.476424992260141,6.234758112566221,4.8739184962042925,0.1838713484058877,1.1881571349818008,0.35573448452171025,2.6048519028069492,2.6927697953997063,2.8110554509858656,0.8820231832626514,2.6268736805711757,0.17084338666557206,0.14602365354802782,0.5607322385050618,0.10898647041970269,0.4895438681735893,46.42448937044753,2.041770166988807,4.679064626519223,0.19652536939410412,0.6578850461727949,0.9777978436504295
