,Returns,Standard Deviation,Sharpe Ratio,ADANIPORTS Weight,ASIANPAINT Weight,BAJFINANCE Weight,BAJAJFINSV Weight,BRITANNIA Weight,DIVISLAB Weight,GRASIM Weight,HCLTECH Weight,HDFCBANK Weight,HINDALCO Weight,HINDUNILVR Weight,ICICIBANK Weight,INFY Weight,JSWSTEEL Weight,NESTLEIND Weight,POWERGRID Weight,RELIANCE Weight,TCS Weight,TATACONSUM Weight,TATASTEEL Weight,TECHM Weight,TITAN Weight,UPL Weight,WIPRO Weight
0,0.22115631595609528,0.6551678503149684,0.3225450562315274,5.503269979146685,3.247486484414503,4.10767928990681,5.868200376890212,5.36278553109811,5.762650146858156,2.39961040923543,5.224187320578376,3.2290250368921214,3.4790345536242633,4.8848299137170015,1.5218879115563835,3.2554040540107403,3.422911330339864,4.308588889463364,5.444375387578558,6.503864247467329,2.045347329118149,3.5259772394202473,5.651967627966134,4.296630615927307,2.635346054475408,6.794223875357928,1.524716394956908
