,Returns,Standard Deviation,Sharpe Ratio,ADANIPORTS Weight,ASIANPAINT Weight,BAJFINANCE Weight,BAJAJFINSV Weight,BRITANNIA Weight,DIVISLAB Weight,GRASIM Weight,HCLTECH Weight,HDFCBANK Weight,HINDALCO Weight,HINDUNILVR Weight,ICICIBANK Weight,INFY Weight,JSWSTEEL Weight,NESTLEIND Weight,POWERGRID Weight,RELIANCE Weight,TCS Weight,TATACONSUM Weight,TATASTEEL Weight,TECHM Weight,TITAN Weight,UPL Weight,WIPRO Weight
0,0.02537231181531,1.0255434992328907,0.015150158907707956,5.229410501314115,5.370741977353315,6.551627706970614,7.768778780035072,7.631734223172303,1.2054348235240446,5.523045281614024,1.4419000246719609,0.7119392514821148,2.990978157775756,1.062413660066892,3.373811345331293,7.825782649492033,3.747064742967352,3.758782944377703,8.062711792503288,8.07931935263875,2.0555056310519926,4.431759029949295,1.1455605126842385,7.115595793286583,2.2797275331161773,1.4775948084532122,1.1587794761678896
