,Returns,Standard Deviation,Sharpe Ratio,ADANIPORTS Weight,ASIANPAINT Weight,BAJFINANCE Weight,BAJAJFINSV Weight,BRITANNIA Weight,DIVISLAB Weight,GRASIM Weight,HCLTECH Weight,HDFCBANK Weight,HINDALCO Weight,HINDUNILVR Weight,ICICIBANK Weight,INFY Weight,JSWSTEEL Weight,NESTLEIND Weight,POWERGRID Weight,RELIANCE Weight,TCS Weight,TATACONSUM Weight,TATASTEEL Weight,TECHM Weight,TITAN Weight,UPL Weight,WIPRO Weight
0,0.24756258046037583,0.6377174536084546,0.37277859384286316,2.3255459724619927,3.1701109737369926,2.778062064141964,3.506632237747129,4.382924757181956,3.7459720715905753,0.3055848851546818,6.815229167724027,5.661806992747205,5.64066466735627,6.1795568318313014,2.119732235090316,6.765968255285203,6.918819865349232,2.699089461557864,4.039554166465235,5.0391950643169325,2.9294389656168827,2.070769359024174,6.011012119859779,5.48558023008479,1.206074593682882,5.260041093870578,4.94263396812202
