,Returns,Standard Deviation,Sharpe Ratio,ADANIPORTS Weight,ASIANPAINT Weight,BAJFINANCE Weight,BAJAJFINSV Weight,BRITANNIA Weight,DIVISLAB Weight,GRASIM Weight,HCLTECH Weight,HDFCBANK Weight,HINDALCO Weight,HINDUNILVR Weight,ICICIBANK Weight,INFY Weight,JSWSTEEL Weight,NESTLEIND Weight,POWERGRID Weight,RELIANCE Weight,TCS Weight,TATACONSUM Weight,TATASTEEL Weight,TECHM Weight,TITAN Weight,UPL Weight,WIPRO Weight
0,0.11372973803131016,1.2508972584050995,0.08305604037266132,2.336661021184271,4.959141717726349,4.647672271360851,2.523545414747664,5.423943537439793,4.070947512851249,4.045374977959191,5.6854179213189315,2.706908057244199,1.5200268390531946,6.602377740127824,2.841933044609548,3.5958839170288597,2.562087281430187,6.992401454407829,4.39146038714703,4.471864941238391,6.660511316833893,2.034843731929958,5.787913578854253,4.955851635138253,5.1154366422299615,3.345171439971656,2.722623618166648
