,Returns,Standard Deviation,Sharpe Ratio,ADANIPORTS Weight,ASIANPAINT Weight,BAJFINANCE Weight,BAJAJFINSV Weight,BRITANNIA Weight,DIVISLAB Weight,GRASIM Weight,HCLTECH Weight,HDFCBANK Weight,HINDALCO Weight,HINDUNILVR Weight,ICICIBANK Weight,INFY Weight,JSWSTEEL Weight,NESTLEIND Weight,POWERGRID Weight,RELIANCE Weight,TCS Weight,TATACONSUM Weight,TATASTEEL Weight,TECHM Weight,TITAN Weight,UPL Weight,WIPRO Weight
0,0.1310700200178367,0.7658586203033357,0.1582992630345455,2.752907471220322,3.664110650988104,2.3425209636003967,5.069654801383112,3.844631984248417,7.773934044925271,5.7013111213778025,3.5014060663905817,4.382295740206484,3.651594601355944,6.934816100626061,0.5344463498497679,5.84042546613631,4.346699687081902,4.389080679413393,5.498177512995817,3.347571788622825,8.736074263617203,3.187211231440428,5.050188654103543,2.7618204421735837,2.011624635337967,4.086155087549425,0.5913406553553572
