,Returns,Standard Deviation,Sharpe Ratio,ADANIPORTS Weight,ASIANPAINT Weight,BAJFINANCE Weight,BAJAJFINSV Weight,BRITANNIA Weight,DIVISLAB Weight,GRASIM Weight,HCLTECH Weight,HDFCBANK Weight,HINDALCO Weight,HINDUNILVR Weight,ICICIBANK Weight,INFY Weight,JSWSTEEL Weight,NESTLEIND Weight,POWERGRID Weight,RELIANCE Weight,TCS Weight,TATACONSUM Weight,TATASTEEL Weight,TECHM Weight,TITAN Weight,UPL Weight,WIPRO Weight
0,0.3771997715445605,0.9237344431197756,0.39769504043681253,6.2614622082566616,6.031505461262246,4.32707285819616,6.862479472273899,4.581394303785948,4.845816157580915,5.607029837791301,4.560087541338173,2.253816632812968,3.215636542963804,4.777771685025929,4.201206542456545,3.492163441563462,0.6616181592817709,4.0010007597024035,4.5697001706295115,4.872219408868302,5.226295802057712,5.890009367163454,3.003964878798673,2.75175254516137,3.1925837655605536,3.206251314749738,1.6071611427185033
