,Returns,Standard Deviation,Sharpe Ratio,ADANIPORTS Weight,ASIANPAINT Weight,BAJFINANCE Weight,BAJAJFINSV Weight,BRITANNIA Weight,DIVISLAB Weight,GRASIM Weight,HCLTECH Weight,HDFCBANK Weight,HINDALCO Weight,HINDUNILVR Weight,ICICIBANK Weight,INFY Weight,JSWSTEEL Weight,NESTLEIND Weight,POWERGRID Weight,RELIANCE Weight,TCS Weight,TATACONSUM Weight,TATASTEEL Weight,TECHM Weight,TITAN Weight,UPL Weight,WIPRO Weight
0,0.23427768676780755,0.6121783487425758,0.3666293040151637,4.832392467645281,1.548756753495589,6.154683402977053,0.7665238361097342,6.813378586343063,2.3016174250493076,6.7498121917966785,5.525427297300888,3.992327706747551,7.119544339157356,2.9148697423379066,4.727388623226821,2.299150172684521,1.8649026874181578,4.674924707030409,3.0544494564047775,7.190795741013478,6.235906728722287,4.612762403508097,7.203279644110381,4.588251793172629,2.8124843139656206,1.278297940347962,0.7380720394344629
