,Returns,Standard Deviation,Sharpe Ratio,ADANIPORTS Weight,ASIANPAINT Weight,BAJFINANCE Weight,BAJAJFINSV Weight,BRITANNIA Weight,DIVISLAB Weight,GRASIM Weight,HCLTECH Weight,HDFCBANK Weight,HINDALCO Weight,HINDUNILVR Weight,ICICIBANK Weight,INFY Weight,JSWSTEEL Weight,NESTLEIND Weight,POWERGRID Weight,RELIANCE Weight,TCS Weight,TATACONSUM Weight,TATASTEEL Weight,TECHM Weight,TITAN Weight,UPL Weight,WIPRO Weight
0,0.19313182162660683,1.1664722211613892,0.15713760985147512,4.134622907317249,6.949451830745793,2.981364894568355,4.5218285187536695,6.477993061280664,4.239357691752059,5.092079659214899,4.160378443226121,4.226665858712916,4.200205821257937,3.0775905264111763,3.6407553792905194,5.81713753940767,4.278392128186504,4.096215893520036,4.257230663353037,6.085627605077118,2.963862607208511,6.061501609929921,1.8761517645749646,1.1044211208076038,5.355850127992333,2.0699582381904165,2.3313561092205273
