,Returns,Standard Deviation,Sharpe Ratio,ADANIPORTS Weight,ASIANPAINT Weight,BAJFINANCE Weight,BAJAJFINSV Weight,BRITANNIA Weight,DIVISLAB Weight,GRASIM Weight,HCLTECH Weight,HDFCBANK Weight,HINDALCO Weight,HINDUNILVR Weight,ICICIBANK Weight,INFY Weight,JSWSTEEL Weight,NESTLEIND Weight,POWERGRID Weight,RELIANCE Weight,TCS Weight,TATACONSUM Weight,TATASTEEL Weight,TECHM Weight,TITAN Weight,UPL Weight,WIPRO Weight
0,0.3798011163487766,0.9749154141845184,0.3794851800790071,2.959948893585278,3.574649315541382,5.305924534129443,4.321074026639492,5.686312720638569,8.470399800988707,2.4881252425484193,2.6778601192624185,3.1312954983869092,7.166825197201056,0.7367777630630752,8.035096272873869,2.687296996039145,1.971727994018568,3.5178340467444045,3.8356829305406173,1.6195450839955123,3.680615233202479,5.629544299539498,2.535374000634306,5.1539349391657545,4.08689869617744,4.395222885261325,6.3320335098223435
