,Returns,Standard Deviation,Sharpe Ratio,ADANIPORTS Weight,ASIANPAINT Weight,BAJFINANCE Weight,BAJAJFINSV Weight,BRITANNIA Weight,DIVISLAB Weight,GRASIM Weight,HCLTECH Weight,HDFCBANK Weight,HINDALCO Weight,HINDUNILVR Weight,ICICIBANK Weight,INFY Weight,JSWSTEEL Weight,NESTLEIND Weight,POWERGRID Weight,RELIANCE Weight,TCS Weight,TATACONSUM Weight,TATASTEEL Weight,TECHM Weight,TITAN Weight,UPL Weight,WIPRO Weight
0,0.20907855962371652,0.5107776112047341,0.39007855947055065,2.775004936655638,5.5348705805297795,5.094120018136196,1.8073753946251245,6.992003889411265,4.161631388545334,2.5146178776416503,2.5247939339943253,4.638712171858183,3.4925337012241258,3.902639244936559,3.463264984863984,2.4871069025376116,5.562803568448064,6.503216045819555,0.3728417889278983,7.1701404196278835,5.811589538949241,1.5963855841710402,1.1279143054366396,5.790645970611107,3.763513049842821,6.463431640515024,6.448843062690936
