,Returns,Standard Deviation,Sharpe Ratio,ADANIPORTS Weight,ASIANPAINT Weight,BAJFINANCE Weight,BAJAJFINSV Weight,BRITANNIA Weight,DIVISLAB Weight,GRASIM Weight,HCLTECH Weight,HDFCBANK Weight,HINDALCO Weight,HINDUNILVR Weight,ICICIBANK Weight,INFY Weight,JSWSTEEL Weight,NESTLEIND Weight,POWERGRID Weight,RELIANCE Weight,TCS Weight,TATACONSUM Weight,TATASTEEL Weight,TECHM Weight,TITAN Weight,UPL Weight,WIPRO Weight
0,-0.01612918375857795,1.5751716868606755,-0.016483503868387737,54.68971407499124,0.9014701321362083,1.4010705238093721,0.3184418839248676,0.12977687143320352,4.060512126522958,1.7009340931613142,3.3843985031100985,3.480181821073364,0.5906499645562221,6.164195009022925,4.487299702667864,0.03896013984753927,0.5155416624563767,3.13902063147025,2.885596046368705,1.3014174215050034,0.47327060280254435,4.480825121787119,1.2472479784463395,0.13266394568245057,2.7244728605869684,1.0085539209942362,0.743784961642809
