,Returns,Standard Deviation,Sharpe Ratio,ADANIPORTS Weight,ASIANPAINT Weight,BAJFINANCE Weight,BAJAJFINSV Weight,BRITANNIA Weight,DIVISLAB Weight,GRASIM Weight,HCLTECH Weight,HDFCBANK Weight,HINDALCO Weight,HINDUNILVR Weight,ICICIBANK Weight,INFY Weight,JSWSTEEL Weight,NESTLEIND Weight,POWERGRID Weight,RELIANCE Weight,TCS Weight,TATACONSUM Weight,TATASTEEL Weight,TECHM Weight,TITAN Weight,UPL Weight,WIPRO Weight
0,0.14507408793140542,1.3702849376502328,0.09869401566082199,5.815623981601193,1.220348283576222,6.784419503882845,7.032802053724188,1.7827606561109908,6.283086225989286,1.684354394515378,0.614118590100032,5.596469336901179,7.0683392680920605,5.544017597805141,1.218400085934519,5.314540017115718,4.737969779651123,6.008939785236436,4.185530720548957,0.9588383031988593,2.408487276842187,4.21412551166883,0.053286478255076875,7.136060921922217,2.952044964280294,6.531144658834126,4.854291604213127
