,Returns,Standard Deviation,Sharpe Ratio,ADANIPORTS Weight,ASIANPAINT Weight,BAJFINANCE Weight,BAJAJFINSV Weight,BRITANNIA Weight,DIVISLAB Weight,GRASIM Weight,HCLTECH Weight,HDFCBANK Weight,HINDALCO Weight,HINDUNILVR Weight,ICICIBANK Weight,INFY Weight,JSWSTEEL Weight,NESTLEIND Weight,POWERGRID Weight,RELIANCE Weight,TCS Weight,TATACONSUM Weight,TATASTEEL Weight,TECHM Weight,TITAN Weight,UPL Weight,WIPRO Weight
0,0.3988002910595691,0.9574165687792396,0.40626529653686355,4.68388639420848,3.4091207142587634,6.119483228566155,7.529211265860412,3.5585450664402356,4.2418508665151,4.235708373227333,5.849678268752891,1.0460198045246294,5.393526457828852,1.3943465078258568,5.602198274693964,3.542020654785908,2.1518843948229915,2.565508220391554,2.4822341592435975,2.538200519497814,6.76497055210181,5.044185407117449,3.276295003085942,6.096349966164183,5.16379345047481,4.039631796354616,3.271350653256651
