,Returns,Standard Deviation,Sharpe Ratio,ADANIPORTS Weight,ASIANPAINT Weight,BAJFINANCE Weight,BAJAJFINSV Weight,BRITANNIA Weight,DIVISLAB Weight,GRASIM Weight,HCLTECH Weight,HDFCBANK Weight,HINDALCO Weight,HINDUNILVR Weight,ICICIBANK Weight,INFY Weight,JSWSTEEL Weight,NESTLEIND Weight,POWERGRID Weight,RELIANCE Weight,TCS Weight,TATACONSUM Weight,TATASTEEL Weight,TECHM Weight,TITAN Weight,UPL Weight,WIPRO Weight
0,0.2569679684829953,0.9544996005714887,0.2589134699478809,5.396450775488412,5.272869642527462,3.958267554158817,5.0861139220433715,6.739040720847359,3.2701604840975307,3.8297856867359354,4.178592504787216,2.8986420802279476,2.983729265027514,3.30334453883272,5.342777169299562,7.033564734389115,1.4976688183685523,3.0200824745787727,3.531014681145735,1.811240292054597,4.667526158228194,1.583175748790737,3.210588695632492,6.0875495574172565,6.768665742414921,4.408566043538392,4.120582709367397
