,Returns,Standard Deviation,Sharpe Ratio,ADANIPORTS Weight,ASIANPAINT Weight,BAJFINANCE Weight,BAJAJFINSV Weight,BRITANNIA Weight,DIVISLAB Weight,GRASIM Weight,HCLTECH Weight,HDFCBANK Weight,HINDALCO Weight,HINDUNILVR Weight,ICICIBANK Weight,INFY Weight,JSWSTEEL Weight,NESTLEIND Weight,POWERGRID Weight,RELIANCE Weight,TCS Weight,TATACONSUM Weight,TATASTEEL Weight,TECHM Weight,TITAN Weight,UPL Weight,WIPRO Weight
0,0.229365107012256,1.2133875155763643,0.18092319177424,6.622234684347688,3.827728235961468,5.631048388992778,2.51106926873606,6.026686720567314,7.251212308681295,3.3284814177093414,4.589045121549063,1.929983481895026,7.218419850896188,7.263730695887757,3.354310848240347,1.9217901991420323,0.9238135482846237,4.498293534906382,7.173058968355302,1.931596912005219,1.4843076936485793,2.3909122749423415,5.124091167215085,5.704183199318278,3.275129490985097,2.859123497761928,3.1597484899707977
