,Returns,Standard Deviation,Sharpe Ratio,ADANIPORTS Weight,ASIANPAINT Weight,BAJFINANCE Weight,BAJAJFINSV Weight,BRITANNIA Weight,DIVISLAB Weight,GRASIM Weight,HCLTECH Weight,HDFCBANK Weight,HINDALCO Weight,HINDUNILVR Weight,ICICIBANK Weight,INFY Weight,JSWSTEEL Weight,NESTLEIND Weight,POWERGRID Weight,RELIANCE Weight,TCS Weight,TATACONSUM Weight,TATASTEEL Weight,TECHM Weight,TITAN Weight,UPL Weight,WIPRO Weight
0,0.27733261290438277,1.5291372985747929,0.17493357092167888,10.546488794852333,5.717516039533602,4.034555937373301,0.46390321300727655,1.225120785283346,2.0595037057456396,1.5561825430434317,0.7597126011972536,3.7111133483585372,34.40890588602497,1.7515110150173283,0.7657202984749659,0.014767352695869694,4.897951334723693,7.189079820561347,0.5886854349738618,0.32404045753324834,0.2663956023509915,2.580975553685435,0.643749734907965,4.131707893948704,9.921603914005264,0.8131391202468018,1.6276696124548522
