,Returns,Standard Deviation,Sharpe Ratio,ADANIPORTS Weight,ASIANPAINT Weight,BAJFINANCE Weight,BAJAJFINSV Weight,BRITANNIA Weight,DIVISLAB Weight,GRASIM Weight,HCLTECH Weight,HDFCBANK Weight,HINDALCO Weight,HINDUNILVR Weight,ICICIBANK Weight,INFY Weight,JSWSTEEL Weight,NESTLEIND Weight,POWERGRID Weight,RELIANCE Weight,TCS Weight,TATACONSUM Weight,TATASTEEL Weight,TECHM Weight,TITAN Weight,UPL Weight,WIPRO Weight
0,0.28248438627144384,1.164100744309563,0.2342144550366982,5.510433275483695,0.654375589135952,7.270861577544961,5.763642497025407,5.788875941335269,8.27461909417786,3.00403051737005,0.6499085594843039,0.827357557016224,7.00027074617269,5.043015874234726,6.086086279052096,5.847258223393456,7.027281026136485,2.942058966286603,5.016981278414478,5.044527964231098,3.1784433716111526,1.4453564638540333,1.3658011432768233,2.520628431310055,1.71652665792208,4.642820859775333,3.378838105755176
