,Returns,Standard Deviation,Sharpe Ratio,ADANIPORTS Weight,ASIANPAINT Weight,BAJFINANCE Weight,BAJAJFINSV Weight,BRITANNIA Weight,DIVISLAB Weight,GRASIM Weight,HCLTECH Weight,HDFCBANK Weight,HINDALCO Weight,HINDUNILVR Weight,ICICIBANK Weight,INFY Weight,JSWSTEEL Weight,NESTLEIND Weight,POWERGRID Weight,RELIANCE Weight,TCS Weight,TATACONSUM Weight,TATASTEEL Weight,TECHM Weight,TITAN Weight,UPL Weight,WIPRO Weight
0,0.009039550153949343,1.052340766960306,-0.0007560428201538095,4.023689185114968,2.7678174653784633,5.380852874809321,5.050539978431329,4.017630433659573,3.971049338320482,3.095141101973983,4.949408203695035,3.170293425959584,6.172383113930197,3.1266385275427333,3.6483576826288133,0.538673791446814,3.543244405433179,7.875329002409134,1.0753280461928334,7.1107340777362635,2.8380942313221684,1.7024811550202512,2.959942553764392,6.417019220950905,4.294965518118767,5.674852420822767,6.595534245338047
