,Returns,Standard Deviation,Sharpe Ratio,ADANIPORTS Weight,ASIANPAINT Weight,BAJFINANCE Weight,BAJAJFINSV Weight,BRITANNIA Weight,DIVISLAB Weight,GRASIM Weight,HCLTECH Weight,HDFCBANK Weight,HINDALCO Weight,HINDUNILVR Weight,ICICIBANK Weight,INFY Weight,JSWSTEEL Weight,NESTLEIND Weight,POWERGRID Weight,RELIANCE Weight,TCS Weight,TATACONSUM Weight,TATASTEEL Weight,TECHM Weight,TITAN Weight,UPL Weight,WIPRO Weight
0,0.43029284940667345,1.5010342055256767,0.28011199413291205,5.029824547011803,1.0708394983923397,0.531048758429919,1.240093417831958,1.8225570743107293,0.25706363846976304,5.046501731258714,3.8228738003714513,5.1076541294092666,0.8288336195603447,0.7496010078831525,24.763779012999805,0.4056188853752107,1.8992094396787031,0.6202254245760498,1.1091075439572298,1.2053202043440108,0.15402417062072635,2.37288398688829,0.30526551253168105,1.1337309470292651,0.11822894505042424,39.347207162836476,1.0585075411826783
