,Returns,Standard Deviation,Sharpe Ratio,ADANIPORTS Weight,ASIANPAINT Weight,BAJFINANCE Weight,BAJAJFINSV Weight,BRITANNIA Weight,DIVISLAB Weight,GRASIM Weight,HCLTECH Weight,HDFCBANK Weight,HINDALCO Weight,HINDUNILVR Weight,ICICIBANK Weight,INFY Weight,JSWSTEEL Weight,NESTLEIND Weight,POWERGRID Weight,RELIANCE Weight,TCS Weight,TATACONSUM Weight,TATASTEEL Weight,TECHM Weight,TITAN Weight,UPL Weight,WIPRO Weight
0,0.22782586741218028,0.6323618365596059,0.3447246338631123,2.8328147566234176,3.7873784118794234,3.025599465810421,1.7911757435259907,5.573780998311697,0.6965225732400019,5.756242963168312,5.500658237619277,4.868487202936114,6.243293655984545,2.9703726901791248,5.081762573814422,0.5687099413475194,4.284793778965499,6.20937046959523,5.65364288442496,5.4303618246963685,4.005044136846843,4.446342326063177,4.059620266938488,5.685305239144038,3.682442792156653,5.294339582588447,2.551937484140018
