,Returns,Standard Deviation,Sharpe Ratio,ADANIPORTS Weight,ASIANPAINT Weight,BAJFINANCE Weight,BAJAJFINSV Weight,BRITANNIA Weight,DIVISLAB Weight,GRASIM Weight,HCLTECH Weight,HDFCBANK Weight,HINDALCO Weight,HINDUNILVR Weight,ICICIBANK Weight,INFY Weight,JSWSTEEL Weight,NESTLEIND Weight,POWERGRID Weight,RELIANCE Weight,TCS Weight,TATACONSUM Weight,TATASTEEL Weight,TECHM Weight,TITAN Weight,UPL Weight,WIPRO Weight
0,0.19074674828864813,1.0483479089448757,0.17256826852028948,7.408782526767153,1.1692837110436907,6.6524217706248026,1.572929004756264,2.5867117868121916,1.7603845761783015,2.3951464227049786,4.352833108428186,2.1586371032413454,2.8398070424962496,3.6666341204609565,4.111980442839385,8.708239844871287,1.6116680783643085,2.3840706437856474,7.696193247234158,8.703758701070054,5.493085925721643,4.838861144210516,0.7416745125336547,7.723071659474355,2.361933525368745,7.036794188492518,2.025096912519615
