,Returns,Standard Deviation,Sharpe Ratio,ADANIPORTS Weight,ASIANPAINT Weight,BAJFINANCE Weight,BAJAJFINSV Weight,BRITANNIA Weight,DIVISLAB Weight,GRASIM Weight,HCLTECH Weight,HDFCBANK Weight,HINDALCO Weight,HINDUNILVR Weight,ICICIBANK Weight,INFY Weight,JSWSTEEL Weight,NESTLEIND Weight,POWERGRID Weight,RELIANCE Weight,TCS Weight,TATACONSUM Weight,TATASTEEL Weight,TECHM Weight,TITAN Weight,UPL Weight,WIPRO Weight
0,0.21356299141996898,0.9019962026492446,0.22586328632696795,4.980963608831126,4.632546129461362,3.1001711980123425,4.680117435321918,4.696871704108877,4.313189883570483,4.1587200220843235,3.87942295724465,3.7940605833380694,4.440529761071367,5.6612476392830136,6.573437656084351,5.447321975241124,6.5153381631195,1.9832043997379412,4.500211649319053,2.363219778210806,5.000132541997776,3.0339225639412617,5.954857133955122,2.4296291567577266,2.0456979762420073,3.4131199970822284,2.4020660859835794
