,Returns,Standard Deviation,Sharpe Ratio,ADANIPORTS Weight,ASIANPAINT Weight,BAJFINANCE Weight,BAJAJFINSV Weight,BRITANNIA Weight,DIVISLAB Weight,GRASIM Weight,HCLTECH Weight,HDFCBANK Weight,HINDALCO Weight,HINDUNILVR Weight,ICICIBANK Weight,INFY Weight,JSWSTEEL Weight,NESTLEIND Weight,POWERGRID Weight,RELIANCE Weight,TCS Weight,TATACONSUM Weight,TATASTEEL Weight,TECHM Weight,TITAN Weight,UPL Weight,WIPRO Weight
0,0.34411815272847773,1.1040193274022594,0.30278726069033196,7.584559455856151,0.8709502797682743,4.72336491407103,7.9286745054442065,1.5443071756814957,4.352362603213837,3.7004917447602663,4.942414443377395,3.559650962884241,2.2103723823284827,4.469060334944593,1.555820413584286,6.275406156671473,3.554820748299011,6.797388898275633,5.846668587386439,8.289473229411636,1.2403043027264022,3.8051440016931593,7.950359071392371,1.3949343772305263,1.0772102510128871,2.6478366635153985,3.678424496470798
