,Returns,Standard Deviation,Sharpe Ratio,ADANIPORTS Weight,ASIANPAINT Weight,BAJFINANCE Weight,BAJAJFINSV Weight,BRITANNIA Weight,DIVISLAB Weight,GRASIM Weight,HCLTECH Weight,HDFCBANK Weight,HINDALCO Weight,HINDUNILVR Weight,ICICIBANK Weight,INFY Weight,JSWSTEEL Weight,NESTLEIND Weight,POWERGRID Weight,RELIANCE Weight,TCS Weight,TATACONSUM Weight,TATASTEEL Weight,TECHM Weight,TITAN Weight,UPL Weight,WIPRO Weight
0,0.12116893255819895,1.5606489454689862,0.0713381238274425,5.984363915622673,1.6237906884473143,35.56869265730061,5.782743218641541,1.6365598893460171,5.748792427625551,2.0438307782738176,0.16942502435867252,0.48329355923099904,0.5539657429839051,2.5080938483807675,6.216211252543578,1.636992336352842,0.9735457744705769,7.159256919704027,0.8086961580907153,5.708231380130875,0.13968186334347,0.1649651751230828,5.3093318903745805,5.221235971054275,0.07722645376290578,4.388401819840396,0.09267125499683233
