,Returns,Standard Deviation,Sharpe Ratio,ADANIPORTS Weight,ASIANPAINT Weight,BAJFINANCE Weight,BAJAJFINSV Weight,BRITANNIA Weight,DIVISLAB Weight,GRASIM Weight,HCLTECH Weight,HDFCBANK Weight,HINDALCO Weight,HINDUNILVR Weight,ICICIBANK Weight,INFY Weight,JSWSTEEL Weight,NESTLEIND Weight,POWERGRID Weight,RELIANCE Weight,TCS Weight,TATACONSUM Weight,TATASTEEL Weight,TECHM Weight,TITAN Weight,UPL Weight,WIPRO Weight
0,0.27674590728186377,1.1920239885522619,0.22391390190969865,11.470555421512504,5.6540207253715735,0.9127859737203857,2.959323898188039,5.478148030038813,0.2169262130336842,0.7489944973553807,3.8232268749373235,0.8322377599175028,34.00755877804442,7.0397606455476005,1.2437873166373687,0.5558425896784241,4.279188841148451,0.7084161172362075,1.1504040530596849,4.574782277372502,0.10056454093361217,0.6499765628129862,4.07581283346145,2.7927588697282273,2.1915384857117677,0.9559465711333004,3.5774421234188085
