,Returns,Standard Deviation,Sharpe Ratio,ADANIPORTS Weight,ASIANPAINT Weight,BAJFINANCE Weight,BAJAJFINSV Weight,BRITANNIA Weight,DIVISLAB Weight,GRASIM Weight,HCLTECH Weight,HDFCBANK Weight,HINDALCO Weight,HINDUNILVR Weight,ICICIBANK Weight,INFY Weight,JSWSTEEL Weight,NESTLEIND Weight,POWERGRID Weight,RELIANCE Weight,TCS Weight,TATACONSUM Weight,TATASTEEL Weight,TECHM Weight,TITAN Weight,UPL Weight,WIPRO Weight
0,-0.05666283247701663,1.4055823214191616,-0.04730992720870382,7.6560714797451785,1.7883148486846565,1.0653513877918197,4.804306600289572,6.660445993446072,2.761629332436495,1.7593796196382294,0.8803029613999882,3.902151481191183,35.0612053302685,1.2766886989028474,1.3879982586769128,2.4454321863035022,1.2352590524921363,2.6673555094735266,1.6598475277021154,4.845869121499954,3.3164838589256918,0.8487372462335493,4.207976898893297,1.361494172527189,0.6893358440170696,6.331708714727919,1.3866538747326014
