,Returns,Standard Deviation,Sharpe Ratio,ADANIPORTS Weight,ASIANPAINT Weight,BAJFINANCE Weight,BAJAJFINSV Weight,BRITANNIA Weight,DIVISLAB Weight,GRASIM Weight,HCLTECH Weight,HDFCBANK Weight,HINDALCO Weight,HINDUNILVR Weight,ICICIBANK Weight,INFY Weight,JSWSTEEL Weight,NESTLEIND Weight,POWERGRID Weight,RELIANCE Weight,TCS Weight,TATACONSUM Weight,TATASTEEL Weight,TECHM Weight,TITAN Weight,UPL Weight,WIPRO Weight
0,0.20478147030814678,0.9648999397245395,0.20203784604716152,3.978731751498358,0.7379126434233624,41.877270986922795,2.8182204515314857,2.1684335360976466,2.5526701747728477,0.09422639528881309,0.13753104947938574,0.966904018343415,10.967716738589447,3.541611592057001,0.16533821619825328,0.22359521728063272,1.598169617492018,1.3442604146887707,9.73062345924954,2.3102318663965873,6.466788368949474,0.9137416390411471,1.3436463172517672,0.3811557067409709,0.8204383315034011,0.6029674526988135,4.257814054504075
