,Returns,Standard Deviation,Sharpe Ratio,ADANIPORTS Weight,ASIANPAINT Weight,BAJFINANCE Weight,BAJAJFINSV Weight,BRITANNIA Weight,DIVISLAB Weight,GRASIM Weight,HCLTECH Weight,HDFCBANK Weight,HINDALCO Weight,HINDUNILVR Weight,ICICIBANK Weight,INFY Weight,JSWSTEEL Weight,NESTLEIND Weight,POWERGRID Weight,RELIANCE Weight,TCS Weight,TATACONSUM Weight,TATASTEEL Weight,TECHM Weight,TITAN Weight,UPL Weight,WIPRO Weight
0,0.2754564659458085,1.145184982805839,0.231946196552316,7.2994848159217005,7.273527457110557,7.075742527554987,3.356373150862864,1.40567668388133,0.9424134908369485,1.335591461952168,4.307804349361431,7.900266898060619,1.2381244679735486,0.5039261013297642,3.0361333778856197,1.0851023025631994,6.217843553030688,7.453813170673282,4.1684371137665535,6.014168148326349,4.687890817452501,1.9186872247802305,7.331632120568362,2.462867979176596,6.098638117617255,1.3644085279616973,5.521446141351735
