,Returns,Standard Deviation,Sharpe Ratio,ADANIPORTS Weight,ASIANPAINT Weight,BAJFINANCE Weight,BAJAJFINSV Weight,BRITANNIA Weight,DIVISLAB Weight,GRASIM Weight,HCLTECH Weight,HDFCBANK Weight,HINDALCO Weight,HINDUNILVR Weight,ICICIBANK Weight,INFY Weight,JSWSTEEL Weight,NESTLEIND Weight,POWERGRID Weight,RELIANCE Weight,TCS Weight,TATACONSUM Weight,TATASTEEL Weight,TECHM Weight,TITAN Weight,UPL Weight,WIPRO Weight
0,0.20754219659882595,1.0534004712590397,0.1876845864017497,5.360060604062043,4.388215818195242,6.163760110577028,3.1520584455538825,5.734099525209568,6.21272713453505,5.763030199159551,5.216536991297936,2.413098024766148,5.220274925722584,0.692119052579909,4.867216781922349,1.0909510355717373,2.7028972794698722,3.433520762767777,4.587892826485735,5.1327928226195505,3.2004470549065323,4.330193511001156,2.686142228600525,5.876753841044015,5.346246972386299,1.387350278823474,5.041613772742034
