,Returns,Standard Deviation,Sharpe Ratio,ADANIPORTS Weight,ASIANPAINT Weight,BAJFINANCE Weight,BAJAJFINSV Weight,BRITANNIA Weight,DIVISLAB Weight,GRASIM Weight,HCLTECH Weight,HDFCBANK Weight,HINDALCO Weight,HINDUNILVR Weight,ICICIBANK Weight,INFY Weight,JSWSTEEL Weight,NESTLEIND Weight,POWERGRID Weight,RELIANCE Weight,TCS Weight,TATACONSUM Weight,TATASTEEL Weight,TECHM Weight,TITAN Weight,UPL Weight,WIPRO Weight
0,-0.011014982116007871,0.9886630932146919,-0.02108923362697531,7.246746506924902,5.660681777273913,2.811892351550313,6.966843982917953,6.237506306836428,0.712446446552494,6.296947408939216,2.900799830967337,2.7949563886228104,7.172353336978516,6.127586742894507,5.032440056205994,3.6523905156999796,3.6181423633825935,1.8929492220420014,1.1805016886069861,0.2161052659750265,4.247731042560324,4.9217156574104335,5.365228854501263,6.619386228118337,3.114660663203234,2.838975167796625,2.3710121940387996
