,Returns,Standard Deviation,Sharpe Ratio,ADANIPORTS Weight,ASIANPAINT Weight,BAJFINANCE Weight,BAJAJFINSV Weight,BRITANNIA Weight,DIVISLAB Weight,GRASIM Weight,HCLTECH Weight,HDFCBANK Weight,HINDALCO Weight,HINDUNILVR Weight,ICICIBANK Weight,INFY Weight,JSWSTEEL Weight,NESTLEIND Weight,POWERGRID Weight,RELIANCE Weight,TCS Weight,TATACONSUM Weight,TATASTEEL Weight,TECHM Weight,TITAN Weight,UPL Weight,WIPRO Weight
0,0.2678189219338838,1.0599294592680295,0.243397100479572,6.508827550115151,5.107762359590456,4.834780206008209,4.791200339787171,4.4770595729132046,4.863238696529053,3.6243391323531964,2.5780743059152122,4.4875225395316045,1.2352130422310839,5.344701164966021,3.7462752953275493,0.30370863060025144,3.036435909752022,5.3764605898439575,3.2634012784555146,1.7635161127248777,5.12960351613027,5.861592438159719,6.797678557918055,5.347382457621023,3.8892693144332706,2.2191213480986445,5.4128356409944764
