,Returns,Standard Deviation,Sharpe Ratio,ADANIPORTS Weight,ASIANPAINT Weight,BAJFINANCE Weight,BAJAJFINSV Weight,BRITANNIA Weight,DIVISLAB Weight,GRASIM Weight,HCLTECH Weight,HDFCBANK Weight,HINDALCO Weight,HINDUNILVR Weight,ICICIBANK Weight,INFY Weight,JSWSTEEL Weight,NESTLEIND Weight,POWERGRID Weight,RELIANCE Weight,TCS Weight,TATACONSUM Weight,TATASTEEL Weight,TECHM Weight,TITAN Weight,UPL Weight,WIPRO Weight
0,0.27576049882632886,1.4245680780981873,0.1866708499787367,4.824793602262988,1.869694370257886,32.6502273239788,1.8551166730738928,2.9197655859853797,1.6400235001723544,2.1711371936419686,2.7107908535576044,4.277323801495557,4.384683190613945,4.926479174142219,3.790477227665718,1.651830190832498,1.2775691225977117,1.5073153016108418,1.4571106699335017,1.2071577327142349,1.5789319039383205,1.4514513085011171,9.93386091093302,3.6726364065629826,2.440514215257555,1.4573901264711613,4.343719613798733
