,Returns,Standard Deviation,Sharpe Ratio,ADANIPORTS Weight,ASIANPAINT Weight,BAJFINANCE Weight,BAJAJFINSV Weight,BRITANNIA Weight,DIVISLAB Weight,GRASIM Weight,HCLTECH Weight,HDFCBANK Weight,HINDALCO Weight,HINDUNILVR Weight,ICICIBANK Weight,INFY Weight,JSWSTEEL Weight,NESTLEIND Weight,POWERGRID Weight,RELIANCE Weight,TCS Weight,TATACONSUM Weight,TATASTEEL Weight,TECHM Weight,TITAN Weight,UPL Weight,WIPRO Weight
0,-0.05052444708288041,1.5673835169564665,-0.03850979116792748,6.9393042285602125,2.1990727707277826,0.09369625656112208,1.9689051780664588,2.280218599546672,0.4497358990353484,1.718185768273793,0.2510965465281513,6.6326363116486915,43.41148277912073,1.1280597197192406,2.3379336097231422,4.469019221102085,3.1348359960392878,2.6643592846605717,0.13767047094499932,0.26038461125873014,7.606149594145875,1.8828795179489501,2.179559399112508,2.108131933438405,2.239140456993266,0.09265884794480221,3.814882998899182
