,Returns,Standard Deviation,Sharpe Ratio,ADANIPORTS Weight,ASIANPAINT Weight,BAJFINANCE Weight,BAJAJFINSV Weight,BRITANNIA Weight,DIVISLAB Weight,GRASIM Weight,HCLTECH Weight,HDFCBANK Weight,HINDALCO Weight,HINDUNILVR Weight,ICICIBANK Weight,INFY Weight,JSWSTEEL Weight,NESTLEIND Weight,POWERGRID Weight,RELIANCE Weight,TCS Weight,TATACONSUM Weight,TATASTEEL Weight,TECHM Weight,TITAN Weight,UPL Weight,WIPRO Weight
0,0.19484203683846568,0.648882646984508,0.28511607277997963,6.035366180635772,3.437770522126054,5.143595004384596,6.55075468814644,2.898487257771206,6.044221833755145,4.53056437587331,3.4229967710429263,3.3612889020207883,4.9572795310227935,6.167524660859463,2.6057412923902583,3.3526265712174848,1.2809172186352102,5.2517191091533935,5.01655179240995,1.9356093517004975,2.9133298626125543,3.699240734844832,6.646248191437573,3.965872797588796,4.569939073520955,3.537972011266926,2.6743822655830476
