,Returns,Standard Deviation,Sharpe Ratio,ADANIPORTS Weight,ASIANPAINT Weight,BAJFINANCE Weight,BAJAJFINSV Weight,BRITANNIA Weight,DIVISLAB Weight,GRASIM Weight,HCLTECH Weight,HDFCBANK Weight,HINDALCO Weight,HINDUNILVR Weight,ICICIBANK Weight,INFY Weight,JSWSTEEL Weight,NESTLEIND Weight,POWERGRID Weight,RELIANCE Weight,TCS Weight,TATACONSUM Weight,TATASTEEL Weight,TECHM Weight,TITAN Weight,UPL Weight,WIPRO Weight
0,0.19662956367310966,1.2610129852260585,0.1481304324589954,3.9876744753520383,1.4094878599666856,3.3520500350926006,4.206986715634103,0.686853499850942,6.376755932276056,2.9977495740420337,5.469615710630153,6.82535441611945,3.741331997014001,1.604013176376119,1.5706347544140626,5.792506686531794,3.690940106098074,4.372696897967297,3.5422033577440866,6.883196878978973,3.61283016824736,3.2587108892265606,3.914146409697767,4.176922342297522,5.46312432152845,6.071834897291468,6.992378897622421
