,Returns,Standard Deviation,Sharpe Ratio,ADANIPORTS Weight,ASIANPAINT Weight,BAJFINANCE Weight,BAJAJFINSV Weight,BRITANNIA Weight,DIVISLAB Weight,GRASIM Weight,HCLTECH Weight,HDFCBANK Weight,HINDALCO Weight,HINDUNILVR Weight,ICICIBANK Weight,INFY Weight,JSWSTEEL Weight,NESTLEIND Weight,POWERGRID Weight,RELIANCE Weight,TCS Weight,TATACONSUM Weight,TATASTEEL Weight,TECHM Weight,TITAN Weight,UPL Weight,WIPRO Weight
0,0.2184312825558023,0.577448157909855,0.36123782691709827,8.391802024157451,1.6398694161338605,6.217635663980932,4.256022972774146,1.8251961655957498,5.859883911549979,3.387584400629711,4.893958103823105,5.180688620709365,4.087925941798845,6.382196027059971,3.265312056821551,3.76957507238628,1.117589996100186,1.6995368148156813,2.9668986445513936,6.428811689845585,7.199209423221927,4.834236240107508,3.9538223659744713,4.40463811803968,0.4544242766345443,6.250089959071701,1.5330920942163602
