,Returns,Standard Deviation,Sharpe Ratio,ADANIPORTS Weight,ASIANPAINT Weight,BAJFINANCE Weight,BAJAJFINSV Weight,BRITANNIA Weight,DIVISLAB Weight,GRASIM Weight,HCLTECH Weight,HDFCBANK Weight,HINDALCO Weight,HINDUNILVR Weight,ICICIBANK Weight,INFY Weight,JSWSTEEL Weight,NESTLEIND Weight,POWERGRID Weight,RELIANCE Weight,TCS Weight,TATACONSUM Weight,TATASTEEL Weight,TECHM Weight,TITAN Weight,UPL Weight,WIPRO Weight
0,0.4043682409033303,1.1694282123706057,0.33737263381767396,6.4571990693967924,6.02672577251687,24.47792189299213,13.097642748732769,1.271620178061336,1.1422147268106384,2.589955779790387,2.314666585439546,0.9420887429580429,0.6172569609569959,1.0746507740942286,1.4035747231970073,1.2465966700485127,1.166781596996724,2.7806642512828823,0.6843082464469786,2.6334131637559497,0.2667766715305642,1.2976192126020478,22.581286959103338,2.5335792965034414,0.8456389913289919,1.9266823632877184,0.6211346221660783
