,Returns,Standard Deviation,Sharpe Ratio,ADANIPORTS Weight,ASIANPAINT Weight,BAJFINANCE Weight,BAJAJFINSV Weight,BRITANNIA Weight,DIVISLAB Weight,GRASIM Weight,HCLTECH Weight,HDFCBANK Weight,HINDALCO Weight,HINDUNILVR Weight,ICICIBANK Weight,INFY Weight,JSWSTEEL Weight,NESTLEIND Weight,POWERGRID Weight,RELIANCE Weight,TCS Weight,TATACONSUM Weight,TATASTEEL Weight,TECHM Weight,TITAN Weight,UPL Weight,WIPRO Weight
0,-0.14426771884861275,1.3408183233425461,-0.11493196430938697,5.024742639739239,0.46871111435222773,0.852714621342827,2.173410541542931,3.344674003545841,0.9404271661399122,5.670631979632063,1.382352592685256,7.6644630226177375,1.4167906139879836,2.0422492466851057,2.9038468594492564,0.972452938696666,8.44251331731046,3.126734942314097,3.3959662366055037,0.35965108274475777,0.18307092551307627,3.3219207232797547,35.25658582418691,0.45284841370807893,6.8139863762135375,1.7810317799347786,2.0082230377719994
