,Returns,Standard Deviation,Sharpe Ratio,ADANIPORTS Weight,ASIANPAINT Weight,BAJFINANCE Weight,BAJAJFINSV Weight,BRITANNIA Weight,DIVISLAB Weight,GRASIM Weight,HCLTECH Weight,HDFCBANK Weight,HINDALCO Weight,HINDUNILVR Weight,ICICIBANK Weight,INFY Weight,JSWSTEEL Weight,NESTLEIND Weight,POWERGRID Weight,RELIANCE Weight,TCS Weight,TATACONSUM Weight,TATASTEEL Weight,TECHM Weight,TITAN Weight,UPL Weight,WIPRO Weight
0,0.17703108759720224,0.8771667226507294,0.19060905805544506,41.67303085538394,0.7314492704968747,3.6463825744918132,4.2366131550888335,0.43172003959806254,2.2877993770858662,2.0710360354778636,2.8890206388727844,2.266199189977242,0.4590773158222125,0.3178330332596755,6.271794814848472,4.898169124458788,7.306957963460353,0.27115653357853026,1.3804179549645186,11.319924517497148,0.6287977381244578,0.8899770717740498,0.6598981686699457,1.1629037791185632,2.798419590414454,0.1539113813883261,1.247509876147227
