,Returns,Standard Deviation,Sharpe Ratio,ADANIPORTS Weight,ASIANPAINT Weight,BAJFINANCE Weight,BAJAJFINSV Weight,BRITANNIA Weight,DIVISLAB Weight,GRASIM Weight,HCLTECH Weight,HDFCBANK Weight,HINDALCO Weight,HINDUNILVR Weight,ICICIBANK Weight,INFY Weight,JSWSTEEL Weight,NESTLEIND Weight,POWERGRID Weight,RELIANCE Weight,TCS Weight,TATACONSUM Weight,TATASTEEL Weight,TECHM Weight,TITAN Weight,UPL Weight,WIPRO Weight
0,0.3202889177774986,1.6826006810604428,0.1845082772382294,3.2946589924540866,0.3400448023083077,11.787471389382059,8.003662703930715,5.529174029319404,1.6881048983415188,16.342390665246064,2.358056523851354,1.28679182926811,0.5599779503721475,0.9287012056661997,4.63862070542374,0.1415443726269109,20.769471919536066,2.8442671254688454,0.5741168781094017,0.4562330139651567,0.6034655968590134,2.2260202245922622,5.144431854167367,1.0398311935758608,4.8270752044381435,4.593548349671523,0.022338571425745003
