,Returns,Standard Deviation,Sharpe Ratio,ADANIPORTS Weight,ASIANPAINT Weight,BAJFINANCE Weight,BAJAJFINSV Weight,BRITANNIA Weight,DIVISLAB Weight,GRASIM Weight,HCLTECH Weight,HDFCBANK Weight,HINDALCO Weight,HINDUNILVR Weight,ICICIBANK Weight,INFY Weight,JSWSTEEL Weight,NESTLEIND Weight,POWERGRID Weight,RELIANCE Weight,TCS Weight,TATACONSUM Weight,TATASTEEL Weight,TECHM Weight,TITAN Weight,UPL Weight,WIPRO Weight
0,0.35171657027805064,0.8921515857928112,0.38320999579804893,5.183148308709148,4.657564287127862,1.1777364251353846,6.1230062385626605,8.565754115489463,2.356198626281217,1.9764642942482573,5.146708606201009,6.816256413983941,4.4283824067142925,3.2539416824369063,2.8537622970469894,5.113140761305397,6.9785482871824955,3.9907510732905633,3.6430237130769503,1.9038595400153624,3.5937784561666435,5.086253138922168,2.5976922360304284,4.773682308240809,3.6141041870130475,1.9834106200492037,4.182831976769787
