,Returns,Standard Deviation,Sharpe Ratio,ADANIPORTS Weight,ASIANPAINT Weight,BAJFINANCE Weight,BAJAJFINSV Weight,BRITANNIA Weight,DIVISLAB Weight,GRASIM Weight,HCLTECH Weight,HDFCBANK Weight,HINDALCO Weight,HINDUNILVR Weight,ICICIBANK Weight,INFY Weight,JSWSTEEL Weight,NESTLEIND Weight,POWERGRID Weight,RELIANCE Weight,TCS Weight,TATACONSUM Weight,TATASTEEL Weight,TECHM Weight,TITAN Weight,UPL Weight,WIPRO Weight
0,0.24386782263712756,1.2615290322818253,0.18551507877599113,5.2661816767260206,4.036993455015093,4.611481125717652,2.396768503853169,4.724601135872223,2.2438328589107397,6.6415732877525,1.6635199220084214,6.802408593247616,3.453738098586545,7.909091250679719,4.324896156810048,4.401907054273773,6.9336874035561715,3.7933622879818554,0.7861452996650766,7.238709402587517,2.168090847825269,2.121398847110849,1.1852332564535872,5.399998266811291,3.829935838868076,6.319903208104451,1.746542221582334
