,Returns,Standard Deviation,Sharpe Ratio,ADANIPORTS Weight,ASIANPAINT Weight,BAJFINANCE Weight,BAJAJFINSV Weight,BRITANNIA Weight,DIVISLAB Weight,GRASIM Weight,HCLTECH Weight,HDFCBANK Weight,HINDALCO Weight,HINDUNILVR Weight,ICICIBANK Weight,INFY Weight,JSWSTEEL Weight,NESTLEIND Weight,POWERGRID Weight,RELIANCE Weight,TCS Weight,TATACONSUM Weight,TATASTEEL Weight,TECHM Weight,TITAN Weight,UPL Weight,WIPRO Weight
0,0.22695986255266218,1.1924974757843037,0.18207560361894667,8.34078147611564,3.6704453846840983,5.11189925427104,3.8748513748444076,7.419817003081892,3.700896273137951,2.177290449454368,2.290415147976844,4.934932288438134,1.5544104404997336,2.122766695056794,4.300529944465362,4.320507093009982,4.192053902801006,3.6828227966919598,2.400692119999334,4.7961856569298655,6.99577921853361,3.081524693374448,4.148470705881283,2.3354424715821995,1.8056726623830395,7.26176256201794,5.480050384769075
