,Returns,Standard Deviation,Sharpe Ratio,ADANIPORTS Weight,ASIANPAINT Weight,BAJFINANCE Weight,BAJAJFINSV Weight,BRITANNIA Weight,DIVISLAB Weight,GRASIM Weight,HCLTECH Weight,HDFCBANK Weight,HINDALCO Weight,HINDUNILVR Weight,ICICIBANK Weight,INFY Weight,JSWSTEEL Weight,NESTLEIND Weight,POWERGRID Weight,RELIANCE Weight,TCS Weight,TATACONSUM Weight,TATASTEEL Weight,TECHM Weight,TITAN Weight,UPL Weight,WIPRO Weight
0,0.2275992860005088,1.1953083246141913,0.18218238481325016,4.2001926493604635,0.7596020411431906,28.03497806339906,10.644099827576024,1.4069924541451766,0.8237421627573068,6.656389717137075,1.583268236436456,4.7695858604645816,2.2586826567799343,1.1574952858061582,0.4418313993932183,4.429406113702797,1.2482502578845944,2.8720948826294586,1.4607274229884215,8.421522498606727,1.2419194264023512,3.60739555861151,0.36889454554567974,0.8221426222613695,7.971703240608095,4.099650346800164,0.7194327295601851
