,Returns,Standard Deviation,Sharpe Ratio,ADANIPORTS Weight,ASIANPAINT Weight,BAJFINANCE Weight,BAJAJFINSV Weight,BRITANNIA Weight,DIVISLAB Weight,GRASIM Weight,HCLTECH Weight,HDFCBANK Weight,HINDALCO Weight,HINDUNILVR Weight,ICICIBANK Weight,INFY Weight,JSWSTEEL Weight,NESTLEIND Weight,POWERGRID Weight,RELIANCE Weight,TCS Weight,TATACONSUM Weight,TATASTEEL Weight,TECHM Weight,TITAN Weight,UPL Weight,WIPRO Weight
0,-0.03148909555601504,1.0274899502622976,-0.040218651657498564,5.483534216400552,2.215256418291064,2.8818916728999318,4.8167404659759105,6.601768986289282,6.022894182304984,6.901179024778764,0.883525630991543,6.536130112379826,4.631059201207021,0.9678894587296415,2.105181464902105,1.4212241114849864,7.288686780367574,6.788602441935193,1.0497351778582142,6.727189501205097,6.744646560718093,1.280165726665385,3.674219689695067,2.759186124315805,7.391304083502984,3.302180988818161,1.525807978282819
