,Returns,Standard Deviation,Sharpe Ratio,ADANIPORTS Weight,ASIANPAINT Weight,BAJFINANCE Weight,BAJAJFINSV Weight,BRITANNIA Weight,DIVISLAB Weight,GRASIM Weight,HCLTECH Weight,HDFCBANK Weight,HINDALCO Weight,HINDUNILVR Weight,ICICIBANK Weight,INFY Weight,JSWSTEEL Weight,NESTLEIND Weight,POWERGRID Weight,RELIANCE Weight,TCS Weight,TATACONSUM Weight,TATASTEEL Weight,TECHM Weight,TITAN Weight,UPL Weight,WIPRO Weight
0,0.23392294793028978,0.7161563704652251,0.312903427710284,5.187551359090521,1.1616631061669151,8.128862445272764,5.048423956392337,4.118690909765003,4.163835752450394,3.5247738153140515,2.8111361567805697,0.8159085197171466,1.5987847144676492,3.328610014215623,4.209342860513889,6.096390661925178,7.0253000944191815,5.856920332795457,1.4788550051891884,5.113679583655541,2.77537228906295,7.287339199013272,1.9490192145832606,5.0898607209447375,4.938741916414631,1.4036522869813919,6.8872850848683385
