,Returns,Standard Deviation,Sharpe Ratio,ADANIPORTS Weight,ASIANPAINT Weight,BAJFINANCE Weight,BAJAJFINSV Weight,BRITANNIA Weight,DIVISLAB Weight,GRASIM Weight,HCLTECH Weight,HDFCBANK Weight,HINDALCO Weight,HINDUNILVR Weight,ICICIBANK Weight,INFY Weight,JSWSTEEL Weight,NESTLEIND Weight,POWERGRID Weight,RELIANCE Weight,TCS Weight,TATACONSUM Weight,TATASTEEL Weight,TECHM Weight,TITAN Weight,UPL Weight,WIPRO Weight
0,0.2775398914434839,1.104637050018601,0.24234632235430736,3.3895602619480845,5.20414820631537,2.6602950342938403,2.922760182261676,6.17709948669147,1.7516191669710184,4.26041549424682,2.13416394584773,1.6623166747476534,6.457068076023735,4.441144821986192,6.372605628427734,3.915075434686943,6.011804439594008,1.3217094160343472,2.0551764034814344,3.958292782345822,6.621250908356399,3.155880599966758,6.153900575994883,5.515966649082997,5.449960813471092,6.457117334217225,1.9506676630067412
