,Returns,Standard Deviation,Sharpe Ratio,ADANIPORTS Weight,ASIANPAINT Weight,BAJFINANCE Weight,BAJAJFINSV Weight,BRITANNIA Weight,DIVISLAB Weight,GRASIM Weight,HCLTECH Weight,HDFCBANK Weight,HINDALCO Weight,HINDUNILVR Weight,ICICIBANK Weight,INFY Weight,JSWSTEEL Weight,NESTLEIND Weight,POWERGRID Weight,RELIANCE Weight,TCS Weight,TATACONSUM Weight,TATASTEEL Weight,TECHM Weight,TITAN Weight,UPL Weight,WIPRO Weight
0,0.5070545559768085,1.2144974381084144,0.40940340880098136,6.6169251161633555,6.290163528367714,28.42584779868098,10.920967353845523,5.3839155921932935,4.436832613004345,4.132310414573153,1.6352211806636558,2.232462547258769,2.0264556934091944,0.8773870924070596,8.513945468787876,1.6512260244029477,6.147112708466549,0.381043638759911,1.1392174211399553,1.488141153235201,1.8549474604795675,1.504026938113528,1.530445797594133,0.30791313046906627,1.1997586914955363,0.9114228890830651,0.39230974740562574
