,Returns,Standard Deviation,Sharpe Ratio,ADANIPORTS Weight,ASIANPAINT Weight,BAJFINANCE Weight,BAJAJFINSV Weight,BRITANNIA Weight,DIVISLAB Weight,GRASIM Weight,HCLTECH Weight,HDFCBANK Weight,HINDALCO Weight,HINDUNILVR Weight,ICICIBANK Weight,INFY Weight,JSWSTEEL Weight,NESTLEIND Weight,POWERGRID Weight,RELIANCE Weight,TCS Weight,TATACONSUM Weight,TATASTEEL Weight,TECHM Weight,TITAN Weight,UPL Weight,WIPRO Weight
0,0.43612798155294463,0.888446828096107,0.47981804114411886,6.763420261801646,4.618871740161708,7.598406623797133,2.561333426420535,0.3420364731408405,2.7301274141015854,5.706341035283606,0.6757240080306737,6.467625428436762,2.2019982948375474,4.520509039816699,3.9987581078065646,1.191916254419583,3.1186947170890544,5.018050896076725,0.6766066854632061,6.309517946311287,5.052228439856936,4.375536740788272,6.192534127494803,3.9779334531480885,5.216602545174913,5.122044445207238,5.563181895334597
