,Returns,Standard Deviation,Sharpe Ratio,ADANIPORTS Weight,ASIANPAINT Weight,BAJFINANCE Weight,BAJAJFINSV Weight,BRITANNIA Weight,DIVISLAB Weight,GRASIM Weight,HCLTECH Weight,HDFCBANK Weight,HINDALCO Weight,HINDUNILVR Weight,ICICIBANK Weight,INFY Weight,JSWSTEEL Weight,NESTLEIND Weight,POWERGRID Weight,RELIANCE Weight,TCS Weight,TATACONSUM Weight,TATASTEEL Weight,TECHM Weight,TITAN Weight,UPL Weight,WIPRO Weight
0,0.21408133276812577,0.7560915714358032,0.2701341684646761,7.33779430384409,3.2215233626193274,3.3967586752192767,3.53205004343116,3.2681690616229546,8.145131657260249,3.9220932918687175,3.047100619687075,3.9998728323854245,1.82433134151112,3.6775158385723254,4.0539155868799535,3.2514859030350647,3.4301611171776387,0.9957459850782477,5.568984399763989,8.368970453536305,4.949537477163246,6.644995895085297,4.5946987647756306,2.217091651585044,3.960360736107916,1.2370180296964315,5.35469297209351
