,Returns,Standard Deviation,Sharpe Ratio,ADANIPORTS Weight,ASIANPAINT Weight,BAJFINANCE Weight,BAJAJFINSV Weight,BRITANNIA Weight,DIVISLAB Weight,GRASIM Weight,HCLTECH Weight,HDFCBANK Weight,HINDALCO Weight,HINDUNILVR Weight,ICICIBANK Weight,INFY Weight,JSWSTEEL Weight,NESTLEIND Weight,POWERGRID Weight,RELIANCE Weight,TCS Weight,TATACONSUM Weight,TATASTEEL Weight,TECHM Weight,TITAN Weight,UPL Weight,WIPRO Weight
0,0.21339908464592905,0.6220609570710158,0.32724111278297907,3.4929655087797182,5.414591275201325,3.4316070727592516,5.034350410848117,3.623301454161698,4.076162268424427,3.3617850517129497,3.140808012400876,7.174231094214608,6.539727703064731,3.74146431196962,2.7752905110576527,1.9365579265922042,6.425337749025646,2.3540225891194337,3.4639682967300525,4.773243426365044,4.056075102696439,6.220939623606695,4.3886927173789525,1.2320515913716974,2.5442120075826797,5.447080658970404,5.351533635965768
