,Returns,Standard Deviation,Sharpe Ratio,ADANIPORTS Weight,ASIANPAINT Weight,BAJFINANCE Weight,BAJAJFINSV Weight,BRITANNIA Weight,DIVISLAB Weight,GRASIM Weight,HCLTECH Weight,HDFCBANK Weight,HINDALCO Weight,HINDUNILVR Weight,ICICIBANK Weight,INFY Weight,JSWSTEEL Weight,NESTLEIND Weight,POWERGRID Weight,RELIANCE Weight,TCS Weight,TATACONSUM Weight,TATASTEEL Weight,TECHM Weight,TITAN Weight,UPL Weight,WIPRO Weight
0,0.22604595873786842,0.5343781404652334,0.4046026166311162,2.984659298575553,4.570539974335396,3.8910996099005972,1.7268367165539797,3.3190104865772065,2.4853028436275135,2.7114201960055797,7.408941880746128,6.6767543945054575,4.607383373142296,3.9208001897698144,3.5009629916996423,5.69843363391719,4.428924751553342,5.163789189705435,3.6462020575618084,2.9874116716866874,2.861857350287318,5.289037973413368,4.277490909847489,2.994441923334604,4.508406601004342,5.399947537747629,4.940344444501619
