,Returns,Standard Deviation,Sharpe Ratio,ADANIPORTS Weight,ASIANPAINT Weight,BAJFINANCE Weight,BAJAJFINSV Weight,BRITANNIA Weight,DIVISLAB Weight,GRASIM Weight,HCLTECH Weight,HDFCBANK Weight,HINDALCO Weight,HINDUNILVR Weight,ICICIBANK Weight,INFY Weight,JSWSTEEL Weight,NESTLEIND Weight,POWERGRID Weight,RELIANCE Weight,TCS Weight,TATACONSUM Weight,TATASTEEL Weight,TECHM Weight,TITAN Weight,UPL Weight,WIPRO Weight
0,0.03874716282625214,1.3892113860209432,0.020811806095182284,5.156456225597895,5.964091376073266,3.2820081906861343,2.855953078318807,1.7390800336595595,0.493919305259285,17.285242522276224,0.27893989488386417,1.6929649478532556,2.149512243503466,0.02521621818770361,1.5943721383639549,0.5525298118368814,35.97108103871734,1.236347956571172,2.987379841994175,1.5239198694348193,0.08803199175907105,0.37996000075397374,0.20515281535364382,0.7597342873635692,1.416252049847873,5.306316837869804,7.05553732383427
