,Returns,Standard Deviation,Sharpe Ratio,ADANIPORTS Weight,ASIANPAINT Weight,BAJFINANCE Weight,BAJAJFINSV Weight,BRITANNIA Weight,DIVISLAB Weight,GRASIM Weight,HCLTECH Weight,HDFCBANK Weight,HINDALCO Weight,HINDUNILVR Weight,ICICIBANK Weight,INFY Weight,JSWSTEEL Weight,NESTLEIND Weight,POWERGRID Weight,RELIANCE Weight,TCS Weight,TATACONSUM Weight,TATASTEEL Weight,TECHM Weight,TITAN Weight,UPL Weight,WIPRO Weight
0,0.18946341607345674,1.395124260600774,0.12875430261741677,21.705250198618696,0.7640499091829195,0.5180716104738556,0.6967376314259605,1.216426781398469,48.404931731143954,1.2690894196995477,1.162959862453796,6.3691023123557455,0.09296542025717532,0.19905873430714716,0.21643467697086144,0.8815499883004448,1.5193475523900606,2.0224709890286543,3.8349063749569883,0.20292699247086346,1.0318889786401908,3.840164512448559,1.37857514951794,0.14020075208445296,0.7611998176401169,1.3598553139912013,0.4118352902423995
