,Returns,Standard Deviation,Sharpe Ratio,ADANIPORTS Weight,ASIANPAINT Weight,BAJFINANCE Weight,BAJAJFINSV Weight,BRITANNIA Weight,DIVISLAB Weight,GRASIM Weight,HCLTECH Weight,HDFCBANK Weight,HINDALCO Weight,HINDUNILVR Weight,ICICIBANK Weight,INFY Weight,JSWSTEEL Weight,NESTLEIND Weight,POWERGRID Weight,RELIANCE Weight,TCS Weight,TATACONSUM Weight,TATASTEEL Weight,TECHM Weight,TITAN Weight,UPL Weight,WIPRO Weight
0,0.25152391746898467,1.1867795428304422,0.2036509258133972,6.891605128510535,5.9114299050047485,6.42462467022776,2.612607199456751,4.381165084259307,1.3558506995069561,5.363636435111817,5.081736174188956,1.6009874847426182,0.7978062363531049,4.586954275692361,3.9655867681321637,5.076938215756892,6.809113055207301,1.3490655310150768,2.690954153005699,4.791469351884009,6.291355570909262,6.687714900606374,6.962794383109797,4.185843861919224,2.0516825250513615,2.7492246902298336,1.379853700118102
