,Returns,Standard Deviation,Sharpe Ratio,ADANIPORTS Weight,ASIANPAINT Weight,BAJFINANCE Weight,BAJAJFINSV Weight,BRITANNIA Weight,DIVISLAB Weight,GRASIM Weight,HCLTECH Weight,HDFCBANK Weight,HINDALCO Weight,HINDUNILVR Weight,ICICIBANK Weight,INFY Weight,JSWSTEEL Weight,NESTLEIND Weight,POWERGRID Weight,RELIANCE Weight,TCS Weight,TATACONSUM Weight,TATASTEEL Weight,TECHM Weight,TITAN Weight,UPL Weight,WIPRO Weight
0,0.3556934916232144,1.649338295604662,0.20969520183320234,50.24318855092559,0.8135043024524956,2.2114809148890564,0.22557651723853892,4.0928321218295105,0.585859956331567,0.34479672332023326,0.408388563281901,1.717242951990509,1.2434970332465896,2.7956119713996217,2.6210171335522627,0.44235569784777157,0.5339183891683855,0.4979862318323476,0.8186299428593456,0.33734841436926555,12.36121713998004,0.5758098264071688,9.875606034521413,0.16788240842233457,6.432250443969383,0.08987408504841651,0.5641246451162677
