,Returns,Standard Deviation,Sharpe Ratio,ADANIPORTS Weight,ASIANPAINT Weight,BAJFINANCE Weight,BAJAJFINSV Weight,BRITANNIA Weight,DIVISLAB Weight,GRASIM Weight,HCLTECH Weight,HDFCBANK Weight,HINDALCO Weight,HINDUNILVR Weight,ICICIBANK Weight,INFY Weight,JSWSTEEL Weight,NESTLEIND Weight,POWERGRID Weight,RELIANCE Weight,TCS Weight,TATACONSUM Weight,TATASTEEL Weight,TECHM Weight,TITAN Weight,UPL Weight,WIPRO Weight
0,0.6708706688957438,2.7832899618392317,0.23750148677421976,4.149181107910511,0.496642531670489,0.00022060179269936195,0.00020118156610237698,0.0007177931031547307,0.21085387313249213,0.01689956870657954,0.00046955737210877105,0.015928177984238498,94.80762478537203,0.0014122528781903465,7.464950276404894e-05,0.0579323894605558,0.024511788087407917,0.11676918318332258,7.116374647251356e-05,0.024349457375529425,0.025428257722164335,0.00010359089674243597,0.03726279800719253,0.0008028256560755483,0.00010631987678684221,1.7932303953978855e-05,0.012418212692460738
