,Returns,Standard Deviation,Sharpe Ratio,ADANIPORTS Weight,ASIANPAINT Weight,BAJFINANCE Weight,BAJAJFINSV Weight,BRITANNIA Weight,DIVISLAB Weight,GRASIM Weight,HCLTECH Weight,HDFCBANK Weight,HINDALCO Weight,HINDUNILVR Weight,ICICIBANK Weight,INFY Weight,JSWSTEEL Weight,NESTLEIND Weight,POWERGRID Weight,RELIANCE Weight,TCS Weight,TATACONSUM Weight,TATASTEEL Weight,TECHM Weight,TITAN Weight,UPL Weight,WIPRO Weight
0,0.2254405176791089,0.6406533008849171,0.3365398298051913,4.6648147070915575,5.06186013298445,2.4005147168371597,4.965972217490343,1.3648438161336063,3.428007404238219,7.322776451846772,3.3574731255937436,1.1801223697555385,5.005595745108621,5.410485753319281,3.7157901261259445,5.645000763014214,5.11030468701245,6.089909293625414,4.2238757001528775,4.304476016630319,5.329086607800719,5.075276799162269,3.4989306162891864,4.762499944506878,3.8129854935421266,3.0864641685396106,1.1829333431986662
