,Returns,Standard Deviation,Sharpe Ratio,ADANIPORTS Weight,ASIANPAINT Weight,BAJFINANCE Weight,BAJAJFINSV Weight,BRITANNIA Weight,DIVISLAB Weight,GRASIM Weight,HCLTECH Weight,HDFCBANK Weight,HINDALCO Weight,HINDUNILVR Weight,ICICIBANK Weight,INFY Weight,JSWSTEEL Weight,NESTLEIND Weight,POWERGRID Weight,RELIANCE Weight,TCS Weight,TATACONSUM Weight,TATASTEEL Weight,TECHM Weight,TITAN Weight,UPL Weight,WIPRO Weight
0,0.34319738590675697,0.9632443708069809,0.3460827087858401,1.6944915860877712,5.155256988417253,2.9586787758666784,4.046935611211065,1.4182254724511065,2.488133817787861,6.249761783630245,6.309992295398434,1.8806786896810888,4.68117669429846,5.90725350942546,4.859595184055729,5.060946109384199,0.8350510904811037,1.9129523083628794,5.338943203830412,4.866098626145513,5.068776078076659,6.476051465500382,1.067275578701971,7.135158697173852,3.611282804710953,6.0070751596500696,4.970208469670855
