,Returns,Standard Deviation,Sharpe Ratio,ADANIPORTS Weight,ASIANPAINT Weight,BAJFINANCE Weight,BAJAJFINSV Weight,BRITANNIA Weight,DIVISLAB Weight,GRASIM Weight,HCLTECH Weight,HDFCBANK Weight,HINDALCO Weight,HINDUNILVR Weight,ICICIBANK Weight,INFY Weight,JSWSTEEL Weight,NESTLEIND Weight,POWERGRID Weight,RELIANCE Weight,TCS Weight,TATACONSUM Weight,TATASTEEL Weight,TECHM Weight,TITAN Weight,UPL Weight,WIPRO Weight
0,0.20327863213804465,1.300005187352676,0.14880207339542018,5.113814454557131,0.7921271609734644,5.5176060611553215,5.1824328751580175,1.3778431668090763,3.4957994288783483,6.607302060203002,6.704332861920567,4.251192920288423,6.013661681812912,3.8209215790408098,4.748847069993359,7.44302090468219,5.1134725740261855,2.790182104900696,5.07336329360684,6.238093801363485,3.5144413980070226,0.9749431549732681,5.695382673418208,2.4168682983548955,4.634528295563676,1.4897260780500803,0.990096102263
