,Returns,Standard Deviation,Sharpe Ratio,ADANIPORTS Weight,ASIANPAINT Weight,BAJFINANCE Weight,BAJAJFINSV Weight,BRITANNIA Weight,DIVISLAB Weight,GRASIM Weight,HCLTECH Weight,HDFCBANK Weight,HINDALCO Weight,HINDUNILVR Weight,ICICIBANK Weight,INFY Weight,JSWSTEEL Weight,NESTLEIND Weight,POWERGRID Weight,RELIANCE Weight,TCS Weight,TATACONSUM Weight,TATASTEEL Weight,TECHM Weight,TITAN Weight,UPL Weight,WIPRO Weight
0,0.2080450413700939,0.5639468968257505,0.3514690437177322,3.9119791377045314,0.9706427143482206,5.542428689353375,4.368447506741948,5.613923537554951,2.363682960288305,5.795527413787272,6.141594759480857,6.89146448387253,0.8351553658375027,3.843991235684554,5.410075300459416,4.364376962582496,4.0001585673546085,6.901257597187184,1.9511617912354946,5.81282363021948,3.5139895247248196,6.508438730013055,1.1004978039976232,2.6370421467300407,4.761885776004728,4.585231396000012,2.174222968837012
