,Returns,Standard Deviation,Sharpe Ratio,ADANIPORTS Weight,ASIANPAINT Weight,BAJFINANCE Weight,BAJAJFINSV Weight,BRITANNIA Weight,DIVISLAB Weight,GRASIM Weight,HCLTECH Weight,HDFCBANK Weight,HINDALCO Weight,HINDUNILVR Weight,ICICIBANK Weight,INFY Weight,JSWSTEEL Weight,NESTLEIND Weight,POWERGRID Weight,RELIANCE Weight,TCS Weight,TATACONSUM Weight,TATASTEEL Weight,TECHM Weight,TITAN Weight,UPL Weight,WIPRO Weight
0,0.2390891663731238,0.6334159647246181,0.36193278083483205,6.728671165697627,5.778262838618999,4.337878821253714,3.2344494087278552,3.108819580874144,7.793814605376934,5.446247535920764,6.703748461798059,2.971568750621249,2.1794165296338224,1.708503579767349,5.164584393423275,3.878405367984919,4.304881161396657,2.4127783501594635,4.798025474299802,2.249935822566443,6.205015481386272,7.036533432697147,0.7836513364011277,1.135442707674017,2.7537704458909555,3.3758154568945558,5.909779290934856
