,Returns,Standard Deviation,Sharpe Ratio,ADANIPORTS Weight,ASIANPAINT Weight,BAJFINANCE Weight,BAJAJFINSV Weight,BRITANNIA Weight,DIVISLAB Weight,GRASIM Weight,HCLTECH Weight,HDFCBANK Weight,HINDALCO Weight,HINDUNILVR Weight,ICICIBANK Weight,INFY Weight,JSWSTEEL Weight,NESTLEIND Weight,POWERGRID Weight,RELIANCE Weight,TCS Weight,TATACONSUM Weight,TATASTEEL Weight,TECHM Weight,TITAN Weight,UPL Weight,WIPRO Weight
0,0.20788708808087047,1.203017459185973,0.1646293008745844,3.5695302898674326,4.804927310356765,1.391331528914587,4.1478257099526195,5.254542107678269,7.346424470659466,2.193020780392949,3.8118903844641947,8.15386329215049,6.910853389309203,4.491160420235973,5.7767005747715,4.885434168280649,2.0215713344440727,5.128968788721167,2.9067472592173833,3.499878765707418,4.861501373238677,2.3424566826562336,3.835729448944151,1.8406756173620638,2.5694062834865843,3.5082915305535636,4.747268488634598
