,Returns,Standard Deviation,Sharpe Ratio,ADANIPORTS Weight,ASIANPAINT Weight,BAJFINANCE Weight,BAJAJFINSV Weight,BRITANNIA Weight,DIVISLAB Weight,GRASIM Weight,HCLTECH Weight,HDFCBANK Weight,HINDALCO Weight,HINDUNILVR Weight,ICICIBANK Weight,INFY Weight,JSWSTEEL Weight,NESTLEIND Weight,POWERGRID Weight,RELIANCE Weight,TCS Weight,TATACONSUM Weight,TATASTEEL Weight,TECHM Weight,TITAN Weight,UPL Weight,WIPRO Weight
0,0.16318280695045914,1.2119044771235128,0.1265344299076021,2.7707519375619656,1.7380109341535246,4.532709552936924,5.010586793659607,5.920028872723028,3.2506575842448404,1.58480517619091,3.7600635500831014,4.078824400010379,5.02795953593134,5.865688507952937,4.684890517055031,6.992084280948914,4.0656247013187725,4.5016976452208795,2.50198824378123,3.3338088668828667,4.211460536420468,0.17164574829361678,5.423398611665045,4.991488693823898,4.890573256039131,5.678913312543116,5.012338740558482
