,Returns,Standard Deviation,Sharpe Ratio,ADANIPORTS Weight,ASIANPAINT Weight,BAJFINANCE Weight,BAJAJFINSV Weight,BRITANNIA Weight,DIVISLAB Weight,GRASIM Weight,HCLTECH Weight,HDFCBANK Weight,HINDALCO Weight,HINDUNILVR Weight,ICICIBANK Weight,INFY Weight,JSWSTEEL Weight,NESTLEIND Weight,POWERGRID Weight,RELIANCE Weight,TCS Weight,TATACONSUM Weight,TATASTEEL Weight,TECHM Weight,TITAN Weight,UPL Weight,WIPRO Weight
0,0.2813617955004491,1.3667641954071739,0.1986638452907332,8.173961454091346,5.938961477142928,2.943952260112305,5.191437698963844,0.6141848851109859,8.072946769271756,1.8366230798055674,2.92431558057912,6.072883920734852,7.706448297018229,5.179397685321871,3.558924037675757,3.357620810719696,7.639525719385584,1.5391699180401093,1.3361977801100215,4.153887338595161,3.205690806759662,7.070875160820345,4.932559231827133,1.5286764251864249,2.903331575817299,3.253078540498872,0.8653495464111316
