,Returns,Standard Deviation,Sharpe Ratio,ADANIPORTS Weight,ASIANPAINT Weight,BAJFINANCE Weight,BAJAJFINSV Weight,BRITANNIA Weight,DIVISLAB Weight,GRASIM Weight,HCLTECH Weight,HDFCBANK Weight,HINDALCO Weight,HINDUNILVR Weight,ICICIBANK Weight,INFY Weight,JSWSTEEL Weight,NESTLEIND Weight,POWERGRID Weight,RELIANCE Weight,TCS Weight,TATACONSUM Weight,TATASTEEL Weight,TECHM Weight,TITAN Weight,UPL Weight,WIPRO Weight
0,0.17132704093219628,1.3822416315435504,0.11683331800438779,4.439368848399861,2.502879625199046,6.289997307443268,1.2182500436544421,3.5479991560159205,1.7740927290394115,5.174483045316473,5.775517254101028,3.0742110378522507,6.454380042935642,4.081301611916118,2.435788264232135,4.106187801555291,6.903786841942027,4.798066064037587,4.521045035872807,4.239984343640256,4.006476074060976,4.639829614994565,3.763504975882829,2.249669218600193,3.8803126597641917,5.393078610125985,4.729789793417699
