,Returns,Standard Deviation,Sharpe Ratio,ADANIPORTS Weight,ASIANPAINT Weight,BAJFINANCE Weight,BAJAJFINSV Weight,BRITANNIA Weight,DIVISLAB Weight,GRASIM Weight,HCLTECH Weight,HDFCBANK Weight,HINDALCO Weight,HINDUNILVR Weight,ICICIBANK Weight,INFY Weight,JSWSTEEL Weight,NESTLEIND Weight,POWERGRID Weight,RELIANCE Weight,TCS Weight,TATACONSUM Weight,TATASTEEL Weight,TECHM Weight,TITAN Weight,UPL Weight,WIPRO Weight
0,0.22790787436133103,1.019194228818395,0.21396580098279128,5.467838928366697,7.038639804106893,6.696794724242176,6.222427557308675,7.2647014850046805,3.1292595766404308,0.6920088450403941,0.8132436637572644,5.660047746695936,0.9088678349921334,5.467905765148273,1.5964298018647023,5.173981226346033,6.134180743072107,3.3837714602458475,3.284076919558866,3.9515627230568047,5.905678145416801,1.8788272760329274,5.868146789549251,0.44031058344136215,1.54692932422625,5.015647697356393,6.45872137852911
