,Returns,Standard Deviation,Sharpe Ratio,ADANIPORTS Weight,ASIANPAINT Weight,BAJFINANCE Weight,BAJAJFINSV Weight,BRITANNIA Weight,DIVISLAB Weight,GRASIM Weight,HCLTECH Weight,HDFCBANK Weight,HINDALCO Weight,HINDUNILVR Weight,ICICIBANK Weight,INFY Weight,JSWSTEEL Weight,NESTLEIND Weight,POWERGRID Weight,RELIANCE Weight,TCS Weight,TATACONSUM Weight,TATASTEEL Weight,TECHM Weight,TITAN Weight,UPL Weight,WIPRO Weight
0,0.21665526384931072,0.6285105231975422,0.3290638603184403,5.328577474090412,6.657254466904557,1.8928776066991424,2.790471558624281,6.53541318929281,5.718495591036135,3.717712387107271,7.097210066570008,2.7275811486783508,7.348172678193997,3.286328869475258,2.905494193031416,6.464876812972871,2.5677477357011145,1.0873125065980669,7.7825510288004285,7.055592619791843,0.7223137665311391,0.9636200913831975,5.409989511888727,4.344830598406061,6.149980259670352,1.2404560875669435,0.20513975098561438
