,Returns,Standard Deviation,Sharpe Ratio,ADANIPORTS Weight,ASIANPAINT Weight,BAJFINANCE Weight,BAJAJFINSV Weight,BRITANNIA Weight,DIVISLAB Weight,GRASIM Weight,HCLTECH Weight,HDFCBANK Weight,HINDALCO Weight,HINDUNILVR Weight,ICICIBANK Weight,INFY Weight,JSWSTEEL Weight,NESTLEIND Weight,POWERGRID Weight,RELIANCE Weight,TCS Weight,TATACONSUM Weight,TATASTEEL Weight,TECHM Weight,TITAN Weight,UPL Weight,WIPRO Weight
0,0.2197505859822633,1.328643849686151,0.1579922423881194,3.429686148361154,2.2278388045056796,6.165501486015395,4.3479466913652995,0.20501923821284224,2.601925469738903,4.300926772177225,5.093151100005108,4.3344055575727705,4.2769980041509,3.8989025229448186,3.598528438973246,2.5758876041397323,4.737854014141731,0.9717379618876502,7.687020310175957,7.269790608802914,5.796271623894319,3.229582272848585,6.015804011335128,4.0490798506647945,3.67603561380387,3.813671634309871,5.696434259972097
