,Returns,Standard Deviation,Sharpe Ratio,ADANIPORTS Weight,ASIANPAINT Weight,BAJFINANCE Weight,BAJAJFINSV Weight,BRITANNIA Weight,DIVISLAB Weight,GRASIM Weight,HCLTECH Weight,HDFCBANK Weight,HINDALCO Weight,HINDUNILVR Weight,ICICIBANK Weight,INFY Weight,JSWSTEEL Weight,NESTLEIND Weight,POWERGRID Weight,RELIANCE Weight,TCS Weight,TATACONSUM Weight,TATASTEEL Weight,TECHM Weight,TITAN Weight,UPL Weight,WIPRO Weight
0,0.14403139155729003,0.8778561017625709,0.1528681368765157,5.535146568315045,4.996014382774218,1.1959187404509781,5.504491336613841,5.237424666950408,4.423218896890941,3.674905616577928,7.3799547739972455,4.577741100083817,6.890975538094811,1.339886340290359,6.132943544501028,4.776235170840249,2.495390364137826,0.6459760776478416,4.023518476210378,0.43662624642478154,4.476825481795604,5.193448573817417,5.53821090915657,4.503548987409403,3.714539218454301,1.8508743968996002,5.4561845916654
