,Returns,Standard Deviation,Sharpe Ratio,ADANIPORTS Weight,ASIANPAINT Weight,BAJFINANCE Weight,BAJAJFINSV Weight,BRITANNIA Weight,DIVISLAB Weight,GRASIM Weight,HCLTECH Weight,HDFCBANK Weight,HINDALCO Weight,HINDUNILVR Weight,ICICIBANK Weight,INFY Weight,JSWSTEEL Weight,NESTLEIND Weight,POWERGRID Weight,RELIANCE Weight,TCS Weight,TATACONSUM Weight,TATASTEEL Weight,TECHM Weight,TITAN Weight,UPL Weight,WIPRO Weight
0,-0.017644522411413354,1.5089196388876376,-0.018211498172849002,6.149286706585225,1.4039158566083294,3.794220320731493,1.584472886010474,0.5700896458101455,6.163199248489883,2.383689397385278,5.65205601529499,0.5699142004199679,33.23182833002368,0.06770456814105183,1.1104595121007577,0.5158242812184912,11.522521316075473,0.7940668857311637,3.3986776896205337,0.9825378758524542,0.8215779364905159,4.598251305512055,1.3989664737198855,5.2075160351396015,4.934777272963458,2.7857890907983904,0.35865714927672016
