,Returns,Standard Deviation,Sharpe Ratio,ADANIPORTS Weight,ASIANPAINT Weight,BAJFINANCE Weight,BAJAJFINSV Weight,BRITANNIA Weight,DIVISLAB Weight,GRASIM Weight,HCLTECH Weight,HDFCBANK Weight,HINDALCO Weight,HINDUNILVR Weight,ICICIBANK Weight,INFY Weight,JSWSTEEL Weight,NESTLEIND Weight,POWERGRID Weight,RELIANCE Weight,TCS Weight,TATACONSUM Weight,TATASTEEL Weight,TECHM Weight,TITAN Weight,UPL Weight,WIPRO Weight
0,0.37262802053580063,1.0858120090265013,0.33412124077159766,4.156708663814733,5.182198330849324,5.033417022211239,2.206395986662918,4.882244359659091,6.366590853997692,2.6516681381991027,3.0821867833656444,6.38777982336779,4.006349206489704,6.146251465394763,4.646398157372027,4.020638948597647,1.5281011468872097,3.9502782265692953,4.140419497508314,4.348116822139069,6.043823678066129,4.268393132131154,6.027078647157696,2.7239823240791963,4.711706315543602,1.7147199265138893,1.7745525434227785
