,Returns,Standard Deviation,Sharpe Ratio,ADANIPORTS Weight,ASIANPAINT Weight,BAJFINANCE Weight,BAJAJFINSV Weight,BRITANNIA Weight,DIVISLAB Weight,GRASIM Weight,HCLTECH Weight,HDFCBANK Weight,HINDALCO Weight,HINDUNILVR Weight,ICICIBANK Weight,INFY Weight,JSWSTEEL Weight,NESTLEIND Weight,POWERGRID Weight,RELIANCE Weight,TCS Weight,TATACONSUM Weight,TATASTEEL Weight,TECHM Weight,TITAN Weight,UPL Weight,WIPRO Weight
0,-0.04290030254173931,1.0814564159660087,-0.04876337742173206,6.519192571407493,1.5911567789249463,3.0556019719491787,3.7013462090373386,0.8585828168446891,7.613708711911807,8.121133267540685,2.314781023220057,1.3789672813086584,6.017617085500625,7.909960844646813,0.45451054039819994,5.584346332848514,2.8356380963307273,3.7704605734210994,7.199023564307404,6.864645252050653,0.6487228544339599,6.694487789845689,4.191518416629799,4.234566445074741,3.478227410844196,1.0962255469772098,3.8655786145455213
