,Returns,Standard Deviation,Sharpe Ratio,ADANIPORTS Weight,ASIANPAINT Weight,BAJFINANCE Weight,BAJAJFINSV Weight,BRITANNIA Weight,DIVISLAB Weight,GRASIM Weight,HCLTECH Weight,HDFCBANK Weight,HINDALCO Weight,HINDUNILVR Weight,ICICIBANK Weight,INFY Weight,JSWSTEEL Weight,NESTLEIND Weight,POWERGRID Weight,RELIANCE Weight,TCS Weight,TATACONSUM Weight,TATASTEEL Weight,TECHM Weight,TITAN Weight,UPL Weight,WIPRO Weight
0,0.3111205925998159,1.0393008393684762,0.2898924126220518,4.09193237778727,3.5745472501500593,1.6991215264840949,1.5055940428110361,3.2179812385240423,5.511419537786252,4.182351944818693,5.547717623575306,4.330010531544406,3.5532960346630906,6.843119963695202,3.4411489457302573,2.4564701778967146,6.78382732155818,3.6482693132515265,2.427402652103571,2.632163210794413,4.691750675025079,2.7493133218334007,3.91251968239638,3.8958904675977966,6.716925899426303,5.340541366911813,7.246684893635123
