,Returns,Standard Deviation,Sharpe Ratio,ADANIPORTS Weight,ASIANPAINT Weight,BAJFINANCE Weight,BAJAJFINSV Weight,BRITANNIA Weight,DIVISLAB Weight,GRASIM Weight,HCLTECH Weight,HDFCBANK Weight,HINDALCO Weight,HINDUNILVR Weight,ICICIBANK Weight,INFY Weight,JSWSTEEL Weight,NESTLEIND Weight,POWERGRID Weight,RELIANCE Weight,TCS Weight,TATACONSUM Weight,TATASTEEL Weight,TECHM Weight,TITAN Weight,UPL Weight,WIPRO Weight
0,0.23186140787182058,1.0652441263382262,0.2084275684296616,6.180123182362706,0.7072256213956185,1.7748328734495329,4.997900737739398,2.810558150258916,1.7610844366115468,6.806029466006145,5.010064297373134,5.260940127877109,4.333797004885598,5.994003805366234,1.4219379270142067,4.8340974599077455,2.941207712418466,5.249109715703696,6.849221728890238,5.122597171479721,0.6095802978419584,4.8720673495121325,4.300785700727971,1.9543076189579203,7.564965022345574,3.329705872908594,5.31385671896584
