,Returns,Standard Deviation,Sharpe Ratio,ADANIPORTS Weight,ASIANPAINT Weight,BAJFINANCE Weight,BAJAJFINSV Weight,BRITANNIA Weight,DIVISLAB Weight,GRASIM Weight,HCLTECH Weight,HDFCBANK Weight,HINDALCO Weight,HINDUNILVR Weight,ICICIBANK Weight,INFY Weight,JSWSTEEL Weight,NESTLEIND Weight,POWERGRID Weight,RELIANCE Weight,TCS Weight,TATACONSUM Weight,TATASTEEL Weight,TECHM Weight,TITAN Weight,UPL Weight,WIPRO Weight
0,0.15094059466526857,1.35298399726457,0.10429201684231834,7.636393469321799,4.200073773560098,6.087306470213505,6.049033834826451,5.019201953618626,7.9161709511895,4.093884013082303,4.51355526010154,3.8361863983197444,3.6639380208195225,5.700700298294422,2.0799438653848803,2.8806603776116697,4.124479974841122,6.222130318179964,3.1289785145735043,2.443382475385861,2.9275203091186444,3.468694464330138,3.6116012505165607,0.643068711343308,0.8513493377720878,6.705014932991278,2.1967310246034657
