,Returns,Standard Deviation,Sharpe Ratio,ADANIPORTS Weight,ASIANPAINT Weight,BAJFINANCE Weight,BAJAJFINSV Weight,BRITANNIA Weight,DIVISLAB Weight,GRASIM Weight,HCLTECH Weight,HDFCBANK Weight,HINDALCO Weight,HINDUNILVR Weight,ICICIBANK Weight,INFY Weight,JSWSTEEL Weight,NESTLEIND Weight,POWERGRID Weight,RELIANCE Weight,TCS Weight,TATACONSUM Weight,TATASTEEL Weight,TECHM Weight,TITAN Weight,UPL Weight,WIPRO Weight
0,0.30078882276047103,1.6090839050652326,0.18081944453574714,4.166711118739057,2.7354953500140144e-05,93.18361728997067,0.0001546109675439475,8.772951420477514e-06,0.0032966104187569577,1.2206286078957266e-05,0.00015316715472430648,2.732069882502022e-06,0.005170509401298644,0.006066905864536301,0.14447789687085968,0.0013496520788748418,6.924918101660696e-05,0.6164100397743703,0.0009015941086349512,0.0005501814741573159,1.6003488991415453e-05,8.042914657378085e-07,0.0018455697197394495,4.074524783103569e-05,0.0010259713710215272,2.049619420643274e-07,1.8680908086536239
