,Returns,Standard Deviation,Sharpe Ratio,ADANIPORTS Weight,ASIANPAINT Weight,BAJFINANCE Weight,BAJAJFINSV Weight,BRITANNIA Weight,DIVISLAB Weight,GRASIM Weight,HCLTECH Weight,HDFCBANK Weight,HINDALCO Weight,HINDUNILVR Weight,ICICIBANK Weight,INFY Weight,JSWSTEEL Weight,NESTLEIND Weight,POWERGRID Weight,RELIANCE Weight,TCS Weight,TATACONSUM Weight,TATASTEEL Weight,TECHM Weight,TITAN Weight,UPL Weight,WIPRO Weight
0,0.33771977866807323,1.6749397129876837,0.1957590540665146,6.785279038777942,0.6563583255690496,0.6912920240073364,16.762587466631892,0.7612256353550156,0.328476530623591,1.7733281786187487,0.4175718463182071,2.024623043317683,16.92407282945611,0.419134312450315,22.16877472564965,2.6308179446771947,1.2430562194417096,1.16247003141777,0.28104852513008993,8.178619925097532,0.28709124190377544,0.7114138638673907,5.264213410333576,1.4282600450221805,2.6937027703884673,5.488156882519656,0.9184251834250864
