,Returns,Standard Deviation,Sharpe Ratio,ADANIPORTS Weight,ASIANPAINT Weight,BAJFINANCE Weight,BAJAJFINSV Weight,BRITANNIA Weight,DIVISLAB Weight,GRASIM Weight,HCLTECH Weight,HDFCBANK Weight,HINDALCO Weight,HINDUNILVR Weight,ICICIBANK Weight,INFY Weight,JSWSTEEL Weight,NESTLEIND Weight,POWERGRID Weight,RELIANCE Weight,TCS Weight,TATACONSUM Weight,TATASTEEL Weight,TECHM Weight,TITAN Weight,UPL Weight,WIPRO Weight
0,0.19171850575917393,0.7701866249705678,0.2361548941867949,7.322963510226783,0.9951785910129715,6.844916500885631,3.7972935280007065,2.573374659668265,0.3696676308116648,3.4187230171693046,6.68830185538003,7.064229582453467,6.916793539650964,6.406540025973065,4.022812850476895,5.039333761472127,3.436497731915173,2.989453721529042,2.124667232346373,6.2078412465789095,2.4109676594669254,3.326359363630705,3.4199475794917658,3.191562070408813,1.1515608105691093,6.493555059528225,3.7874584713530868
