,Returns,Standard Deviation,Sharpe Ratio,ADANIPORTS Weight,ASIANPAINT Weight,BAJFINANCE Weight,BAJAJFINSV Weight,BRITANNIA Weight,DIVISLAB Weight,GRASIM Weight,HCLTECH Weight,HDFCBANK Weight,HINDALCO Weight,HINDUNILVR Weight,ICICIBANK Weight,INFY Weight,JSWSTEEL Weight,NESTLEIND Weight,POWERGRID Weight,RELIANCE Weight,TCS Weight,TATACONSUM Weight,TATASTEEL Weight,TECHM Weight,TITAN Weight,UPL Weight,WIPRO Weight
0,-0.0244952256430866,0.9344869631035989,-0.03673715293387726,6.847428028941378,2.3029580161824303,2.6779433763666938,6.350584157151141,2.853393056155585,5.709776347607063,3.256185002341355,0.7263129264441899,6.198158046191055,5.820429806750642,5.4304511063546785,3.4528881763526607,4.664649936218595,3.1390446193979518,5.578701661027158,4.484066106683098,2.7792729557031315,7.084710905456391,2.672749497075979,5.430249825855535,3.735764021833178,4.578916437186482,2.93016324361513,1.2952027431084705
