,Returns,Standard Deviation,Sharpe Ratio,ADANIPORTS Weight,ASIANPAINT Weight,BAJFINANCE Weight,BAJAJFINSV Weight,BRITANNIA Weight,DIVISLAB Weight,GRASIM Weight,HCLTECH Weight,HDFCBANK Weight,HINDALCO Weight,HINDUNILVR Weight,ICICIBANK Weight,INFY Weight,JSWSTEEL Weight,NESTLEIND Weight,POWERGRID Weight,RELIANCE Weight,TCS Weight,TATACONSUM Weight,TATASTEEL Weight,TECHM Weight,TITAN Weight,UPL Weight,WIPRO Weight
0,0.23334914269221582,0.7307719461788407,0.3058600963348294,4.180551922383365,1.2558701750060348,8.289329054461769,2.664054723906535,6.6607405214483535,7.512020256790934,1.6474234418866192,2.7139295841183952,1.4833520105983413,4.884820199137894,6.807461489688925,6.496639692529619,6.863850096816616,6.59431723761788,0.9738891445147856,6.1507506402621015,0.8227643056805287,2.6842919712073745,3.638913796444629,4.8790508338614,1.2151369045800826,3.075499544655422,2.2056005089279487,6.2997419434744355
