,Returns,Standard Deviation,Sharpe Ratio,ADANIPORTS Weight,ASIANPAINT Weight,BAJFINANCE Weight,BAJAJFINSV Weight,BRITANNIA Weight,DIVISLAB Weight,GRASIM Weight,HCLTECH Weight,HDFCBANK Weight,HINDALCO Weight,HINDUNILVR Weight,ICICIBANK Weight,INFY Weight,JSWSTEEL Weight,NESTLEIND Weight,POWERGRID Weight,RELIANCE Weight,TCS Weight,TATACONSUM Weight,TATASTEEL Weight,TECHM Weight,TITAN Weight,UPL Weight,WIPRO Weight
0,0.373293913311769,1.9480667008732206,0.18657407793772351,13.11603043343856,0.1812004944993824,0.1141675727957712,11.566635938127266,1.8835045481330328,1.0629740138254735,0.9767039981550515,2.1151347373863443,8.168617687768776,0.13073446435904273,0.8700710339776702,0.5172148232716983,0.1110751603843168,1.3836865410750911,1.656407639656125,1.0873749115222604,4.194926106357275,1.2619802507796762,0.4095875201480371,0.35299142840023934,0.4132317852196836,0.5967274370686062,46.52305114906725,1.3059703245833716
