,Returns,Standard Deviation,Sharpe Ratio,ADANIPORTS Weight,ASIANPAINT Weight,BAJFINANCE Weight,BAJAJFINSV Weight,BRITANNIA Weight,DIVISLAB Weight,GRASIM Weight,HCLTECH Weight,HDFCBANK Weight,HINDALCO Weight,HINDUNILVR Weight,ICICIBANK Weight,INFY Weight,JSWSTEEL Weight,NESTLEIND Weight,POWERGRID Weight,RELIANCE Weight,TCS Weight,TATACONSUM Weight,TATASTEEL Weight,TECHM Weight,TITAN Weight,UPL Weight,WIPRO Weight
0,0.16399795439568782,1.5225347404982432,0.101254037402177,26.964137987654365,2.0977892885050355,8.869037885592086,0.324075363154064,4.076778019318285,2.815213398489143,0.7387466691566228,1.9220028645151759,2.2689453901185095,2.394031574736323,0.3763118848796607,29.44884816144262,0.3709906042008782,1.4052277204683568,1.5636264983606045,0.06632853168225916,0.30819048042920627,0.3925537654941853,1.1165877914549136,3.4049361171165993,0.974434938850026,3.0129927301496626,3.9817336733065685,1.1064786609248518
