,Returns,Standard Deviation,Sharpe Ratio,ADANIPORTS Weight,ASIANPAINT Weight,BAJFINANCE Weight,BAJAJFINSV Weight,BRITANNIA Weight,DIVISLAB Weight,GRASIM Weight,HCLTECH Weight,HDFCBANK Weight,HINDALCO Weight,HINDUNILVR Weight,ICICIBANK Weight,INFY Weight,JSWSTEEL Weight,NESTLEIND Weight,POWERGRID Weight,RELIANCE Weight,TCS Weight,TATACONSUM Weight,TATASTEEL Weight,TECHM Weight,TITAN Weight,UPL Weight,WIPRO Weight
0,0.2013289981500266,0.6279020676400332,0.30497404481337415,5.395886127384898,3.2913817866730586,6.093415206772463,6.822971041672813,7.900196982338061,2.8038926724905915,2.7036248153457536,2.7497652562916044,5.013760745753694,1.805898956194538,1.7448928828032038,1.3972997785578394,9.369470686731665,2.263776733268197,4.642458157378624,6.360240111113649,6.618679526351196,7.393490257675812,3.8332849505003717,4.883232008713242,2.6054864348446265,1.395185548390227,2.2433664867948604,0.6683428459589914
