,Returns,Standard Deviation,Sharpe Ratio,ADANIPORTS Weight,ASIANPAINT Weight,BAJFINANCE Weight,BAJAJFINSV Weight,BRITANNIA Weight,DIVISLAB Weight,GRASIM Weight,HCLTECH Weight,HDFCBANK Weight,HINDALCO Weight,HINDUNILVR Weight,ICICIBANK Weight,INFY Weight,JSWSTEEL Weight,NESTLEIND Weight,POWERGRID Weight,RELIANCE Weight,TCS Weight,TATACONSUM Weight,TATASTEEL Weight,TECHM Weight,TITAN Weight,UPL Weight,WIPRO Weight
0,-0.029286805348022908,0.9427171594864663,-0.04149915994368762,3.2683213873587436,2.312714364237486,4.377639362452499,5.191261093836518,0.657396107271801,3.00704329870586,4.865825890937947,5.278569925759072,6.7931164733373155,1.212484649869734,3.9793277069330926,6.6635381205791395,5.664775568425809,6.159428693551846,4.507600116314697,4.7009384299940065,4.682830391377016,4.595391539684219,1.5890955374067057,2.7202217908882367,6.55174777179078,2.9067352511909172,2.4292628094624527,5.884733718634119
