,Returns,Standard Deviation,Sharpe Ratio,ADANIPORTS Weight,ASIANPAINT Weight,BAJFINANCE Weight,BAJAJFINSV Weight,BRITANNIA Weight,DIVISLAB Weight,GRASIM Weight,HCLTECH Weight,HDFCBANK Weight,HINDALCO Weight,HINDUNILVR Weight,ICICIBANK Weight,INFY Weight,JSWSTEEL Weight,NESTLEIND Weight,POWERGRID Weight,RELIANCE Weight,TCS Weight,TATACONSUM Weight,TATASTEEL Weight,TECHM Weight,TITAN Weight,UPL Weight,WIPRO Weight
0,0.22632509310054819,1.0881721570616847,0.19894823338427994,7.577564368363437,4.121362103115601,4.288357405440725,6.383292697872071,5.144393475675659,0.9337622124484486,1.1798168310246717,1.0633852380150897,8.405227940645977,3.1930131975154756,5.731214708948505,3.6614473496044333,6.550806972594199,3.3576079695327667,4.003394314640661,4.924562084577316,4.132951331189044,0.6451246406888935,2.341718860480392,7.833903715731768,7.521966994003853,3.747526014443935,1.7005177124712783,1.5570818609757768
