,Returns,Standard Deviation,Sharpe Ratio,ADANIPORTS Weight,ASIANPAINT Weight,BAJFINANCE Weight,BAJAJFINSV Weight,BRITANNIA Weight,DIVISLAB Weight,GRASIM Weight,HCLTECH Weight,HDFCBANK Weight,HINDALCO Weight,HINDUNILVR Weight,ICICIBANK Weight,INFY Weight,JSWSTEEL Weight,NESTLEIND Weight,POWERGRID Weight,RELIANCE Weight,TCS Weight,TATACONSUM Weight,TATASTEEL Weight,TECHM Weight,TITAN Weight,UPL Weight,WIPRO Weight
0,0.2394281780749262,1.2591961867227626,0.1823329959704769,7.424500410534956,0.9715026353160763,3.1095055212104716,4.174221680359729,6.548550145258517,3.5386371335934133,2.953599486945256,6.040760259057873,1.5043698975155264,3.1310544119714736,3.967810350685414,3.390647056827776,4.015293606933667,5.147349780672474,4.718092239257218,4.9131919652551845,5.9614332573390945,6.537683365130772,1.7302978555841522,1.2807531468691777,2.962981217064599,3.664394527174725,5.232361700353615,7.081008349088852
