,Returns,Standard Deviation,Sharpe Ratio,ADANIPORTS Weight,ASIANPAINT Weight,BAJFINANCE Weight,BAJAJFINSV Weight,BRITANNIA Weight,DIVISLAB Weight,GRASIM Weight,HCLTECH Weight,HDFCBANK Weight,HINDALCO Weight,HINDUNILVR Weight,ICICIBANK Weight,INFY Weight,JSWSTEEL Weight,NESTLEIND Weight,POWERGRID Weight,RELIANCE Weight,TCS Weight,TATACONSUM Weight,TATASTEEL Weight,TECHM Weight,TITAN Weight,UPL Weight,WIPRO Weight
0,0.24998174205554807,0.7141853991636349,0.3362524317937794,3.603208439771984,6.255568932191953,7.572376992136093,3.9736039893506723,2.0949838300197743,3.6853074573488147,5.8364288547493395,4.078509478967357,6.794182921904324,5.160612610865831,6.273540458301985,2.235798667988868,0.9271577034148332,4.9448009881371675,3.516129944759901,3.2144676196263164,4.826071140992036,1.611449062109892,7.141012751502846,2.5557216009952435,2.9807298782101346,5.7603187808881104,4.782140409939007,0.1758774858275255
