,Returns,Standard Deviation,Sharpe Ratio,ADANIPORTS Weight,ASIANPAINT Weight,BAJFINANCE Weight,BAJAJFINSV Weight,BRITANNIA Weight,DIVISLAB Weight,GRASIM Weight,HCLTECH Weight,HDFCBANK Weight,HINDALCO Weight,HINDUNILVR Weight,ICICIBANK Weight,INFY Weight,JSWSTEEL Weight,NESTLEIND Weight,POWERGRID Weight,RELIANCE Weight,TCS Weight,TATACONSUM Weight,TATASTEEL Weight,TECHM Weight,TITAN Weight,UPL Weight,WIPRO Weight
0,0.1475540953757992,1.3652117105679769,0.10087734339997592,6.282448889772735,6.942548514590427,2.617218779493971,3.3115409560064113,7.497854101220125,6.425772036095262,2.8718004187412154,5.184475645197339,3.6079637315004582,4.249857999586171,3.4387809478670213,4.736486273312221,6.109074404525431,4.576807015690654,1.5600740964765274,2.5095559773967127,2.6699426251422302,0.7647188303862456,2.581277138946789,0.8713114019750742,3.230549400965904,2.4754945064154534,8.12212981158348,7.362316497112147
