,Returns,Standard Deviation,Sharpe Ratio,ADANIPORTS Weight,ASIANPAINT Weight,BAJFINANCE Weight,BAJAJFINSV Weight,BRITANNIA Weight,DIVISLAB Weight,GRASIM Weight,HCLTECH Weight,HDFCBANK Weight,HINDALCO Weight,HINDUNILVR Weight,ICICIBANK Weight,INFY Weight,JSWSTEEL Weight,NESTLEIND Weight,POWERGRID Weight,RELIANCE Weight,TCS Weight,TATACONSUM Weight,TATASTEEL Weight,TECHM Weight,TITAN Weight,UPL Weight,WIPRO Weight
0,0.2685131828921494,1.3283028785408673,0.19474324887494096,5.824203024396041,3.8794537215963465,1.754973403303672,0.18262299364719764,2.218230360269071,1.2884165255223032,6.485334999086548,5.5965659626867845,3.7880512709856697,1.6862123985303263,4.938087786324961,7.0334221622204955,1.2278845894700805,6.005294188023372,1.8810833287549906,8.268315174475804,4.361621426981718,1.8307407286628077,1.2503081012209336,4.139703210106427,6.818387382698482,1.5925871790737918,9.324828506688327,8.623671575273844
