,Returns,Standard Deviation,Sharpe Ratio,ADANIPORTS Weight,ASIANPAINT Weight,BAJFINANCE Weight,BAJAJFINSV Weight,BRITANNIA Weight,DIVISLAB Weight,GRASIM Weight,HCLTECH Weight,HDFCBANK Weight,HINDALCO Weight,HINDUNILVR Weight,ICICIBANK Weight,INFY Weight,JSWSTEEL Weight,NESTLEIND Weight,POWERGRID Weight,RELIANCE Weight,TCS Weight,TATACONSUM Weight,TATASTEEL Weight,TECHM Weight,TITAN Weight,UPL Weight,WIPRO Weight
0,0.13846255410296168,0.8319891900737002,0.15460223618578822,7.322390256997034,4.950562429648741,2.4632292973933243,6.366963596921206,5.42621810542236,5.735225326880253,6.606778818917443,3.8413928037804115,4.201003471629036,5.147519450797276,1.060162828616729,2.144899986820757,6.786426281270424,2.3209640237084948,4.431200376619781,3.361131633976993,1.7798815318009416,5.526609826377253,2.9481753466958347,4.608821146257859,3.451333167129599,3.2591279391200425,2.936943730461323,3.32303862275687
