,Returns,Standard Deviation,Sharpe Ratio,ADANIPORTS Weight,ASIANPAINT Weight,BAJFINANCE Weight,BAJAJFINSV Weight,BRITANNIA Weight,DIVISLAB Weight,GRASIM Weight,HCLTECH Weight,HDFCBANK Weight,HINDALCO Weight,HINDUNILVR Weight,ICICIBANK Weight,INFY Weight,JSWSTEEL Weight,NESTLEIND Weight,POWERGRID Weight,RELIANCE Weight,TCS Weight,TATACONSUM Weight,TATASTEEL Weight,TECHM Weight,TITAN Weight,UPL Weight,WIPRO Weight
0,0.19479591181080025,0.5883643176189365,0.31436431720427377,6.931077326429117,4.575683367611706,5.284200607133351,7.4446361815729905,5.19678272104358,2.210336538498943,3.7417359881579104,4.603791102215707,4.847748151942978,4.163202134885794,7.8899223620562715,2.0655790528380793,7.442725166158393,0.6249025416104249,6.834961547384065,4.787466166478521,1.4067312086630552,2.906789290609257,7.085699577203383,3.591248711751226,4.6175193679268896,0.2510282550594013,0.8276621939847753,0.6685704387841807
