,Returns,Standard Deviation,Sharpe Ratio,ADANIPORTS Weight,ASIANPAINT Weight,BAJFINANCE Weight,BAJAJFINSV Weight,BRITANNIA Weight,DIVISLAB Weight,GRASIM Weight,HCLTECH Weight,HDFCBANK Weight,HINDALCO Weight,HINDUNILVR Weight,ICICIBANK Weight,INFY Weight,JSWSTEEL Weight,NESTLEIND Weight,POWERGRID Weight,RELIANCE Weight,TCS Weight,TATACONSUM Weight,TATASTEEL Weight,TECHM Weight,TITAN Weight,UPL Weight,WIPRO Weight
0,0.22844855058025415,0.7063378266061451,0.3095025885778993,8.181771512530505,4.641017694845349,3.9189198019357967,4.828222720392769,3.8927200634675168,3.479772582189643,1.7705589368667938,5.478938855113752,4.351677002902486,4.7990186288719645,1.1161276654144288,3.4025404832982495,5.921774077791825,6.237263316614408,5.423278666102024,2.33842899196342,1.7255304785949217,2.6336334703612856,3.6585556078868033,4.90337235632814,4.402518348200814,5.83865409608537,2.936866333981789,4.118838308259951
