,Returns,Standard Deviation,Sharpe Ratio,ADANIPORTS Weight,ASIANPAINT Weight,BAJFINANCE Weight,BAJAJFINSV Weight,BRITANNIA Weight,DIVISLAB Weight,GRASIM Weight,HCLTECH Weight,HDFCBANK Weight,HINDALCO Weight,HINDUNILVR Weight,ICICIBANK Weight,INFY Weight,JSWSTEEL Weight,NESTLEIND Weight,POWERGRID Weight,RELIANCE Weight,TCS Weight,TATACONSUM Weight,TATASTEEL Weight,TECHM Weight,TITAN Weight,UPL Weight,WIPRO Weight
0,0.007055584961145906,1.3646261475871917,-0.002036880122027216,6.8643100384835,2.4908839151877085,4.586778414305201,2.4613102444774126,5.468784987855407,5.963250292202433,3.773451531624021,3.7670423699408024,2.6314262173612155,7.942085180672652,4.103024224694181,1.95745066037625,4.721480488588373,1.8708241989418926,6.6084209844066395,2.549446521657488,4.2393667603097835,8.085013251831988,1.907505535004532,2.715469401294597,3.738736843597313,8.340778018138497,1.5646911739495735,1.64846874509855
