,Returns,Standard Deviation,Sharpe Ratio,ADANIPORTS Weight,ASIANPAINT Weight,BAJFINANCE Weight,BAJAJFINSV Weight,BRITANNIA Weight,DIVISLAB Weight,GRASIM Weight,HCLTECH Weight,HDFCBANK Weight,HINDALCO Weight,HINDUNILVR Weight,ICICIBANK Weight,INFY Weight,JSWSTEEL Weight,NESTLEIND Weight,POWERGRID Weight,RELIANCE Weight,TCS Weight,TATACONSUM Weight,TATASTEEL Weight,TECHM Weight,TITAN Weight,UPL Weight,WIPRO Weight
0,-0.04641890297368009,1.593016737684727,-0.03531291698202994,1.8181322492158956,0.5070052753741412,0.8024325661421543,1.9795003041098875,0.46271124913719364,1.1599759582457614,6.326060481792253,3.6238973925884106,6.362413247515808,0.5430743033723773,1.277135287409538,0.45219043112685015,0.4248391999383332,1.00503558418803,5.191442740390742,1.7643791954723098,0.7722924136833261,4.951224753047443,3.429413761527437,0.8273480273762707,0.5645221618664519,1.0764623069974475,49.117364319644444,5.5611467898374745
