,Returns,Standard Deviation,Sharpe Ratio,ADANIPORTS Weight,ASIANPAINT Weight,BAJFINANCE Weight,BAJAJFINSV Weight,BRITANNIA Weight,DIVISLAB Weight,GRASIM Weight,HCLTECH Weight,HDFCBANK Weight,HINDALCO Weight,HINDUNILVR Weight,ICICIBANK Weight,INFY Weight,JSWSTEEL Weight,NESTLEIND Weight,POWERGRID Weight,RELIANCE Weight,TCS Weight,TATACONSUM Weight,TATASTEEL Weight,TECHM Weight,TITAN Weight,UPL Weight,WIPRO Weight
0,0.011690386651449142,1.4810766123078312,0.0012526170495619922,7.124108572202366,1.0962230548203566,5.265323386946849,3.470784052776504,3.0488377298038367,1.3052756802874261,2.3549119337685376,3.2460065051891624,6.17820279069651,7.870809818958992,1.9868658495454043,7.761637747326332,7.488000571277404,7.301615875602863,0.5420676263785339,0.4365116117399524,1.779615273857888,3.3055149173375917,4.896263479289912,2.9518626151145573,2.6365936091658813,9.028554476629356,1.7529448467930169,7.171467974490761
