,Returns,Standard Deviation,Sharpe Ratio,ADANIPORTS Weight,ASIANPAINT Weight,BAJFINANCE Weight,BAJAJFINSV Weight,BRITANNIA Weight,DIVISLAB Weight,GRASIM Weight,HCLTECH Weight,HDFCBANK Weight,HINDALCO Weight,HINDUNILVR Weight,ICICIBANK Weight,INFY Weight,JSWSTEEL Weight,NESTLEIND Weight,POWERGRID Weight,RELIANCE Weight,TCS Weight,TATACONSUM Weight,TATASTEEL Weight,TECHM Weight,TITAN Weight,UPL Weight,WIPRO Weight
0,0.01778906558448543,0.9813931181822153,0.008104704019173481,6.728460642376416,7.329716921459374,3.0821260593456983,1.5707432187950165,7.547523593491433,6.174606890204693,6.028195505903908,6.14637839634236,1.574847453465741,4.401649541164883,0.30042454547646796,5.481903984656265,5.41551758243061,4.206078726750953,7.401544152751072,1.1874911595761335,1.9202862025208502,2.6561007652772703,1.4622133138573037,5.731477210486928,2.067987106505536,3.1108065302662675,1.97064075609841,6.503279740796429
