,Returns,Standard Deviation,Sharpe Ratio,ADANIPORTS Weight,ASIANPAINT Weight,BAJFINANCE Weight,BAJAJFINSV Weight,BRITANNIA Weight,DIVISLAB Weight,GRASIM Weight,HCLTECH Weight,HDFCBANK Weight,HINDALCO Weight,HINDUNILVR Weight,ICICIBANK Weight,INFY Weight,JSWSTEEL Weight,NESTLEIND Weight,POWERGRID Weight,RELIANCE Weight,TCS Weight,TATACONSUM Weight,TATASTEEL Weight,TECHM Weight,TITAN Weight,UPL Weight,WIPRO Weight
0,0.021980929252587714,1.4314844047860533,0.00848473401234026,5.0631769489971,0.6349839808494929,1.0410207436308816,5.6059802593366195,0.9139823108891932,5.637416411951746,2.0991006036318467,4.553264821383912,5.2364339132318225,4.464626490822217,1.4168322171203362,6.792815626540811,4.296119325071255,5.153345302276774,6.163229588608869,3.068982556086387,7.065217296832523,5.326909915536312,7.108542856633957,5.114567042637805,5.021217796031694,4.39446102629336,1.8923345127952118,1.9354384528098658
