,Returns,Standard Deviation,Sharpe Ratio,ADANIPORTS Weight,ASIANPAINT Weight,BAJFINANCE Weight,BAJAJFINSV Weight,BRITANNIA Weight,DIVISLAB Weight,GRASIM Weight,HCLTECH Weight,HDFCBANK Weight,HINDALCO Weight,HINDUNILVR Weight,ICICIBANK Weight,INFY Weight,JSWSTEEL Weight,NESTLEIND Weight,POWERGRID Weight,RELIANCE Weight,TCS Weight,TATACONSUM Weight,TATASTEEL Weight,TECHM Weight,TITAN Weight,UPL Weight,WIPRO Weight
0,0.0370092621417138,1.428396761670496,0.019024194142507805,6.807436103651099,4.689327904962619,3.7536943266349354,6.829271302920728,6.224481549680367,0.43560324627291436,5.210609174372052,4.646863329927089,3.160586976712619,3.9897639437211163,2.2841600888543336,3.7182709855005345,5.964550034843038,1.791221351436521,1.4771230981713244,3.726551650875492,7.251643934436778,5.713207229632741,5.794357614539157,3.717436077202864,3.2481635582181827,5.080868206564027,1.493143578899347,2.9916647319701206
