,Returns,Standard Deviation,Sharpe Ratio,ADANIPORTS Weight,ASIANPAINT Weight,BAJFINANCE Weight,BAJAJFINSV Weight,BRITANNIA Weight,DIVISLAB Weight,GRASIM Weight,HCLTECH Weight,HDFCBANK Weight,HINDALCO Weight,HINDUNILVR Weight,ICICIBANK Weight,INFY Weight,JSWSTEEL Weight,NESTLEIND Weight,POWERGRID Weight,RELIANCE Weight,TCS Weight,TATACONSUM Weight,TATASTEEL Weight,TECHM Weight,TITAN Weight,UPL Weight,WIPRO Weight
0,0.04609711938644876,1.0536876129711696,0.034414331254244424,3.7767523681712136,4.36087408081339,5.365886127837273,6.832582407227898,1.5670188844294914,6.360636976206828,4.70894481994243,5.19851738907318,3.389793153388888,7.542275290033222,0.5317867498783255,5.4504801932989775,2.488416532634717,2.1193500369399483,3.935009186539672,5.220143519096848,3.734722832934398,8.072364669965616,1.6955523148607254,3.0682613456168077,4.322229867879735,3.9279002344134715,1.9992726133393872,4.331228405477564
