,Returns,Standard Deviation,Sharpe Ratio,ADANIPORTS Weight,ASIANPAINT Weight,BAJFINANCE Weight,BAJAJFINSV Weight,BRITANNIA Weight,DIVISLAB Weight,GRASIM Weight,HCLTECH Weight,HDFCBANK Weight,HINDALCO Weight,HINDUNILVR Weight,ICICIBANK Weight,INFY Weight,JSWSTEEL Weight,NESTLEIND Weight,POWERGRID Weight,RELIANCE Weight,TCS Weight,TATACONSUM Weight,TATASTEEL Weight,TECHM Weight,TITAN Weight,UPL Weight,WIPRO Weight
0,-0.059693747890500665,1.6290514941757612,-0.04268061075677938,37.509752278934045,0.929641902502233,3.7631677439993974,0.7716383741240338,0.6162207364678393,1.0080325702822543,4.311565845438779,2.946158165323505,0.3644630091856293,11.342664044426101,2.5496618625531813,0.3487227928207993,4.078507910650759,6.989881655796022,0.23141609282735068,2.0884850556334067,0.8972987080868041,0.2688626728315272,12.734498326287385,2.450624203269442,1.0039896394618442,0.5918580641053961,0.6605934458415887,1.542294899150662
