,Returns,Standard Deviation,Sharpe Ratio,ADANIPORTS Weight,ASIANPAINT Weight,BAJFINANCE Weight,BAJAJFINSV Weight,BRITANNIA Weight,DIVISLAB Weight,GRASIM Weight,HCLTECH Weight,HDFCBANK Weight,HINDALCO Weight,HINDUNILVR Weight,ICICIBANK Weight,INFY Weight,JSWSTEEL Weight,NESTLEIND Weight,POWERGRID Weight,RELIANCE Weight,TCS Weight,TATACONSUM Weight,TATASTEEL Weight,TECHM Weight,TITAN Weight,UPL Weight,WIPRO Weight
0,0.05193117094865286,1.4792919328625682,0.028456861812278203,4.207660939513758,6.286352216736374,7.806196830693307,7.476167322094381,1.3481962833290497,3.6858140764323983,4.7045281938414,1.4309237486264057,4.735781706335691,2.958128637334235,7.1840738115304585,1.6793513879475506,1.835456326687182,3.200559705143101,7.333716310954302,0.3370110032204602,4.830561471257829,5.029681769496701,6.325901561967089,3.6035454522020713,6.875109464449731,4.044935273635362,1.0586414287316288,2.0217050778395405
