,Returns,Standard Deviation,Sharpe Ratio,ADANIPORTS Weight,ASIANPAINT Weight,BAJFINANCE Weight,BAJAJFINSV Weight,BRITANNIA Weight,DIVISLAB Weight,GRASIM Weight,HCLTECH Weight,HDFCBANK Weight,HINDALCO Weight,HINDUNILVR Weight,ICICIBANK Weight,INFY Weight,JSWSTEEL Weight,NESTLEIND Weight,POWERGRID Weight,RELIANCE Weight,TCS Weight,TATACONSUM Weight,TATASTEEL Weight,TECHM Weight,TITAN Weight,UPL Weight,WIPRO Weight
0,-0.02072359851809991,1.2417835007936437,-0.024608769027559266,5.037321607955314,4.222139819490783,4.208661735611711,5.380115560177982,7.292542492296676,4.499342536050938,3.559562796194345,4.583429830474302,2.668692559958041,0.47712083189937404,1.8935805694738124,5.15973993451699,4.23481381247222,3.150430859519658,6.689405262829156,4.59270472483006,6.260882856350588,3.6024254906349,2.0131746557635646,5.405354613206667,4.192663689650341,4.430579310048409,3.2108051775111375,3.2345092730830296
