,Returns,Standard Deviation,Sharpe Ratio,ADANIPORTS Weight,ASIANPAINT Weight,BAJFINANCE Weight,BAJAJFINSV Weight,BRITANNIA Weight,DIVISLAB Weight,GRASIM Weight,HCLTECH Weight,HDFCBANK Weight,HINDALCO Weight,HINDUNILVR Weight,ICICIBANK Weight,INFY Weight,JSWSTEEL Weight,NESTLEIND Weight,POWERGRID Weight,RELIANCE Weight,TCS Weight,TATACONSUM Weight,TATASTEEL Weight,TECHM Weight,TITAN Weight,UPL Weight,WIPRO Weight
0,0.04871559978156791,1.1847740593267593,0.03281675070476868,9.080554175403165,0.28173189705175644,1.0260853203472078,13.369030723900188,2.7706344434551555,5.175352748208837,1.0931763611077103,5.039099555708162,0.6187658042391986,10.638010378614915,0.33082176916463407,33.954652067261456,0.5270040348854066,0.4561331451620916,1.237329331645826,6.49122017447989,2.2565183708936636,0.9829167573387264,0.3111527541389286,1.0181855357784213,0.26396332792201305,0.5609690252428917,1.323400445442027,1.193291852607704
