,Returns,Standard Deviation,Sharpe Ratio,ADANIPORTS Weight,ASIANPAINT Weight,BAJFINANCE Weight,BAJAJFINSV Weight,BRITANNIA Weight,DIVISLAB Weight,GRASIM Weight,HCLTECH Weight,HDFCBANK Weight,HINDALCO Weight,HINDUNILVR Weight,ICICIBANK Weight,INFY Weight,JSWSTEEL Weight,NESTLEIND Weight,POWERGRID Weight,RELIANCE Weight,TCS Weight,TATACONSUM Weight,TATASTEEL Weight,TECHM Weight,TITAN Weight,UPL Weight,WIPRO Weight
0,-0.012757466036538205,1.3857578011746299,-0.016303448447161924,4.147177731392185,3.1489618609234555,4.3448284019474865,4.468818138345402,4.701770370433379,3.142968029959578,4.08412932597301,6.484646463557311,1.3075665532016156,3.9751039253100777,5.177094643942431,5.144664321632358,6.068178128524606,3.411785401747948,3.1352575051541294,5.74270338421756,4.170380191716932,4.135023903982373,4.567586166179294,6.485684491476141,0.7791675259458003,4.250626418601917,0.7307588714793101,6.395118244355684
