,Returns,Standard Deviation,Sharpe Ratio,ADANIPORTS Weight,ASIANPAINT Weight,BAJFINANCE Weight,BAJAJFINSV Weight,BRITANNIA Weight,DIVISLAB Weight,GRASIM Weight,HCLTECH Weight,HDFCBANK Weight,HINDALCO Weight,HINDUNILVR Weight,ICICIBANK Weight,INFY Weight,JSWSTEEL Weight,NESTLEIND Weight,POWERGRID Weight,RELIANCE Weight,TCS Weight,TATACONSUM Weight,TATASTEEL Weight,TECHM Weight,TITAN Weight,UPL Weight,WIPRO Weight
0,-0.03805681423266903,1.1465829131251255,-0.04176931168222238,7.382423303462085,2.567272390951753,4.825121726430285,5.627209175445567,2.2064654763056595,6.497904134124272,3.391665777228724,4.51291405852989,5.296569260145302,2.8660100626607043,4.50025021157977,3.472196009356591,0.47678895490651735,7.411548440493383,3.6737806672644764,5.131563802839708,4.373024455388739,4.805052905274147,3.0148225224852268,2.2805824929624503,3.632665746347448,5.051074487489553,3.755828408419432,3.247265529908308
