,Returns,Standard Deviation,Sharpe Ratio,ADANIPORTS Weight,ASIANPAINT Weight,BAJFINANCE Weight,BAJAJFINSV Weight,BRITANNIA Weight,DIVISLAB Weight,GRASIM Weight,HCLTECH Weight,HDFCBANK Weight,HINDALCO Weight,HINDUNILVR Weight,ICICIBANK Weight,INFY Weight,JSWSTEEL Weight,NESTLEIND Weight,POWERGRID Weight,RELIANCE Weight,TCS Weight,TATACONSUM Weight,TATASTEEL Weight,TECHM Weight,TITAN Weight,UPL Weight,WIPRO Weight
0,0.002595521994569316,1.4379742982343675,-0.0050346121272715335,5.842407667400953,4.47566924364688,2.319116667736251,3.9375514306279196,0.5367751837982191,3.063520817721604,5.104737278239225,4.39943696267522,0.7850086716380803,6.261558461733417,5.545356928325293,4.494693235626981,7.04005001993679,4.570041717145093,2.0396104496855525,4.508128687702602,2.53720651985049,5.359665010184615,6.256108832180031,6.723835073440594,5.379448242618745,2.485985076243444,3.9264364079537755,2.407651413888242
