,Returns,Standard Deviation,Sharpe Ratio,ADANIPORTS Weight,ASIANPAINT Weight,BAJFINANCE Weight,BAJAJFINSV Weight,BRITANNIA Weight,DIVISLAB Weight,GRASIM Weight,HCLTECH Weight,HDFCBANK Weight,HINDALCO Weight,HINDUNILVR Weight,ICICIBANK Weight,INFY Weight,JSWSTEEL Weight,NESTLEIND Weight,POWERGRID Weight,RELIANCE Weight,TCS Weight,TATACONSUM Weight,TATASTEEL Weight,TECHM Weight,TITAN Weight,UPL Weight,WIPRO Weight
0,-0.07608119860108366,1.0705144578425247,-0.08025707902105421,6.29407832106147,5.917661379421732,1.9841681342435067,1.3412490918818998,7.016741508927077,6.907097183880522,1.4898536555256647,3.406688096106493,5.5312932009213975,6.030677590184426,6.24174807534286,0.5822735917760908,4.5991190333775664,7.626227857708827,5.754354609350707,2.5452395567119113,5.854180007003817,0.8986690369117312,4.500760008041599,3.8888799299241104,5.491081947804521,2.109470858281641,2.2589556685533614,1.7295316570570831
