,Returns,Standard Deviation,Sharpe Ratio,ADANIPORTS Weight,ASIANPAINT Weight,BAJFINANCE Weight,BAJAJFINSV Weight,BRITANNIA Weight,DIVISLAB Weight,GRASIM Weight,HCLTECH Weight,HDFCBANK Weight,HINDALCO Weight,HINDUNILVR Weight,ICICIBANK Weight,INFY Weight,JSWSTEEL Weight,NESTLEIND Weight,POWERGRID Weight,RELIANCE Weight,TCS Weight,TATACONSUM Weight,TATASTEEL Weight,TECHM Weight,TITAN Weight,UPL Weight,WIPRO Weight
0,0.04051012482175173,1.0560685180060794,0.029046372904386032,8.769246179908736,7.599491847582583,2.9428741304595225,2.497137948733564,3.7117271745275557,4.243192937891478,1.409856875299621,5.603944130998373,4.0651666503504975,1.4417061334056993,2.918366066091434,0.7399489134048417,1.732516347488959,8.48520384764413,2.4811461495936347,8.617767024254977,5.039876908050511,4.089720024140617,1.9754557017302468,2.86049346951446,0.9383915485713684,9.260408858270294,5.231143323317218,3.345217808769681
