,Returns,Standard Deviation,Sharpe Ratio,ADANIPORTS Weight,ASIANPAINT Weight,BAJFINANCE Weight,BAJAJFINSV Weight,BRITANNIA Weight,DIVISLAB Weight,GRASIM Weight,HCLTECH Weight,HDFCBANK Weight,HINDALCO Weight,HINDUNILVR Weight,ICICIBANK Weight,INFY Weight,JSWSTEEL Weight,NESTLEIND Weight,POWERGRID Weight,RELIANCE Weight,TCS Weight,TATACONSUM Weight,TATASTEEL Weight,TECHM Weight,TITAN Weight,UPL Weight,WIPRO Weight
0,-0.05092877507519919,1.3497796160366569,-0.04501767487701771,6.836557037087208,4.936525838837732,4.478986535834949,2.8966392270976344,5.91064810362337,4.699905718856886,3.5103825403807924,4.742661658291499,1.9491040446398717,6.841878310732239,1.6388125224216221,0.5470177589350571,3.4993688167309496,6.656520809756258,5.800726514838657,5.776741536029501,1.1925032683898114,6.44036491111222,2.28590142914397,6.800471902052541,1.6698288468476472,2.921775297205305,6.0731695593997035,1.89350781175457
