,Returns,Standard Deviation,Sharpe Ratio,ADANIPORTS Weight,ASIANPAINT Weight,BAJFINANCE Weight,BAJAJFINSV Weight,BRITANNIA Weight,DIVISLAB Weight,GRASIM Weight,HCLTECH Weight,HDFCBANK Weight,HINDALCO Weight,HINDUNILVR Weight,ICICIBANK Weight,INFY Weight,JSWSTEEL Weight,NESTLEIND Weight,POWERGRID Weight,RELIANCE Weight,TCS Weight,TATACONSUM Weight,TATASTEEL Weight,TECHM Weight,TITAN Weight,UPL Weight,WIPRO Weight
0,-0.07182038891433665,1.6541209581267424,-0.04936492301141912,19.796758477245056,0.30953771418724557,3.072259044246484,1.4024521333451268,1.6462838396836594,1.1337965260855243,1.1485710472710933,5.422006272665716,0.3732209863872435,0.7784705184472218,1.930658630429109,0.9567459114564999,5.424435952760463,6.574109982703383,1.7965334145972376,0.2395894673366524,1.5517194044693319,0.2756588243895612,1.5223973772333845,40.14859458020601,2.278786970462004,0.7144455443615587,0.4562615499633973,1.0467058300670193
