,Returns,Standard Deviation,Sharpe Ratio,ADANIPORTS Weight,ASIANPAINT Weight,BAJFINANCE Weight,BAJAJFINSV Weight,BRITANNIA Weight,DIVISLAB Weight,GRASIM Weight,HCLTECH Weight,HDFCBANK Weight,HINDALCO Weight,HINDUNILVR Weight,ICICIBANK Weight,INFY Weight,JSWSTEEL Weight,NESTLEIND Weight,POWERGRID Weight,RELIANCE Weight,TCS Weight,TATACONSUM Weight,TATASTEEL Weight,TECHM Weight,TITAN Weight,UPL Weight,WIPRO Weight
0,-0.047141983701064955,1.5306224723280222,-0.03722482164368694,17.608782295195088,1.6612522651599273,1.239064478766343,7.032201004932133,2.6027012523260886,0.14625560977906527,0.5550667278345834,0.595397076066893,1.428892011992193,12.992045169155334,0.3892988555929901,0.33363414784860995,0.4963817432328855,28.622735459796793,0.44092538380097857,0.4780347743535575,2.3272003783644104,0.6984596843800839,2.132224430682394,1.7285720509067533,0.4670085747798436,4.190685115728903,0.7186339764549174,11.114547532869208
