,Returns,Standard Deviation,Sharpe Ratio,ADANIPORTS Weight,ASIANPAINT Weight,BAJFINANCE Weight,BAJAJFINSV Weight,BRITANNIA Weight,DIVISLAB Weight,GRASIM Weight,HCLTECH Weight,HDFCBANK Weight,HINDALCO Weight,HINDUNILVR Weight,ICICIBANK Weight,INFY Weight,JSWSTEEL Weight,NESTLEIND Weight,POWERGRID Weight,RELIANCE Weight,TCS Weight,TATACONSUM Weight,TATASTEEL Weight,TECHM Weight,TITAN Weight,UPL Weight,WIPRO Weight
0,-0.02815604691673515,1.3764442812480462,-0.027600980489709825,12.237923244003472,2.938944139927826,0.6632132372869383,0.7885097273723508,0.8432048355974846,2.20763486929356,0.9680624473762831,1.1962099766961232,0.184831883472476,0.6262125508719997,0.5342640370471753,39.47356421921792,0.34860496643434286,2.20122918677346,0.6744387535474634,0.7226640524308237,1.9539004344434014,0.08033505452386158,4.178400360550081,6.4858433137084965,5.773805378202692,3.1536079934247283,9.407944543914402,2.3566507938826584
