,Returns,Standard Deviation,Sharpe Ratio,ADANIPORTS Weight,ASIANPAINT Weight,BAJFINANCE Weight,BAJAJFINSV Weight,BRITANNIA Weight,DIVISLAB Weight,GRASIM Weight,HCLTECH Weight,HDFCBANK Weight,HINDALCO Weight,HINDUNILVR Weight,ICICIBANK Weight,INFY Weight,JSWSTEEL Weight,NESTLEIND Weight,POWERGRID Weight,RELIANCE Weight,TCS Weight,TATACONSUM Weight,TATASTEEL Weight,TECHM Weight,TITAN Weight,UPL Weight,WIPRO Weight
0,0.06210954289706466,1.3363326454761417,0.0391177887024336,4.881284848123309,1.0403539925536336,3.8622942848651283,8.172386253763355,3.553538790644814,4.913044152591685,1.1547397847753584,3.5722492329822586,7.718780704688863,7.85583563472457,3.6905833602810376,5.131899328508743,8.709595569513027,3.0505276995805652,8.245336947263327,8.27978189634005,2.935362580639579,2.9001177306045887,1.5332700111088549,1.8050742959228352,2.7991328566503735,0.9861054868966016,2.3511145599752368,0.8575899970021804
