,Returns,Standard Deviation,Sharpe Ratio,ADANIPORTS Weight,ASIANPAINT Weight,BAJFINANCE Weight,BAJAJFINSV Weight,BRITANNIA Weight,DIVISLAB Weight,GRASIM Weight,HCLTECH Weight,HDFCBANK Weight,HINDALCO Weight,HINDUNILVR Weight,ICICIBANK Weight,INFY Weight,JSWSTEEL Weight,NESTLEIND Weight,POWERGRID Weight,RELIANCE Weight,TCS Weight,TATACONSUM Weight,TATASTEEL Weight,TECHM Weight,TITAN Weight,UPL Weight,WIPRO Weight
0,-0.011654741187475007,1.4337262269348192,-0.014988849069590766,6.526926279486375,5.492901689482645,7.207841801378695,3.780903764073136,5.120836208474353,4.406410617487262,2.929383301074259,0.6910367846414005,1.7661866969155984,7.8799334581055325,5.496433317454727,2.2529425126019875,1.7880081226235418,6.561755721820968,5.510725894121086,4.074708204189896,2.932505664095044,1.269157632887666,3.1636425138007227,2.7243960372805374,2.1321527269313822,4.537710681264725,6.860583082251082,4.892917287557397
