,Returns,Standard Deviation,Sharpe Ratio,ADANIPORTS Weight,ASIANPAINT Weight,BAJFINANCE Weight,BAJAJFINSV Weight,BRITANNIA Weight,DIVISLAB Weight,GRASIM Weight,HCLTECH Weight,HDFCBANK Weight,HINDALCO Weight,HINDUNILVR Weight,ICICIBANK Weight,INFY Weight,JSWSTEEL Weight,NESTLEIND Weight,POWERGRID Weight,RELIANCE Weight,TCS Weight,TATACONSUM Weight,TATASTEEL Weight,TECHM Weight,TITAN Weight,UPL Weight,WIPRO Weight
0,0.06871403006997068,1.0345342525409666,0.05691340338919739,5.917874920711563,1.3395167454184251,5.6069192345548196,5.852902905048691,6.164820660220989,4.156606165170308,5.065280609586087,4.802697535462984,3.387423910668988,1.8667401666726764,2.6048761954431376,3.9388602226349567,2.8004469787637425,4.911739420682688,4.8500304287810945,4.312815762314148,5.573742920274456,2.7735594871217826,3.96481190230255,1.6354108234479767,4.6071423853651075,3.858075337598653,6.32126110443864,3.6864441773155496
