,Returns,Standard Deviation,Sharpe Ratio,ADANIPORTS Weight,ASIANPAINT Weight,BAJFINANCE Weight,BAJAJFINSV Weight,BRITANNIA Weight,DIVISLAB Weight,GRASIM Weight,HCLTECH Weight,HDFCBANK Weight,HINDALCO Weight,HINDUNILVR Weight,ICICIBANK Weight,INFY Weight,JSWSTEEL Weight,NESTLEIND Weight,POWERGRID Weight,RELIANCE Weight,TCS Weight,TATACONSUM Weight,TATASTEEL Weight,TECHM Weight,TITAN Weight,UPL Weight,WIPRO Weight
0,-0.038607227754773196,1.125517289809821,-0.04304011411332771,6.418934467340859,1.7456465614269705,1.0230163843459807,6.451584356322456,6.334124716536785,6.961585924759824,2.1663688411830324,6.586094393554945,6.067066323428798,2.8468724943351216,4.857985681654796,5.818661534580281,2.9522752936083982,0.4649701060457716,5.573353675672559,1.9569319354315329,5.04466345134181,1.9216867994833253,6.77280228058984,3.5847292323241513,2.0184608807244917,3.115188827302886,4.9969349348384,4.3200609031669845
