,Returns,Standard Deviation,Sharpe Ratio,ADANIPORTS Weight,ASIANPAINT Weight,BAJFINANCE Weight,BAJAJFINSV Weight,BRITANNIA Weight,DIVISLAB Weight,GRASIM Weight,HCLTECH Weight,HDFCBANK Weight,HINDALCO Weight,HINDUNILVR Weight,ICICIBANK Weight,INFY Weight,JSWSTEEL Weight,NESTLEIND Weight,POWERGRID Weight,RELIANCE Weight,TCS Weight,TATACONSUM Weight,TATASTEEL Weight,TECHM Weight,TITAN Weight,UPL Weight,WIPRO Weight
0,0.006605790566049317,1.4297089452390597,-0.002258763421652607,7.829584761469899,1.2628259509474031,8.683016625161164,0.5164121842066117,1.2245498134100163,0.5731984226013388,11.347939776146706,0.9169858664682874,2.983436911657274,14.253493496159775,0.16931714793828934,8.447468311522446,3.194326328964074,16.525812511716275,0.3691023782454362,0.7489370512173954,0.6220316376921293,1.886273074057161,1.5815025134101337,4.1944123987870805,1.0949864375206926,0.790991386994927,1.5773203137224474,9.206074699982997
