,Returns,Standard Deviation,Sharpe Ratio,ADANIPORTS Weight,ASIANPAINT Weight,BAJFINANCE Weight,BAJAJFINSV Weight,BRITANNIA Weight,DIVISLAB Weight,GRASIM Weight,HCLTECH Weight,HDFCBANK Weight,HINDALCO Weight,HINDUNILVR Weight,ICICIBANK Weight,INFY Weight,JSWSTEEL Weight,NESTLEIND Weight,POWERGRID Weight,RELIANCE Weight,TCS Weight,TATACONSUM Weight,TATASTEEL Weight,TECHM Weight,TITAN Weight,UPL Weight,WIPRO Weight
0,-0.04967933643970419,1.1899800679689925,-0.05001302364370341,6.905430178261672,3.4982156517099896,3.6765691814211015,4.603250454739198,0.5751858164564622,3.906112546475006,3.392056963679893,7.785677472503709,7.4327524152320805,3.479024575126863,3.176734220428644,4.355025460155301,6.617179672823255,4.625230920337623,6.499872749878842,0.7492544537551237,1.6138143935418423,4.54131030778297,4.248697753184097,4.678019065746828,3.806112137657381,4.058121221252612,2.5937068686496714,3.1826455191998395
