,Returns,Standard Deviation,Sharpe Ratio,ADANIPORTS Weight,ASIANPAINT Weight,BAJFINANCE Weight,BAJAJFINSV Weight,BRITANNIA Weight,DIVISLAB Weight,GRASIM Weight,HCLTECH Weight,HDFCBANK Weight,HINDALCO Weight,HINDUNILVR Weight,ICICIBANK Weight,INFY Weight,JSWSTEEL Weight,NESTLEIND Weight,POWERGRID Weight,RELIANCE Weight,TCS Weight,TATACONSUM Weight,TATASTEEL Weight,TECHM Weight,TITAN Weight,UPL Weight,WIPRO Weight
0,-0.06131095770857231,1.3671983136527388,-0.05203789518556112,4.4319831172368405,0.7059549297740016,2.3820384986645045,0.6137307606460733,4.847334294203879,0.7696289325689373,0.9789078627104683,12.777334325303743,5.649555994023989,0.2787958864335298,4.299320139914857,0.8101035010443203,0.6631095966397438,0.38079813924411243,0.10145258059007897,0.7904561404062972,1.4748339822881393,0.8634192948479162,3.639157362629529,42.905902541727635,0.3241710097409816,1.0188662093546517,8.243429529264274,1.0497153707415041
