,Returns,Standard Deviation,Sharpe Ratio,ADANIPORTS Weight,ASIANPAINT Weight,BAJFINANCE Weight,BAJAJFINSV Weight,BRITANNIA Weight,DIVISLAB Weight,GRASIM Weight,HCLTECH Weight,HDFCBANK Weight,HINDALCO Weight,HINDUNILVR Weight,ICICIBANK Weight,INFY Weight,JSWSTEEL Weight,NESTLEIND Weight,POWERGRID Weight,RELIANCE Weight,TCS Weight,TATACONSUM Weight,TATASTEEL Weight,TECHM Weight,TITAN Weight,UPL Weight,WIPRO Weight
0,-0.14515155610274894,1.474269241608095,-0.10512782642664258,7.204027737950559,1.8541583525827336,11.838482894011298,0.5863526061827173,0.3899517347461349,0.5042848998429824,2.3135544631760774,1.9192706428101134,0.873783730727112,3.3197956198516327,0.4860754886636469,1.1581557401282487,5.6488229138436985,5.1982256702342955,1.704746820272634,0.28873113971946074,5.075271289225879,1.048784055768539,7.7323829574657905,32.30437110926935,0.8052046329656823,3.023159676895618,1.4185395617639616,3.3038662619018515
