,Returns,Standard Deviation,Sharpe Ratio,ADANIPORTS Weight,ASIANPAINT Weight,BAJFINANCE Weight,BAJAJFINSV Weight,BRITANNIA Weight,DIVISLAB Weight,GRASIM Weight,HCLTECH Weight,HDFCBANK Weight,HINDALCO Weight,HINDUNILVR Weight,ICICIBANK Weight,INFY Weight,JSWSTEEL Weight,NESTLEIND Weight,POWERGRID Weight,RELIANCE Weight,TCS Weight,TATACONSUM Weight,TATASTEEL Weight,TECHM Weight,TITAN Weight,UPL Weight,WIPRO Weight
0,0.04194701562229527,1.013371960772865,0.03168811850945609,3.1925314296658813,6.054554542162869,6.501776723128194,3.482060195385614,1.843797712607351,4.715062528219644,4.380727396825789,4.825330669439321,3.8784392570876944,6.592655277760959,3.6481507041988293,0.959972179596253,6.483402737827208,1.6590663833629367,6.839153869375947,4.013376290858911,1.843061866689849,3.0188389537702127,6.550614977471782,2.0476666619396138,5.635660492274295,5.732661648838082,5.49352778037934,0.6079097211334308
