,Returns,Standard Deviation,Sharpe Ratio,ADANIPORTS Weight,ASIANPAINT Weight,BAJFINANCE Weight,BAJAJFINSV Weight,BRITANNIA Weight,DIVISLAB Weight,GRASIM Weight,HCLTECH Weight,HDFCBANK Weight,HINDALCO Weight,HINDUNILVR Weight,ICICIBANK Weight,INFY Weight,JSWSTEEL Weight,NESTLEIND Weight,POWERGRID Weight,RELIANCE Weight,TCS Weight,TATACONSUM Weight,TATASTEEL Weight,TECHM Weight,TITAN Weight,UPL Weight,WIPRO Weight
0,-0.04837838987844521,1.428310402210845,-0.04075693534367794,2.9939686607256792,1.4761321462097288,6.294259071896327,3.7895715955984026,0.11613315771378016,6.599898869069176,5.995239328037297,3.436170969096866,5.566708437396898,6.084404991479084,4.432134455741517,1.3301020283438365,5.670257267815311,4.233791582331683,4.764813799960688,3.986111361814277,4.578832883984994,4.701921549073576,2.9763439061229366,7.3157791593413135,5.029584131434346,1.8316236895377056,4.858398475601664,1.9378184816729012
