,Returns,Standard Deviation,Sharpe Ratio,ADANIPORTS Weight,ASIANPAINT Weight,BAJFINANCE Weight,BAJAJFINSV Weight,BRITANNIA Weight,DIVISLAB Weight,GRASIM Weight,HCLTECH Weight,HDFCBANK Weight,HINDALCO Weight,HINDUNILVR Weight,ICICIBANK Weight,INFY Weight,JSWSTEEL Weight,NESTLEIND Weight,POWERGRID Weight,RELIANCE Weight,TCS Weight,TATACONSUM Weight,TATASTEEL Weight,TECHM Weight,TITAN Weight,UPL Weight,WIPRO Weight
0,0.03134754210661125,1.5705231755906557,0.013697586642333916,51.383392541246074,0.1941220179693385,4.592065871901959,0.7643271723154763,1.87774784944085,0.03871115616340657,3.9220502966961153,0.12243750746699163,1.11580698827826,0.9816823783494851,2.350217317012017,1.1664989623999733,2.3732871676397878,3.903738130255288,13.714187496619504,1.2565336033667376,0.5033948508931718,0.43004843126913167,2.430425918351567,3.1883050673470295,0.5700679134807447,0.11738718778534069,2.089465711132583,0.9140984626191815
