,Returns,Standard Deviation,Sharpe Ratio,ADANIPORTS Weight,ASIANPAINT Weight,BAJFINANCE Weight,BAJAJFINSV Weight,BRITANNIA Weight,DIVISLAB Weight,GRASIM Weight,HCLTECH Weight,HDFCBANK Weight,HINDALCO Weight,HINDUNILVR Weight,ICICIBANK Weight,INFY Weight,JSWSTEEL Weight,NESTLEIND Weight,POWERGRID Weight,RELIANCE Weight,TCS Weight,TATACONSUM Weight,TATASTEEL Weight,TECHM Weight,TITAN Weight,UPL Weight,WIPRO Weight
0,-0.042061408916297546,1.3408256739071323,-0.0387049373840203,4.190867719974734,3.835058654188068,4.874069300852023,4.7043441466075056,6.820943124305283,4.6770774485447575,5.711665478997009,6.160671883645142,3.120688899837499,4.0648864580925235,2.0592614050653935,3.709822980180549,6.984349982315423,0.6634073616863536,6.859490007976035,4.3383604626748955,2.9753864991121444,4.001321032031497,6.531399039459969,1.2415117944640734,4.467703162908164,4.258484252489488,0.9567086069682392,2.792520297623205
