,Returns,Standard Deviation,Sharpe Ratio,ADANIPORTS Weight,ASIANPAINT Weight,BAJFINANCE Weight,BAJAJFINSV Weight,BRITANNIA Weight,DIVISLAB Weight,GRASIM Weight,HCLTECH Weight,HDFCBANK Weight,HINDALCO Weight,HINDUNILVR Weight,ICICIBANK Weight,INFY Weight,JSWSTEEL Weight,NESTLEIND Weight,POWERGRID Weight,RELIANCE Weight,TCS Weight,TATACONSUM Weight,TATASTEEL Weight,TECHM Weight,TITAN Weight,UPL Weight,WIPRO Weight
0,0.16747928131022669,1.1846722323836898,0.1330698164148447,6.760717444593799,6.101700399248684,1.0761997273118216,6.9010014079421005,5.644972074514197,5.873905578204001,0.20523209374766824,0.1791927643870621,6.724000325073594,5.363381198968252,3.942419130298923,6.457024452178636,3.146492796519757,5.033658373763492,1.4890809890367145,1.271293410542649,1.5879380686253843,6.401457837396958,3.741027561911748,1.6874423192663905,5.063639463602323,5.202442521723391,6.327391123965476,3.8183889371769837
