,Returns,Standard Deviation,Sharpe Ratio,ADANIPORTS Weight,ASIANPAINT Weight,BAJFINANCE Weight,BAJAJFINSV Weight,BRITANNIA Weight,DIVISLAB Weight,GRASIM Weight,HCLTECH Weight,HDFCBANK Weight,HINDALCO Weight,HINDUNILVR Weight,ICICIBANK Weight,INFY Weight,JSWSTEEL Weight,NESTLEIND Weight,POWERGRID Weight,RELIANCE Weight,TCS Weight,TATACONSUM Weight,TATASTEEL Weight,TECHM Weight,TITAN Weight,UPL Weight,WIPRO Weight
0,0.010999034300497581,0.938770877558263,0.0012397801137163133,5.129904744569402,5.107113955841274,2.3868670213033036,2.5312885972014967,2.666234207108511,4.416200147222947,3.9200373471857017,3.4162244921429523,2.5612922966034253,6.556335866404095,5.306048694199605,5.553968702693985,6.336900953212288,5.396976207386468,3.669959573495131,4.634789060260561,5.2814057127051495,4.5617249952369505,1.3425357685320847,4.031147967543023,5.037117547666937,1.5870288816006366,4.149246854045736,4.419650405838343
