,Returns,Standard Deviation,Sharpe Ratio,ADANIPORTS Weight,ASIANPAINT Weight,BAJFINANCE Weight,BAJAJFINSV Weight,BRITANNIA Weight,DIVISLAB Weight,GRASIM Weight,HCLTECH Weight,HDFCBANK Weight,HINDALCO Weight,HINDUNILVR Weight,ICICIBANK Weight,INFY Weight,JSWSTEEL Weight,NESTLEIND Weight,POWERGRID Weight,RELIANCE Weight,TCS Weight,TATACONSUM Weight,TATASTEEL Weight,TECHM Weight,TITAN Weight,UPL Weight,WIPRO Weight
0,0.23851276245457692,1.2135724230048197,0.18843341632072,7.544625801630211,1.6366311318557898,5.298652339655254,3.5777398458232206,2.5823289278090162,4.254449541692624,5.734047557867513,2.007414305226877,4.00028176379624,3.2360156963326765,5.130915109396347,0.38278844370980875,7.101681194086401,6.513042809256193,3.228086951223437,7.140819400528901,6.179696667861675,2.763286237765979,5.802909859555143,1.35028671736596,7.091894361101439,1.5382408136338275,4.443146152548665,1.461018370276787
