,Returns,Standard Deviation,Sharpe Ratio,ADANIPORTS Weight,ASIANPAINT Weight,BAJFINANCE Weight,BAJAJFINSV Weight,BRITANNIA Weight,DIVISLAB Weight,GRASIM Weight,HCLTECH Weight,HDFCBANK Weight,HINDALCO Weight,HINDUNILVR Weight,ICICIBANK Weight,INFY Weight,JSWSTEEL Weight,NESTLEIND Weight,POWERGRID Weight,RELIANCE Weight,TCS Weight,TATACONSUM Weight,TATASTEEL Weight,TECHM Weight,TITAN Weight,UPL Weight,WIPRO Weight
0,0.05855926393346512,1.4520737189925148,0.03355483847755766,44.58882294173423,3.001341881310289,0.20959203543442195,3.949472159601789,1.0456806638824532,0.7635915772021749,0.9073176430348521,0.7947760613687466,0.33231178404121214,13.359864621997072,0.8319697602674645,2.3013649883605996,1.481191062873612,1.199658629462435,0.7365618144537531,6.965792006718195,1.701628049069166,0.19364814207836772,5.68151477114093,2.5681930406328957,2.3828242816257426,0.5488526106769958,1.4232906145252417,3.0307388585073407
