,Returns,Standard Deviation,Sharpe Ratio,ADANIPORTS Weight,ASIANPAINT Weight,BAJFINANCE Weight,BAJAJFINSV Weight,BRITANNIA Weight,DIVISLAB Weight,GRASIM Weight,HCLTECH Weight,HDFCBANK Weight,HINDALCO Weight,HINDUNILVR Weight,ICICIBANK Weight,INFY Weight,JSWSTEEL Weight,NESTLEIND Weight,POWERGRID Weight,RELIANCE Weight,TCS Weight,TATACONSUM Weight,TATASTEEL Weight,TECHM Weight,TITAN Weight,UPL Weight,WIPRO Weight
0,0.2514236077515422,0.7034200763215488,0.3434483192173519,6.048821373298082,7.122723438090903,6.25199600076601,0.6822259163007713,0.7566022150206821,5.618423742226116,7.139467977800662,6.474716969807721,1.5947357515920648,2.535704771072574,2.6745579456216766,2.5794701450735613,4.596000334740371,1.7611534723013238,2.892620465746604,7.443501172428285,4.8238062278214455,1.6682490039235813,4.027418410932066,7.2087318387890615,2.6943915497448727,7.434825410272898,1.5820234612900168,4.387832405338645
