,Returns,Standard Deviation,Sharpe Ratio,ADANIPORTS Weight,ASIANPAINT Weight,BAJFINANCE Weight,BAJAJFINSV Weight,BRITANNIA Weight,DIVISLAB Weight,GRASIM Weight,HCLTECH Weight,HDFCBANK Weight,HINDALCO Weight,HINDUNILVR Weight,ICICIBANK Weight,INFY Weight,JSWSTEEL Weight,NESTLEIND Weight,POWERGRID Weight,RELIANCE Weight,TCS Weight,TATACONSUM Weight,TATASTEEL Weight,TECHM Weight,TITAN Weight,UPL Weight,WIPRO Weight
0,0.5046281411854544,1.6141908449782572,0.30652693756106286,6.826781675838737,5.300517866486144,1.7296064992770046,0.5324813408682734,0.8931319967545527,2.850235795165427,1.5378475701286718,0.509913251114295,1.8528218690990292,32.348370945051265,0.0960536575153169,0.49046391447746235,2.0715022775471867,0.6227634656818396,4.1670006122444025,2.1555534879904537,3.787123652566509,0.5201966589028666,0.7561230577199628,20.6451021311814,3.2481844569717713,0.4932392775629414,3.5444045851754793,3.0205799546790093
