,Returns,Standard Deviation,Sharpe Ratio,ADANIPORTS Weight,ASIANPAINT Weight,BAJFINANCE Weight,BAJAJFINSV Weight,BRITANNIA Weight,DIVISLAB Weight,GRASIM Weight,HCLTECH Weight,HDFCBANK Weight,HINDALCO Weight,HINDUNILVR Weight,ICICIBANK Weight,INFY Weight,JSWSTEEL Weight,NESTLEIND Weight,POWERGRID Weight,RELIANCE Weight,TCS Weight,TATACONSUM Weight,TATASTEEL Weight,TECHM Weight,TITAN Weight,UPL Weight,WIPRO Weight
0,0.23963325399891966,1.1826625745765496,0.19430570824145138,5.078846773615729,4.7882644462187685,4.010737810431423,2.9989838861327702,6.416998217564873,6.054316445790241,1.9998689885948484,3.801386986167615,3.27621307193047,4.188179595511312,1.484468800432198,8.507923431622032,5.535047698833473,3.1307925341778993,6.571928931080717,5.486418924990299,2.4187546071866977,1.2941654213681804,1.7690210344916069,5.227413642815168,5.985727494482687,1.5083305548320882,6.476334846184856,1.98987585554405
