,Returns,Standard Deviation,Sharpe Ratio,ADANIPORTS Weight,ASIANPAINT Weight,BAJFINANCE Weight,BAJAJFINSV Weight,BRITANNIA Weight,DIVISLAB Weight,GRASIM Weight,HCLTECH Weight,HDFCBANK Weight,HINDALCO Weight,HINDUNILVR Weight,ICICIBANK Weight,INFY Weight,JSWSTEEL Weight,NESTLEIND Weight,POWERGRID Weight,RELIANCE Weight,TCS Weight,TATACONSUM Weight,TATASTEEL Weight,TECHM Weight,TITAN Weight,UPL Weight,WIPRO Weight
0,0.24059355235855462,0.9594971537947189,0.24049929341714307,4.761768918430005,3.0738026582121676,1.8005908216328783,2.5959965698577356,5.667995745488928,6.200264069574804,5.0093042807295,3.9774332859443935,2.7908365117834535,5.848644590905298,5.899598158279297,4.254149137554418,4.873302331469294,4.821473129273075,6.418575111627805,2.3558063459078946,7.58870989234458,3.440604568587085,1.956489503142941,1.2849091613296197,2.7814935030107275,6.3855819369595554,5.994503562303662,0.2181662056508518
