,Returns,Standard Deviation,Sharpe Ratio,ADANIPORTS Weight,ASIANPAINT Weight,BAJFINANCE Weight,BAJAJFINSV Weight,BRITANNIA Weight,DIVISLAB Weight,GRASIM Weight,HCLTECH Weight,HDFCBANK Weight,HINDALCO Weight,HINDUNILVR Weight,ICICIBANK Weight,INFY Weight,JSWSTEEL Weight,NESTLEIND Weight,POWERGRID Weight,RELIANCE Weight,TCS Weight,TATACONSUM Weight,TATASTEEL Weight,TECHM Weight,TITAN Weight,UPL Weight,WIPRO Weight
0,0.19491118197228371,1.3211681343200536,0.14008513551711513,6.954353800223906,7.03478063186504,5.660740357710617,8.063071196965486,1.2068792183573496,4.930117490773299,8.797679652850114,3.024035361114379,3.510725083234993,2.5346438518009338,0.3506804114302048,1.818360548190853,2.674207765845512,2.5443622714874117,3.2613617621605853,8.884458407996943,5.355023349251393,4.999146141611878,2.4661377145722754,1.6589688809158094,4.968237948028663,1.298784941400168,4.3717576373870335,3.6314855748251413
