,Returns,Standard Deviation,Sharpe Ratio,ADANIPORTS Weight,ASIANPAINT Weight,BAJFINANCE Weight,BAJAJFINSV Weight,BRITANNIA Weight,DIVISLAB Weight,GRASIM Weight,HCLTECH Weight,HDFCBANK Weight,HINDALCO Weight,HINDUNILVR Weight,ICICIBANK Weight,INFY Weight,JSWSTEEL Weight,NESTLEIND Weight,POWERGRID Weight,RELIANCE Weight,TCS Weight,TATACONSUM Weight,TATASTEEL Weight,TECHM Weight,TITAN Weight,UPL Weight,WIPRO Weight
0,0.27765352884171124,1.144250561538809,0.23405569812120464,6.406654655631123,8.622306261833362,1.858487004401745,5.640354237257243,4.1525959115266415,4.882506799186039,0.41450362208715713,5.7821683597676055,4.029753948190957,5.705179526292882,6.659788584719009,2.6016297569000537,5.078191433518375,4.572118102975657,3.321493432563876,3.4294032309508364,3.219457983942035,2.4056278245440605,0.6004219605589806,2.8655148741564718,3.056696312469169,7.119217902122979,6.079211312880689,1.4967169615230658
