,Returns,Standard Deviation,Sharpe Ratio,ADANIPORTS Weight,ASIANPAINT Weight,BAJFINANCE Weight,BAJAJFINSV Weight,BRITANNIA Weight,DIVISLAB Weight,GRASIM Weight,HCLTECH Weight,HDFCBANK Weight,HINDALCO Weight,HINDUNILVR Weight,ICICIBANK Weight,INFY Weight,JSWSTEEL Weight,NESTLEIND Weight,POWERGRID Weight,RELIANCE Weight,TCS Weight,TATACONSUM Weight,TATASTEEL Weight,TECHM Weight,TITAN Weight,UPL Weight,WIPRO Weight
0,0.19253756894168694,1.1729760734243917,0.15575970238944417,23.203867563099724,0.6895013786426809,0.8640912255825518,1.4154980421814847,0.20552701184798697,5.3471896894092,0.9147786215631978,2.4599908625271247,1.1658031964185218,21.51534027721991,5.687639783367512,0.32388820443526867,1.4272002164277204,4.921854652726037,1.0113132891718173,2.174801456284497,1.9150521863333152,0.23871596958003824,0.5230484210758598,3.5989562625650855,1.342985780881132,0.41069612824000845,18.132792003254984,0.5094677771643285
