,Returns,Standard Deviation,Sharpe Ratio,ADANIPORTS Weight,ASIANPAINT Weight,BAJFINANCE Weight,BAJAJFINSV Weight,BRITANNIA Weight,DIVISLAB Weight,GRASIM Weight,HCLTECH Weight,HDFCBANK Weight,HINDALCO Weight,HINDUNILVR Weight,ICICIBANK Weight,INFY Weight,JSWSTEEL Weight,NESTLEIND Weight,POWERGRID Weight,RELIANCE Weight,TCS Weight,TATACONSUM Weight,TATASTEEL Weight,TECHM Weight,TITAN Weight,UPL Weight,WIPRO Weight
0,0.2437402867223989,1.0824009952027087,0.2160983987671122,7.0098685231069195,3.853555680869351,4.194838926755127,4.940665464904579,5.128260320155511,4.871348182959804,6.446049221806314,4.836101699189761,1.7068515350016786,4.0526163999782625,4.2331947737468605,1.467986389400654,2.3436734594489512,2.9950559434536324,5.579148513671804,3.579974429630534,1.3209620326195075,3.366770470656174,4.908196276564087,4.7544499181078335,1.3708254010537417,5.168803489779181,4.942220810743868,6.928582136395862
