,Returns,Standard Deviation,Sharpe Ratio,ADANIPORTS Weight,ASIANPAINT Weight,BAJFINANCE Weight,BAJAJFINSV Weight,BRITANNIA Weight,DIVISLAB Weight,GRASIM Weight,HCLTECH Weight,HDFCBANK Weight,HINDALCO Weight,HINDUNILVR Weight,ICICIBANK Weight,INFY Weight,JSWSTEEL Weight,NESTLEIND Weight,POWERGRID Weight,RELIANCE Weight,TCS Weight,TATACONSUM Weight,TATASTEEL Weight,TECHM Weight,TITAN Weight,UPL Weight,WIPRO Weight
0,0.2273182330820528,0.6390708455431773,0.34031135947382896,5.152858954702477,6.355598095490829,4.588303045476745,1.9718322561835668,2.9023016250178078,3.9923535587804273,2.5007821202687377,5.38838309532036,3.492603306207635,3.202888437451902,4.720043578839675,1.4902640586567735,3.9751334491387973,2.1764190271221286,1.966473698565729,4.342746901274448,2.6039545137665008,6.194474396153376,2.991825781914894,4.122560252274117,6.600375058147788,6.922465866950304,6.913634748476287,5.431724173818694
