,Returns,Standard Deviation,Sharpe Ratio,ADANIPORTS Weight,ASIANPAINT Weight,BAJFINANCE Weight,BAJAJFINSV Weight,BRITANNIA Weight,DIVISLAB Weight,GRASIM Weight,HCLTECH Weight,HDFCBANK Weight,HINDALCO Weight,HINDUNILVR Weight,ICICIBANK Weight,INFY Weight,JSWSTEEL Weight,NESTLEIND Weight,POWERGRID Weight,RELIANCE Weight,TCS Weight,TATACONSUM Weight,TATASTEEL Weight,TECHM Weight,TITAN Weight,UPL Weight,WIPRO Weight
0,0.14875874643184492,1.218097280704405,0.11404966072688623,6.628444512607815,5.82609385864571,5.809222887655681,0.30006271120980144,0.4186768891938997,8.193163374084111,3.7076319610685657,1.4736782177531154,7.696354960888259,3.046855280626018,2.506340197066017,4.41063179790685,6.6881797437770505,2.2703799650030274,3.0879337120725543,4.457862314433509,2.468977961179145,5.931177430143926,7.396907290202476,1.7849777381795748,5.627843876567822,4.419943799382291,2.116789670040593,3.7318698503121923
