,Returns,Standard Deviation,Sharpe Ratio,ADANIPORTS Weight,ASIANPAINT Weight,BAJFINANCE Weight,BAJAJFINSV Weight,BRITANNIA Weight,DIVISLAB Weight,GRASIM Weight,HCLTECH Weight,HDFCBANK Weight,HINDALCO Weight,HINDUNILVR Weight,ICICIBANK Weight,INFY Weight,JSWSTEEL Weight,NESTLEIND Weight,POWERGRID Weight,RELIANCE Weight,TCS Weight,TATACONSUM Weight,TATASTEEL Weight,TECHM Weight,TITAN Weight,UPL Weight,WIPRO Weight
0,0.18837569010248592,0.9295305230777708,0.1920760220720403,6.921598575179383,0.638451732065758,37.59128308551003,5.174508541681911,1.8756098443017435,0.8583898091375447,3.5049357773618914,0.8632007645696086,3.9308176035644737,1.1328198520970116,8.529374729774721,4.1218994837631,1.6281043951782124,0.1946987258263111,2.3632466687040052,2.1659313391801374,1.41740718172496,6.339051757489981,1.907515935771127,1.4062472215334083,0.8546650051268592,3.4939662724822145,0.7928621218855536,2.2934135760900234
