,Returns,Standard Deviation,Sharpe Ratio,ADANIPORTS Weight,ASIANPAINT Weight,BAJFINANCE Weight,BAJAJFINSV Weight,BRITANNIA Weight,DIVISLAB Weight,GRASIM Weight,HCLTECH Weight,HDFCBANK Weight,HINDALCO Weight,HINDUNILVR Weight,ICICIBANK Weight,INFY Weight,JSWSTEEL Weight,NESTLEIND Weight,POWERGRID Weight,RELIANCE Weight,TCS Weight,TATACONSUM Weight,TATASTEEL Weight,TECHM Weight,TITAN Weight,UPL Weight,WIPRO Weight
0,0.19229510680405665,0.6435853524624526,0.2835054298093844,6.832084300841392,3.0993312358453573,2.8683109419722683,6.317682476535567,2.1884519783431937,2.1503175630602533,5.0765734375445275,6.846583103019889,4.235265105055378,6.149592884289157,7.152826134320339,4.251470810855775,1.9669842824505384,4.100760654849714,0.6945045269715137,8.937324996678129,4.429188208641175,1.429314653677442,3.486039427296096,2.3428442889514653,7.764389661274438,4.462585904802479,2.1626805184502165,1.054892904273712
