,Returns,Standard Deviation,Sharpe Ratio,ADANIPORTS Weight,ASIANPAINT Weight,BAJFINANCE Weight,BAJAJFINSV Weight,BRITANNIA Weight,DIVISLAB Weight,GRASIM Weight,HCLTECH Weight,HDFCBANK Weight,HINDALCO Weight,HINDUNILVR Weight,ICICIBANK Weight,INFY Weight,JSWSTEEL Weight,NESTLEIND Weight,POWERGRID Weight,RELIANCE Weight,TCS Weight,TATACONSUM Weight,TATASTEEL Weight,TECHM Weight,TITAN Weight,UPL Weight,WIPRO Weight
0,0.21318860971447764,1.2657588414964658,0.16065733709503038,6.277760049749727,5.936282060593083,3.511778241068153,7.8292140200904345,2.5563011489199425,3.962686886832339,0.8970736899954767,3.9288585488600813,4.412499908401951,5.65692190707345,3.9852155115491312,4.412175516790915,0.846382785661741,1.5865530645866321,4.292089686574998,5.351709833734926,2.6593544453206586,3.3115352048372064,4.398482568965285,4.921193972874011,4.8725012843611015,6.802170258632461,2.8295519392551483,4.761707465271176
