,Returns,Standard Deviation,Sharpe Ratio,ADANIPORTS Weight,ASIANPAINT Weight,BAJFINANCE Weight,BAJAJFINSV Weight,BRITANNIA Weight,DIVISLAB Weight,GRASIM Weight,HCLTECH Weight,HDFCBANK Weight,HINDALCO Weight,HINDUNILVR Weight,ICICIBANK Weight,INFY Weight,JSWSTEEL Weight,NESTLEIND Weight,POWERGRID Weight,RELIANCE Weight,TCS Weight,TATACONSUM Weight,TATASTEEL Weight,TECHM Weight,TITAN Weight,UPL Weight,WIPRO Weight
0,0.14210092135881416,0.7662404728620531,0.1726165103620952,6.3076107870564835,7.802924748660134,3.359625144810855,2.296436455845621,2.617637781949658,5.007007085013544,2.2616048121886085,1.8886546810175036,5.123947805443254,3.437408618049854,3.41308171025295,6.035448976479662,7.279531823247424,2.4407165952143832,3.5787107833309406,3.557888926359127,5.459469250539853,4.790813040748838,4.034590346404432,2.5804650520806685,2.1949150332453593,6.361018150217354,5.184584561839789,2.985907830003694
