,Returns,Standard Deviation,Sharpe Ratio,ADANIPORTS Weight,ASIANPAINT Weight,BAJFINANCE Weight,BAJAJFINSV Weight,BRITANNIA Weight,DIVISLAB Weight,GRASIM Weight,HCLTECH Weight,HDFCBANK Weight,HINDALCO Weight,HINDUNILVR Weight,ICICIBANK Weight,INFY Weight,JSWSTEEL Weight,NESTLEIND Weight,POWERGRID Weight,RELIANCE Weight,TCS Weight,TATACONSUM Weight,TATASTEEL Weight,TECHM Weight,TITAN Weight,UPL Weight,WIPRO Weight
0,0.21146449002079254,1.1363760958885656,0.17743186073266337,6.716570303746251,6.981605381929161,6.118586810304073,0.6716465176691748,8.07717236790834,0.6617700151797703,7.64662847854024,5.787489399283419,6.66198567466295,3.8007428454225707,4.921433161700303,1.876202781186453,7.0903086993201025,0.9460529429199767,6.392643264102933,2.7019066627175894,2.070509569563188,0.3272211093854745,4.712624857520741,2.563375002364735,3.5501804994213684,4.375940789692804,3.4546236953592935,1.8927791700990964
