,Returns,Standard Deviation,Sharpe Ratio,ADANIPORTS Weight,ASIANPAINT Weight,BAJFINANCE Weight,BAJAJFINSV Weight,BRITANNIA Weight,DIVISLAB Weight,GRASIM Weight,HCLTECH Weight,HDFCBANK Weight,HINDALCO Weight,HINDUNILVR Weight,ICICIBANK Weight,INFY Weight,JSWSTEEL Weight,NESTLEIND Weight,POWERGRID Weight,RELIANCE Weight,TCS Weight,TATACONSUM Weight,TATASTEEL Weight,TECHM Weight,TITAN Weight,UPL Weight,WIPRO Weight
0,0.08443999280205101,0.7749065415340048,0.09627590421316935,3.6185695089586383,6.444470215566154,1.1176630683348479,1.4187439322081947,4.2255409053568105,5.439998290491968,4.927895075956943,1.9698464500952066,4.377134110611302,4.728809658832652,6.844433375888806,4.6330492519049224,3.041007549102259,4.016440874543666,4.90326534058217,5.344911172150031,2.789004710802088,2.352768587827234,7.279448866670803,1.9953211445516088,0.7062565700177225,6.041666421626673,4.406680237692677,7.377074680226609
