,Returns,Standard Deviation,Sharpe Ratio,ADANIPORTS Weight,ASIANPAINT Weight,BAJFINANCE Weight,BAJAJFINSV Weight,BRITANNIA Weight,DIVISLAB Weight,GRASIM Weight,HCLTECH Weight,HDFCBANK Weight,HINDALCO Weight,HINDUNILVR Weight,ICICIBANK Weight,INFY Weight,JSWSTEEL Weight,NESTLEIND Weight,POWERGRID Weight,RELIANCE Weight,TCS Weight,TATACONSUM Weight,TATASTEEL Weight,TECHM Weight,TITAN Weight,UPL Weight,WIPRO Weight
0,0.13806270297091763,0.8234660688901295,0.15571684490725687,4.56177457374184,6.610315731302423,1.658050049064015,3.6981682082507703,5.457449337060032,3.8008059466479693,5.367892329597608,7.069514296925079,2.646481539945776,1.0508227076090397,1.4941211254490223,6.755975188446858,3.9999209512379443,4.641225130985554,3.1129578556915782,1.137739047960399,6.525155844446901,5.422383694753876,0.10540611176520842,7.195742990458273,7.1344058718326275,1.6749599530106796,2.39736195928581,6.4813695545307235
