,Returns,Standard Deviation,Sharpe Ratio,ADANIPORTS Weight,ASIANPAINT Weight,BAJFINANCE Weight,BAJAJFINSV Weight,BRITANNIA Weight,DIVISLAB Weight,GRASIM Weight,HCLTECH Weight,HDFCBANK Weight,HINDALCO Weight,HINDUNILVR Weight,ICICIBANK Weight,INFY Weight,JSWSTEEL Weight,NESTLEIND Weight,POWERGRID Weight,RELIANCE Weight,TCS Weight,TATACONSUM Weight,TATASTEEL Weight,TECHM Weight,TITAN Weight,UPL Weight,WIPRO Weight
0,0.1947894790068026,1.2184184613155113,0.15179868004621735,4.156881708207021,2.0964731578018756,1.5680388239467828,4.875522915185719,5.6233157270454575,3.690382917261939,4.122523714531046,5.147139856101908,3.950672331830829,1.0834853981003987,3.151204994266536,3.7921439963859847,5.410709603529496,3.846523918540535,4.291261134698623,2.9815814441900756,5.6849355387319385,6.857423333176181,5.722911879449809,6.400787606655105,5.730841219656935,2.8605706960078923,3.5787462080781687,3.375921876619746
