,Returns,Standard Deviation,Sharpe Ratio,ADANIPORTS Weight,ASIANPAINT Weight,BAJFINANCE Weight,BAJAJFINSV Weight,BRITANNIA Weight,DIVISLAB Weight,GRASIM Weight,HCLTECH Weight,HDFCBANK Weight,HINDALCO Weight,HINDUNILVR Weight,ICICIBANK Weight,INFY Weight,JSWSTEEL Weight,NESTLEIND Weight,POWERGRID Weight,RELIANCE Weight,TCS Weight,TATACONSUM Weight,TATASTEEL Weight,TECHM Weight,TITAN Weight,UPL Weight,WIPRO Weight
0,0.17398775006553868,1.2962564055750867,0.1266358912668572,3.8856763154737175,4.464953192337414,6.837037821261982,6.0025341746227765,2.394544504738072,6.965711125583993,2.184731427680518,6.007942572875253,3.157151552767172,3.5211092206828525,5.340070213245664,5.729300142736979,2.8946190053262777,5.376151165372516,4.478018342020327,7.055594050227965,6.740399587077542,0.4924083862946847,3.1309993021250584,1.6132395932789478,4.29636022392511,1.91841731262494,2.8315385495192946,2.6814922182009235
