,Returns,Standard Deviation,Sharpe Ratio,ADANIPORTS Weight,ASIANPAINT Weight,BAJFINANCE Weight,BAJAJFINSV Weight,BRITANNIA Weight,DIVISLAB Weight,GRASIM Weight,HCLTECH Weight,HDFCBANK Weight,HINDALCO Weight,HINDUNILVR Weight,ICICIBANK Weight,INFY Weight,JSWSTEEL Weight,NESTLEIND Weight,POWERGRID Weight,RELIANCE Weight,TCS Weight,TATACONSUM Weight,TATASTEEL Weight,TECHM Weight,TITAN Weight,UPL Weight,WIPRO Weight
0,0.2557352269736839,0.6498579386522361,0.3783904873863665,6.898914463684797,6.104028680892494,1.1206922937010955,2.716943256034968,5.1106624786202755,5.614149017633699,2.559273355947358,2.7926776738916423,5.565040683910063,2.2942479446089905,6.078545618947809,4.85927909193985,3.0843244243503447,1.2812741232825675,3.3146849133149665,4.623708775358637,4.026581265069448,5.74913209561036,1.616097237397746,5.045164384825012,4.642252659843741,4.516033304273481,5.276702748889978,5.109589507970679
