,Returns,Standard Deviation,Sharpe Ratio,ADANIPORTS Weight,ASIANPAINT Weight,BAJFINANCE Weight,BAJAJFINSV Weight,BRITANNIA Weight,DIVISLAB Weight,GRASIM Weight,HCLTECH Weight,HDFCBANK Weight,HINDALCO Weight,HINDUNILVR Weight,ICICIBANK Weight,INFY Weight,JSWSTEEL Weight,NESTLEIND Weight,POWERGRID Weight,RELIANCE Weight,TCS Weight,TATACONSUM Weight,TATASTEEL Weight,TECHM Weight,TITAN Weight,UPL Weight,WIPRO Weight
0,0.15092355563857937,1.3849312933319404,0.10187392795780986,4.243758618500339,0.8817082204323127,0.36776115866966,0.1594699479753874,1.3608777594643549,52.060075346924975,0.7223992205952315,1.3213569373061433,0.42668650376629647,11.252868271110252,2.09610676908039,3.163382944727751,5.131126858151108,0.49570974045701316,1.1707121461964585,0.1788369668817095,1.9246548832090906,1.7776218028477482,0.043226951009796025,1.002754448118867,0.9313973537102307,4.675952791528485,3.4245016045624332,1.1870527547739782
