,Returns,Standard Deviation,Sharpe Ratio,ADANIPORTS Weight,ASIANPAINT Weight,BAJFINANCE Weight,BAJAJFINSV Weight,BRITANNIA Weight,DIVISLAB Weight,GRASIM Weight,HCLTECH Weight,HDFCBANK Weight,HINDALCO Weight,HINDUNILVR Weight,ICICIBANK Weight,INFY Weight,JSWSTEEL Weight,NESTLEIND Weight,POWERGRID Weight,RELIANCE Weight,TCS Weight,TATACONSUM Weight,TATASTEEL Weight,TECHM Weight,TITAN Weight,UPL Weight,WIPRO Weight
0,0.11350711609336007,0.943572401742411,0.10987175024063175,9.391904588874967,3.4887014891331116,4.57440812388086,2.3934686686729862,2.9249641146510252,3.5366827631132773,3.330341575168125,7.278214849806272,2.0823588279952707,8.261677723192896,4.371213049212335,9.023578929018425,5.629063454875547,3.2341727303242584,1.5731588755354902,3.6623800027526734,1.6506049423662401,5.172935509132053,1.1018557179873336,0.6644248315636375,4.861673415689554,5.164885269861622,5.47717380028482,1.1501567469072427
