,Returns,Standard Deviation,Sharpe Ratio,ADANIPORTS Weight,ASIANPAINT Weight,BAJFINANCE Weight,BAJAJFINSV Weight,BRITANNIA Weight,DIVISLAB Weight,GRASIM Weight,HCLTECH Weight,HDFCBANK Weight,HINDALCO Weight,HINDUNILVR Weight,ICICIBANK Weight,INFY Weight,JSWSTEEL Weight,NESTLEIND Weight,POWERGRID Weight,RELIANCE Weight,TCS Weight,TATACONSUM Weight,TATASTEEL Weight,TECHM Weight,TITAN Weight,UPL Weight,WIPRO Weight
0,0.2066902938534174,0.6786901183131656,0.29005156212900446,5.469577272043364,2.0004414685364567,4.853088830893345,2.636987745931329,6.825270072754453,5.554078243769563,1.7421343035996322,7.2687601352143085,4.48547707077984,4.639723080052904,1.4025616661593747,5.873003775187438,5.93113823305178,0.926571816276841,5.8149659556146265,4.649490097805887,3.590258181560967,3.336730620811603,5.339575392163399,5.884113572279968,1.3452763808210904,2.30712163814622,4.210239701403095,3.913414745142522
