,Returns,Standard Deviation,Sharpe Ratio,ADANIPORTS Weight,ASIANPAINT Weight,BAJFINANCE Weight,BAJAJFINSV Weight,BRITANNIA Weight,DIVISLAB Weight,GRASIM Weight,HCLTECH Weight,HDFCBANK Weight,HINDALCO Weight,HINDUNILVR Weight,ICICIBANK Weight,INFY Weight,JSWSTEEL Weight,NESTLEIND Weight,POWERGRID Weight,RELIANCE Weight,TCS Weight,TATACONSUM Weight,TATASTEEL Weight,TECHM Weight,TITAN Weight,UPL Weight,WIPRO Weight
0,0.21561785904886818,0.5637852063937853,0.3650019402424174,5.624052759700397,0.7278808273701387,4.3183569687392644,4.279578415707376,5.163598331844739,4.067012608855628,6.114992621324216,6.072994962557229,5.988706513412083,3.34077307577645,6.083124796075682,1.2724878347095203,3.7985054426044287,3.6534698284682934,5.399021288763132,5.067295229396258,3.831833044401916,4.94404318334341,1.834489674836765,3.3173363317099573,3.8653530252483757,3.541018794952575,5.553223890985292,2.1408505492168897
