,Returns,Standard Deviation,Sharpe Ratio,ADANIPORTS Weight,ASIANPAINT Weight,BAJFINANCE Weight,BAJAJFINSV Weight,BRITANNIA Weight,DIVISLAB Weight,GRASIM Weight,HCLTECH Weight,HDFCBANK Weight,HINDALCO Weight,HINDUNILVR Weight,ICICIBANK Weight,INFY Weight,JSWSTEEL Weight,NESTLEIND Weight,POWERGRID Weight,RELIANCE Weight,TCS Weight,TATACONSUM Weight,TATASTEEL Weight,TECHM Weight,TITAN Weight,UPL Weight,WIPRO Weight
0,0.22958144031458047,1.3235635786407602,0.16602623328838123,8.123444568692207,2.3360876009438076,6.437398582596271,7.052655609672461,5.471382567390451,2.7498908971290805,7.23503819406207,4.174442218406639,2.524742989819024,8.444784060540096,1.792491471913241,2.5485755233554945,2.982166819115112,2.201547047624507,4.3679681004791435,3.8001519104780717,0.2695881648284381,5.723785196247656,2.160591512297876,6.653904735954602,4.237651161160463,5.105983101002891,0.7458770093682255,2.859850956922179
