,Returns,Standard Deviation,Sharpe Ratio,ADANIPORTS Weight,ASIANPAINT Weight,BAJFINANCE Weight,BAJAJFINSV Weight,BRITANNIA Weight,DIVISLAB Weight,GRASIM Weight,HCLTECH Weight,HDFCBANK Weight,HINDALCO Weight,HINDUNILVR Weight,ICICIBANK Weight,INFY Weight,JSWSTEEL Weight,NESTLEIND Weight,POWERGRID Weight,RELIANCE Weight,TCS Weight,TATACONSUM Weight,TATASTEEL Weight,TECHM Weight,TITAN Weight,UPL Weight,WIPRO Weight
0,0.211324540599576,0.560434517291975,0.35952349390970734,4.627089426749746,4.238614273190821,2.0328723835700093,4.3021079405010765,4.657723919789918,4.605067902035401,1.7563721928387621,3.8812374327253636,1.0067385670872313,3.8586849671159116,4.457745346433154,3.3552091852300245,1.943640229354876,5.840655417284085,7.204128791354762,7.863110512133227,3.856071786463301,4.536098013187025,5.579161439368719,4.28461128559461,4.128770092856559,4.824953607646794,4.912666213641364,2.246669073847251
