,Returns,Standard Deviation,Sharpe Ratio,ADANIPORTS Weight,ASIANPAINT Weight,BAJFINANCE Weight,BAJAJFINSV Weight,BRITANNIA Weight,DIVISLAB Weight,GRASIM Weight,HCLTECH Weight,HDFCBANK Weight,HINDALCO Weight,HINDUNILVR Weight,ICICIBANK Weight,INFY Weight,JSWSTEEL Weight,NESTLEIND Weight,POWERGRID Weight,RELIANCE Weight,TCS Weight,TATACONSUM Weight,TATASTEEL Weight,TECHM Weight,TITAN Weight,UPL Weight,WIPRO Weight
0,0.26551401595597457,1.0616339686265615,0.24083522068494298,5.581457866174626,6.594895047903279,6.642990156331975,3.1069503525597786,4.794302291647141,2.753344902213379,0.8870191133715403,1.1211574737341878,3.4436001679822823,1.91849266814199,3.8174043912941475,1.3566745821906714,5.108172136395569,5.654753559315892,1.9707648957836437,2.056934995855669,7.087007177350898,7.388880410476845,5.222487163415756,2.632009030278514,5.151774867615835,7.38631681033914,4.109029980998014,4.2135799586292295
