,Returns,Standard Deviation,Sharpe Ratio,ADANIPORTS Weight,ASIANPAINT Weight,BAJFINANCE Weight,BAJAJFINSV Weight,BRITANNIA Weight,DIVISLAB Weight,GRASIM Weight,HCLTECH Weight,HDFCBANK Weight,HINDALCO Weight,HINDUNILVR Weight,ICICIBANK Weight,INFY Weight,JSWSTEEL Weight,NESTLEIND Weight,POWERGRID Weight,RELIANCE Weight,TCS Weight,TATACONSUM Weight,TATASTEEL Weight,TECHM Weight,TITAN Weight,UPL Weight,WIPRO Weight
0,0.49848547331566956,1.7533942972868988,0.2786882044937719,12.942602297466815,2.4108214554359475,0.17188075495321245,0.602479454960257,6.626606641878214,0.3169150167437482,1.7526023739795344,9.845346864561995,1.9993947747178065,0.2568904977548689,2.4154093723506387,0.2714147126703899,0.28236926069474977,0.631508446624612,0.0909859904207158,2.8298421887550687,7.046372105403711,0.46276830797261836,1.015032046354024,44.55519762021981,0.12536060388137127,0.572993021474082,2.3310888391343063,0.4441173515914788
