,Returns,Standard Deviation,Sharpe Ratio,ADANIPORTS Weight,ASIANPAINT Weight,BAJFINANCE Weight,BAJAJFINSV Weight,BRITANNIA Weight,DIVISLAB Weight,GRASIM Weight,HCLTECH Weight,HDFCBANK Weight,HINDALCO Weight,HINDUNILVR Weight,ICICIBANK Weight,INFY Weight,JSWSTEEL Weight,NESTLEIND Weight,POWERGRID Weight,RELIANCE Weight,TCS Weight,TATACONSUM Weight,TATASTEEL Weight,TECHM Weight,TITAN Weight,UPL Weight,WIPRO Weight
0,0.2369337024533527,0.6957589198256816,0.32640406202062944,5.22412193214503,1.4254059759243076,2.4745432605289204,6.895985366025559,3.00432898787799,3.6139275490891354,1.8318106816819268,5.215127470229558,5.851058103447591,4.82261883139765,2.461903316670902,3.8667164206718416,4.476239238421662,3.134204811731508,5.698496023343521,1.8014306351240523,4.139603884394121,6.378461932289838,6.012940273998426,5.01810205431242,3.4679307457683253,6.129830001566363,2.223766574356277,4.831445929003069
