,Returns,Standard Deviation,Sharpe Ratio,ADANIPORTS Weight,ASIANPAINT Weight,BAJFINANCE Weight,BAJAJFINSV Weight,BRITANNIA Weight,DIVISLAB Weight,GRASIM Weight,HCLTECH Weight,HDFCBANK Weight,HINDALCO Weight,HINDUNILVR Weight,ICICIBANK Weight,INFY Weight,JSWSTEEL Weight,NESTLEIND Weight,POWERGRID Weight,RELIANCE Weight,TCS Weight,TATACONSUM Weight,TATASTEEL Weight,TECHM Weight,TITAN Weight,UPL Weight,WIPRO Weight
0,0.22678028459635094,1.3859436895685104,0.15653242003557027,2.8500453768837417,1.102852159538629,3.9460923374709265,1.395936202658434,1.9392022175104162,1.64218652762671,8.179408788795532,1.586126915071505,2.6801772701426767,39.16041462806924,4.649233701084807,0.5939243567698319,0.19863143958172105,1.7541853911478233,5.088166209865756,0.37801842435743205,2.163706758539413,7.356058756149177,0.9855378619898365,1.3700105269012766,1.6448903611805847,5.678545112347307,0.9353213791854007,2.721327297131822
