,Returns,Standard Deviation,Sharpe Ratio,ADANIPORTS Weight,ASIANPAINT Weight,BAJFINANCE Weight,BAJAJFINSV Weight,BRITANNIA Weight,DIVISLAB Weight,GRASIM Weight,HCLTECH Weight,HDFCBANK Weight,HINDALCO Weight,HINDUNILVR Weight,ICICIBANK Weight,INFY Weight,JSWSTEEL Weight,NESTLEIND Weight,POWERGRID Weight,RELIANCE Weight,TCS Weight,TATACONSUM Weight,TATASTEEL Weight,TECHM Weight,TITAN Weight,UPL Weight,WIPRO Weight
0,0.36180069520422065,0.9347905813696168,0.37651805375849035,3.52299655172318,3.9123951865371964,3.6493500039301567,3.1075293774751755,4.784823709991975,2.7619781152397413,3.9517471132307462,3.8113036907093245,2.874827028150748,5.104196603607327,4.642861096399994,4.8327072683715455,7.433081606819412,5.905003871289417,7.341172409177653,3.9451171689650524,5.992062096727345,1.6849132591775025,5.409821795948357,2.8342312365930433,2.980405359647556,2.3106681043347512,3.9444257872456743,3.262381558707135
