,Returns,Standard Deviation,Sharpe Ratio,ADANIPORTS Weight,ASIANPAINT Weight,BAJFINANCE Weight,BAJAJFINSV Weight,BRITANNIA Weight,DIVISLAB Weight,GRASIM Weight,HCLTECH Weight,HDFCBANK Weight,HINDALCO Weight,HINDUNILVR Weight,ICICIBANK Weight,INFY Weight,JSWSTEEL Weight,NESTLEIND Weight,POWERGRID Weight,RELIANCE Weight,TCS Weight,TATACONSUM Weight,TATASTEEL Weight,TECHM Weight,TITAN Weight,UPL Weight,WIPRO Weight
0,0.22467191487100063,0.8395701719915056,0.25588897414760636,3.7301919352553137,4.729865514631274,7.297341138811964,5.418539359154058,2.7006551027519103,5.364544271170101,3.0422250844261978,3.992747847688747,3.607231341426051,1.9123422028510233,3.3479618013016785,2.6661419998256486,6.865434947588936,3.6640226396522486,6.911641231728131,3.2099069299682115,4.153370634105908,3.967369302079708,4.8082190141622645,3.7867746221928456,4.325951510685805,1.7507348868464536,4.061184639258554,4.685602042436989
