,Returns,Standard Deviation,Sharpe Ratio,ADANIPORTS Weight,ASIANPAINT Weight,BAJFINANCE Weight,BAJAJFINSV Weight,BRITANNIA Weight,DIVISLAB Weight,GRASIM Weight,HCLTECH Weight,HDFCBANK Weight,HINDALCO Weight,HINDUNILVR Weight,ICICIBANK Weight,INFY Weight,JSWSTEEL Weight,NESTLEIND Weight,POWERGRID Weight,RELIANCE Weight,TCS Weight,TATACONSUM Weight,TATASTEEL Weight,TECHM Weight,TITAN Weight,UPL Weight,WIPRO Weight
0,0.2799294706939758,1.082699259549988,0.24946383169327432,3.6652021548447546,5.560428443194314,1.3039732966204445,40.66104466605198,8.844759571089002,1.5717775759463406,14.037600357884095,1.0602414128217255,4.865109164555434,3.3455322010299957,0.13950419094482444,2.0658746937383037,0.40371379918118955,0.3818912612348904,1.9654158287332777,0.20356182874946435,1.220502529655214,0.9405035439795003,0.2168017565344726,0.6300439867452416,0.7249269566262312,1.1849888826107622,3.170478986094759,1.8361229111337969
