,Returns,Standard Deviation,Sharpe Ratio,ADANIPORTS Weight,ASIANPAINT Weight,BAJFINANCE Weight,BAJAJFINSV Weight,BRITANNIA Weight,DIVISLAB Weight,GRASIM Weight,HCLTECH Weight,HDFCBANK Weight,HINDALCO Weight,HINDUNILVR Weight,ICICIBANK Weight,INFY Weight,JSWSTEEL Weight,NESTLEIND Weight,POWERGRID Weight,RELIANCE Weight,TCS Weight,TATACONSUM Weight,TATASTEEL Weight,TECHM Weight,TITAN Weight,UPL Weight,WIPRO Weight
0,0.4041646626333914,1.628909962092191,0.2420818258682298,3.1241272759784455,0.12171487674194448,0.7710122346219143,0.1513878885218081,0.14935679703087795,0.7046366600099772,0.08868929944264192,9.327889326836983,1.1359963548139043,39.460423418307755,0.13759994698729833,1.357293756166716,0.7153795428367473,0.19356679432474924,0.7807855719680044,7.159053738785579,0.8083547721743322,4.041740671542347,0.19102508631666448,0.10375808096260368,5.710738538226876,18.172991845208635,4.065209775090179,1.5272677471030043
