,Returns,Standard Deviation,Sharpe Ratio,ADANIPORTS Weight,ASIANPAINT Weight,BAJFINANCE Weight,BAJAJFINSV Weight,BRITANNIA Weight,DIVISLAB Weight,GRASIM Weight,HCLTECH Weight,HDFCBANK Weight,HINDALCO Weight,HINDUNILVR Weight,ICICIBANK Weight,INFY Weight,JSWSTEEL Weight,NESTLEIND Weight,POWERGRID Weight,RELIANCE Weight,TCS Weight,TATACONSUM Weight,TATASTEEL Weight,TECHM Weight,TITAN Weight,UPL Weight,WIPRO Weight
0,0.23534364684286235,0.5429595664642372,0.41533199880096594,3.6957114519668357,5.1365442283769225,1.333683330320889,5.197604264204676,4.608691324759986,2.8185613621375336,4.489748455407236,1.2542873487032333,6.730108696254468,3.3038330069361557,2.853557715499764,8.55427269551408,4.641314077669117,0.5135858041804079,3.8400798390518784,7.134488671931181,4.302821573052115,1.7406181669227165,4.189670031825685,2.039022130859878,6.330416482515472,6.974969168289529,4.3414584736699835,3.9749516999502674
