,Returns,Standard Deviation,Sharpe Ratio,ADANIPORTS Weight,ASIANPAINT Weight,BAJFINANCE Weight,BAJAJFINSV Weight,BRITANNIA Weight,DIVISLAB Weight,GRASIM Weight,HCLTECH Weight,HDFCBANK Weight,HINDALCO Weight,HINDUNILVR Weight,ICICIBANK Weight,INFY Weight,JSWSTEEL Weight,NESTLEIND Weight,POWERGRID Weight,RELIANCE Weight,TCS Weight,TATACONSUM Weight,TATASTEEL Weight,TECHM Weight,TITAN Weight,UPL Weight,WIPRO Weight
0,0.19959565909399068,0.8317807288048503,0.22813764215418225,17.158338383113865,5.291148108610658,0.38944209055316503,5.720408016838918,0.09274222005706172,2.1019822609795336,0.33312186845655617,0.7381174052957599,2.6724447155692577,9.511024791436826,0.2500112643390191,30.710953988727013,0.5606238194765666,0.671227291031362,0.4207641364221114,1.6072484436427428,1.2620814771200428,5.757461981914868,1.4391579874094538,1.9137007670714932,2.9791249865631553,1.2968084591900086,5.865234778185509,1.2568307579950457
