,Returns,Standard Deviation,Sharpe Ratio,ADANIPORTS Weight,ASIANPAINT Weight,BAJFINANCE Weight,BAJAJFINSV Weight,BRITANNIA Weight,DIVISLAB Weight,GRASIM Weight,HCLTECH Weight,HDFCBANK Weight,HINDALCO Weight,HINDUNILVR Weight,ICICIBANK Weight,INFY Weight,JSWSTEEL Weight,NESTLEIND Weight,POWERGRID Weight,RELIANCE Weight,TCS Weight,TATACONSUM Weight,TATASTEEL Weight,TECHM Weight,TITAN Weight,UPL Weight,WIPRO Weight
0,0.2555934581707139,0.54630997319849,0.4498513763106024,5.631224372007484,5.854141232898426,3.382685159595005,1.9666154618054903,4.557870692270388,1.8757351942799254,6.377641823921906,6.187571161483322,6.512817146343501,7.429757084190358,4.428123444137257,3.7983071978910967,5.510661495562857,1.888184282732679,4.672907297584711,0.9361323212522732,7.0564162040808664,0.9266271016574015,1.6163123804292043,3.2524369425582655,5.059241555323321,6.041034122169845,3.7380317366300972,1.299524589194318
