,Returns,Standard Deviation,Sharpe Ratio,ADANIPORTS Weight,ASIANPAINT Weight,BAJFINANCE Weight,BAJAJFINSV Weight,BRITANNIA Weight,DIVISLAB Weight,GRASIM Weight,HCLTECH Weight,HDFCBANK Weight,HINDALCO Weight,HINDUNILVR Weight,ICICIBANK Weight,INFY Weight,JSWSTEEL Weight,NESTLEIND Weight,POWERGRID Weight,RELIANCE Weight,TCS Weight,TATACONSUM Weight,TATASTEEL Weight,TECHM Weight,TITAN Weight,UPL Weight,WIPRO Weight
0,-0.022277980783364897,1.042715254265278,-0.030797617553948057,4.505033227266486,4.432881021742468,7.0889721006605235,3.681921902666991,5.425223464433106,1.6953456873944825,4.90702161293884,5.8867277923233505,1.6839300690685213,6.384705761803546,7.47183892006201,0.7520920759730177,2.9447364336987714,5.171063474958449,1.3419315501460072,3.286554061894473,2.6471529306465573,3.3915011832539483,5.392066956811179,3.521851427068835,5.325117821059014,1.494694643760689,4.16415933045689,7.403476549911861
