,Returns,Standard Deviation,Sharpe Ratio,ADANIPORTS Weight,ASIANPAINT Weight,BAJFINANCE Weight,BAJAJFINSV Weight,BRITANNIA Weight,DIVISLAB Weight,GRASIM Weight,HCLTECH Weight,HDFCBANK Weight,HINDALCO Weight,HINDUNILVR Weight,ICICIBANK Weight,INFY Weight,JSWSTEEL Weight,NESTLEIND Weight,POWERGRID Weight,RELIANCE Weight,TCS Weight,TATACONSUM Weight,TATASTEEL Weight,TECHM Weight,TITAN Weight,UPL Weight,WIPRO Weight
0,0.23800476662811282,0.5874954340215565,0.3883768087031225,5.579668733519287,4.428895798364909,6.874113724620906,3.6322397084908857,2.5009880980465398,2.888649335505512,0.3310288723962409,3.0995580201322133,3.113663245297885,7.257377380189722,5.380919643062619,4.327239940283984,5.016578161065509,1.8377095445317044,4.802038689096006,3.4841155624002242,4.077936026240265,7.090384825381103,3.5037941752448862,4.547772525087729,5.770892195210583,4.622682916955563,4.776198288137377,1.0555545907383286
