,Returns,Standard Deviation,Sharpe Ratio,ADANIPORTS Weight,ASIANPAINT Weight,BAJFINANCE Weight,BAJAJFINSV Weight,BRITANNIA Weight,DIVISLAB Weight,GRASIM Weight,HCLTECH Weight,HDFCBANK Weight,HINDALCO Weight,HINDUNILVR Weight,ICICIBANK Weight,INFY Weight,JSWSTEEL Weight,NESTLEIND Weight,POWERGRID Weight,RELIANCE Weight,TCS Weight,TATACONSUM Weight,TATASTEEL Weight,TECHM Weight,TITAN Weight,UPL Weight,WIPRO Weight
0,0.14515777931121188,0.7856546399046439,0.1722418574304752,3.6960685744087405,0.5704250053192904,1.7102057651476419,6.1224928441837125,7.4142566803113485,1.9004093510747506,1.702773494383137,1.7862932406044616,7.588235218019183,4.668893595755157,5.5905822529205675,6.981233879575514,3.9807594251345932,5.908809244426008,1.2973189972166612,3.3017340887024806,7.636967858383616,6.671114329968203,2.882653673217194,1.9921128940581276,0.6529499471714223,7.713061668021467,3.4357649624719855,4.794883009524734
