,Returns,Standard Deviation,Sharpe Ratio,ADANIPORTS Weight,ASIANPAINT Weight,BAJFINANCE Weight,BAJAJFINSV Weight,BRITANNIA Weight,DIVISLAB Weight,GRASIM Weight,HCLTECH Weight,HDFCBANK Weight,HINDALCO Weight,HINDUNILVR Weight,ICICIBANK Weight,INFY Weight,JSWSTEEL Weight,NESTLEIND Weight,POWERGRID Weight,RELIANCE Weight,TCS Weight,TATACONSUM Weight,TATASTEEL Weight,TECHM Weight,TITAN Weight,UPL Weight,WIPRO Weight
0,0.2609623547856505,2.030455839368551,0.12368020278076247,55.68934863207245,0.22732820625111783,2.845326513647735,0.1332602176108971,2.5443376243369493,0.8865706096169185,11.627040183035183,0.44470563979532896,3.45961514337919,0.44741344662534777,2.0332251881967465,0.5913013998372998,5.077798449085272,1.002203539005818,3.967265125639341,1.9660270663436334,0.7239373415927839,1.5491278407993865,0.40147887658077847,0.4609030367886348,0.0687144614788535,0.25956408961955557,0.8294484289778895,2.7640589396828856
