,Returns,Standard Deviation,Sharpe Ratio,ADANIPORTS Weight,ASIANPAINT Weight,BAJFINANCE Weight,BAJAJFINSV Weight,BRITANNIA Weight,DIVISLAB Weight,GRASIM Weight,HCLTECH Weight,HDFCBANK Weight,HINDALCO Weight,HINDUNILVR Weight,ICICIBANK Weight,INFY Weight,JSWSTEEL Weight,NESTLEIND Weight,POWERGRID Weight,RELIANCE Weight,TCS Weight,TATACONSUM Weight,TATASTEEL Weight,TECHM Weight,TITAN Weight,UPL Weight,WIPRO Weight
0,0.1594825004229448,0.7657244435631096,0.19543236061713404,4.19832103519842,0.37208400771970335,2.2869300931061898,0.8514763563302413,1.5493062968717546,1.8521144976188606,1.0028038347239068,0.8176776055010042,2.44689837979935,0.7743679903330396,0.7163520408039407,0.6430703225975448,0.579572573326122,2.715559173532165,3.285052713924483,0.7846334142519314,0.7223496484156627,4.243409708944875,48.96710557218784,0.5093037278632226,2.753724891597396,6.731154626313221,6.836516243941981,4.360215245097146
