,Returns,Standard Deviation,Sharpe Ratio,ADANIPORTS Weight,ASIANPAINT Weight,BAJFINANCE Weight,BAJAJFINSV Weight,BRITANNIA Weight,DIVISLAB Weight,GRASIM Weight,HCLTECH Weight,HDFCBANK Weight,HINDALCO Weight,HINDUNILVR Weight,ICICIBANK Weight,INFY Weight,JSWSTEEL Weight,NESTLEIND Weight,POWERGRID Weight,RELIANCE Weight,TCS Weight,TATACONSUM Weight,TATASTEEL Weight,TECHM Weight,TITAN Weight,UPL Weight,WIPRO Weight
0,0.22734880916839748,0.6943182565647273,0.3132765734973225,2.384409562667903,3.137890248538038,2.094236817596588,2.281760846201181,6.47145858294503,4.830017238776974,8.175541701642603,5.407553650460393,3.3759127608699933,3.6800078802553906,2.3406192515637416,0.9994309497099632,2.215908490865504,8.026815860726229,7.576718235003215,1.476423130185446,1.3571655912018914,0.9263274303048609,5.235749509865834,8.046796576231229,5.215447111468974,7.58347596217467,4.396584013275057,2.763748597469312
