,Returns,Standard Deviation,Sharpe Ratio,ADANIPORTS Weight,ASIANPAINT Weight,BAJFINANCE Weight,BAJAJFINSV Weight,BRITANNIA Weight,DIVISLAB Weight,GRASIM Weight,HCLTECH Weight,HDFCBANK Weight,HINDALCO Weight,HINDUNILVR Weight,ICICIBANK Weight,INFY Weight,JSWSTEEL Weight,NESTLEIND Weight,POWERGRID Weight,RELIANCE Weight,TCS Weight,TATACONSUM Weight,TATASTEEL Weight,TECHM Weight,TITAN Weight,UPL Weight,WIPRO Weight
0,0.15303522917103676,1.3549749983079478,0.10568465434026153,6.420872977765015,2.7730609919858593,3.084524371047362,1.3374466037614168,2.9247719099286473,4.619569179909509,3.1154236099525683,3.840167420846251,0.2142282067642643,4.527768809519607,6.868407006671337,5.784887697036696,4.83427329819453,6.192640765641838,5.2612118693757415,5.104178555615041,6.654467528981669,2.342336381985376,3.7860854779290634,2.977223280177326,3.645971129804733,6.518614897063061,6.75007645365749,0.42179157638559056
