,Returns,Standard Deviation,Sharpe Ratio,ADANIPORTS Weight,ASIANPAINT Weight,BAJFINANCE Weight,BAJAJFINSV Weight,BRITANNIA Weight,DIVISLAB Weight,GRASIM Weight,HCLTECH Weight,HDFCBANK Weight,HINDALCO Weight,HINDUNILVR Weight,ICICIBANK Weight,INFY Weight,JSWSTEEL Weight,NESTLEIND Weight,POWERGRID Weight,RELIANCE Weight,TCS Weight,TATACONSUM Weight,TATASTEEL Weight,TECHM Weight,TITAN Weight,UPL Weight,WIPRO Weight
0,0.22940272937032516,0.747977200228182,0.2935484724242635,5.1528039396789485,7.279065884981523,5.7799615391422945,2.3635300945604425,3.8721327135785244,3.517635120137916,4.374761294242212,1.5496438496877414,3.9089746385658217,7.350709171274708,6.369738129005148,5.260148528511166,7.692183704947809,2.7029693348793358,3.8874770376717014,1.691094371704879,2.57630325821163,0.6147388683314027,1.8003506870686428,3.524393869320517,3.788492825193818,2.417111969254197,5.008215654437166,7.517563515612459
