,Returns,Standard Deviation,Sharpe Ratio,ADANIPORTS Weight,ASIANPAINT Weight,BAJFINANCE Weight,BAJAJFINSV Weight,BRITANNIA Weight,DIVISLAB Weight,GRASIM Weight,HCLTECH Weight,HDFCBANK Weight,HINDALCO Weight,HINDUNILVR Weight,ICICIBANK Weight,INFY Weight,JSWSTEEL Weight,NESTLEIND Weight,POWERGRID Weight,RELIANCE Weight,TCS Weight,TATACONSUM Weight,TATASTEEL Weight,TECHM Weight,TITAN Weight,UPL Weight,WIPRO Weight
0,0.435403239711733,1.1561571419555134,0.36808843662615476,4.6281092968959,6.539778433687518,0.9777855256774157,6.245038991189874,2.7107303116210217,3.3081144050617266,7.363455712022425,0.42229902657217383,7.230335559536084,3.7437381043875417,3.1793392275792103,7.0477823165968125,3.8444658325610823,0.9400941002462441,2.0174167356290407,7.358187036855717,1.409850233412737,5.994512254045423,1.5320994643951373,6.452577226708124,7.640096916490213,3.4812213822759315,1.7415807706374802,4.191391135915161
