,Returns,Standard Deviation,Sharpe Ratio,ADANIPORTS Weight,ASIANPAINT Weight,BAJFINANCE Weight,BAJAJFINSV Weight,BRITANNIA Weight,DIVISLAB Weight,GRASIM Weight,HCLTECH Weight,HDFCBANK Weight,HINDALCO Weight,HINDUNILVR Weight,ICICIBANK Weight,INFY Weight,JSWSTEEL Weight,NESTLEIND Weight,POWERGRID Weight,RELIANCE Weight,TCS Weight,TATACONSUM Weight,TATASTEEL Weight,TECHM Weight,TITAN Weight,UPL Weight,WIPRO Weight
0,0.26442611791476733,1.6368102441382069,0.15554090890581307,12.764030938411567,0.007404556404328152,0.09511852856216062,48.9812951954682,2.7525848945561147,0.2550675549608465,3.8462415376421797,0.9142829715297264,1.6997560547443076,0.5046391558674806,10.059893877001684,0.5018524007126591,0.18677078119569834,1.9615427227686981,0.08355884806505157,2.026113883101497,0.30564803334348006,1.8218145144645055,0.09064545377160901,0.49706131230799766,3.1638482966935206,0.3698386795958275,6.1304291992791065,0.9805606095518047
