,Returns,Standard Deviation,Sharpe Ratio,ADANIPORTS Weight,ASIANPAINT Weight,BAJFINANCE Weight,BAJAJFINSV Weight,BRITANNIA Weight,DIVISLAB Weight,GRASIM Weight,HCLTECH Weight,HDFCBANK Weight,HINDALCO Weight,HINDUNILVR Weight,ICICIBANK Weight,INFY Weight,JSWSTEEL Weight,NESTLEIND Weight,POWERGRID Weight,RELIANCE Weight,TCS Weight,TATACONSUM Weight,TATASTEEL Weight,TECHM Weight,TITAN Weight,UPL Weight,WIPRO Weight
0,0.3291799621879643,1.7260682208941187,0.18501284797849768,9.44524467391908,0.011831634850213697,2.4103796244320583,4.566919539096753,1.003054414796388,2.2325140509307104,0.4560481477804408,3.377147779626752,0.3251323002670883,0.15296194787186582,0.07242236868992924,0.9560262304628756,7.525930194310357,1.4223876341130846,0.10307844589879621,0.21785412632691242,1.0968094694861754,0.27125523516488664,17.430467668140555,7.220876754863785,0.6565824916156948,0.25782381889039363,37.86686096554444,0.9203904829207743
