,Returns,Standard Deviation,Sharpe Ratio,ADANIPORTS Weight,ASIANPAINT Weight,BAJFINANCE Weight,BAJAJFINSV Weight,BRITANNIA Weight,DIVISLAB Weight,GRASIM Weight,HCLTECH Weight,HDFCBANK Weight,HINDALCO Weight,HINDUNILVR Weight,ICICIBANK Weight,INFY Weight,JSWSTEEL Weight,NESTLEIND Weight,POWERGRID Weight,RELIANCE Weight,TCS Weight,TATACONSUM Weight,TATASTEEL Weight,TECHM Weight,TITAN Weight,UPL Weight,WIPRO Weight
0,0.28430795477312526,0.8341222084941995,0.3290558471443326,5.191126038776731,2.9460130568135834,38.513721393079535,0.7972366734635243,1.979711899753967,0.3606674422972772,2.013648423460309,2.567883460277074,3.3411671940939893,1.1243750785050155,1.599413287922742,3.248498430211925,2.4120007086497237,1.0431299512437047,3.817847076780957,0.1560747437697714,7.074204680058248,1.7319372532058956,10.9129914433381,0.12500385890794913,0.9451284590618938,0.2910417553906595,4.843454242504162,2.963723448433257
