,Returns,Standard Deviation,Sharpe Ratio,ADANIPORTS Weight,ASIANPAINT Weight,BAJFINANCE Weight,BAJAJFINSV Weight,BRITANNIA Weight,DIVISLAB Weight,GRASIM Weight,HCLTECH Weight,HDFCBANK Weight,HINDALCO Weight,HINDUNILVR Weight,ICICIBANK Weight,INFY Weight,JSWSTEEL Weight,NESTLEIND Weight,POWERGRID Weight,RELIANCE Weight,TCS Weight,TATACONSUM Weight,TATASTEEL Weight,TECHM Weight,TITAN Weight,UPL Weight,WIPRO Weight
0,0.20461569163670842,1.318368026078446,0.14774366713134596,6.975284828882423,7.65272917686112,2.556754887408678,5.659658051350744,2.924055186895871,1.6006835576053566,1.0544261686706995,4.181065067856786,4.867359140801811,5.3792149893546854,5.324945488697139,5.138135668653787,5.592837411150083,7.84972860617046,5.2416753031115615,1.728668606042413,1.447335156759641,2.7343998128332756,0.989175863323646,3.4159513509527963,6.380034483243014,3.639343676530931,4.689580878988622,2.9769566378544687
