,Returns,Standard Deviation,Sharpe Ratio,ADANIPORTS Weight,ASIANPAINT Weight,BAJFINANCE Weight,BAJAJFINSV Weight,BRITANNIA Weight,DIVISLAB Weight,GRASIM Weight,HCLTECH Weight,HDFCBANK Weight,HINDALCO Weight,HINDUNILVR Weight,ICICIBANK Weight,INFY Weight,JSWSTEEL Weight,NESTLEIND Weight,POWERGRID Weight,RELIANCE Weight,TCS Weight,TATACONSUM Weight,TATASTEEL Weight,TECHM Weight,TITAN Weight,UPL Weight,WIPRO Weight
0,-0.037040984178230124,0.8447988558421163,-0.05548794093319131,3.713476278128886,6.380158212048857,0.5804520182531874,3.026322324642582,6.6291797391354965,1.3349160437486256,2.3261812336380965,4.213129266830162,6.864809887127849,3.7012174268569296,2.5910656200772415,6.905130239150662,7.771509926157105,2.7363111472423833,6.979131927013947,4.183445443510576,2.4528745578709534,3.490279314840962,5.627132311634841,6.794741064156104,1.2689392160083879,2.2917382340974792,0.647006798352328,7.49085176947636
