,Returns,Standard Deviation,Sharpe Ratio,ADANIPORTS Weight,ASIANPAINT Weight,BAJFINANCE Weight,BAJAJFINSV Weight,BRITANNIA Weight,DIVISLAB Weight,GRASIM Weight,HCLTECH Weight,HDFCBANK Weight,HINDALCO Weight,HINDUNILVR Weight,ICICIBANK Weight,INFY Weight,JSWSTEEL Weight,NESTLEIND Weight,POWERGRID Weight,RELIANCE Weight,TCS Weight,TATACONSUM Weight,TATASTEEL Weight,TECHM Weight,TITAN Weight,UPL Weight,WIPRO Weight
0,0.22612356493683936,1.0639617930431218,0.2032858712746168,5.684077207858395,1.453576569109668,4.185168879010619,7.420278956801541,4.588153246933886,5.008578083320742,4.4463092021600135,4.608552103373736,7.123771289082346,2.815446794848216,0.6766992603609389,3.0156972119177716,0.9919934869785947,3.0460388676276158,3.1078913109738817,6.517570833290886,7.092833206400265,8.497815111864123,2.7238121446869865,5.5250352744919855,2.092101953704757,2.079797623077926,1.525882350186344,5.772919031938752
