,Returns,Standard Deviation,Sharpe Ratio,ADANIPORTS Weight,ASIANPAINT Weight,BAJFINANCE Weight,BAJAJFINSV Weight,BRITANNIA Weight,DIVISLAB Weight,GRASIM Weight,HCLTECH Weight,HDFCBANK Weight,HINDALCO Weight,HINDUNILVR Weight,ICICIBANK Weight,INFY Weight,JSWSTEEL Weight,NESTLEIND Weight,POWERGRID Weight,RELIANCE Weight,TCS Weight,TATACONSUM Weight,TATASTEEL Weight,TECHM Weight,TITAN Weight,UPL Weight,WIPRO Weight
0,0.052958582031631146,0.971921158084325,0.04436925447889557,5.86849657002946,0.09141954069058929,0.08779410151326585,0.8152147046258854,0.5342693799255823,0.394982811886591,1.2379848363600703,1.9507374634859096,1.2527956476335347,7.707732484460535,0.4094164531636354,3.566195735807572,6.657228281932944,0.09987999940577229,0.17550723070976593,9.012859593236005,0.0029599726681364714,0.18409481133771644,0.638582873988575,2.698328510758119,3.484864639101644,3.0036420471661622,46.956877219699436,3.1681350904130983
