,Returns,Standard Deviation,Sharpe Ratio,ADANIPORTS Weight,ASIANPAINT Weight,BAJFINANCE Weight,BAJAJFINSV Weight,BRITANNIA Weight,DIVISLAB Weight,GRASIM Weight,HCLTECH Weight,HDFCBANK Weight,HINDALCO Weight,HINDUNILVR Weight,ICICIBANK Weight,INFY Weight,JSWSTEEL Weight,NESTLEIND Weight,POWERGRID Weight,RELIANCE Weight,TCS Weight,TATACONSUM Weight,TATASTEEL Weight,TECHM Weight,TITAN Weight,UPL Weight,WIPRO Weight
0,-0.05589530702218266,1.0985793951919367,-0.059832245302455796,4.302164901368553,1.5131424911372096,5.0154168027183985,4.948876463096659,4.6273970478094055,4.098162677169835,0.5234155390691616,3.8940854601425885,4.442855801167925,8.077178827617725,2.156454981313295,5.947360214131441,4.462231375933284,7.530786047270801,1.8717610725917722,5.03594357404603,1.989150689106926,3.573281078075483,5.150091680954565,6.548427435126983,1.4156284860507609,5.1501399309282405,5.225424877873447,2.5006225452995228
