,Returns,Standard Deviation,Sharpe Ratio,ADANIPORTS Weight,ASIANPAINT Weight,BAJFINANCE Weight,BAJAJFINSV Weight,BRITANNIA Weight,DIVISLAB Weight,GRASIM Weight,HCLTECH Weight,HDFCBANK Weight,HINDALCO Weight,HINDUNILVR Weight,ICICIBANK Weight,INFY Weight,JSWSTEEL Weight,NESTLEIND Weight,POWERGRID Weight,RELIANCE Weight,TCS Weight,TATACONSUM Weight,TATASTEEL Weight,TECHM Weight,TITAN Weight,UPL Weight,WIPRO Weight
0,0.15222468570541098,1.1862172162593172,0.12003663318870478,6.635514822168358,1.520598377322798,1.904245003969249,1.0118716642531433,2.719965562222234,6.491975720820838,5.530264682451728,4.78624694917265,5.946276170972447,4.812310949583123,6.849784541710187,4.170484907912863,6.287764108303732,1.0957707667754946,3.834681434651023,5.8842952115677045,4.049067588041026,3.745788612441131,5.908184381639795,3.0301743936564876,3.4438694942368753,1.141252059733261,1.518042869392988,7.6815697270008725
