,Returns,Standard Deviation,Sharpe Ratio,ADANIPORTS Weight,ASIANPAINT Weight,BAJFINANCE Weight,BAJAJFINSV Weight,BRITANNIA Weight,DIVISLAB Weight,GRASIM Weight,HCLTECH Weight,HDFCBANK Weight,HINDALCO Weight,HINDUNILVR Weight,ICICIBANK Weight,INFY Weight,JSWSTEEL Weight,NESTLEIND Weight,POWERGRID Weight,RELIANCE Weight,TCS Weight,TATACONSUM Weight,TATASTEEL Weight,TECHM Weight,TITAN Weight,UPL Weight,WIPRO Weight
0,0.32495710617856377,0.9782824438682755,0.32211754725696556,6.0950458433409835,3.1355205474044676,6.893468171540242,1.274555114054147,1.6407842877867773,2.3028151388059874,0.6691927187183315,7.923294789391173,6.565463150175417,6.817222882985888,7.971520057369743,6.029471597243049,1.8606471755815237,5.512665884513822,7.053430578587465,7.070288608762958,1.8500796667389459,3.054861818046647,1.8219983417799335,0.8200534973802399,0.588552406535956,2.7420717239146,5.1221877463121865,5.184808253029526
