,Returns,Standard Deviation,Sharpe Ratio,ADANIPORTS Weight,ASIANPAINT Weight,BAJFINANCE Weight,BAJAJFINSV Weight,BRITANNIA Weight,DIVISLAB Weight,GRASIM Weight,HCLTECH Weight,HDFCBANK Weight,HINDALCO Weight,HINDUNILVR Weight,ICICIBANK Weight,INFY Weight,JSWSTEEL Weight,NESTLEIND Weight,POWERGRID Weight,RELIANCE Weight,TCS Weight,TATACONSUM Weight,TATASTEEL Weight,TECHM Weight,TITAN Weight,UPL Weight,WIPRO Weight
0,0.24895317940136383,0.8965720715347345,0.2667025018489383,17.144953046968887,0.6927795056961243,5.85915899190049,1.7907782132655221,1.5452422825238141,1.0064571251144265,3.4211147597127587,0.45412388499634915,2.0609123661761615,1.935599575200868,0.6089067221146829,42.82355637523159,4.16490723672081,5.772403475152545,1.6393563391204025,1.9444093251602492,0.1686770610506691,1.5207818189920175,2.601926817456645,1.179230939236447,0.18484630023958717,0.17288694493451623,0.6671693911691413,0.6398215018653038
