,Returns,Standard Deviation,Sharpe Ratio,ADANIPORTS Weight,ASIANPAINT Weight,BAJFINANCE Weight,BAJAJFINSV Weight,BRITANNIA Weight,DIVISLAB Weight,GRASIM Weight,HCLTECH Weight,HDFCBANK Weight,HINDALCO Weight,HINDUNILVR Weight,ICICIBANK Weight,INFY Weight,JSWSTEEL Weight,NESTLEIND Weight,POWERGRID Weight,RELIANCE Weight,TCS Weight,TATACONSUM Weight,TATASTEEL Weight,TECHM Weight,TITAN Weight,UPL Weight,WIPRO Weight
0,0.4268235838450809,1.909648586612769,0.21835871894605885,8.292403695696263,0.010917303761711962,90.06865614012764,0.035535710623495434,0.4337238255159111,8.825333089782565e-06,0.020765971377427268,0.005810955019239005,0.002995573249373743,0.1104521990080536,0.0017848592110989742,0.17584822851501333,0.021738155553892826,0.27237573920394326,0.003086267967717039,0.0027576019258592696,0.0014267531102574239,0.07945003962990595,0.3309725731261398,5.310821673826168e-06,0.0007743469480999507,0.00015323310124155893,0.0006591117910529644,0.12769757938190157
