,Returns,Standard Deviation,Sharpe Ratio,ADANIPORTS Weight,ASIANPAINT Weight,BAJFINANCE Weight,BAJAJFINSV Weight,BRITANNIA Weight,DIVISLAB Weight,GRASIM Weight,HCLTECH Weight,HDFCBANK Weight,HINDALCO Weight,HINDUNILVR Weight,ICICIBANK Weight,INFY Weight,JSWSTEEL Weight,NESTLEIND Weight,POWERGRID Weight,RELIANCE Weight,TCS Weight,TATACONSUM Weight,TATASTEEL Weight,TECHM Weight,TITAN Weight,UPL Weight,WIPRO Weight
0,0.2143248260179794,0.594737787738669,0.3438316269768761,4.444665767255816,0.9930919842598949,6.394120377535918,5.243958390173235,6.653873573824629,5.770107587372619,3.2222387701918125,4.172207486290796,3.4839022005670164,3.0096142218281985,6.04842093665768,1.3438953676590173,5.489728954673067,1.942597679366596,5.275438991155189,4.796972027648488,4.780096720324104,2.859954916573176,4.280213683568721,2.0213855335550766,2.4607535178477944,2.610539988659018,7.459325695017925,5.242895627994209
