,Returns,Standard Deviation,Sharpe Ratio,ADANIPORTS Weight,ASIANPAINT Weight,BAJFINANCE Weight,BAJAJFINSV Weight,BRITANNIA Weight,DIVISLAB Weight,GRASIM Weight,HCLTECH Weight,HDFCBANK Weight,HINDALCO Weight,HINDUNILVR Weight,ICICIBANK Weight,INFY Weight,JSWSTEEL Weight,NESTLEIND Weight,POWERGRID Weight,RELIANCE Weight,TCS Weight,TATACONSUM Weight,TATASTEEL Weight,TECHM Weight,TITAN Weight,UPL Weight,WIPRO Weight
0,0.2351670912753726,0.6485126871852684,0.34745954997150963,3.3953656827391003,6.5492008938502,2.003758268646818,4.646714860102471,0.5528051582475036,5.647683977068182,4.9336252649242525,2.574064915723696,5.88454876507351,4.887901971250345,6.052539598124285,1.6327826288404572,2.0984549821733745,6.1742095811897855,4.107061629870434,4.017562795699369,0.5733554162590769,1.3659928763471192,4.141467175595978,4.241679707079225,7.020074756367261,5.988628951018118,5.5821648684080625,5.928355275401365
