,Returns,Standard Deviation,Sharpe Ratio,ADANIPORTS Weight,ASIANPAINT Weight,BAJFINANCE Weight,BAJAJFINSV Weight,BRITANNIA Weight,DIVISLAB Weight,GRASIM Weight,HCLTECH Weight,HDFCBANK Weight,HINDALCO Weight,HINDUNILVR Weight,ICICIBANK Weight,INFY Weight,JSWSTEEL Weight,NESTLEIND Weight,POWERGRID Weight,RELIANCE Weight,TCS Weight,TATACONSUM Weight,TATASTEEL Weight,TECHM Weight,TITAN Weight,UPL Weight,WIPRO Weight
0,-0.028436560356433476,0.9791337798158242,-0.039087330026339455,4.3223457464115365,4.41570207182022,0.45247095120228353,5.850068531111472,4.855558573607185,4.782717101702456,1.1827575133387183,4.460153522068166,6.737493740007472,4.081826436537471,4.494663949523922,4.954022122089172,3.392812395590488,1.6453149588304212,2.2853705407080445,6.084772066757478,4.343530015762137,5.12750271501497,6.150156398569222,3.7837087339368645,3.587523925894175,6.1323197180500815,5.5234882400630205,1.3537200314030242
