,Returns,Standard Deviation,Sharpe Ratio,ADANIPORTS Weight,ASIANPAINT Weight,BAJFINANCE Weight,BAJAJFINSV Weight,BRITANNIA Weight,DIVISLAB Weight,GRASIM Weight,HCLTECH Weight,HDFCBANK Weight,HINDALCO Weight,HINDUNILVR Weight,ICICIBANK Weight,INFY Weight,JSWSTEEL Weight,NESTLEIND Weight,POWERGRID Weight,RELIANCE Weight,TCS Weight,TATACONSUM Weight,TATASTEEL Weight,TECHM Weight,TITAN Weight,UPL Weight,WIPRO Weight
0,0.19573958172168676,0.5939806536759609,0.31298059244188764,1.9845674248600034,4.992491083796489,5.412653223087443,2.2554937843761875,6.913779464366396,7.185837908756569,7.5469449188036215,5.987441987366488,2.749621457184747,1.2294833707217516,6.3278252776471104,3.6575267433622964,4.641292810027134,3.2418813584156956,3.9878878551729287,5.200927287237271,2.90376308922334,1.1792815864565742,3.3123017683039637,5.516163723242857,1.2725504607378555,0.6191565285061247,6.361132942138109,5.519993946209064
