,Returns,Standard Deviation,Sharpe Ratio,ADANIPORTS Weight,ASIANPAINT Weight,BAJFINANCE Weight,BAJAJFINSV Weight,BRITANNIA Weight,DIVISLAB Weight,GRASIM Weight,HCLTECH Weight,HDFCBANK Weight,HINDALCO Weight,HINDUNILVR Weight,ICICIBANK Weight,INFY Weight,JSWSTEEL Weight,NESTLEIND Weight,POWERGRID Weight,RELIANCE Weight,TCS Weight,TATACONSUM Weight,TATASTEEL Weight,TECHM Weight,TITAN Weight,UPL Weight,WIPRO Weight
0,0.30452099209639555,1.6647555636489346,0.1770144720918166,8.16970111458863,0.4790345241722184,1.0183341010925733,1.6701035287490409,0.045067612179026245,5.385242350599535,0.6287498754440584,0.8635075639768711,8.531338096405896,2.577353023118776,2.2097212474171126,3.803333113245444,0.4237973371298433,1.7548381806684623,3.996940229442767,0.5678737502227291,5.924844127414249,0.8047568192946787,1.2841577749830952,41.6881973895194,4.817044186499915,1.6986529499792336,1.347220210838931,0.31019089301752983
