,Returns,Standard Deviation,Sharpe Ratio,ADANIPORTS Weight,ASIANPAINT Weight,BAJFINANCE Weight,BAJAJFINSV Weight,BRITANNIA Weight,DIVISLAB Weight,GRASIM Weight,HCLTECH Weight,HDFCBANK Weight,HINDALCO Weight,HINDUNILVR Weight,ICICIBANK Weight,INFY Weight,JSWSTEEL Weight,NESTLEIND Weight,POWERGRID Weight,RELIANCE Weight,TCS Weight,TATACONSUM Weight,TATASTEEL Weight,TECHM Weight,TITAN Weight,UPL Weight,WIPRO Weight
0,0.2147648668509089,1.2054690959763417,0.16999996325062652,4.942638866902773,4.750949694025057,4.597790628700154,2.0938320859810102,3.7419251558702364,7.1499020503151405,7.24207928585294,5.479513309835112,1.19009920789518,3.6524388158649836,5.472978683883134,3.4362483163411346,5.18330702093988,0.9155062142042252,2.509329710827388,6.161980224571866,5.616959711066027,3.1555646299623965,4.074124582903224,6.042822668848144,1.1267113677286205,4.128036050567707,4.553002529517414,2.782259187396273
