,Returns,Standard Deviation,Sharpe Ratio,ADANIPORTS Weight,ASIANPAINT Weight,BAJFINANCE Weight,BAJAJFINSV Weight,BRITANNIA Weight,DIVISLAB Weight,GRASIM Weight,HCLTECH Weight,HDFCBANK Weight,HINDALCO Weight,HINDUNILVR Weight,ICICIBANK Weight,INFY Weight,JSWSTEEL Weight,NESTLEIND Weight,POWERGRID Weight,RELIANCE Weight,TCS Weight,TATACONSUM Weight,TATASTEEL Weight,TECHM Weight,TITAN Weight,UPL Weight,WIPRO Weight
0,-0.02787358183656186,0.899340927755857,-0.041929312353016196,6.522898713044362,5.677033111841143,5.855917776784059,5.721002411747068,5.224655121184911,4.171078387734157,0.5756356989463973,4.301972582302299,0.5928245804418184,3.3983786894569428,2.3223995515187257,6.772815291724749,2.2309521101520478,5.259413744907353,3.0039048919851283,5.847937938170951,5.7900211889285975,2.0574688658370097,5.61022083148032,3.402548189342541,5.225036463690634,0.675372102319218,6.731909263681049,3.0286024927785173
