,Returns,Standard Deviation,Sharpe Ratio,ADANIPORTS Weight,ASIANPAINT Weight,BAJFINANCE Weight,BAJAJFINSV Weight,BRITANNIA Weight,DIVISLAB Weight,GRASIM Weight,HCLTECH Weight,HDFCBANK Weight,HINDALCO Weight,HINDUNILVR Weight,ICICIBANK Weight,INFY Weight,JSWSTEEL Weight,NESTLEIND Weight,POWERGRID Weight,RELIANCE Weight,TCS Weight,TATACONSUM Weight,TATASTEEL Weight,TECHM Weight,TITAN Weight,UPL Weight,WIPRO Weight
0,0.21286983711769672,1.1689388779636762,0.17369143597672437,4.244501155073117,8.308862463938418,4.974652126906133,3.7986679896514066,3.015479386465939,4.362595212778455,4.188139624523425,5.3645329068763115,0.5488781283920182,7.5269258438950075,6.336743408631143,3.0220848243805447,2.455237242963393,3.2727205067354332,3.0775168912620523,2.831361899956888,4.317655224412418,7.654599588279905,7.655728978703495,3.566956674067915,4.414328059252457,3.814043435073526,0.23679545282749923,1.0109929749531101
