,Returns,Standard Deviation,Sharpe Ratio,ADANIPORTS Weight,ASIANPAINT Weight,BAJFINANCE Weight,BAJAJFINSV Weight,BRITANNIA Weight,DIVISLAB Weight,GRASIM Weight,HCLTECH Weight,HDFCBANK Weight,HINDALCO Weight,HINDUNILVR Weight,ICICIBANK Weight,INFY Weight,JSWSTEEL Weight,NESTLEIND Weight,POWERGRID Weight,RELIANCE Weight,TCS Weight,TATACONSUM Weight,TATASTEEL Weight,TECHM Weight,TITAN Weight,UPL Weight,WIPRO Weight
0,0.24331076825536632,0.6282168506009449,0.3716481071732817,6.730747177649827,5.451031662452132,1.352486290345013,5.477355401881731,4.423191954068901,3.3242377967340064,6.46626677742965,2.5208067583228666,5.712456591831497,6.2291308681601,0.6069630171265521,4.0941616203294355,3.2519766924370357,1.1715030960443442,7.003812713560411,5.394715249573988,6.1111446832567005,3.4664869711742186,6.194012416188275,0.8111900903935346,4.6022737951848764,5.56217107677517,2.381458159616519,1.6604191394632293
