,Returns,Standard Deviation,Sharpe Ratio,ADANIPORTS Weight,ASIANPAINT Weight,BAJFINANCE Weight,BAJAJFINSV Weight,BRITANNIA Weight,DIVISLAB Weight,GRASIM Weight,HCLTECH Weight,HDFCBANK Weight,HINDALCO Weight,HINDUNILVR Weight,ICICIBANK Weight,INFY Weight,JSWSTEEL Weight,NESTLEIND Weight,POWERGRID Weight,RELIANCE Weight,TCS Weight,TATACONSUM Weight,TATASTEEL Weight,TECHM Weight,TITAN Weight,UPL Weight,WIPRO Weight
0,0.174683413459069,0.8477318537563011,0.1944580092082907,4.101909318249556,6.198810589585632,2.281558585257009,1.8279822484909447,8.242328227704093,4.2305897350469825,7.355740705271223,0.8263991482862096,8.087760133122769,5.125796094539166,6.108124427803247,3.744300939412758,1.2988498709337941,3.6492320320399916,6.06696189794386,3.4903369820332313,1.9977788872719042,5.314851699476851,1.303576798692869,6.649603837089403,1.096283376379063,2.3442436506265105,1.4171084067911475,7.239872407951778
