,Returns,Standard Deviation,Sharpe Ratio,ADANIPORTS Weight,ASIANPAINT Weight,BAJFINANCE Weight,BAJAJFINSV Weight,BRITANNIA Weight,DIVISLAB Weight,GRASIM Weight,HCLTECH Weight,HDFCBANK Weight,HINDALCO Weight,HINDUNILVR Weight,ICICIBANK Weight,INFY Weight,JSWSTEEL Weight,NESTLEIND Weight,POWERGRID Weight,RELIANCE Weight,TCS Weight,TATACONSUM Weight,TATASTEEL Weight,TECHM Weight,TITAN Weight,UPL Weight,WIPRO Weight
0,0.37949116089057067,1.822207695367125,0.20286161505916056,5.739631325850815,0.6360525997392732,9.7521443838139,0.32414100310653327,2.1840041279420657,1.4172647570265144,1.9616997170363988,5.577368092355648,5.677004409788757,0.5863369910533613,2.7988851532662893,3.031838172941202,2.185961484723684,0.637052744349603,0.9969515506952202,1.4073110220267637,0.7460014543873781,0.8893967904906069,4.666607649198667,42.312043334566454,3.4930273538445777,2.1855591313910887,0.754734777178526,0.03898197322666937
