,Returns,Standard Deviation,Sharpe Ratio,ADANIPORTS Weight,ASIANPAINT Weight,BAJFINANCE Weight,BAJAJFINSV Weight,BRITANNIA Weight,DIVISLAB Weight,GRASIM Weight,HCLTECH Weight,HDFCBANK Weight,HINDALCO Weight,HINDUNILVR Weight,ICICIBANK Weight,INFY Weight,JSWSTEEL Weight,NESTLEIND Weight,POWERGRID Weight,RELIANCE Weight,TCS Weight,TATACONSUM Weight,TATASTEEL Weight,TECHM Weight,TITAN Weight,UPL Weight,WIPRO Weight
0,0.060021223347241366,0.8245403173227686,0.06086549979148085,4.302201512913744,5.376304646969697,2.827644955833312,3.6064228086767804,3.9346910962190917,4.571587224581112,3.667829038894057,1.6142073324346744,1.5141039394301614,3.104787920148423,5.860304743805952,4.2561709601730895,4.877113952451339,7.909729386134347,6.330012284909779,1.717322256502038,5.979026030922198,5.820649901972052,4.190241885570356,2.2666878111001236,4.367176108762734,4.8180282124994,2.5347895917093766,4.552966397386161
