,Returns,Standard Deviation,Sharpe Ratio,ADANIPORTS Weight,ASIANPAINT Weight,BAJFINANCE Weight,BAJAJFINSV Weight,BRITANNIA Weight,DIVISLAB Weight,GRASIM Weight,HCLTECH Weight,HDFCBANK Weight,HINDALCO Weight,HINDUNILVR Weight,ICICIBANK Weight,INFY Weight,JSWSTEEL Weight,NESTLEIND Weight,POWERGRID Weight,RELIANCE Weight,TCS Weight,TATACONSUM Weight,TATASTEEL Weight,TECHM Weight,TITAN Weight,UPL Weight,WIPRO Weight
0,0.02709907591492658,0.8154446730251097,0.021171161761001707,10.288641918812722,1.0657395931890525,0.628971226686649,0.255697508556496,1.0519297594273653,7.826284882864885,1.1574721470989957,1.390635942196202,2.8141264793397713,0.7171934902490273,0.7741541964626286,0.7015538222945634,1.1805127539643687,0.3753954621020553,6.1792272088169495,1.2895695896130939,4.042983074657095,0.5782517244576009,0.30862471899175653,2.0452971275668674,3.4847163225216833,1.7239911483999462,49.040812694526956,1.0782172072032683
