,Returns,Standard Deviation,Sharpe Ratio,ADANIPORTS Weight,ASIANPAINT Weight,BAJFINANCE Weight,BAJAJFINSV Weight,BRITANNIA Weight,DIVISLAB Weight,GRASIM Weight,HCLTECH Weight,HDFCBANK Weight,HINDALCO Weight,HINDUNILVR Weight,ICICIBANK Weight,INFY Weight,JSWSTEEL Weight,NESTLEIND Weight,POWERGRID Weight,RELIANCE Weight,TCS Weight,TATACONSUM Weight,TATASTEEL Weight,TECHM Weight,TITAN Weight,UPL Weight,WIPRO Weight
0,0.12060167659693655,0.8237376789557022,0.13446818640394906,2.613900973511127,5.361242842742946,3.2640004763606427,3.7800528437990906,2.32378786097914,2.5856850963523295,2.102837354943565,7.132998602430768,3.467721797778562,5.56296411128944,2.491454565117666,3.744023951204077,4.68294123496907,7.058890491495033,5.8228886736632886,3.5607090052827224,4.709712804822021,5.480476346426796,6.875758917841162,3.357836478988058,2.696853907850514,2.350935792732657,5.783765163853821,3.188560705565483
