,Returns,Standard Deviation,Sharpe Ratio,ADANIPORTS Weight,ASIANPAINT Weight,BAJFINANCE Weight,BAJAJFINSV Weight,BRITANNIA Weight,DIVISLAB Weight,GRASIM Weight,HCLTECH Weight,HDFCBANK Weight,HINDALCO Weight,HINDUNILVR Weight,ICICIBANK Weight,INFY Weight,JSWSTEEL Weight,NESTLEIND Weight,POWERGRID Weight,RELIANCE Weight,TCS Weight,TATACONSUM Weight,TATASTEEL Weight,TECHM Weight,TITAN Weight,UPL Weight,WIPRO Weight
0,0.4038781312689443,1.1278340936880158,0.34938025782254867,5.631898168835357,1.0356582373298115,0.7008750310440663,4.61721321876112,0.7717231230366282,7.961669240505185,6.195646538282201,1.295227331895735,5.119398843751498,1.4235612514724567,3.666418251458815,7.673557373320775,5.822272859577819,6.994969234108791,1.3063186184760789,6.518822479817371,5.186569754516103,6.170839098799333,3.3561325425030404,3.7357927676144946,1.5981288200070016,5.332167683020681,5.340749347742187,2.5443901841234453
