,Returns,Standard Deviation,Sharpe Ratio,ADANIPORTS Weight,ASIANPAINT Weight,BAJFINANCE Weight,BAJAJFINSV Weight,BRITANNIA Weight,DIVISLAB Weight,GRASIM Weight,HCLTECH Weight,HDFCBANK Weight,HINDALCO Weight,HINDUNILVR Weight,ICICIBANK Weight,INFY Weight,JSWSTEEL Weight,NESTLEIND Weight,POWERGRID Weight,RELIANCE Weight,TCS Weight,TATACONSUM Weight,TATASTEEL Weight,TECHM Weight,TITAN Weight,UPL Weight,WIPRO Weight
0,0.3248958327792792,1.0943324287181133,0.2879021581341351,3.581667240753212,4.826369518024528,1.9490452227669195,2.973693723394248,0.6527446119114308,2.9340587523987343,3.3072980288580855,6.169220877319556,3.2067291609683237,1.616419219806352,1.9592973186144267,6.089931006672432,9.22167507666478,4.770165755599947,1.2249398943712315,7.389907100612847,6.954786780570702,4.365600059962682,6.8310019820181,0.6603501922018693,7.817184007463486,3.178664462046884,2.10475486238691,6.21449514461228
