,Returns,Standard Deviation,Sharpe Ratio,ADANIPORTS Weight,ASIANPAINT Weight,BAJFINANCE Weight,BAJAJFINSV Weight,BRITANNIA Weight,DIVISLAB Weight,GRASIM Weight,HCLTECH Weight,HDFCBANK Weight,HINDALCO Weight,HINDUNILVR Weight,ICICIBANK Weight,INFY Weight,JSWSTEEL Weight,NESTLEIND Weight,POWERGRID Weight,RELIANCE Weight,TCS Weight,TATACONSUM Weight,TATASTEEL Weight,TECHM Weight,TITAN Weight,UPL Weight,WIPRO Weight
0,0.1647562939602816,0.7430331730022441,0.20849826731040025,4.798210748532294,3.0744458693466385,3.121466223993854,4.494123355642457,6.01247224632478,1.330552600657332,3.094062968853185,5.7344473165984216,5.691583337393949,2.1137125691068284,7.135820457294686,3.3837947625288507,6.083959480852434,0.9759943326619922,3.7251159731493884,5.579340583535925,4.287821212306399,4.878443475909144,5.0953092168977445,6.472532498290841,5.062578641334452,5.167532501064052,1.8620967685137906,0.8245828592105718
