,Returns,Standard Deviation,Sharpe Ratio,ADANIPORTS Weight,ASIANPAINT Weight,BAJFINANCE Weight,BAJAJFINSV Weight,BRITANNIA Weight,DIVISLAB Weight,GRASIM Weight,HCLTECH Weight,HDFCBANK Weight,HINDALCO Weight,HINDUNILVR Weight,ICICIBANK Weight,INFY Weight,JSWSTEEL Weight,NESTLEIND Weight,POWERGRID Weight,RELIANCE Weight,TCS Weight,TATACONSUM Weight,TATASTEEL Weight,TECHM Weight,TITAN Weight,UPL Weight,WIPRO Weight
0,0.06320284260989019,1.6704240028707142,0.031948581727160356,2.4279912533670616,1.7339242837962825,38.23949482968453,9.386291370972636,0.5139952465752604,0.24823868736552593,0.9450287267945461,1.1585440995483032,0.34622810875580007,0.9018130398257255,3.152546619507378,0.2173084298577808,8.42715378307939,1.6215330473837366,1.2639313665041425,0.49425936452524405,4.357097935501361,2.302504764117627,1.8033831859124487,0.4607202596171287,2.443300422741738,8.726562402515437,3.242410178723656,5.585738593327278
