,Returns,Standard Deviation,Sharpe Ratio,ADANIPORTS Weight,ASIANPAINT Weight,BAJFINANCE Weight,BAJAJFINSV Weight,BRITANNIA Weight,DIVISLAB Weight,GRASIM Weight,HCLTECH Weight,HDFCBANK Weight,HINDALCO Weight,HINDUNILVR Weight,ICICIBANK Weight,INFY Weight,JSWSTEEL Weight,NESTLEIND Weight,POWERGRID Weight,RELIANCE Weight,TCS Weight,TATACONSUM Weight,TATASTEEL Weight,TECHM Weight,TITAN Weight,UPL Weight,WIPRO Weight
0,0.4255564663967983,1.3969247659831434,0.29759748820048476,12.19770874044255,0.09115790357524103,1.0382540404369096,1.6839748467722297,0.98540760490792,0.05553380561645829,25.771043193028255,0.592770729235077,0.5706099260465691,3.1860339548154823,8.897015632042262,2.5766117589566253,0.41265236750649303,28.905064890269138,2.050617920137436,1.1369535568360867,2.0288803413880387,1.1796681969345306,0.8964083224176509,1.35278073134254,0.8139714996312155,0.8312958015378793,0.08381132474050063,2.661772911382919
