,Returns,Standard Deviation,Sharpe Ratio,ADANIPORTS Weight,ASIANPAINT Weight,BAJFINANCE Weight,BAJAJFINSV Weight,BRITANNIA Weight,DIVISLAB Weight,GRASIM Weight,HCLTECH Weight,HDFCBANK Weight,HINDALCO Weight,HINDUNILVR Weight,ICICIBANK Weight,INFY Weight,JSWSTEEL Weight,NESTLEIND Weight,POWERGRID Weight,RELIANCE Weight,TCS Weight,TATACONSUM Weight,TATASTEEL Weight,TECHM Weight,TITAN Weight,UPL Weight,WIPRO Weight
0,0.2550870402946673,1.0341052808350373,0.2371633527114978,2.694777397455435,5.640712486376671,5.375583595751885,2.872720975211097,6.11407593585782,3.811497486784314,4.3802969710089155,0.647678302326656,1.300396680714657,2.2565797361146775,2.906124597767521,1.9385758754667033,3.4088987113223377,6.7988138114687,4.378340416922845,4.734163314928503,5.576407004413064,3.644730930050372,6.917845568203093,2.200449087587506,4.697394872321304,5.823632122254321,4.549207963662324,7.331096156029269
