,Returns,Standard Deviation,Sharpe Ratio,ADANIPORTS Weight,ASIANPAINT Weight,BAJFINANCE Weight,BAJAJFINSV Weight,BRITANNIA Weight,DIVISLAB Weight,GRASIM Weight,HCLTECH Weight,HDFCBANK Weight,HINDALCO Weight,HINDUNILVR Weight,ICICIBANK Weight,INFY Weight,JSWSTEEL Weight,NESTLEIND Weight,POWERGRID Weight,RELIANCE Weight,TCS Weight,TATACONSUM Weight,TATASTEEL Weight,TECHM Weight,TITAN Weight,UPL Weight,WIPRO Weight
0,0.3870999468539288,0.9639257794434383,0.3913836418366081,2.658922688083271,6.411363906784892,6.627380901217666,1.8088369248978393,5.00923219264084,1.769450534278534,6.073790550030251,6.657637225197287,4.184203204674899,2.1955254415087184,1.6104636636834733,5.711899699313495,5.005325602659561,2.7473886981056563,2.1183009631134864,6.314736318375254,2.6663893672409706,0.9672626095428581,1.87484633203194,5.924627198470314,4.780185882380043,6.265880262803239,4.853739875659546,5.7626099573059735
