,Returns,Standard Deviation,Sharpe Ratio,ADANIPORTS Weight,ASIANPAINT Weight,BAJFINANCE Weight,BAJAJFINSV Weight,BRITANNIA Weight,DIVISLAB Weight,GRASIM Weight,HCLTECH Weight,HDFCBANK Weight,HINDALCO Weight,HINDUNILVR Weight,ICICIBANK Weight,INFY Weight,JSWSTEEL Weight,NESTLEIND Weight,POWERGRID Weight,RELIANCE Weight,TCS Weight,TATACONSUM Weight,TATASTEEL Weight,TECHM Weight,TITAN Weight,UPL Weight,WIPRO Weight
0,-0.03912348787306442,1.45402455686222,-0.033671131946960954,13.683285388063132,0.7670247403559451,4.1520366396752175,0.5214248733688206,0.9573162802212126,0.10550435620654502,2.6679042314874226,1.8969641089388731,11.57193746292822,29.854850817061678,2.7382979727576187,0.587898311543095,0.8353416948090954,0.23174873258794593,4.913696733746697,1.3226706074445653,5.005401150069224,0.06221982501878927,0.13314080863952762,5.995565784044294,0.6399058139964057,10.580309750990367,0.43030066609243905,0.3452532499528564
