,Returns,Standard Deviation,Sharpe Ratio,ADANIPORTS Weight,ASIANPAINT Weight,BAJFINANCE Weight,BAJAJFINSV Weight,BRITANNIA Weight,DIVISLAB Weight,GRASIM Weight,HCLTECH Weight,HDFCBANK Weight,HINDALCO Weight,HINDUNILVR Weight,ICICIBANK Weight,INFY Weight,JSWSTEEL Weight,NESTLEIND Weight,POWERGRID Weight,RELIANCE Weight,TCS Weight,TATACONSUM Weight,TATASTEEL Weight,TECHM Weight,TITAN Weight,UPL Weight,WIPRO Weight
0,0.07050426821134013,0.8372687590036735,0.07246072748297673,8.15784970645989,2.672732092698562,4.422142238380902,0.34108009270693346,1.7157906079683038,3.0992431457776863,1.6965758406735407,0.9976019814278206,0.3707475914755133,2.169370913698093,0.9992921790271704,3.9824239272470683,1.8115720153274697,4.832210683572084,0.8479639848172703,0.9894176578241675,2.3082526627765585,5.463119187615508,0.32259732004718167,1.3709512942855844,0.2442100090278986,0.10758930248245258,47.257273527889346,3.819992036792991
