,Returns,Standard Deviation,Sharpe Ratio,ADANIPORTS Weight,ASIANPAINT Weight,BAJFINANCE Weight,BAJAJFINSV Weight,BRITANNIA Weight,DIVISLAB Weight,GRASIM Weight,HCLTECH Weight,HDFCBANK Weight,HINDALCO Weight,HINDUNILVR Weight,ICICIBANK Weight,INFY Weight,JSWSTEEL Weight,NESTLEIND Weight,POWERGRID Weight,RELIANCE Weight,TCS Weight,TATACONSUM Weight,TATASTEEL Weight,TECHM Weight,TITAN Weight,UPL Weight,WIPRO Weight
0,-0.010598470116507603,0.8925996515071177,-0.022892273055642686,5.424495186811149,2.1968874197866493,2.7771327592551356,6.423719267475033,8.020642590097896,3.3153669844312312,7.655406333814183,1.4222543798146314,4.400492111581647,4.127107123953956,4.613339428747611,6.4080418881735906,1.898899120557213,0.6980777403062844,4.059586551606838,3.281104175399631,4.664491234856385,6.395781512362131,2.576748325888584,3.921652881520432,5.335120861964719,4.336974839837985,2.269131948751297,3.777545333005779
