,Returns,Standard Deviation,Sharpe Ratio,ADANIPORTS Weight,ASIANPAINT Weight,BAJFINANCE Weight,BAJAJFINSV Weight,BRITANNIA Weight,DIVISLAB Weight,GRASIM Weight,HCLTECH Weight,HDFCBANK Weight,HINDALCO Weight,HINDUNILVR Weight,ICICIBANK Weight,INFY Weight,JSWSTEEL Weight,NESTLEIND Weight,POWERGRID Weight,RELIANCE Weight,TCS Weight,TATACONSUM Weight,TATASTEEL Weight,TECHM Weight,TITAN Weight,UPL Weight,WIPRO Weight
0,0.352723640789333,1.0938073261367194,0.31348160481356036,4.901715427585268,7.045499372895008,3.8577232927438967,3.5549394933985923,1.8232572106104332,2.108211731314398,0.8224046509981655,2.8427898339082724,5.73960061743753,3.3296449861743316,2.7272299209216806,6.9437763067776475,8.537365434186905,3.1509028003926547,3.9390894957989038,5.17506275104524,5.402306626303635,5.423593145918491,3.7116752749132296,2.8914384732378253,8.080294956324806,1.9111159687936918,1.456554276725357,4.623807951594036
