,Returns,Standard Deviation,Sharpe Ratio,ADANIPORTS Weight,ASIANPAINT Weight,BAJFINANCE Weight,BAJAJFINSV Weight,BRITANNIA Weight,DIVISLAB Weight,GRASIM Weight,HCLTECH Weight,HDFCBANK Weight,HINDALCO Weight,HINDUNILVR Weight,ICICIBANK Weight,INFY Weight,JSWSTEEL Weight,NESTLEIND Weight,POWERGRID Weight,RELIANCE Weight,TCS Weight,TATACONSUM Weight,TATASTEEL Weight,TECHM Weight,TITAN Weight,UPL Weight,WIPRO Weight
0,0.20654239786325446,0.6343608512250914,0.3100872833627805,7.235447272999272,5.50859228196781,4.944076271366649,2.596075376436361,3.265671801431841,6.646818408593765,2.4389236360021975,4.411456580752199,3.602422153757464,2.6771362543505295,0.8172960126577864,4.58855002348564,2.155140153783102,3.4955175179991604,4.138009481619073,3.491425789780066,5.560233296674703,4.550617454224526,6.790414849998952,7.397270598404298,1.2474846803528528,2.94927337084915,7.6846798229409625,1.8074669095716396
