,Returns,Standard Deviation,Sharpe Ratio,ADANIPORTS Weight,ASIANPAINT Weight,BAJFINANCE Weight,BAJAJFINSV Weight,BRITANNIA Weight,DIVISLAB Weight,GRASIM Weight,HCLTECH Weight,HDFCBANK Weight,HINDALCO Weight,HINDUNILVR Weight,ICICIBANK Weight,INFY Weight,JSWSTEEL Weight,NESTLEIND Weight,POWERGRID Weight,RELIANCE Weight,TCS Weight,TATACONSUM Weight,TATASTEEL Weight,TECHM Weight,TITAN Weight,UPL Weight,WIPRO Weight
0,0.38427918453079524,0.9578978570919627,0.390901824159402,7.2507661030664,3.4080389703006433,1.6637735221705217,6.796738516069898,1.0565487898052053,2.1744887663097403,1.2244148707335605,1.0414819265243105,2.675638339211294,7.316881095670215,4.640205693492125,1.7895866987563676,5.031855238638214,7.80802461820217,4.015609537274283,6.107283207915256,7.035927192249175,5.276025916675748,4.802146049780693,5.2242743596439425,1.9228392710437883,5.267274770409369,3.9562083661725116,2.5139681798845817
