,Returns,Standard Deviation,Sharpe Ratio,ADANIPORTS Weight,ASIANPAINT Weight,BAJFINANCE Weight,BAJAJFINSV Weight,BRITANNIA Weight,DIVISLAB Weight,GRASIM Weight,HCLTECH Weight,HDFCBANK Weight,HINDALCO Weight,HINDUNILVR Weight,ICICIBANK Weight,INFY Weight,JSWSTEEL Weight,NESTLEIND Weight,POWERGRID Weight,RELIANCE Weight,TCS Weight,TATACONSUM Weight,TATASTEEL Weight,TECHM Weight,TITAN Weight,UPL Weight,WIPRO Weight
0,0.2264318804254398,0.5242444529922854,0.4131597661243396,4.353826047538137,6.0948438687333395,7.176535497965536,4.570882301463939,3.1811541553438833,6.911568856716306,6.414408308966656,3.0490160379555675,5.987930025054504,1.2191854069565797,2.7313103948288684,4.023085929418657,5.836818895393026,1.7000331823755883,7.065328859309843,2.8902093994329885,2.999028684463897,2.0573349305363418,1.0672878719600358,2.391246567245892,6.777274388791657,3.1834497633548833,4.866744541200747,3.4514960849931478
