,Returns,Standard Deviation,Sharpe Ratio,ADANIPORTS Weight,ASIANPAINT Weight,BAJFINANCE Weight,BAJAJFINSV Weight,BRITANNIA Weight,DIVISLAB Weight,GRASIM Weight,HCLTECH Weight,HDFCBANK Weight,HINDALCO Weight,HINDUNILVR Weight,ICICIBANK Weight,INFY Weight,JSWSTEEL Weight,NESTLEIND Weight,POWERGRID Weight,RELIANCE Weight,TCS Weight,TATACONSUM Weight,TATASTEEL Weight,TECHM Weight,TITAN Weight,UPL Weight,WIPRO Weight
0,-2.5720985239390632e-05,1.063762814547783,-0.009269816246205403,3.695276465185505,7.1470277178159725,1.0303973672986548,6.08599546906581,6.032170187894351,4.366762666360217,6.283871797565103,1.0118700282889244,2.861080327163392,4.740559353238819,1.6335005587142755,2.269281812431332,7.00633109865838,3.8251221014973984,3.1404520924655315,5.769427855085627,6.53850359295672,2.7985080383861103,4.786694268405866,6.859137400306292,3.320571343421541,6.3585854948165155,0.6263967553063939,1.8124762076712813
