,Returns,Standard Deviation,Sharpe Ratio,ADANIPORTS Weight,ASIANPAINT Weight,BAJFINANCE Weight,BAJAJFINSV Weight,BRITANNIA Weight,DIVISLAB Weight,GRASIM Weight,HCLTECH Weight,HDFCBANK Weight,HINDALCO Weight,HINDUNILVR Weight,ICICIBANK Weight,INFY Weight,JSWSTEEL Weight,NESTLEIND Weight,POWERGRID Weight,RELIANCE Weight,TCS Weight,TATACONSUM Weight,TATASTEEL Weight,TECHM Weight,TITAN Weight,UPL Weight,WIPRO Weight
0,0.4500966597241059,1.3565767030544116,0.32453859328238993,15.25032848378966,1.994845144708603,27.127718887974606,1.1733831991969252,0.8002206330561229,1.606923318854871,1.618333148456744,2.671977474477008,0.5021666140394482,7.803860027786905,1.6643067101967293,4.613847273808433,7.89903779987984,8.882052079752016,0.47014944170744893,2.8324862777315043,3.3743334095078654,1.749093548514818,1.4424052965661258,0.887982415792936,0.8263937994138634,0.1699968975628198,3.7966459470941065,0.8415121701306163
