,Returns,Standard Deviation,Sharpe Ratio,ADANIPORTS Weight,ASIANPAINT Weight,BAJFINANCE Weight,BAJAJFINSV Weight,BRITANNIA Weight,DIVISLAB Weight,GRASIM Weight,HCLTECH Weight,HDFCBANK Weight,HINDALCO Weight,HINDUNILVR Weight,ICICIBANK Weight,INFY Weight,JSWSTEEL Weight,NESTLEIND Weight,POWERGRID Weight,RELIANCE Weight,TCS Weight,TATACONSUM Weight,TATASTEEL Weight,TECHM Weight,TITAN Weight,UPL Weight,WIPRO Weight
0,0.24112352711128746,1.1349074689263012,0.20379490716977744,6.881095687771298,2.00922624000945,1.2481780132998224,2.6966667214128184,6.6870706678581175,1.5247158474777112,2.733366124582401,4.270018752139908,6.606827755230178,2.7721805348768314,3.0932247873017142,5.784549526039158,4.592076323394415,6.392933477364274,3.499610326190568,2.867231873796864,5.376080627528446,5.297348891588035,1.2841489635426953,4.84424392422404,5.420362512856454,4.43711751431633,3.504810132418522,6.176914774779943
