,Returns,Standard Deviation,Sharpe Ratio,ADANIPORTS Weight,ASIANPAINT Weight,BAJFINANCE Weight,BAJAJFINSV Weight,BRITANNIA Weight,DIVISLAB Weight,GRASIM Weight,HCLTECH Weight,HDFCBANK Weight,HINDALCO Weight,HINDUNILVR Weight,ICICIBANK Weight,INFY Weight,JSWSTEEL Weight,NESTLEIND Weight,POWERGRID Weight,RELIANCE Weight,TCS Weight,TATACONSUM Weight,TATASTEEL Weight,TECHM Weight,TITAN Weight,UPL Weight,WIPRO Weight
0,0.16043147692110857,1.3986893380976138,0.10766959322845264,6.1393678419518105,5.043693636808013,2.0612093865837857,1.3194847297149326,3.7558179952546547,5.006243775255116,6.468340325162266,2.878195286620208,3.0460426547994164,4.61912353974954,1.6108684932148387,6.476677486792165,1.675707673959775,6.084109751809686,5.843459872939899,6.967522909277937,1.0043821304676492,5.981667822340427,5.751049810690949,3.2179305247738514,4.877840686099002,2.804700858587278,1.6285874385209687,5.737975368625863
