,Returns,Standard Deviation,Sharpe Ratio,ADANIPORTS Weight,ASIANPAINT Weight,BAJFINANCE Weight,BAJAJFINSV Weight,BRITANNIA Weight,DIVISLAB Weight,GRASIM Weight,HCLTECH Weight,HDFCBANK Weight,HINDALCO Weight,HINDUNILVR Weight,ICICIBANK Weight,INFY Weight,JSWSTEEL Weight,NESTLEIND Weight,POWERGRID Weight,RELIANCE Weight,TCS Weight,TATACONSUM Weight,TATASTEEL Weight,TECHM Weight,TITAN Weight,UPL Weight,WIPRO Weight
0,0.15048239366437727,0.850588225138249,0.16535289893808788,8.246514553883264,3.9706024962167352,1.5527597887732372,2.401604948692105,5.23839195206688,4.939708088866138,3.1452889271359816,6.741684780780864,1.1516886327188698,4.541739654127328,2.5374966947667534,4.174433612315128,7.084934103539532,0.5668181596199924,8.159213227586081,2.633477909909095,3.367812027861162,1.7899182252890014,3.6705136527169913,6.59996402261354,1.05518540677745,5.699518965517981,6.106333644926512,4.6243965232993824
