,Returns,Standard Deviation,Sharpe Ratio,ADANIPORTS Weight,ASIANPAINT Weight,BAJFINANCE Weight,BAJAJFINSV Weight,BRITANNIA Weight,DIVISLAB Weight,GRASIM Weight,HCLTECH Weight,HDFCBANK Weight,HINDALCO Weight,HINDUNILVR Weight,ICICIBANK Weight,INFY Weight,JSWSTEEL Weight,NESTLEIND Weight,POWERGRID Weight,RELIANCE Weight,TCS Weight,TATACONSUM Weight,TATASTEEL Weight,TECHM Weight,TITAN Weight,UPL Weight,WIPRO Weight
0,0.137353674520851,0.7103535254929407,0.17951415050301375,3.6616663861387857,5.495471345146091,1.701499759393124,4.91348509114667,4.208410269812184,4.882998485652607,2.0087506248826177,3.1713356916266227,5.960084941996527,1.4576806461207146,2.878692708235089,5.708920843230732,6.1553196250537425,4.815198518802558,5.922001350144832,5.566597438646297,5.465561492040453,4.7558513233958335,5.630983173718615,1.9325095390485985,5.556891229453585,1.7521835926242335,5.641958563359324,0.7559473603301656
