,Returns,Standard Deviation,Sharpe Ratio,ADANIPORTS Weight,ASIANPAINT Weight,BAJFINANCE Weight,BAJAJFINSV Weight,BRITANNIA Weight,DIVISLAB Weight,GRASIM Weight,HCLTECH Weight,HDFCBANK Weight,HINDALCO Weight,HINDUNILVR Weight,ICICIBANK Weight,INFY Weight,JSWSTEEL Weight,NESTLEIND Weight,POWERGRID Weight,RELIANCE Weight,TCS Weight,TATACONSUM Weight,TATASTEEL Weight,TECHM Weight,TITAN Weight,UPL Weight,WIPRO Weight
0,0.006784480675130081,0.9696717948204175,-0.003146099717791356,6.212035461745315,4.233666540706841,4.996297516439988,1.5137009583671852,4.992668834617551,2.637273471188481,5.1484238728320655,4.41341080971787,0.7887305280579058,3.279123370595869,2.8354804608075774,2.6023817134456024,2.806135140330492,3.476060227126585,6.590068022669018,3.6906788517549804,5.6849244016545715,0.6345256824457032,5.9414800744359075,7.148934271405888,6.540660682947408,4.533253894574535,5.821812591213688,3.478272620918993
