,Returns,Standard Deviation,Sharpe Ratio,ADANIPORTS Weight,ASIANPAINT Weight,BAJFINANCE Weight,BAJAJFINSV Weight,BRITANNIA Weight,DIVISLAB Weight,GRASIM Weight,HCLTECH Weight,HDFCBANK Weight,HINDALCO Weight,HINDUNILVR Weight,ICICIBANK Weight,INFY Weight,JSWSTEEL Weight,NESTLEIND Weight,POWERGRID Weight,RELIANCE Weight,TCS Weight,TATACONSUM Weight,TATASTEEL Weight,TECHM Weight,TITAN Weight,UPL Weight,WIPRO Weight
0,0.25619319104283644,1.288487410752503,0.19119940493931056,5.836591613090867,6.661414140209776,2.862045064082496,7.088042846336916,3.349976426390443,0.743338582762454,5.668974421250775,1.6078599807830853,4.4137109357038335,5.572422416014079,3.292114441073004,1.1735968903718432,7.106801839692932,6.944807571704131,1.7908269596192203,8.04028749644605,1.7416508769796133,1.6718213605769245,7.830373736467271,1.384590131092489,5.714528522558203,3.931378834966088,4.025496592696074,1.5473483191314392
