,Returns,Standard Deviation,Sharpe Ratio,ADANIPORTS Weight,ASIANPAINT Weight,BAJFINANCE Weight,BAJAJFINSV Weight,BRITANNIA Weight,DIVISLAB Weight,GRASIM Weight,HCLTECH Weight,HDFCBANK Weight,HINDALCO Weight,HINDUNILVR Weight,ICICIBANK Weight,INFY Weight,JSWSTEEL Weight,NESTLEIND Weight,POWERGRID Weight,RELIANCE Weight,TCS Weight,TATACONSUM Weight,TATASTEEL Weight,TECHM Weight,TITAN Weight,UPL Weight,WIPRO Weight
0,0.3482200463668865,1.066725456421754,0.3172183428215981,7.554258207480865,5.436972032644116,5.686197869915341,3.171643182052163,7.276199761814029,3.458298080068233,2.8963368793648305,1.116503234607438,2.9573390317671464,1.991343325885186,1.1956016489154773,6.9836055421360665,2.857300455512482,2.72061254646623,4.066202009138021,5.262951424728998,2.1379979394253947,5.630871981042261,4.350775388775334,7.596276658882109,4.517829867600712,0.8879155137417197,6.736587924965493,3.5103794930703627
