,Returns,Standard Deviation,Sharpe Ratio,ADANIPORTS Weight,ASIANPAINT Weight,BAJFINANCE Weight,BAJAJFINSV Weight,BRITANNIA Weight,DIVISLAB Weight,GRASIM Weight,HCLTECH Weight,HDFCBANK Weight,HINDALCO Weight,HINDUNILVR Weight,ICICIBANK Weight,INFY Weight,JSWSTEEL Weight,NESTLEIND Weight,POWERGRID Weight,RELIANCE Weight,TCS Weight,TATACONSUM Weight,TATASTEEL Weight,TECHM Weight,TITAN Weight,UPL Weight,WIPRO Weight
0,0.3333436598057629,1.0614549073590558,0.3047783685653691,5.846116405503899,7.126025902878523,0.900572379190757,3.7371520326159082,2.8551613481325337,6.350580267133147,1.222315304480066,0.5319364564815798,4.487806758239142,6.768596977377111,7.025869501454627,7.191618270712112,2.0504127829805183,2.9998146708101214,3.256977630710796,3.818232261146305,4.18090794741952,3.8102054994541406,4.011667530484149,1.035031500504343,3.429620394616838,4.6554077187867335,5.929003266287372,6.778967192599748
