,Returns,Standard Deviation,Sharpe Ratio,ADANIPORTS Weight,ASIANPAINT Weight,BAJFINANCE Weight,BAJAJFINSV Weight,BRITANNIA Weight,DIVISLAB Weight,GRASIM Weight,HCLTECH Weight,HDFCBANK Weight,HINDALCO Weight,HINDUNILVR Weight,ICICIBANK Weight,INFY Weight,JSWSTEEL Weight,NESTLEIND Weight,POWERGRID Weight,RELIANCE Weight,TCS Weight,TATACONSUM Weight,TATASTEEL Weight,TECHM Weight,TITAN Weight,UPL Weight,WIPRO Weight
0,0.15666660239423438,1.4522155952827818,0.10110856682438937,5.8616094078159,3.028486616609872,4.663543128133931,6.448693648591508,7.059582156085613,2.3868680627338703,3.184495873067736,0.6697498466199951,5.289882884864544,6.008399092366778,1.793874427540079,6.763086102047448,2.1104036817709138,1.842310119601644,3.049156237172059,4.627364854434578,6.361163488119276,0.1942421458519643,4.397127530379193,5.546934645200253,5.366985982297376,5.926852439187714,4.6434306079241034,2.7757570215836527
