,Returns,Standard Deviation,Sharpe Ratio,ADANIPORTS Weight,ASIANPAINT Weight,BAJFINANCE Weight,BAJAJFINSV Weight,BRITANNIA Weight,DIVISLAB Weight,GRASIM Weight,HCLTECH Weight,HDFCBANK Weight,HINDALCO Weight,HINDUNILVR Weight,ICICIBANK Weight,INFY Weight,JSWSTEEL Weight,NESTLEIND Weight,POWERGRID Weight,RELIANCE Weight,TCS Weight,TATACONSUM Weight,TATASTEEL Weight,TECHM Weight,TITAN Weight,UPL Weight,WIPRO Weight
0,0.2391158283606745,0.6270979549895775,0.3656217688181112,5.081318003774594,6.308271991258588,2.3927721124219268,6.540220256365832,5.2369987961790025,4.226019686856385,7.3324784199924595,4.133382141831992,6.888625594616792,3.6438563466803684,2.729558633385239,6.385815278847792,3.451937693055766,1.5778236715454055,1.4367522822061058,1.5663493287834174,4.178499143174161,2.3112608160459116,0.9332006564374145,2.725900570744122,5.030822544434576,5.753109805686595,6.883243497327989,3.2517827283475507
