,Returns,Standard Deviation,Sharpe Ratio,ADANIPORTS Weight,ASIANPAINT Weight,BAJFINANCE Weight,BAJAJFINSV Weight,BRITANNIA Weight,DIVISLAB Weight,GRASIM Weight,HCLTECH Weight,HDFCBANK Weight,HINDALCO Weight,HINDUNILVR Weight,ICICIBANK Weight,INFY Weight,JSWSTEEL Weight,NESTLEIND Weight,POWERGRID Weight,RELIANCE Weight,TCS Weight,TATACONSUM Weight,TATASTEEL Weight,TECHM Weight,TITAN Weight,UPL Weight,WIPRO Weight
0,0.4382216448329902,1.114685793482109,0.3843114198662307,5.465019798258274,1.0235707719779639,27.357164730206872,4.330059060614619,1.2726293077869528,1.6158793471610606,23.975759793468875,2.7912615727232333,0.9650542568107622,2.461059713275944,1.9790233129629482,2.8853170065371447,3.167995270019956,1.4226419235996748,1.21956738318493,2.0586165199475124,3.356481720749821,0.7863557313132495,2.7679790006954925,1.4041279075088196,0.6887294689730106,3.9207117159102474,1.308892981749001,1.776101704563606
