,Returns,Standard Deviation,Sharpe Ratio,ADANIPORTS Weight,ASIANPAINT Weight,BAJFINANCE Weight,BAJAJFINSV Weight,BRITANNIA Weight,DIVISLAB Weight,GRASIM Weight,HCLTECH Weight,HDFCBANK Weight,HINDALCO Weight,HINDUNILVR Weight,ICICIBANK Weight,INFY Weight,JSWSTEEL Weight,NESTLEIND Weight,POWERGRID Weight,RELIANCE Weight,TCS Weight,TATACONSUM Weight,TATASTEEL Weight,TECHM Weight,TITAN Weight,UPL Weight,WIPRO Weight
0,0.14231408607150767,1.15647745915864,0.11455382911892105,4.7684759865009845,6.251219413554282,2.916723672660415,2.2656185665978,6.1395712749254985,1.6954585196721734,4.0745916365147465,6.291703448350777,0.6674137529157789,0.25435899923254157,5.114943217198601,2.933741541387107,3.4902566476911456,4.576078856979294,6.61223521426291,6.148672828832551,2.6852854019408907,2.7530181281710644,7.376554932124639,1.2131044743396446,4.866142686290729,6.524080065927865,5.419325479013428,4.961425254915129
