,Returns,Standard Deviation,Sharpe Ratio,ADANIPORTS Weight,ASIANPAINT Weight,BAJFINANCE Weight,BAJAJFINSV Weight,BRITANNIA Weight,DIVISLAB Weight,GRASIM Weight,HCLTECH Weight,HDFCBANK Weight,HINDALCO Weight,HINDUNILVR Weight,ICICIBANK Weight,INFY Weight,JSWSTEEL Weight,NESTLEIND Weight,POWERGRID Weight,RELIANCE Weight,TCS Weight,TATACONSUM Weight,TATASTEEL Weight,TECHM Weight,TITAN Weight,UPL Weight,WIPRO Weight
0,0.19032679535406652,0.7494444808120369,0.24083389115540044,7.651054231493333,6.618889649435879,7.310620459683112,4.348502268693943,2.882871936627614,5.527427636439208,6.117746851073498,2.2722533688121738,1.988259341628036,1.2913426699726607,4.58821296315211,5.64323618623205,0.7717916983849124,4.896694539612232,1.4998225900818591,2.4869799011911136,3.6957480426910854,2.047747497108491,1.7329944514233802,1.2277333289313095,6.428951557023657,4.710513662301407,6.323404529420607,7.937200638586334
