,Returns,Standard Deviation,Sharpe Ratio,ADANIPORTS Weight,ASIANPAINT Weight,BAJFINANCE Weight,BAJAJFINSV Weight,BRITANNIA Weight,DIVISLAB Weight,GRASIM Weight,HCLTECH Weight,HDFCBANK Weight,HINDALCO Weight,HINDUNILVR Weight,ICICIBANK Weight,INFY Weight,JSWSTEEL Weight,NESTLEIND Weight,POWERGRID Weight,RELIANCE Weight,TCS Weight,TATACONSUM Weight,TATASTEEL Weight,TECHM Weight,TITAN Weight,UPL Weight,WIPRO Weight
0,0.2286147806354851,0.5768213129686891,0.379284903108627,4.619580985181413,4.2690572122343875,2.4633271977318136,4.7360588215195385,5.371083815357455,4.549016925800544,4.032444097340605,5.407112042839408,3.3757094030928054,1.8665351576589786,4.6312510288090225,1.022109629744267,6.198842139673843,6.401797273876079,4.763487659440625,6.625182030975438,2.8289229392898037,2.408482777894959,1.4140334578136171,4.9934994672614375,2.7949401055265244,7.0734566735529,3.5825874160080167,4.571481741376541
