,Returns,Standard Deviation,Sharpe Ratio,ADANIPORTS Weight,ASIANPAINT Weight,BAJFINANCE Weight,BAJAJFINSV Weight,BRITANNIA Weight,DIVISLAB Weight,GRASIM Weight,HCLTECH Weight,HDFCBANK Weight,HINDALCO Weight,HINDUNILVR Weight,ICICIBANK Weight,INFY Weight,JSWSTEEL Weight,NESTLEIND Weight,POWERGRID Weight,RELIANCE Weight,TCS Weight,TATACONSUM Weight,TATASTEEL Weight,TECHM Weight,TITAN Weight,UPL Weight,WIPRO Weight
0,0.3973900320430143,1.396623870403113,0.2774940880080963,5.5050186909403545,1.134353612931305,1.340817895519783,0.22510739094059795,0.629604085228953,0.5775818576412731,0.6881670775225951,0.8270968781963386,1.2236602922435664,0.7663833654623667,0.35018101151906633,43.55185838189942,1.0244688384151606,9.156742175924858,7.562758608941023,0.5722972988699206,4.319209314175838,5.467946529508858,0.7065577090217053,4.3806860213466585,1.8937731974186696,1.2397594013674507,1.4932814001271029,5.362688964837147
