,Returns,Standard Deviation,Sharpe Ratio,ADANIPORTS Weight,ASIANPAINT Weight,BAJFINANCE Weight,BAJAJFINSV Weight,BRITANNIA Weight,DIVISLAB Weight,GRASIM Weight,HCLTECH Weight,HDFCBANK Weight,HINDALCO Weight,HINDUNILVR Weight,ICICIBANK Weight,INFY Weight,JSWSTEEL Weight,NESTLEIND Weight,POWERGRID Weight,RELIANCE Weight,TCS Weight,TATACONSUM Weight,TATASTEEL Weight,TECHM Weight,TITAN Weight,UPL Weight,WIPRO Weight
0,0.2117949350235064,0.9279737344433489,0.21763522252005166,4.267819256134602,5.154485331308474,37.874899837417395,1.8649768018567685,3.5195738080943624,3.6489394931957553,0.4944646097881071,0.8977253967364115,1.344001011818442,2.657419259632999,3.249266361846685,2.656196761443572,5.212810146947752,0.9050560469928656,1.7861481753970156,5.115972468747819,0.8443789739858617,0.13870008770844544,1.312271598212452,2.4883776612328345,0.5272735407270782,4.673654822674806,0.9017059750806469,8.463882573018838
