,Returns,Standard Deviation,Sharpe Ratio,ADANIPORTS Weight,ASIANPAINT Weight,BAJFINANCE Weight,BAJAJFINSV Weight,BRITANNIA Weight,DIVISLAB Weight,GRASIM Weight,HCLTECH Weight,HDFCBANK Weight,HINDALCO Weight,HINDUNILVR Weight,ICICIBANK Weight,INFY Weight,JSWSTEEL Weight,NESTLEIND Weight,POWERGRID Weight,RELIANCE Weight,TCS Weight,TATACONSUM Weight,TATASTEEL Weight,TECHM Weight,TITAN Weight,UPL Weight,WIPRO Weight
0,-0.04833766162136598,0.9924769977390298,-0.05861377804125922,6.04220299342324,3.8555380232527727,6.088240859294877,2.743139846994046,3.354252479985931,5.364821192341478,3.087675347153961,5.6326082259302686,2.2122449279427427,1.1779468551006735,5.375450846741937,1.203248597299161,4.15250251262533,4.576713974971436,7.8075320270376665,2.7302987115552364,6.272485840903955,2.1290714568561713,6.261723334071193,0.6338518717643553,3.226751576825479,3.191965460488419,4.91560206869513,7.964130968744546
