,Returns,Standard Deviation,Sharpe Ratio,ADANIPORTS Weight,ASIANPAINT Weight,BAJFINANCE Weight,BAJAJFINSV Weight,BRITANNIA Weight,DIVISLAB Weight,GRASIM Weight,HCLTECH Weight,HDFCBANK Weight,HINDALCO Weight,HINDUNILVR Weight,ICICIBANK Weight,INFY Weight,JSWSTEEL Weight,NESTLEIND Weight,POWERGRID Weight,RELIANCE Weight,TCS Weight,TATACONSUM Weight,TATASTEEL Weight,TECHM Weight,TITAN Weight,UPL Weight,WIPRO Weight
0,0.38233022685277335,1.6520265940160095,0.2254776426522821,6.984693954563872,0.9394141769804323,1.944033532330798,9.805042915242568,1.7730799582281287,1.990171680549805,1.2650236221774027,5.118434779836793,0.8870891418687198,5.599177295304604,6.499598663790196,0.2728312439203705,1.2927245449748306,2.2552582716987164,0.7282210233184162,0.41408571338728706,0.9205092355730582,0.6771781116682107,0.6525777634179907,1.1864232794151215,3.7934085563718614,1.5692199823988975,43.382240879602065,0.049561673379873404
