,Returns,Standard Deviation,Sharpe Ratio,ADANIPORTS Weight,ASIANPAINT Weight,BAJFINANCE Weight,BAJAJFINSV Weight,BRITANNIA Weight,DIVISLAB Weight,GRASIM Weight,HCLTECH Weight,HDFCBANK Weight,HINDALCO Weight,HINDUNILVR Weight,ICICIBANK Weight,INFY Weight,JSWSTEEL Weight,NESTLEIND Weight,POWERGRID Weight,RELIANCE Weight,TCS Weight,TATACONSUM Weight,TATASTEEL Weight,TECHM Weight,TITAN Weight,UPL Weight,WIPRO Weight
0,0.19228252102941315,0.6323959504335072,0.28850177814892825,5.862445369294786,2.606017552486502,2.7632167472531126,3.314043307478053,3.2813034700409998,1.7956777397652692,6.535196238440946,1.6533852219571112,6.28084023946974,7.264038232165324,1.1147279456069752,7.132881398379206,1.5878663139271485,3.613265142266056,7.752558154710411,7.969488614504201,0.6188759813071573,5.256909104328758,4.6840056749064996,5.131621077689143,1.600627638719786,6.954707153304726,0.7796969045573602,4.446604777440747
