,Returns,Standard Deviation,Sharpe Ratio,ADANIPORTS Weight,ASIANPAINT Weight,BAJFINANCE Weight,BAJAJFINSV Weight,BRITANNIA Weight,DIVISLAB Weight,GRASIM Weight,HCLTECH Weight,HDFCBANK Weight,HINDALCO Weight,HINDUNILVR Weight,ICICIBANK Weight,INFY Weight,JSWSTEEL Weight,NESTLEIND Weight,POWERGRID Weight,RELIANCE Weight,TCS Weight,TATACONSUM Weight,TATASTEEL Weight,TECHM Weight,TITAN Weight,UPL Weight,WIPRO Weight
0,0.26376073831723285,1.6132046072557755,0.15740444351570573,7.458836051660346,0.325268228744974,2.324774434752968,22.401408546767065,0.3275106526088537,0.4506530702019938,6.361606046885501,4.692705220897083,0.5069824519813282,0.9401932281876839,3.169199465607157,0.33643676400115535,1.6192618586841814,29.772308216644028,0.16613615464975703,6.449085222017886,0.5343786812883403,0.7800310428374456,1.0349182812411557,3.3934187736041608,0.07781079533973359,4.046374243799512,1.8468141211732836,0.983888446424382
