,Returns,Standard Deviation,Sharpe Ratio,ADANIPORTS Weight,ASIANPAINT Weight,BAJFINANCE Weight,BAJAJFINSV Weight,BRITANNIA Weight,DIVISLAB Weight,GRASIM Weight,HCLTECH Weight,HDFCBANK Weight,HINDALCO Weight,HINDUNILVR Weight,ICICIBANK Weight,INFY Weight,JSWSTEEL Weight,NESTLEIND Weight,POWERGRID Weight,RELIANCE Weight,TCS Weight,TATACONSUM Weight,TATASTEEL Weight,TECHM Weight,TITAN Weight,UPL Weight,WIPRO Weight
0,0.32340118830900805,1.0749918033389798,0.2916915482517085,2.4843783643018496,2.3233344283046846,1.705210655567986,1.3718569177496192,6.767346585276046,6.754874694914904,0.6550879210729309,4.457768836278497,6.90299733934549,4.883045275475732,2.4776317769779643,6.128270647892046,5.774689427335569,3.500803592289755,0.844181090592798,5.6477224320331825,4.5194594015993586,2.0680210215429837,3.180008090809505,5.993007304440182,3.6649737823670994,5.687735467814097,5.459550653149237,6.748044292868471
