,Returns,Standard Deviation,Sharpe Ratio,ADANIPORTS Weight,ASIANPAINT Weight,BAJFINANCE Weight,BAJAJFINSV Weight,BRITANNIA Weight,DIVISLAB Weight,GRASIM Weight,HCLTECH Weight,HDFCBANK Weight,HINDALCO Weight,HINDUNILVR Weight,ICICIBANK Weight,INFY Weight,JSWSTEEL Weight,NESTLEIND Weight,POWERGRID Weight,RELIANCE Weight,TCS Weight,TATACONSUM Weight,TATASTEEL Weight,TECHM Weight,TITAN Weight,UPL Weight,WIPRO Weight
0,0.22869119489510717,0.9476136441021509,0.23095491651273659,5.44130390589935,1.706054989250462,2.6219289153722416,6.670702519799159,4.600656837512484,2.5655558786729475,3.1185764758845425,3.8058127857394326,3.2435785616230515,6.925816382105745,3.7321706749363512,5.228737597010034,4.94042215569038,4.601340459093551,3.642882040380037,7.833240890818345,1.5351866296117795,1.1036884747564293,7.322184276791751,4.313945144450637,3.434260732888546,3.7896215030915426,3.1860390832872225,4.636293085333987
