,Returns,Standard Deviation,Sharpe Ratio,ADANIPORTS Weight,ASIANPAINT Weight,BAJFINANCE Weight,BAJAJFINSV Weight,BRITANNIA Weight,DIVISLAB Weight,GRASIM Weight,HCLTECH Weight,HDFCBANK Weight,HINDALCO Weight,HINDUNILVR Weight,ICICIBANK Weight,INFY Weight,JSWSTEEL Weight,NESTLEIND Weight,POWERGRID Weight,RELIANCE Weight,TCS Weight,TATACONSUM Weight,TATASTEEL Weight,TECHM Weight,TITAN Weight,UPL Weight,WIPRO Weight
0,0.23115519148454877,0.9881899711249779,0.22396506048065656,31.769025553722617,4.294290371273875,5.884729450739313,1.7839298216993977,1.7587430355473066,0.7352778200485409,4.761512821523659,1.7873384407498298,0.25583573578300633,15.273216180226774,1.7046715569213131,6.011429616865184,0.5320148778275219,3.4778255482246716,0.846344531839451,0.11807793586850401,6.212450522802194,1.170010623585298,4.64289763574112,0.25572963119537817,0.9188909383920857,0.3710519194149091,3.8406906178822404,1.5940148121258366
