,Returns,Standard Deviation,Sharpe Ratio,ADANIPORTS Weight,ASIANPAINT Weight,BAJFINANCE Weight,BAJAJFINSV Weight,BRITANNIA Weight,DIVISLAB Weight,GRASIM Weight,HCLTECH Weight,HDFCBANK Weight,HINDALCO Weight,HINDUNILVR Weight,ICICIBANK Weight,INFY Weight,JSWSTEEL Weight,NESTLEIND Weight,POWERGRID Weight,RELIANCE Weight,TCS Weight,TATACONSUM Weight,TATASTEEL Weight,TECHM Weight,TITAN Weight,UPL Weight,WIPRO Weight
0,0.20082094249190488,0.89690876030507,0.2129377993718994,6.92582554169541,6.546805943479065,2.5334201146972455,6.756793976418826,4.68474895097706,1.7401086862038437,4.103929581461035,1.7677057530600675,3.4573263122153057,3.810330740508757,2.6349540053797864,2.06997299742076,2.8947020254811164,2.736065235644323,3.774153562047185,6.061206946025394,6.904666778879255,6.03930492970718,1.9283855321720624,6.362794627915097,5.570951583719879,4.10674428333821,4.39232464857166,2.1967772429815016
