,Returns,Standard Deviation,Sharpe Ratio,ADANIPORTS Weight,ASIANPAINT Weight,BAJFINANCE Weight,BAJAJFINSV Weight,BRITANNIA Weight,DIVISLAB Weight,GRASIM Weight,HCLTECH Weight,HDFCBANK Weight,HINDALCO Weight,HINDUNILVR Weight,ICICIBANK Weight,INFY Weight,JSWSTEEL Weight,NESTLEIND Weight,POWERGRID Weight,RELIANCE Weight,TCS Weight,TATACONSUM Weight,TATASTEEL Weight,TECHM Weight,TITAN Weight,UPL Weight,WIPRO Weight
0,0.04684872807118497,1.0397581465331067,0.03559824307165608,3.606183860953621,4.505578672343995,6.33432575388198,9.132698974370522,4.051937224426073,2.0824126111629733,5.652162262889186,3.1270113627466367,6.710811643740383,5.309781487772768,0.8583114438807412,9.29150943533742,0.6661781776108017,2.7282352676914083,8.61778746131758,3.830036242904707,1.0939421331429715,3.069496147092068,4.9603203606508846,0.807449086537613,3.412959653406528,3.7009295400045756,2.5709459498509912,3.878995246283607
