,Returns,Standard Deviation,Sharpe Ratio,ADANIPORTS Weight,ASIANPAINT Weight,BAJFINANCE Weight,BAJAJFINSV Weight,BRITANNIA Weight,DIVISLAB Weight,GRASIM Weight,HCLTECH Weight,HDFCBANK Weight,HINDALCO Weight,HINDUNILVR Weight,ICICIBANK Weight,INFY Weight,JSWSTEEL Weight,NESTLEIND Weight,POWERGRID Weight,RELIANCE Weight,TCS Weight,TATACONSUM Weight,TATASTEEL Weight,TECHM Weight,TITAN Weight,UPL Weight,WIPRO Weight
0,-0.023551772648059754,1.1549100200369258,-0.02890869150321955,6.5378807846845906,2.4721012095081685,3.9063939955245757,4.282681654393826,5.116185745057517,5.66349441464919,4.426023578512594,6.908824287021675,3.640378240044272,4.382741289574416,4.79012943224961,5.498075347326941,2.356855911245512,5.596366211307611,1.915427365616273,1.7254925626843511,4.668189986398738,4.969587969259714,3.4010069320318275,5.401465735398769,2.4423112491512846,0.916480231012112,4.931924317863385,4.049981549483059
