,Returns,Standard Deviation,Sharpe Ratio,ADANIPORTS Weight,ASIANPAINT Weight,BAJFINANCE Weight,BAJAJFINSV Weight,BRITANNIA Weight,DIVISLAB Weight,GRASIM Weight,HCLTECH Weight,HDFCBANK Weight,HINDALCO Weight,HINDUNILVR Weight,ICICIBANK Weight,INFY Weight,JSWSTEEL Weight,NESTLEIND Weight,POWERGRID Weight,RELIANCE Weight,TCS Weight,TATACONSUM Weight,TATASTEEL Weight,TECHM Weight,TITAN Weight,UPL Weight,WIPRO Weight
0,-0.029337222523427298,1.1225691209228106,-0.03489530099170231,5.641254129432076,1.5697852023520156,7.744831029518486,3.8568430616656038,3.313925784439306,5.790440875030602,1.3315124028490253,1.3711620256860146,6.673522783295279,3.60905685285272,3.5776991424615296,0.39547990741260564,8.51449809334029,5.082944280581435,6.163793926686117,3.1023259414925795,1.2239423475451472,4.157781072480933,3.393098270640337,1.3423543755028104,1.7015215983281495,7.298084560571776,4.961807252098014,8.182335083737136
