,Returns,Standard Deviation,Sharpe Ratio,ADANIPORTS Weight,ASIANPAINT Weight,BAJFINANCE Weight,BAJAJFINSV Weight,BRITANNIA Weight,DIVISLAB Weight,GRASIM Weight,HCLTECH Weight,HDFCBANK Weight,HINDALCO Weight,HINDUNILVR Weight,ICICIBANK Weight,INFY Weight,JSWSTEEL Weight,NESTLEIND Weight,POWERGRID Weight,RELIANCE Weight,TCS Weight,TATACONSUM Weight,TATASTEEL Weight,TECHM Weight,TITAN Weight,UPL Weight,WIPRO Weight
0,-0.08324885249868383,1.1948432829958766,-0.0779047919158532,2.0985531236314388,3.7639968680901337,5.0119528119017245,0.6283876074279067,2.2852146576128605,5.50180451990256,4.84786679595198,2.0323150196008717,4.709350285670877,1.8175989948891524,1.8186930644175863,6.5641530666348995,1.7601838929723743,6.680539669866388,5.553065819424614,7.014773348173596,5.075617933533278,4.944174027169002,7.123334014694782,8.218491942588688,0.8115707117847099,2.9725023107497255,1.895029237414544,6.870830275896298
