,Returns,Standard Deviation,Sharpe Ratio,ADANIPORTS Weight,ASIANPAINT Weight,BAJFINANCE Weight,BAJAJFINSV Weight,BRITANNIA Weight,DIVISLAB Weight,GRASIM Weight,HCLTECH Weight,HDFCBANK Weight,HINDALCO Weight,HINDUNILVR Weight,ICICIBANK Weight,INFY Weight,JSWSTEEL Weight,NESTLEIND Weight,POWERGRID Weight,RELIANCE Weight,TCS Weight,TATACONSUM Weight,TATASTEEL Weight,TECHM Weight,TITAN Weight,UPL Weight,WIPRO Weight
0,-0.0817848570193083,1.1405814989066083,-0.08032746624621084,5.580567042625397,6.6435362801671936,6.755042647813135,8.289318513367364,1.783256480424445,4.5054233309334135,2.1451932421810684,3.307376981876435,2.9801137879982607,3.153846566491822,3.605509788621712,2.833259741073956,4.819766841615798,5.5172341798402265,2.6361579169248075,3.4797835602646208,1.581758507119499,4.95827405738281,5.258362815159494,6.039500076495607,5.381497995412303,2.3051361722193504,4.070539181676312,2.369544292314954
