,Returns,Standard Deviation,Sharpe Ratio,ADANIPORTS Weight,ASIANPAINT Weight,BAJFINANCE Weight,BAJAJFINSV Weight,BRITANNIA Weight,DIVISLAB Weight,GRASIM Weight,HCLTECH Weight,HDFCBANK Weight,HINDALCO Weight,HINDUNILVR Weight,ICICIBANK Weight,INFY Weight,JSWSTEEL Weight,NESTLEIND Weight,POWERGRID Weight,RELIANCE Weight,TCS Weight,TATACONSUM Weight,TATASTEEL Weight,TECHM Weight,TITAN Weight,UPL Weight,WIPRO Weight
0,-0.07273762502664455,1.3748052830667135,-0.06006144352138228,7.498748854565257,0.9100445949629409,6.046904007079102,2.533870256558029,4.262445546062222,5.812823389252177,3.9674796514000397,3.830638921787565,5.584224436611102,4.840245709481304,5.113169031471775,5.105124979319428,3.50811523758343,4.287947010658332,2.6495911287015663,3.7367054477450674,3.593067364502563,1.6137797459881011,6.59292655210117,4.759647449243767,6.945044167421657,4.72911655966744,0.43430853710049083,1.6440314207354674
