,Returns,Standard Deviation,Sharpe Ratio,ADANIPORTS Weight,ASIANPAINT Weight,BAJFINANCE Weight,BAJAJFINSV Weight,BRITANNIA Weight,DIVISLAB Weight,GRASIM Weight,HCLTECH Weight,HDFCBANK Weight,HINDALCO Weight,HINDUNILVR Weight,ICICIBANK Weight,INFY Weight,JSWSTEEL Weight,NESTLEIND Weight,POWERGRID Weight,RELIANCE Weight,TCS Weight,TATACONSUM Weight,TATASTEEL Weight,TECHM Weight,TITAN Weight,UPL Weight,WIPRO Weight
0,0.004970119068369928,0.9120064264069644,-0.005334442418308114,4.67222788288552,7.311735015049342,2.875244920952167,1.635539699018591,5.33106713696398,4.9180681462434315,5.2044074125176945,6.685618534457781,3.856413494324088,1.2802707892015568,7.468752095692628,3.7321677309723302,4.899660686254562,0.5771519639502619,1.204143902598701,6.502509996876901,7.504754601902948,7.042939017001287,2.406986823958493,2.9977255071200433,2.551286652336361,1.5926985469960582,2.9190160659782887,4.829613376746985
