,Returns,Standard Deviation,Sharpe Ratio,ADANIPORTS Weight,ASIANPAINT Weight,BAJFINANCE Weight,BAJAJFINSV Weight,BRITANNIA Weight,DIVISLAB Weight,GRASIM Weight,HCLTECH Weight,HDFCBANK Weight,HINDALCO Weight,HINDUNILVR Weight,ICICIBANK Weight,INFY Weight,JSWSTEEL Weight,NESTLEIND Weight,POWERGRID Weight,RELIANCE Weight,TCS Weight,TATACONSUM Weight,TATASTEEL Weight,TECHM Weight,TITAN Weight,UPL Weight,WIPRO Weight
0,0.10864028865795028,1.6706183601652744,0.05914284565447409,3.8142544034832118,2.6669108793191314,3.4861431235580427,0.25993383265972175,0.29568021464242994,0.03668117394437983,0.5365783068620386,1.9842594313748445,4.079768698878876,4.689800112183471,1.041525391674931,0.47333982612282166,0.5524793321684736,1.0724677440254493,0.02228211123848947,0.1412122537294152,2.303705006218853,1.4556038411687122,2.369551798153132,1.3194632310457273,2.1958777199779367,60.35504936952173,3.3922693028958744,1.455162895152298
