,Returns,Standard Deviation,Sharpe Ratio,ADANIPORTS Weight,ASIANPAINT Weight,BAJFINANCE Weight,BAJAJFINSV Weight,BRITANNIA Weight,DIVISLAB Weight,GRASIM Weight,HCLTECH Weight,HDFCBANK Weight,HINDALCO Weight,HINDUNILVR Weight,ICICIBANK Weight,INFY Weight,JSWSTEEL Weight,NESTLEIND Weight,POWERGRID Weight,RELIANCE Weight,TCS Weight,TATACONSUM Weight,TATASTEEL Weight,TECHM Weight,TITAN Weight,UPL Weight,WIPRO Weight
0,0.008791177288168403,0.9831697619074683,-0.0010618588848491125,4.228878140049629,4.601116936696478,5.170889995746457,0.42004630818527283,3.6134889997817723,4.056614168157173,2.7186652550691752,5.574183586254679,5.137932050304754,6.312788388124901,6.3039840896818635,3.6980717546817385,4.4620829558820185,1.4911934176112114,5.510605903447911,3.231363487799804,1.7844943264033453,3.8175690009699186,7.143782211594273,5.424104128222574,1.0580296142571994,2.7993946515279253,6.192997671577764,5.247722957972152
