,Returns,Standard Deviation,Sharpe Ratio,ADANIPORTS Weight,ASIANPAINT Weight,BAJFINANCE Weight,BAJAJFINSV Weight,BRITANNIA Weight,DIVISLAB Weight,GRASIM Weight,HCLTECH Weight,HDFCBANK Weight,HINDALCO Weight,HINDUNILVR Weight,ICICIBANK Weight,INFY Weight,JSWSTEEL Weight,NESTLEIND Weight,POWERGRID Weight,RELIANCE Weight,TCS Weight,TATACONSUM Weight,TATASTEEL Weight,TECHM Weight,TITAN Weight,UPL Weight,WIPRO Weight
0,-0.017601916386459696,1.2251092554842045,-0.022395619899859852,4.835162123280918,7.070932595149876,8.239281535926569,2.4594942697843067,4.932039164109056,7.478054883464044,4.602315642849692,3.710940804449721,4.663955304106184,2.051499598494586,3.915728454787263,2.556672956301751,2.4500200633790414,2.4586487401814616,6.78106818456469,3.904330353426903,1.4372775844477221,3.9042023967649504,1.2070879071594651,4.171622381307089,3.6606072880355183,4.897654987147524,4.352809981011932,4.258592799869742
