,Returns,Standard Deviation,Sharpe Ratio,ADANIPORTS Weight,ASIANPAINT Weight,BAJFINANCE Weight,BAJAJFINSV Weight,BRITANNIA Weight,DIVISLAB Weight,GRASIM Weight,HCLTECH Weight,HDFCBANK Weight,HINDALCO Weight,HINDUNILVR Weight,ICICIBANK Weight,INFY Weight,JSWSTEEL Weight,NESTLEIND Weight,POWERGRID Weight,RELIANCE Weight,TCS Weight,TATACONSUM Weight,TATASTEEL Weight,TECHM Weight,TITAN Weight,UPL Weight,WIPRO Weight
0,0.04033827563376137,1.0578815997699196,0.028834144393125573,6.32885607697146,2.228179195125005,4.225171038205257,3.4725090121894717,2.5265354689731385,7.173829209592481,5.0148956312647845,6.6495049912395565,0.5797560343790299,4.051827443989757,1.822073654759598,1.2096008980737367,2.8854707043653804,6.94288410856472,6.002433900176684,5.685884499519236,1.3719940187431798,3.53728959095424,6.935013287397878,3.194403728208802,4.465885588361161,6.450260212637823,6.279836629311973,0.9659050769956394
