,Returns,Standard Deviation,Sharpe Ratio,ADANIPORTS Weight,ASIANPAINT Weight,BAJFINANCE Weight,BAJAJFINSV Weight,BRITANNIA Weight,DIVISLAB Weight,GRASIM Weight,HCLTECH Weight,HDFCBANK Weight,HINDALCO Weight,HINDUNILVR Weight,ICICIBANK Weight,INFY Weight,JSWSTEEL Weight,NESTLEIND Weight,POWERGRID Weight,RELIANCE Weight,TCS Weight,TATACONSUM Weight,TATASTEEL Weight,TECHM Weight,TITAN Weight,UPL Weight,WIPRO Weight
0,0.09762634142054073,1.2810622966721084,0.06852998235404809,11.876182470083252,4.00698927396735,0.5632789144410267,0.7328246445747296,0.9682459679094634,3.707334874819148,1.78812818815299,0.2814340132601828,0.8246689429327313,0.388114507606404,0.8272748521094062,41.45110224764018,0.6626767989349701,0.39493782535570093,0.3319963506249746,0.6173755745226345,11.792774432835689,2.074144222344778,2.0745790867206826,5.139657410013912,1.8527149983122124,3.0615088627338682,2.431990473231128,2.150065066872593
