,Returns,Standard Deviation,Sharpe Ratio,ADANIPORTS Weight,ASIANPAINT Weight,BAJFINANCE Weight,BAJAJFINSV Weight,BRITANNIA Weight,DIVISLAB Weight,GRASIM Weight,HCLTECH Weight,HDFCBANK Weight,HINDALCO Weight,HINDUNILVR Weight,ICICIBANK Weight,INFY Weight,JSWSTEEL Weight,NESTLEIND Weight,POWERGRID Weight,RELIANCE Weight,TCS Weight,TATACONSUM Weight,TATASTEEL Weight,TECHM Weight,TITAN Weight,UPL Weight,WIPRO Weight
0,0.030196601884952753,1.0524526596671493,0.019346653612170514,4.284445411238803,3.441983574985578,6.735359873741772,3.5954996995098,3.6752647685890913,0.35510815975932514,4.573401048534938,2.819678229406024,3.133103298402228,3.6675478157733665,5.6928054198161915,4.042236471354833,6.172068582388935,3.3868708244049945,2.8740708396376786,2.1597602301570715,6.314502651596516,7.472369026702,4.271360779175229,5.344059257931814,2.187886032544651,4.516480426149491,4.764510274472616,4.519627303727064
