,Returns,Standard Deviation,Sharpe Ratio,ADANIPORTS Weight,ASIANPAINT Weight,BAJFINANCE Weight,BAJAJFINSV Weight,BRITANNIA Weight,DIVISLAB Weight,GRASIM Weight,HCLTECH Weight,HDFCBANK Weight,HINDALCO Weight,HINDUNILVR Weight,ICICIBANK Weight,INFY Weight,JSWSTEEL Weight,NESTLEIND Weight,POWERGRID Weight,RELIANCE Weight,TCS Weight,TATACONSUM Weight,TATASTEEL Weight,TECHM Weight,TITAN Weight,UPL Weight,WIPRO Weight
0,-0.007057381890923604,1.0706994669265635,-0.015777113231015605,7.189812582850408,1.9099272055160736,8.081320286773702,7.078859543770837,1.6293126037226597,5.814658050005472,5.761629513850072,5.750205137830401,1.6041305230200094,1.4150905891884447,7.516675039480029,3.4550032357632605,3.0284887345348377,3.9268258885923015,4.295653645495844,3.4616204442837555,0.42723225613631394,0.7489186980861363,5.463568625172781,4.743713929806788,7.662582075506684,1.7938910819970784,6.003160243133256,1.2377200654828608
