,Returns,Standard Deviation,Sharpe Ratio,ADANIPORTS Weight,ASIANPAINT Weight,BAJFINANCE Weight,BAJAJFINSV Weight,BRITANNIA Weight,DIVISLAB Weight,GRASIM Weight,HCLTECH Weight,HDFCBANK Weight,HINDALCO Weight,HINDUNILVR Weight,ICICIBANK Weight,INFY Weight,JSWSTEEL Weight,NESTLEIND Weight,POWERGRID Weight,RELIANCE Weight,TCS Weight,TATACONSUM Weight,TATASTEEL Weight,TECHM Weight,TITAN Weight,UPL Weight,WIPRO Weight
0,-0.023264130949367474,1.4699640254966861,-0.02251707879269248,8.161868365776089,2.0326174450361387,2.6939828863171638,6.2167434793417655,0.1684073347983059,2.110103768106601,7.394228773466343,3.003774571914112,2.8687361518255985,4.239358062136427,4.086864675462209,6.047028835948278,7.815751581394621,1.2609535093026152,7.53456818944465,0.5963215209476708,1.392754124881614,1.2584870822916507,7.335814981677532,7.280388841453514,5.2999714036688825,2.8951264086407065,2.132490110551659,6.173657895615861
