,Returns,Standard Deviation,Sharpe Ratio,ADANIPORTS Weight,ASIANPAINT Weight,BAJFINANCE Weight,BAJAJFINSV Weight,BRITANNIA Weight,DIVISLAB Weight,GRASIM Weight,HCLTECH Weight,HDFCBANK Weight,HINDALCO Weight,HINDUNILVR Weight,ICICIBANK Weight,INFY Weight,JSWSTEEL Weight,NESTLEIND Weight,POWERGRID Weight,RELIANCE Weight,TCS Weight,TATACONSUM Weight,TATASTEEL Weight,TECHM Weight,TITAN Weight,UPL Weight,WIPRO Weight
0,-0.013924076083632721,1.3708364851619304,-0.017331929209624876,3.1513548966852456,2.8673456306991896,4.849792449182751,4.8597422495899965,5.7409878272291825,3.6814454986506817,7.160149779694283,4.275570702069387,4.815747705651234,4.109567325854916,6.485248393246039,2.71476485688794,4.959117519983137,4.0525705111914565,6.77346061622478,4.9406009727041535,1.7174002339774361,5.27533264918636,0.32833904563614696,2.550536612695772,7.377961901299349,1.780312250159544,1.0402032708741153,4.492447100626898
