,Returns,Standard Deviation,Sharpe Ratio,ADANIPORTS Weight,ASIANPAINT Weight,BAJFINANCE Weight,BAJAJFINSV Weight,BRITANNIA Weight,DIVISLAB Weight,GRASIM Weight,HCLTECH Weight,HDFCBANK Weight,HINDALCO Weight,HINDUNILVR Weight,ICICIBANK Weight,INFY Weight,JSWSTEEL Weight,NESTLEIND Weight,POWERGRID Weight,RELIANCE Weight,TCS Weight,TATACONSUM Weight,TATASTEEL Weight,TECHM Weight,TITAN Weight,UPL Weight,WIPRO Weight
0,0.06027086247102147,1.4030897659300636,0.03594616599774314,6.037835435494834,3.4864899140828935,0.9669136613502766,6.808917391689475,6.703485519914305,1.1933503681961863,4.9681610212906655,1.1231415153272277,2.3760734998869344,8.03975410466303,4.820592972863472,8.202819222970186,6.6805688314222245,0.2545153519022933,1.3651956787121267,6.215512403866643,3.5949599176118436,1.9953085397937471,3.1377177233357703,7.5298936520787505,6.322590428373578,2.957558019739165,2.86321378996323,2.3554310354711356
