,Returns,Standard Deviation,Sharpe Ratio,ADANIPORTS Weight,ASIANPAINT Weight,BAJFINANCE Weight,BAJAJFINSV Weight,BRITANNIA Weight,DIVISLAB Weight,GRASIM Weight,HCLTECH Weight,HDFCBANK Weight,HINDALCO Weight,HINDUNILVR Weight,ICICIBANK Weight,INFY Weight,JSWSTEEL Weight,NESTLEIND Weight,POWERGRID Weight,RELIANCE Weight,TCS Weight,TATACONSUM Weight,TATASTEEL Weight,TECHM Weight,TITAN Weight,UPL Weight,WIPRO Weight
0,-0.037972431497910575,1.2119719831785103,-0.03944612333999298,3.01375173746739,4.64557659270656,4.965780580797543,3.2035554156323323,4.4364795265442645,5.943005638207021,4.303843949950361,1.0627439795852576,3.8597969990288776,6.375822155912901,6.305117417584811,3.868043032330607,3.8859603466377193,3.7658703990188456,6.313001692608469,3.474417022859887,3.5933096600790395,2.6179874313623905,2.1819958820916487,0.9781837625255333,8.552644734741207,3.364465265457311,3.7003688224371825,5.588277954432856
