,Returns,Standard Deviation,Sharpe Ratio,ADANIPORTS Weight,ASIANPAINT Weight,BAJFINANCE Weight,BAJAJFINSV Weight,BRITANNIA Weight,DIVISLAB Weight,GRASIM Weight,HCLTECH Weight,HDFCBANK Weight,HINDALCO Weight,HINDUNILVR Weight,ICICIBANK Weight,INFY Weight,JSWSTEEL Weight,NESTLEIND Weight,POWERGRID Weight,RELIANCE Weight,TCS Weight,TATACONSUM Weight,TATASTEEL Weight,TECHM Weight,TITAN Weight,UPL Weight,WIPRO Weight
0,0.002621053352983558,1.4127778381338503,-0.005106331149496551,7.174469562838831,6.017168429087606,3.8480196215737257,5.5504709748069665,3.3189079534752226,4.789161957675532,3.52538133829157,6.8073998880242055,4.622730861537411,2.9172518495693223,1.141419744603827,5.447744674580466,1.1380749888695951,1.3848125979749066,4.172406021419303,2.0379389917856026,5.07909074634518,6.505603698596109,0.7575941663274353,2.339972844043558,3.5021483775087443,4.941371329843959,4.812894800259724,8.167964580961192
