,Returns,Standard Deviation,Sharpe Ratio,ADANIPORTS Weight,ASIANPAINT Weight,BAJFINANCE Weight,BAJAJFINSV Weight,BRITANNIA Weight,DIVISLAB Weight,GRASIM Weight,HCLTECH Weight,HDFCBANK Weight,HINDALCO Weight,HINDUNILVR Weight,ICICIBANK Weight,INFY Weight,JSWSTEEL Weight,NESTLEIND Weight,POWERGRID Weight,RELIANCE Weight,TCS Weight,TATACONSUM Weight,TATASTEEL Weight,TECHM Weight,TITAN Weight,UPL Weight,WIPRO Weight
0,-0.11825793821838956,1.4574917911008483,-0.08788598593533434,14.135313998041276,2.3635232560291755,0.5136109856396666,33.30426501191524,1.9402452928312108,2.194259574788243,0.31579767181904767,1.1452428149090599,2.110782778432356,0.22781058389489414,0.4084458114366917,3.1823732996797216,0.3593727048034679,0.05018336393303863,1.7851645435443733,2.926137351567029,4.329098890448062,2.044636197921398,0.5117921655084529,19.855692361267398,0.4121997950847892,1.3196580395318998,3.974132648372298,0.5902608586012279
