,Returns,Standard Deviation,Sharpe Ratio,ADANIPORTS Weight,ASIANPAINT Weight,BAJFINANCE Weight,BAJAJFINSV Weight,BRITANNIA Weight,DIVISLAB Weight,GRASIM Weight,HCLTECH Weight,HDFCBANK Weight,HINDALCO Weight,HINDUNILVR Weight,ICICIBANK Weight,INFY Weight,JSWSTEEL Weight,NESTLEIND Weight,POWERGRID Weight,RELIANCE Weight,TCS Weight,TATACONSUM Weight,TATASTEEL Weight,TECHM Weight,TITAN Weight,UPL Weight,WIPRO Weight
0,0.0719572688536137,1.0461717085735613,0.05938040907563002,5.767962302363831,0.977371835138831,4.501985478078319,1.1234140534948325,2.699282993748882,4.907706714402508,6.713398540750914,4.722281064465066,1.1636994343594669,3.268123269080614,2.4714722403267744,7.102716908244905,2.100599442725112,3.7982225037439825,7.094939589548568,6.2218519557631184,4.891896439651019,6.344583338258213,1.0084124308678337,3.8531522775718994,6.088821872822979,7.012990356916346,3.0226442227022368,3.1424707349737293
