,Returns,Standard Deviation,Sharpe Ratio,ADANIPORTS Weight,ASIANPAINT Weight,BAJFINANCE Weight,BAJAJFINSV Weight,BRITANNIA Weight,DIVISLAB Weight,GRASIM Weight,HCLTECH Weight,HDFCBANK Weight,HINDALCO Weight,HINDUNILVR Weight,ICICIBANK Weight,INFY Weight,JSWSTEEL Weight,NESTLEIND Weight,POWERGRID Weight,RELIANCE Weight,TCS Weight,TATACONSUM Weight,TATASTEEL Weight,TECHM Weight,TITAN Weight,UPL Weight,WIPRO Weight
0,-0.027704375764081416,1.2337822734741504,-0.030426389976847698,3.9939805722462336,6.2067164127939165,4.908320853526277,5.257503979814665,5.07945584996024,5.22611315983977,2.3666413862916738,0.86471674409508,6.441911724193433,0.9528903597967606,3.54957318670489,3.5465755549938778,4.369939871296326,5.319235423852419,3.072297438266715,5.36772238699351,1.6882228329126818,2.1553134345633396,4.761685752174736,5.923210466561796,5.911138215815275,5.8826898640065055,4.047449834716652,3.106694694583233
