,Returns,Standard Deviation,Sharpe Ratio,ADANIPORTS Weight,ASIANPAINT Weight,BAJFINANCE Weight,BAJAJFINSV Weight,BRITANNIA Weight,DIVISLAB Weight,GRASIM Weight,HCLTECH Weight,HDFCBANK Weight,HINDALCO Weight,HINDUNILVR Weight,ICICIBANK Weight,INFY Weight,JSWSTEEL Weight,NESTLEIND Weight,POWERGRID Weight,RELIANCE Weight,TCS Weight,TATACONSUM Weight,TATASTEEL Weight,TECHM Weight,TITAN Weight,UPL Weight,WIPRO Weight
0,-0.03447148219040895,1.3878629497325983,-0.03192436762874203,4.078676410180446,0.8458468827941164,2.8507998019367293,4.8502550256307755,2.123925484396029,3.1333144131981885,4.853779474705951,1.7468772813050233,4.097339803207517,0.23884682518256636,3.280237962792269,4.819833245221899,3.8394411390162393,2.83032813187664,7.577147871620461,4.7044273339424025,4.938504993163752,4.067125730593413,6.863604985560783,6.125513854993372,6.091731016045299,6.11717416815838,6.1299367679471395,3.7953313965306066
