,Returns,Standard Deviation,Sharpe Ratio,ADANIPORTS Weight,ASIANPAINT Weight,BAJFINANCE Weight,BAJAJFINSV Weight,BRITANNIA Weight,DIVISLAB Weight,GRASIM Weight,HCLTECH Weight,HDFCBANK Weight,HINDALCO Weight,HINDUNILVR Weight,ICICIBANK Weight,INFY Weight,JSWSTEEL Weight,NESTLEIND Weight,POWERGRID Weight,RELIANCE Weight,TCS Weight,TATACONSUM Weight,TATASTEEL Weight,TECHM Weight,TITAN Weight,UPL Weight,WIPRO Weight
0,-0.045941109951525734,1.4039531568383574,-0.03972801693205801,3.96106074161551,6.351127760499933,6.929614595961164,1.4015627036722929,2.9429132871167343,0.8780772833241783,4.748982448432877,3.142895743536183,6.6253243040060745,6.59125186636781,1.3508237297725185,6.9137435370828335,6.2651498243522274,1.056529469972288,2.7301586304250614,3.5958947481249974,3.932039475509467,5.031538223002922,3.2316300200893675,6.597381119955957,5.797128115241305,2.0900112153238046,3.322682150217627,4.512479006396885
