,Returns,Standard Deviation,Sharpe Ratio,ADANIPORTS Weight,ASIANPAINT Weight,BAJFINANCE Weight,BAJAJFINSV Weight,BRITANNIA Weight,DIVISLAB Weight,GRASIM Weight,HCLTECH Weight,HDFCBANK Weight,HINDALCO Weight,HINDUNILVR Weight,ICICIBANK Weight,INFY Weight,JSWSTEEL Weight,NESTLEIND Weight,POWERGRID Weight,RELIANCE Weight,TCS Weight,TATACONSUM Weight,TATASTEEL Weight,TECHM Weight,TITAN Weight,UPL Weight,WIPRO Weight
0,-0.0890817055804372,1.3796506713636696,-0.07169704075730342,5.66771533127461,7.782357003542602,5.81349722618271,2.8522385992467014,3.5192418047428444,1.9578305397600229,6.678192625407071,1.4216078292474115,1.4396050604500172,4.030230055196939,0.9318561608797636,6.451022347911446,5.821046719934387,1.1033341960221972,6.2710720116426195,2.1407053121519803,2.183602391052313,7.45395163833064,3.758020561933396,3.9152563503931472,3.2770380365777854,6.5830384734270915,5.179429870619298,3.7681098540730167
