,Returns,Standard Deviation,Sharpe Ratio,ADANIPORTS Weight,ASIANPAINT Weight,BAJFINANCE Weight,BAJAJFINSV Weight,BRITANNIA Weight,DIVISLAB Weight,GRASIM Weight,HCLTECH Weight,HDFCBANK Weight,HINDALCO Weight,HINDUNILVR Weight,ICICIBANK Weight,INFY Weight,JSWSTEEL Weight,NESTLEIND Weight,POWERGRID Weight,RELIANCE Weight,TCS Weight,TATACONSUM Weight,TATASTEEL Weight,TECHM Weight,TITAN Weight,UPL Weight,WIPRO Weight
0,-0.03885432280107165,1.3956708884787707,-0.03488608097952534,4.935008435820475,1.7269251707612516,4.430485449745205,3.183334706329332,6.918976229381777,3.9615101401642363,4.364622804293263,1.478357231707364,5.274382980598696,6.352334377139419,1.9414628486296042,5.280635494148575,3.1336318637401273,5.203058928816963,4.79306936940426,3.260546040384308,4.420859715491011,4.744803736604457,2.8834225283817108,1.7909857870974555,6.698961190680048,2.886254260445791,3.2400911701335944,7.096279540101097
