,Returns,Standard Deviation,Sharpe Ratio,ADANIPORTS Weight,ASIANPAINT Weight,BAJFINANCE Weight,BAJAJFINSV Weight,BRITANNIA Weight,DIVISLAB Weight,GRASIM Weight,HCLTECH Weight,HDFCBANK Weight,HINDALCO Weight,HINDUNILVR Weight,ICICIBANK Weight,INFY Weight,JSWSTEEL Weight,NESTLEIND Weight,POWERGRID Weight,RELIANCE Weight,TCS Weight,TATACONSUM Weight,TATASTEEL Weight,TECHM Weight,TITAN Weight,UPL Weight,WIPRO Weight
0,0.0022583535240508676,1.2218603153825027,-0.00620104541879818,6.970784811507117,1.1789692835466559,5.784613398108405,4.684940341301798,4.070334988599501,3.5382265729745876,6.915102913822549,1.2402259935622326,0.43037488109381417,8.800847456468828,0.949827514096607,1.2357600590050775,4.532006206414855,1.992798428540981,3.3214899457746005,7.73525389902677,2.6391696974038554,1.949001970347437,10.455108116293532,6.015702931768485,3.1410261835720994,2.6225022256055217,3.6609305699071957,6.135001611257487
