,Returns,Standard Deviation,Sharpe Ratio,ADANIPORTS Weight,ASIANPAINT Weight,BAJFINANCE Weight,BAJAJFINSV Weight,BRITANNIA Weight,DIVISLAB Weight,GRASIM Weight,HCLTECH Weight,HDFCBANK Weight,HINDALCO Weight,HINDUNILVR Weight,ICICIBANK Weight,INFY Weight,JSWSTEEL Weight,NESTLEIND Weight,POWERGRID Weight,RELIANCE Weight,TCS Weight,TATACONSUM Weight,TATASTEEL Weight,TECHM Weight,TITAN Weight,UPL Weight,WIPRO Weight
0,-0.01714411171905168,1.3994707278006686,-0.019278199978227245,7.402309264746405,5.477763893718579,2.7098353596032383,1.5686962141201195,6.281745761939575,6.693415291796093,1.275739133400558,1.017060076992773,3.309764446156823,6.325022909642024,5.8269434962772015,5.7808481887461785,3.377487445038585,6.282311038746216,2.0505791322776323,2.19048876663894,2.5290145243136375,6.541845111768454,1.0656951598371467,4.179704740343134,3.644775969825109,5.152171823293957,4.076594192576751,5.24018805820087
