,Returns,Standard Deviation,Sharpe Ratio,ADANIPORTS Weight,ASIANPAINT Weight,BAJFINANCE Weight,BAJAJFINSV Weight,BRITANNIA Weight,DIVISLAB Weight,GRASIM Weight,HCLTECH Weight,HDFCBANK Weight,HINDALCO Weight,HINDUNILVR Weight,ICICIBANK Weight,INFY Weight,JSWSTEEL Weight,NESTLEIND Weight,POWERGRID Weight,RELIANCE Weight,TCS Weight,TATACONSUM Weight,TATASTEEL Weight,TECHM Weight,TITAN Weight,UPL Weight,WIPRO Weight
0,0.026514081054014788,1.053953046399309,0.015825103666459586,6.6266161001117485,5.154160938225208,2.3903463756992984,1.877909388834732,6.944263707293315,6.6225708713728,5.134616015588327,5.294249315111617,5.548627110415479,7.57814927924003,0.5470202755953316,5.672605003834519,2.549796754909548,6.319852566792932,4.1130690347670615,0.8582215213464174,0.9807261016943529,2.4436689260661537,2.686771268171918,3.1109302442511626,7.457925589790401,6.407352528237735,2.307708101509307,1.3728429811406146
