,Returns,Standard Deviation,Sharpe Ratio,ADANIPORTS Weight,ASIANPAINT Weight,BAJFINANCE Weight,BAJAJFINSV Weight,BRITANNIA Weight,DIVISLAB Weight,GRASIM Weight,HCLTECH Weight,HDFCBANK Weight,HINDALCO Weight,HINDUNILVR Weight,ICICIBANK Weight,INFY Weight,JSWSTEEL Weight,NESTLEIND Weight,POWERGRID Weight,RELIANCE Weight,TCS Weight,TATACONSUM Weight,TATASTEEL Weight,TECHM Weight,TITAN Weight,UPL Weight,WIPRO Weight
0,-0.01505169137915655,1.3122059180596901,-0.01896566375125076,2.8946422705094332,7.735770345297266,5.187750075245754,5.102997353836737,5.5410550832884455,3.6099235996278636,1.0940433252299653,7.588170685638273,2.8636059851639852,6.285907785569362,0.968562873556001,4.360888734451085,1.4353216540502596,8.049208342643544,3.996703309097675,0.6268700905147906,2.6790304598795536,2.6134280971092787,5.993167192853357,6.189837455159891,5.693493944715399,3.95633131198716,2.9302492526876707,2.603040771887258
