,Returns,Standard Deviation,Sharpe Ratio,ADANIPORTS Weight,ASIANPAINT Weight,BAJFINANCE Weight,BAJAJFINSV Weight,BRITANNIA Weight,DIVISLAB Weight,GRASIM Weight,HCLTECH Weight,HDFCBANK Weight,HINDALCO Weight,HINDUNILVR Weight,ICICIBANK Weight,INFY Weight,JSWSTEEL Weight,NESTLEIND Weight,POWERGRID Weight,RELIANCE Weight,TCS Weight,TATACONSUM Weight,TATASTEEL Weight,TECHM Weight,TITAN Weight,UPL Weight,WIPRO Weight
0,0.01982533065265579,1.4037793802673635,0.007116621000365621,4.702511808204023,2.1691442211561442,7.096208885852,2.565400198382898,0.7441369462167543,2.304698264579349,3.322189004988359,6.602462501826724,1.7833111058029423,5.407574234895095,5.407118957687169,6.248645439100883,6.78965932892856,0.9998609457511324,4.51841789638545,1.0100398482341697,5.874606164113796,1.1408671176811835,4.1090431960811395,1.0032289010306112,5.435559301939225,6.066986072130825,7.669306406397585,7.029023252633956
