,Returns,Standard Deviation,Sharpe Ratio,ADANIPORTS Weight,ASIANPAINT Weight,BAJFINANCE Weight,BAJAJFINSV Weight,BRITANNIA Weight,DIVISLAB Weight,GRASIM Weight,HCLTECH Weight,HDFCBANK Weight,HINDALCO Weight,HINDUNILVR Weight,ICICIBANK Weight,INFY Weight,JSWSTEEL Weight,NESTLEIND Weight,POWERGRID Weight,RELIANCE Weight,TCS Weight,TATACONSUM Weight,TATASTEEL Weight,TECHM Weight,TITAN Weight,UPL Weight,WIPRO Weight
0,-0.0684604223829671,1.0682648354219129,-0.07329230039403942,5.324771327105493,3.9740088202255692,3.2769876806148366,4.861786592354065,2.337550225863718,6.948408946152175,2.6770892234791543,4.57012520166116,6.099433252041078,4.558302713387356,2.129195958533764,4.880039393087493,5.786502668305746,2.347868271515517,4.732858649599613,3.9144004549493445,6.999083900122534,3.233209325780483,3.275116965303898,2.264884426927754,5.686191258813552,2.5724165474197913,2.4927364765390156,5.0570317202168935
