,Returns,Standard Deviation,Sharpe Ratio,ADANIPORTS Weight,ASIANPAINT Weight,BAJFINANCE Weight,BAJAJFINSV Weight,BRITANNIA Weight,DIVISLAB Weight,GRASIM Weight,HCLTECH Weight,HDFCBANK Weight,HINDALCO Weight,HINDUNILVR Weight,ICICIBANK Weight,INFY Weight,JSWSTEEL Weight,NESTLEIND Weight,POWERGRID Weight,RELIANCE Weight,TCS Weight,TATACONSUM Weight,TATASTEEL Weight,TECHM Weight,TITAN Weight,UPL Weight,WIPRO Weight
0,13.603830419793054,4.09356082678338,2.4486824170802746,3.5317195888941098,0.6744577389176032,6.388981438870616,5.43656082221178,4.4841402055529445,7.341402055529452,3.0555092805646917,6.865191747200034,1.6268783555764383,1.6268783555764383,5.9127711305411985,0.6744577389176032,5.9127711305411985,3.5317195888941098,2.103088663905856,4.4841402055529445,5.43656082221178,5.43656082221178,6.865191747200034,1.150668047247021,5.9127711305411985,6.388981438870616,4.4841402055529445,0.6744577389176032
