,Returns,Standard Deviation,Sharpe Ratio,ADANIPORTS Weight,ASIANPAINT Weight,BAJFINANCE Weight,BAJAJFINSV Weight,BRITANNIA Weight,DIVISLAB Weight,GRASIM Weight,HCLTECH Weight,HDFCBANK Weight,HINDALCO Weight,HINDUNILVR Weight,ICICIBANK Weight,INFY Weight,JSWSTEEL Weight,NESTLEIND Weight,POWERGRID Weight,RELIANCE Weight,TCS Weight,TATACONSUM Weight,TATASTEEL Weight,TECHM Weight,TITAN Weight,UPL Weight,WIPRO Weight
0,12.087965621503661,5.088816113000573,1.671894883324251,2.6743635190926303,0.9688742075794449,5.516845704947938,4.948349267776877,7.790831453632184,6.085342142118999,0.9688742075794449,1.5373706447505067,4.379852830605815,0.9688742075794449,2.6743635190926303,4.948349267776877,3.811356393434753,2.6743635190926303,6.653838579290062,6.653838579290062,3.811356393434753,8.359327890803247,6.653838579290062,1.5373706447505067,4.379852830605815,6.653838579290062,2.6743635190926303,2.6743635190926303
