,Returns,Standard Deviation,Sharpe Ratio,ADANIPORTS Weight,ASIANPAINT Weight,BAJFINANCE Weight,BAJAJFINSV Weight,BRITANNIA Weight,DIVISLAB Weight,GRASIM Weight,HCLTECH Weight,HDFCBANK Weight,HINDALCO Weight,HINDUNILVR Weight,ICICIBANK Weight,INFY Weight,JSWSTEEL Weight,NESTLEIND Weight,POWERGRID Weight,RELIANCE Weight,TCS Weight,TATACONSUM Weight,TATASTEEL Weight,TECHM Weight,TITAN Weight,UPL Weight,WIPRO Weight
0,15.32300878589491,4.295433401936754,2.733835607973841,0.7472889571959609,4.726201200943692,5.720929261880625,5.223565231412158,2.2393810486013592,7.710385383754489,4.228837170475225,7.213021353286023,7.710385383754489,2.2393810486013592,3.731473140006759,5.223565231412158,7.213021353286023,7.710385383754489,0.7472889571959609,1.7420170181328933,2.736745079069826,5.223565231412158,1.2446529876644272,3.731473140006759,4.228837170475225,3.731473140006759,0.7472889571959609,4.228837170475225
