,Returns,Standard Deviation,Sharpe Ratio,ADANIPORTS Weight,ASIANPAINT Weight,BAJFINANCE Weight,BAJAJFINSV Weight,BRITANNIA Weight,DIVISLAB Weight,GRASIM Weight,HCLTECH Weight,HDFCBANK Weight,HINDALCO Weight,HINDUNILVR Weight,ICICIBANK Weight,INFY Weight,JSWSTEEL Weight,NESTLEIND Weight,POWERGRID Weight,RELIANCE Weight,TCS Weight,TATACONSUM Weight,TATASTEEL Weight,TECHM Weight,TITAN Weight,UPL Weight,WIPRO Weight
0,13.501091285486927,4.5763999822800425,2.167881156345968,6.271403139434685,6.271403139434685,7.674560787946698,3.46508784241066,2.997368626239989,5.335964707093344,4.868245490922673,4.400526274752002,4.868245490922673,1.5942109777279765,1.1264917615573053,1.5942109777279765,5.803683923264014,7.206841571776028,6.271403139434685,3.932807058581331,1.5942109777279765,3.932807058581331,5.803683923264014,5.803683923264014,1.5942109777279765,1.1264917615573053,1.1264917615573053,5.335964707093344
