,Returns,Standard Deviation,Sharpe Ratio,ADANIPORTS Weight,ASIANPAINT Weight,BAJFINANCE Weight,BAJAJFINSV Weight,BRITANNIA Weight,DIVISLAB Weight,GRASIM Weight,HCLTECH Weight,HDFCBANK Weight,HINDALCO Weight,HINDUNILVR Weight,ICICIBANK Weight,INFY Weight,JSWSTEEL Weight,NESTLEIND Weight,POWERGRID Weight,RELIANCE Weight,TCS Weight,TATACONSUM Weight,TATASTEEL Weight,TECHM Weight,TITAN Weight,UPL Weight,WIPRO Weight
0,21.859557713271798,7.094556007054019,2.576561196373203,3.7670721764158284,4.005339698552974,4.42230786229298,4.0649065790872605,4.005339698552974,4.541441623361552,4.42230786229298,4.184040340155834,4.303174101224407,4.481874742827266,4.124473459621546,4.303174101224407,4.005339698552974,4.005339698552974,4.005339698552974,4.362740981758693,3.7670721764158284,4.362740981758693,4.303174101224407,3.7075052958815427,4.124473459621546,4.481874742827266,3.8266390569501145,4.42230786229298
