,Returns,Standard Deviation,Sharpe Ratio,ADANIPORTS Weight,ASIANPAINT Weight,BAJFINANCE Weight,BAJAJFINSV Weight,BRITANNIA Weight,DIVISLAB Weight,GRASIM Weight,HCLTECH Weight,HDFCBANK Weight,HINDALCO Weight,HINDUNILVR Weight,ICICIBANK Weight,INFY Weight,JSWSTEEL Weight,NESTLEIND Weight,POWERGRID Weight,RELIANCE Weight,TCS Weight,TATACONSUM Weight,TATASTEEL Weight,TECHM Weight,TITAN Weight,UPL Weight,WIPRO Weight
0,2.9489610660158934,6.620041269530029,-0.09532250756329579,3.064559350232361,3.4981753435835627,4.79902332363717,3.4981753435835627,0.8964793834763509,5.232639316988371,3.064559350232361,5.666255310339573,6.533487297041978,4.365407330285968,6.533487297041978,1.763711370178755,4.79902332363717,6.9671032903931795,3.9317913369347646,2.197327363529957,6.9671032903931795,2.6309433568811587,2.6309433568811587,3.9317913369347646,3.4981753435835627,2.197327363529957,5.232639316988371,6.099871303690776
