,Returns,Standard Deviation,Sharpe Ratio,ADANIPORTS Weight,ASIANPAINT Weight,BAJFINANCE Weight,BAJAJFINSV Weight,BRITANNIA Weight,DIVISLAB Weight,GRASIM Weight,HCLTECH Weight,HDFCBANK Weight,HINDALCO Weight,HINDUNILVR Weight,ICICIBANK Weight,INFY Weight,JSWSTEEL Weight,NESTLEIND Weight,POWERGRID Weight,RELIANCE Weight,TCS Weight,TATACONSUM Weight,TATASTEEL Weight,TECHM Weight,TITAN Weight,UPL Weight,WIPRO Weight
0,3.6266333430192437,6.0528429558656605,0.007704370220617146,0.8885868969673918,2.8803315671644194,4.872076237361447,4.872076237361447,7.3617570751077315,7.859693242656989,6.863820907558474,4.872076237361447,1.3865230645166484,1.3865230645166484,3.3782677347136763,2.8803315671644194,3.876203902262934,3.3782677347136763,3.876203902262934,5.867948572459961,2.382395399615163,6.863820907558474,6.863820907558474,5.867948572459961,2.382395399615163,3.3782677347136763,2.382395399615163,3.3782677347136763
