,Returns,Standard Deviation,Sharpe Ratio,ADANIPORTS Weight,ASIANPAINT Weight,BAJFINANCE Weight,BAJAJFINSV Weight,BRITANNIA Weight,DIVISLAB Weight,GRASIM Weight,HCLTECH Weight,HDFCBANK Weight,HINDALCO Weight,HINDUNILVR Weight,ICICIBANK Weight,INFY Weight,JSWSTEEL Weight,NESTLEIND Weight,POWERGRID Weight,RELIANCE Weight,TCS Weight,TATACONSUM Weight,TATASTEEL Weight,TECHM Weight,TITAN Weight,UPL Weight,WIPRO Weight
0,9.862936784900635,9.713797089907862,0.6468054383623357,3.4791993345523053,6.51852859232106,6.952718486288026,4.7817690164532,3.4791993345523053,3.4791993345523053,3.9133892285192697,4.347579122486235,0.8740599707505156,6.084338698354094,1.3082498647174803,0.8740599707505156,2.610819546618375,2.610819546618375,5.65014880438713,6.084338698354094,3.4791993345523053,6.51852859232106,5.65014880438713,2.610819546618375,6.084338698354094,5.65014880438713,4.7817690164532,2.1766296526514104
