,Returns,Standard Deviation,Sharpe Ratio,ADANIPORTS Weight,ASIANPAINT Weight,BAJFINANCE Weight,BAJAJFINSV Weight,BRITANNIA Weight,DIVISLAB Weight,GRASIM Weight,HCLTECH Weight,HDFCBANK Weight,HINDALCO Weight,HINDUNILVR Weight,ICICIBANK Weight,INFY Weight,JSWSTEEL Weight,NESTLEIND Weight,POWERGRID Weight,RELIANCE Weight,TCS Weight,TATACONSUM Weight,TATASTEEL Weight,TECHM Weight,TITAN Weight,UPL Weight,WIPRO Weight
0,13.437109293960777,7.770666962682126,1.2685023488071987,4.548613709153435,7.1676791433484235,4.1121028034542695,7.1676791433484235,6.731168237649259,6.731168237649259,1.9295482749584456,1.9295482749584456,1.9295482749584456,3.23908099205594,7.1676791433484235,4.9851246148526,2.36605918065761,1.4930373692592809,3.23908099205594,3.6755918977551048,3.6755918977551048,2.802570086356775,7.1676791433484235,1.4930373692592809,2.802570086356775,4.9851246148526,1.4930373692592809,7.1676791433484235
