,Returns,Standard Deviation,Sharpe Ratio,ADANIPORTS Weight,ASIANPAINT Weight,BAJFINANCE Weight,BAJAJFINSV Weight,BRITANNIA Weight,DIVISLAB Weight,GRASIM Weight,HCLTECH Weight,HDFCBANK Weight,HINDALCO Weight,HINDUNILVR Weight,ICICIBANK Weight,INFY Weight,JSWSTEEL Weight,NESTLEIND Weight,POWERGRID Weight,RELIANCE Weight,TCS Weight,TATACONSUM Weight,TATASTEEL Weight,TECHM Weight,TITAN Weight,UPL Weight,WIPRO Weight
0,7.520623507083089,6.298085190767377,0.6256859644991484,7.072544637464154,0.8355382611183272,1.4025388407861297,3.670541159457339,4.237541739125142,3.1035405797895366,2.536540000121734,7.072544637464154,4.804542318792944,1.9695394204539318,4.237541739125142,2.536540000121734,8.206545796799759,7.072544637464154,8.77354637646756,2.536540000121734,2.536540000121734,2.536540000121734,3.1035405797895366,3.670541159457339,6.50554405779635,3.1035405797895366,0.8355382611183272,7.639545217131956
