,Returns,Standard Deviation,Sharpe Ratio,ADANIPORTS Weight,ASIANPAINT Weight,BAJFINANCE Weight,BAJAJFINSV Weight,BRITANNIA Weight,DIVISLAB Weight,GRASIM Weight,HCLTECH Weight,HDFCBANK Weight,HINDALCO Weight,HINDUNILVR Weight,ICICIBANK Weight,INFY Weight,JSWSTEEL Weight,NESTLEIND Weight,POWERGRID Weight,RELIANCE Weight,TCS Weight,TATACONSUM Weight,TATASTEEL Weight,TECHM Weight,TITAN Weight,UPL Weight,WIPRO Weight
0,11.611306040939299,8.973828709516948,0.8949698396206199,5.3821815678814495,6.411794190086913,6.068589982685092,4.695773153077807,5.038977360479628,2.6365479086668806,1.6069352864614175,6.411794190086913,5.3821815678814495,2.6365479086668806,5.038977360479628,2.2933437012650595,4.695773153077807,2.2933437012650595,5.3821815678814495,4.352568945675986,6.068589982685092,4.009364738274165,5.725385775283271,2.2933437012650595,2.6365479086668806,2.2933437012650595,4.352568945675986,2.2933437012650595
