,Returns,Standard Deviation,Sharpe Ratio,ADANIPORTS Weight,ASIANPAINT Weight,BAJFINANCE Weight,BAJAJFINSV Weight,BRITANNIA Weight,DIVISLAB Weight,GRASIM Weight,HCLTECH Weight,HDFCBANK Weight,HINDALCO Weight,HINDUNILVR Weight,ICICIBANK Weight,INFY Weight,JSWSTEEL Weight,NESTLEIND Weight,POWERGRID Weight,RELIANCE Weight,TCS Weight,TATACONSUM Weight,TATASTEEL Weight,TECHM Weight,TITAN Weight,UPL Weight,WIPRO Weight
0,14.19881781201671,4.485213605870179,2.3675166324562475,4.166699265924664,4.166894861472644,4.1665036703766845,4.166960059988637,4.166242876312713,4.166634067408672,4.166699265924664,4.166242876312713,4.166894861472644,4.167025258504631,4.167090457020623,4.166242876312713,4.166634067408672,4.166308074828706,4.166699265924664,4.166960059988637,4.166764464440658,4.167090457020623,4.1665036703766845,4.166960059988637,4.166242876312713,4.166438471860691,4.166438471860691,4.166829662956651
