,Returns,Standard Deviation,Sharpe Ratio,ADANIPORTS Weight,ASIANPAINT Weight,BAJFINANCE Weight,BAJAJFINSV Weight,BRITANNIA Weight,DIVISLAB Weight,GRASIM Weight,HCLTECH Weight,HDFCBANK Weight,HINDALCO Weight,HINDUNILVR Weight,ICICIBANK Weight,INFY Weight,JSWSTEEL Weight,NESTLEIND Weight,POWERGRID Weight,RELIANCE Weight,TCS Weight,TATACONSUM Weight,TATASTEEL Weight,TECHM Weight,TITAN Weight,UPL Weight,WIPRO Weight
0,12.188581968861364,4.928123487489122,1.746827568488434,4.874484467545099,3.5677439120772223,2.2610033566093457,4.003324097233182,4.874484467545099,6.616805208168937,6.181225023012977,0.9542628011414681,5.745644837857018,3.5677439120772223,4.003324097233182,5.310064652701058,6.181225023012977,3.132163726921264,2.2610033566093457,0.9542628011414681,6.616805208168937,2.696583541765305,5.310064652701058,6.181225023012977,3.132163726921264,3.132163726921264,2.696583541765305,5.745644837857018
