,Returns,Standard Deviation,Sharpe Ratio,ADANIPORTS Weight,ASIANPAINT Weight,BAJFINANCE Weight,BAJAJFINSV Weight,BRITANNIA Weight,DIVISLAB Weight,GRASIM Weight,HCLTECH Weight,HDFCBANK Weight,HINDALCO Weight,HINDUNILVR Weight,ICICIBANK Weight,INFY Weight,JSWSTEEL Weight,NESTLEIND Weight,POWERGRID Weight,RELIANCE Weight,TCS Weight,TATACONSUM Weight,TATASTEEL Weight,TECHM Weight,TITAN Weight,UPL Weight,WIPRO Weight
0,-2.2280939377299074,7.739938465862189,-0.7504056993924583,6.2713979901510255,6.2713979901510255,2.827292188085709,5.123362722795921,6.2713979901510255,4.740684300344219,0.9139000758271988,3.975327455440815,5.123362722795921,2.4446137656340077,2.0619353431823053,6.2713979901510255,6.2713979901510255,4.358005877892518,0.9139000758271988,3.975327455440815,1.2965784982789008,6.2713979901510255,5.123362722795921,2.4446137656340077,5.506041145247623,3.5926490329891125,3.975327455440815,3.975327455440815
