,Returns,Standard Deviation,Sharpe Ratio,ADANIPORTS Weight,ASIANPAINT Weight,BAJFINANCE Weight,BAJAJFINSV Weight,BRITANNIA Weight,DIVISLAB Weight,GRASIM Weight,HCLTECH Weight,HDFCBANK Weight,HINDALCO Weight,HINDUNILVR Weight,ICICIBANK Weight,INFY Weight,JSWSTEEL Weight,NESTLEIND Weight,POWERGRID Weight,RELIANCE Weight,TCS Weight,TATACONSUM Weight,TATASTEEL Weight,TECHM Weight,TITAN Weight,UPL Weight,WIPRO Weight
0,13.757781550296071,6.753965655651281,1.5069341582718834,1.0207769889371725,3.380194247234294,5.739611505531414,5.739611505531414,5.739611505531414,5.739611505531414,2.200485618085733,2.9869580375181064,4.5599028763828535,4.953139086099041,4.5599028763828535,4.166666666666666,2.59372182780192,5.739611505531414,6.1328477152476015,3.77343045695048,3.380194247234294,4.5599028763828535,2.200485618085733,4.5599028763828535,4.953139086099041,3.77343045695048,2.59372182780192,4.953139086099041
