,Returns,Standard Deviation,Sharpe Ratio,ADANIPORTS Weight,ASIANPAINT Weight,BAJFINANCE Weight,BAJAJFINSV Weight,BRITANNIA Weight,DIVISLAB Weight,GRASIM Weight,HCLTECH Weight,HDFCBANK Weight,HINDALCO Weight,HINDUNILVR Weight,ICICIBANK Weight,INFY Weight,JSWSTEEL Weight,NESTLEIND Weight,POWERGRID Weight,RELIANCE Weight,TCS Weight,TATACONSUM Weight,TATASTEEL Weight,TECHM Weight,TITAN Weight,UPL Weight,WIPRO Weight
0,13.33716879383185,4.727171032134328,2.0640608785898884,4.992428203742899,4.2301867849032995,3.4679453660637,5.754669622582498,5.373548913162699,4.992428203742899,6.135790332002298,5.373548913162699,2.7057039472241016,3.0868246566439006,1.5623418189647023,1.1812211095449026,6.135790332002298,6.516911041422098,1.1812211095449026,1.1812211095449026,6.516911041422098,6.135790332002298,5.754669622582498,5.373548913162699,3.8490660754835004,1.1812211095449026,3.0868246566439006,4.2301867849032995
