,Returns,Standard Deviation,Sharpe Ratio,ADANIPORTS Weight,ASIANPAINT Weight,BAJFINANCE Weight,BAJAJFINSV Weight,BRITANNIA Weight,DIVISLAB Weight,GRASIM Weight,HCLTECH Weight,HDFCBANK Weight,HINDALCO Weight,HINDUNILVR Weight,ICICIBANK Weight,INFY Weight,JSWSTEEL Weight,NESTLEIND Weight,POWERGRID Weight,RELIANCE Weight,TCS Weight,TATACONSUM Weight,TATASTEEL Weight,TECHM Weight,TITAN Weight,UPL Weight,WIPRO Weight
0,15.16746829855088,5.762558073037459,2.0108202211041832,7.344293000379186,7.344293000379186,6.472715491703751,2.9864054570020144,2.550616702664297,1.6790391939888634,3.8579829656774485,2.550616702664297,5.601137983028316,1.243250439651146,1.6790391939888634,2.550616702664297,2.11482794832658,6.036926737366034,5.601137983028316,2.550616702664297,6.908504246041469,5.1653492286906,4.293771720015166,7.344293000379186,1.6790391939888634,5.601137983028316,2.9864054570020144,3.8579829656774485
