,Returns,Standard Deviation,Sharpe Ratio,ADANIPORTS Weight,ASIANPAINT Weight,BAJFINANCE Weight,BAJAJFINSV Weight,BRITANNIA Weight,DIVISLAB Weight,GRASIM Weight,HCLTECH Weight,HDFCBANK Weight,HINDALCO Weight,HINDUNILVR Weight,ICICIBANK Weight,INFY Weight,JSWSTEEL Weight,NESTLEIND Weight,POWERGRID Weight,RELIANCE Weight,TCS Weight,TATACONSUM Weight,TATASTEEL Weight,TECHM Weight,TITAN Weight,UPL Weight,WIPRO Weight
0,12.45000718087727,4.954602631714905,1.7902560185350629,5.454909639817513,5.846274593686126,5.846274593686126,5.0635446859489015,5.454909639817513,1.5412601011313949,5.0635446859489015,2.7153549627372304,5.0635446859489015,3.1067199166058432,1.5412601011313949,6.629004501423349,3.4980848704744547,1.9326250550000066,5.0635446859489015,2.323990008868619,4.6721797320802905,6.629004501423349,1.9326250550000066,3.8894498243430666,5.846274593686126,4.2808147782116786,2.323990008868619,4.2808147782116786
