,Returns,Standard Deviation,Sharpe Ratio,ADANIPORTS Weight,ASIANPAINT Weight,BAJFINANCE Weight,BAJAJFINSV Weight,BRITANNIA Weight,DIVISLAB Weight,GRASIM Weight,HCLTECH Weight,HDFCBANK Weight,HINDALCO Weight,HINDUNILVR Weight,ICICIBANK Weight,INFY Weight,JSWSTEEL Weight,NESTLEIND Weight,POWERGRID Weight,RELIANCE Weight,TCS Weight,TATACONSUM Weight,TATASTEEL Weight,TECHM Weight,TITAN Weight,UPL Weight,WIPRO Weight
0,18.844045567618277,6.839388767276155,2.2317850449810464,2.4253811431952808,2.4253811431952808,1.0087420732524583,5.966978818052336,1.7170616082238694,1.7170616082238694,1.0087420732524583,7.383617887995158,3.133700678166692,1.0087420732524583,5.258659283080926,5.258659283080926,3.8420202131381025,3.133700678166692,6.675298353023748,9.508576492909393,9.508576492909393,1.7170616082238694,5.966978818052336,1.0087420732524583,3.8420202131381025,8.800256957937982,3.133700678166692,4.550339748109514
