,Returns,Standard Deviation,Sharpe Ratio,ADANIPORTS Weight,ASIANPAINT Weight,BAJFINANCE Weight,BAJAJFINSV Weight,BRITANNIA Weight,DIVISLAB Weight,GRASIM Weight,HCLTECH Weight,HDFCBANK Weight,HINDALCO Weight,HINDUNILVR Weight,ICICIBANK Weight,INFY Weight,JSWSTEEL Weight,NESTLEIND Weight,POWERGRID Weight,RELIANCE Weight,TCS Weight,TATACONSUM Weight,TATASTEEL Weight,TECHM Weight,TITAN Weight,UPL Weight,WIPRO Weight
0,11.001547412538079,9.558034917209383,0.776472096704258,1.4315698351560686,3.174286400366361,8.402436095997237,0.8506643134193044,3.174286400366361,2.012475356892833,0.8506643134193044,3.174286400366361,3.174286400366361,1.4315698351560686,3.174286400366361,6.078814009050181,4.917002965576653,8.402436095997237,3.174286400366361,6.078814009050181,4.917002965576653,8.402436095997237,6.659719530786947,1.4315698351560686,3.7551919221031245,5.497908487313417,0.8506643134193044,8.983341617734004
