,Returns,Standard Deviation,Sharpe Ratio,ADANIPORTS Weight,ASIANPAINT Weight,BAJFINANCE Weight,BAJAJFINSV Weight,BRITANNIA Weight,DIVISLAB Weight,GRASIM Weight,HCLTECH Weight,HDFCBANK Weight,HINDALCO Weight,HINDUNILVR Weight,ICICIBANK Weight,INFY Weight,JSWSTEEL Weight,NESTLEIND Weight,POWERGRID Weight,RELIANCE Weight,TCS Weight,TATACONSUM Weight,TATASTEEL Weight,TECHM Weight,TITAN Weight,UPL Weight,WIPRO Weight
0,7.030200567198057,6.118076395035763,0.5639355157443877,4.498326029446707,4.917264171905705,6.174078599282704,4.498326029446707,6.593016741741703,1.9846971746927102,4.917264171905705,6.174078599282704,1.1468208897747116,4.079387886987707,6.174078599282704,5.755140456823704,5.336202314364705,2.822573459610709,4.498326029446707,2.4036353171517097,3.660449744528708,4.917264171905705,4.498326029446707,0.7278827473157122,6.174078599282704,2.822573459610709,2.4036353171517097,2.822573459610709
