,Returns,Standard Deviation,Sharpe Ratio,ADANIPORTS Weight,ASIANPAINT Weight,BAJFINANCE Weight,BAJAJFINSV Weight,BRITANNIA Weight,DIVISLAB Weight,GRASIM Weight,HCLTECH Weight,HDFCBANK Weight,HINDALCO Weight,HINDUNILVR Weight,ICICIBANK Weight,INFY Weight,JSWSTEEL Weight,NESTLEIND Weight,POWERGRID Weight,RELIANCE Weight,TCS Weight,TATACONSUM Weight,TATASTEEL Weight,TECHM Weight,TITAN Weight,UPL Weight,WIPRO Weight
0,7.2023135557270415,6.142697234839402,0.5896943015817945,0.6816938526544549,6.579340153290506,6.043190489596317,7.115489816984691,1.7539931800428277,4.970891162207946,0.6816938526544549,6.043190489596317,2.8262925074312,3.362442171125387,5.507040825902131,6.043190489596317,2.290142843737014,3.8985918348195723,5.507040825902131,1.7539931800428277,3.362442171125387,7.115489816984691,1.2178435163486414,1.7539931800428277,4.43474149851376,8.187789144373063,5.507040825902131,3.362442171125387
