,Returns,Standard Deviation,Sharpe Ratio,ADANIPORTS Weight,ASIANPAINT Weight,BAJFINANCE Weight,BAJAJFINSV Weight,BRITANNIA Weight,DIVISLAB Weight,GRASIM Weight,HCLTECH Weight,HDFCBANK Weight,HINDALCO Weight,HINDUNILVR Weight,ICICIBANK Weight,INFY Weight,JSWSTEEL Weight,NESTLEIND Weight,POWERGRID Weight,RELIANCE Weight,TCS Weight,TATACONSUM Weight,TATASTEEL Weight,TECHM Weight,TITAN Weight,UPL Weight,WIPRO Weight
0,14.464110622069928,4.378027069229944,2.4860765933967484,1.5824974926790618,3.663707565689213,3.663707565689213,6.993643682505455,5.328675624097334,3.663707565689213,2.831223536485153,4.912433609495304,4.0799495802912435,1.9987395072810923,6.993643682505455,4.912433609495304,2.831223536485153,5.744917638699365,1.9987395072810923,3.247465551087183,6.161159653301395,6.993643682505455,1.1662554780770316,3.247465551087183,3.247465551087183,6.161159653301395,1.5824974926790618,6.993643682505455
