,Returns,Standard Deviation,Sharpe Ratio,ADANIPORTS Weight,ASIANPAINT Weight,BAJFINANCE Weight,BAJAJFINSV Weight,BRITANNIA Weight,DIVISLAB Weight,GRASIM Weight,HCLTECH Weight,HDFCBANK Weight,HINDALCO Weight,HINDUNILVR Weight,ICICIBANK Weight,INFY Weight,JSWSTEEL Weight,NESTLEIND Weight,POWERGRID Weight,RELIANCE Weight,TCS Weight,TATACONSUM Weight,TATASTEEL Weight,TECHM Weight,TITAN Weight,UPL Weight,WIPRO Weight
0,12.784149744934062,8.852833027517688,1.0396841007081417,3.2704753051486213,5.002710956941891,4.425299073010801,4.569652043993573,4.569652043993573,5.147063927924663,3.8478871890797106,3.7035342180969386,4.280946102028029,3.2704753051486213,4.136593131045256,5.2914168989074355,3.7035342180969386,3.559181247114166,5.2914168989074355,3.8478871890797106,5.2914168989074355,4.280946102028029,3.4148282761313937,3.4148282761313937,4.858357985959119,3.7035342180969386,3.2704753051486213,3.8478871890797106
