,Returns,Standard Deviation,Sharpe Ratio,ADANIPORTS Weight,ASIANPAINT Weight,BAJFINANCE Weight,BAJAJFINSV Weight,BRITANNIA Weight,DIVISLAB Weight,GRASIM Weight,HCLTECH Weight,HDFCBANK Weight,HINDALCO Weight,HINDUNILVR Weight,ICICIBANK Weight,INFY Weight,JSWSTEEL Weight,NESTLEIND Weight,POWERGRID Weight,RELIANCE Weight,TCS Weight,TATACONSUM Weight,TATASTEEL Weight,TECHM Weight,TITAN Weight,UPL Weight,WIPRO Weight
0,11.643683994829484,8.083492427549368,0.9975495204705856,4.034759953405928,4.984488288883243,6.567368848012101,2.7684555061028417,5.301064400709015,6.567368848012101,6.567368848012101,3.085031617928613,5.934216624360557,4.667912177057471,2.1353032824512987,2.451879394277071,4.984488288883243,2.451879394277071,2.451879394277071,2.1353032824512987,5.617640512534786,3.4016077297543847,4.984488288883243,3.085031617928613,4.3513360652317,5.617640512534786,3.4016077297543847,2.451879394277071
