,Returns,Standard Deviation,Sharpe Ratio,ADANIPORTS Weight,ASIANPAINT Weight,BAJFINANCE Weight,BAJAJFINSV Weight,BRITANNIA Weight,DIVISLAB Weight,GRASIM Weight,HCLTECH Weight,HDFCBANK Weight,HINDALCO Weight,HINDUNILVR Weight,ICICIBANK Weight,INFY Weight,JSWSTEEL Weight,NESTLEIND Weight,POWERGRID Weight,RELIANCE Weight,TCS Weight,TATACONSUM Weight,TATASTEEL Weight,TECHM Weight,TITAN Weight,UPL Weight,WIPRO Weight
0,8.543219860998,9.136646105749994,0.5432211999405868,0.83900831329948,1.3381570663045583,2.8356033253197928,6.828793349360418,4.3330495843350265,3.33475207832487,0.83900831329948,4.3330495843350265,3.833900831329949,5.830495843350261,5.830495843350261,3.33475207832487,7.827090855370574,4.3330495843350265,5.830495843350261,2.8356033253197928,5.830495843350261,6.329644596355339,2.3364545723147145,0.83900831329948,7.827090855370574,7.327942102365497,1.3381570663045583,3.833900831329949
