,Returns,Standard Deviation,Sharpe Ratio,ADANIPORTS Weight,ASIANPAINT Weight,BAJFINANCE Weight,BAJAJFINSV Weight,BRITANNIA Weight,DIVISLAB Weight,GRASIM Weight,HCLTECH Weight,HDFCBANK Weight,HINDALCO Weight,HINDUNILVR Weight,ICICIBANK Weight,INFY Weight,JSWSTEEL Weight,NESTLEIND Weight,POWERGRID Weight,RELIANCE Weight,TCS Weight,TATACONSUM Weight,TATASTEEL Weight,TECHM Weight,TITAN Weight,UPL Weight,WIPRO Weight
0,13.317134576391702,4.895836871702216,1.9888600930868499,1.0981028711540652,4.300082483862868,4.757508142821268,1.5555285301124655,1.5555285301124655,1.0981028711540652,2.9278055069876667,6.129785119696469,3.3852311659460668,2.0129541890708658,7.502062096571669,3.842656824904467,3.842656824904467,6.129785119696469,5.672359460738068,3.3852311659460668,5.672359460738068,3.3852311659460668,6.587210778654868,2.4703798480292654,5.672359460738068,6.129785119696469,3.842656824904467,7.044636437613269
