,Returns,Standard Deviation,Sharpe Ratio,ADANIPORTS Weight,ASIANPAINT Weight,BAJFINANCE Weight,BAJAJFINSV Weight,BRITANNIA Weight,DIVISLAB Weight,GRASIM Weight,HCLTECH Weight,HDFCBANK Weight,HINDALCO Weight,HINDUNILVR Weight,ICICIBANK Weight,INFY Weight,JSWSTEEL Weight,NESTLEIND Weight,POWERGRID Weight,RELIANCE Weight,TCS Weight,TATACONSUM Weight,TATASTEEL Weight,TECHM Weight,TITAN Weight,UPL Weight,WIPRO Weight
0,15.178798605453917,4.509250915998271,2.57222293048781,4.273301387597127,5.296994708529555,3.761454727130914,2.737761406198486,3.761454727130914,6.832534689928195,1.714068085266058,2.737761406198486,2.2259147457322723,5.296994708529555,1.2022214247998442,2.2259147457322723,7.344381350394409,6.320688029461982,5.808841368995768,1.2022214247998442,5.296994708529555,2.737761406198486,7.344381350394409,1.2022214247998442,4.78514804806334,4.78514804806334,3.761454727130914,7.344381350394409
