,Returns,Standard Deviation,Sharpe Ratio,ADANIPORTS Weight,ASIANPAINT Weight,BAJFINANCE Weight,BAJAJFINSV Weight,BRITANNIA Weight,DIVISLAB Weight,GRASIM Weight,HCLTECH Weight,HDFCBANK Weight,HINDALCO Weight,HINDUNILVR Weight,ICICIBANK Weight,INFY Weight,JSWSTEEL Weight,NESTLEIND Weight,POWERGRID Weight,RELIANCE Weight,TCS Weight,TATACONSUM Weight,TATASTEEL Weight,TECHM Weight,TITAN Weight,UPL Weight,WIPRO Weight
0,20.12138868993872,7.335345291597112,2.255025228176708,2.0919832095455884,2.0919832095455884,4.01943106648388,3.376948447504449,4.983154994953027,4.983154994953027,5.946878923422174,4.340672375973596,1.7707419000558726,4.01943106648388,3.698189756994165,4.340672375973596,5.304396304442743,4.983154994953027,3.698189756994165,5.946878923422174,5.625637613932458,4.340672375973596,3.376948447504449,5.304396304442743,4.983154994953027,3.0557071380147343,2.0919832095455884,5.625637613932458
