,Returns,Standard Deviation,Sharpe Ratio,ADANIPORTS Weight,ASIANPAINT Weight,BAJFINANCE Weight,BAJAJFINSV Weight,BRITANNIA Weight,DIVISLAB Weight,GRASIM Weight,HCLTECH Weight,HDFCBANK Weight,HINDALCO Weight,HINDUNILVR Weight,ICICIBANK Weight,INFY Weight,JSWSTEEL Weight,NESTLEIND Weight,POWERGRID Weight,RELIANCE Weight,TCS Weight,TATACONSUM Weight,TATASTEEL Weight,TECHM Weight,TITAN Weight,UPL Weight,WIPRO Weight
0,11.273841553296629,4.871293159901601,1.5794248674313094,6.425048638077733,3.0374756809611343,2.6140290613215598,5.15470877915901,4.307815539879859,5.578155398798584,2.6140290613215598,5.15470877915901,6.425048638077733,2.190582441681985,4.731262159519433,1.76713582204241,4.307815539879859,3.4609223006007097,1.343689202402835,1.76713582204241,6.425048638077733,5.578155398798584,6.425048638077733,0.9202425827632601,4.731262159519433,6.425048638077733,4.731262159519433,3.8843689202402847
