,Returns,Standard Deviation,Sharpe Ratio,ADANIPORTS Weight,ASIANPAINT Weight,BAJFINANCE Weight,BAJAJFINSV Weight,BRITANNIA Weight,DIVISLAB Weight,GRASIM Weight,HCLTECH Weight,HDFCBANK Weight,HINDALCO Weight,HINDUNILVR Weight,ICICIBANK Weight,INFY Weight,JSWSTEEL Weight,NESTLEIND Weight,POWERGRID Weight,RELIANCE Weight,TCS Weight,TATACONSUM Weight,TATASTEEL Weight,TECHM Weight,TITAN Weight,UPL Weight,WIPRO Weight
0,19.152791989901257,8.145012395180204,1.9119420860693135,4.612050090520849,2.011973886399139,5.767639514574941,4.0342553784938024,4.323152734507325,5.189844802547895,4.612050090520849,5.767639514574941,5.189844802547895,3.745358022480278,3.745358022480278,2.3008712424126623,5.478742158561417,4.0342553784938024,2.589768598426186,2.8786659544397084,4.900947446534372,4.900947446534372,5.478742158561417,2.8786659544397084,2.3008712424126623,5.767639514574941,4.612050090520849,2.8786659544397084
