,Returns,Standard Deviation,Sharpe Ratio,ADANIPORTS Weight,ASIANPAINT Weight,BAJFINANCE Weight,BAJAJFINSV Weight,BRITANNIA Weight,DIVISLAB Weight,GRASIM Weight,HCLTECH Weight,HDFCBANK Weight,HINDALCO Weight,HINDUNILVR Weight,ICICIBANK Weight,INFY Weight,JSWSTEEL Weight,NESTLEIND Weight,POWERGRID Weight,RELIANCE Weight,TCS Weight,TATACONSUM Weight,TATASTEEL Weight,TECHM Weight,TITAN Weight,UPL Weight,WIPRO Weight
0,21.264165875787246,6.498623834617098,2.721217033918259,5.68989011038019,7.192247479522298,3.6867469515240487,4.68831853095212,7.6930332692363335,6.190675900094226,3.1859611618100128,1.6836037926679062,6.190675900094226,2.1843895823819417,1.1828180029538706,3.1859611618100128,0.682032213239835,4.187532741238084,6.6914616898082615,2.6851753720959772,5.68989011038019,7.192247479522298,4.187532741238084,0.682032213239835,4.187532741238084,3.6867469515240487,5.68989011038019,1.6836037926679062
