,Returns,Standard Deviation,Sharpe Ratio,ADANIPORTS Weight,ASIANPAINT Weight,BAJFINANCE Weight,BAJAJFINSV Weight,BRITANNIA Weight,DIVISLAB Weight,GRASIM Weight,HCLTECH Weight,HDFCBANK Weight,HINDALCO Weight,HINDUNILVR Weight,ICICIBANK Weight,INFY Weight,JSWSTEEL Weight,NESTLEIND Weight,POWERGRID Weight,RELIANCE Weight,TCS Weight,TATACONSUM Weight,TATASTEEL Weight,TECHM Weight,TITAN Weight,UPL Weight,WIPRO Weight
0,22.316147047078637,7.175957726693041,2.610961179074975,6.33029399813754,2.950426450751085,3.564947823003168,6.023033312011498,3.564947823003168,5.101251253633374,2.335905078499002,2.950426450751085,2.950426450751085,2.028644392372961,5.408511939759416,2.6431657646250435,4.793990567507333,5.408511939759416,6.33029399813754,3.2576871368771263,5.715772625885457,4.179469195255249,5.408511939759416,2.028644392372961,6.023033312011498,5.715772625885457,2.028644392372961,3.2576871368771263
