,Returns,Standard Deviation,Sharpe Ratio,ADANIPORTS Weight,ASIANPAINT Weight,BAJFINANCE Weight,BAJAJFINSV Weight,BRITANNIA Weight,DIVISLAB Weight,GRASIM Weight,HCLTECH Weight,HDFCBANK Weight,HINDALCO Weight,HINDUNILVR Weight,ICICIBANK Weight,INFY Weight,JSWSTEEL Weight,NESTLEIND Weight,POWERGRID Weight,RELIANCE Weight,TCS Weight,TATACONSUM Weight,TATASTEEL Weight,TECHM Weight,TITAN Weight,UPL Weight,WIPRO Weight
0,10.080001263795417,6.749381951875574,0.9630513297575554,6.8916399840114755,4.083078528097808,6.490416918880953,2.478186267575711,3.2806323978367593,5.2867477234893805,2.478186267575711,2.076963202445187,3.2806323978367593,3.6818554629672837,4.885524658358856,1.6757401373146625,2.478186267575711,2.478186267575711,4.484301593228332,4.083078528097808,4.885524658358856,5.2867477234893805,5.6879707886199045,6.8916399840114755,4.885524658358856,4.083078528097808,4.083078528097808,4.083078528097808
