,Returns,Standard Deviation,Sharpe Ratio,ADANIPORTS Weight,ASIANPAINT Weight,BAJFINANCE Weight,BAJAJFINSV Weight,BRITANNIA Weight,DIVISLAB Weight,GRASIM Weight,HCLTECH Weight,HDFCBANK Weight,HINDALCO Weight,HINDUNILVR Weight,ICICIBANK Weight,INFY Weight,JSWSTEEL Weight,NESTLEIND Weight,POWERGRID Weight,RELIANCE Weight,TCS Weight,TATACONSUM Weight,TATASTEEL Weight,TECHM Weight,TITAN Weight,UPL Weight,WIPRO Weight
0,15.15646628755358,4.401627824072421,2.6300420549511476,3.1937435325719217,3.385138247475805,5.2990853965146485,3.002348817668037,3.385138247475805,5.490480111418532,4.91629596670688,3.385138247475805,3.959322392187458,4.91629596670688,4.724901251802995,3.5765329623796895,5.2990853965146485,4.91629596670688,5.107690681610764,3.1937435325719217,3.5765329623796895,2.8109541027641525,5.107690681610764,5.107690681610764,4.533506536899112,2.8109541027641525,3.7679276772835744,4.533506536899112
