,Returns,Standard Deviation,Sharpe Ratio,ADANIPORTS Weight,ASIANPAINT Weight,BAJFINANCE Weight,BAJAJFINSV Weight,BRITANNIA Weight,DIVISLAB Weight,GRASIM Weight,HCLTECH Weight,HDFCBANK Weight,HINDALCO Weight,HINDUNILVR Weight,ICICIBANK Weight,INFY Weight,JSWSTEEL Weight,NESTLEIND Weight,POWERGRID Weight,RELIANCE Weight,TCS Weight,TATACONSUM Weight,TATASTEEL Weight,TECHM Weight,TITAN Weight,UPL Weight,WIPRO Weight
0,7.668238087357921,9.220845092055486,0.4433691322805404,2.995129119522704,6.023103087525559,6.888238506954947,3.427696829237398,1.697425990378623,4.292832248666785,7.32080621666964,3.8602645389520913,6.455670797240254,1.2648582806639295,1.2648582806639295,5.590535377810865,6.023103087525559,1.2648582806639295,5.590535377810865,5.157967668096172,3.8602645389520913,5.157967668096172,6.023103087525559,2.129993700093317,2.129993700093317,4.7253999583814785,3.427696829237398,3.427696829237398
