,Returns,Standard Deviation,Sharpe Ratio,ADANIPORTS Weight,ASIANPAINT Weight,BAJFINANCE Weight,BAJAJFINSV Weight,BRITANNIA Weight,DIVISLAB Weight,GRASIM Weight,HCLTECH Weight,HDFCBANK Weight,HINDALCO Weight,HINDUNILVR Weight,ICICIBANK Weight,INFY Weight,JSWSTEEL Weight,NESTLEIND Weight,POWERGRID Weight,RELIANCE Weight,TCS Weight,TATACONSUM Weight,TATASTEEL Weight,TECHM Weight,TITAN Weight,UPL Weight,WIPRO Weight
0,-4.787392476605575,7.390138595380358,-1.1322375580122555,0.5632459915207764,2.46395140258674,6.740538577485157,5.790185871952176,4.364656813652705,6.740538577485157,6.265362224718668,4.8398331664191945,7.215714930251648,1.0384223442872673,4.8398331664191945,1.9887750498202488,6.265362224718668,2.939127755353231,4.364656813652705,1.0384223442872673,6.265362224718668,3.4143041081197216,5.790185871952176,1.9887750498202488,1.9887750498202488,3.4143041081197216,6.265362224718668,3.4143041081197216
