,Returns,Standard Deviation,Sharpe Ratio,ADANIPORTS Weight,ASIANPAINT Weight,BAJFINANCE Weight,BAJAJFINSV Weight,BRITANNIA Weight,DIVISLAB Weight,GRASIM Weight,HCLTECH Weight,HDFCBANK Weight,HINDALCO Weight,HINDUNILVR Weight,ICICIBANK Weight,INFY Weight,JSWSTEEL Weight,NESTLEIND Weight,POWERGRID Weight,RELIANCE Weight,TCS Weight,TATACONSUM Weight,TATASTEEL Weight,TECHM Weight,TITAN Weight,UPL Weight,WIPRO Weight
0,10.571774102416764,9.776980587927607,0.7151261107186861,3.6358764889721886,5.279613813445413,5.690548144563719,4.046810820090496,4.868679482327107,5.690548144563719,2.8140078267355775,3.6358764889721886,3.2249421578538837,4.868679482327107,5.690548144563719,4.457745151208801,6.512416806800332,3.2249421578538837,4.046810820090496,2.8140078267355775,1.9921391644989652,2.403073495617271,5.279613813445413,4.868679482327107,4.457745151208801,6.512416806800332,1.5812048333806588,2.403073495617271
