,Returns,Standard Deviation,Sharpe Ratio,ADANIPORTS Weight,ASIANPAINT Weight,BAJFINANCE Weight,BAJAJFINSV Weight,BRITANNIA Weight,DIVISLAB Weight,GRASIM Weight,HCLTECH Weight,HDFCBANK Weight,HINDALCO Weight,HINDUNILVR Weight,ICICIBANK Weight,INFY Weight,JSWSTEEL Weight,NESTLEIND Weight,POWERGRID Weight,RELIANCE Weight,TCS Weight,TATACONSUM Weight,TATASTEEL Weight,TECHM Weight,TITAN Weight,UPL Weight,WIPRO Weight
0,16.249286961081395,5.660581538755838,2.2381599618943087,2.684605072303187,0.7875662315179327,5.530163333481067,6.478682753873693,5.055903623284753,6.952942464070007,4.107384202892127,1.2618259417142463,5.530163333481067,0.7875662315179327,5.530163333481067,4.107384202892127,3.1588647824995,7.427202174266322,4.581643913088441,6.478682753873693,0.7875662315179327,2.210345362106873,5.530163333481067,6.952942464070007,0.7875662315179327,7.427202174266322,1.7360856519105599,4.107384202892127
