,Returns,Standard Deviation,Sharpe Ratio,ADANIPORTS Weight,ASIANPAINT Weight,BAJFINANCE Weight,BAJAJFINSV Weight,BRITANNIA Weight,DIVISLAB Weight,GRASIM Weight,HCLTECH Weight,HDFCBANK Weight,HINDALCO Weight,HINDUNILVR Weight,ICICIBANK Weight,INFY Weight,JSWSTEEL Weight,NESTLEIND Weight,POWERGRID Weight,RELIANCE Weight,TCS Weight,TATACONSUM Weight,TATASTEEL Weight,TECHM Weight,TITAN Weight,UPL Weight,WIPRO Weight
0,13.464552712963876,4.043977443724036,2.444265046112954,5.621644544175222,4.51892446858979,3.7837777515328366,1.9459109588904493,6.356791261232178,5.254071185646746,4.51892446858979,1.9459109588904493,3.7837777515328366,3.416204393004358,6.724364619760653,4.151351110061312,3.0486310344758807,2.681057675947404,4.51892446858979,5.621644544175222,6.356791261232178,2.313484317418927,5.254071185646746,2.313484317418927,6.724364619760653,1.9459109588904493,1.9459109588904493,5.254071185646746
