,Returns,Standard Deviation,Sharpe Ratio,ADANIPORTS Weight,ASIANPAINT Weight,BAJFINANCE Weight,BAJAJFINSV Weight,BRITANNIA Weight,DIVISLAB Weight,GRASIM Weight,HCLTECH Weight,HDFCBANK Weight,HINDALCO Weight,HINDUNILVR Weight,ICICIBANK Weight,INFY Weight,JSWSTEEL Weight,NESTLEIND Weight,POWERGRID Weight,RELIANCE Weight,TCS Weight,TATACONSUM Weight,TATASTEEL Weight,TECHM Weight,TITAN Weight,UPL Weight,WIPRO Weight
0,15.408508310885585,5.227691155890279,2.262663948224612,2.3486604767488055,3.925726087279962,4.4514146241236805,7.605545845185993,6.5541687714985555,0.7715948662176498,3.4000375504362434,0.7715948662176498,0.7715948662176498,7.079857308342276,1.822971939905087,6.5541687714985555,6.5541687714985555,6.028480234654837,5.502791697811118,1.2972834030613685,2.8743490135925245,5.502791697811118,8.131234382029714,2.3486604767488055,2.3486604767488055,6.5541687714985555,0.7715948662176498,6.028480234654837
