,Returns,Standard Deviation,Sharpe Ratio,ADANIPORTS Weight,ASIANPAINT Weight,BAJFINANCE Weight,BAJAJFINSV Weight,BRITANNIA Weight,DIVISLAB Weight,GRASIM Weight,HCLTECH Weight,HDFCBANK Weight,HINDALCO Weight,HINDUNILVR Weight,ICICIBANK Weight,INFY Weight,JSWSTEEL Weight,NESTLEIND Weight,POWERGRID Weight,RELIANCE Weight,TCS Weight,TATACONSUM Weight,TATASTEEL Weight,TECHM Weight,TITAN Weight,UPL Weight,WIPRO Weight
0,9.213671480839881,6.3765879155487415,0.8834931087678846,3.403055989757213,2.3558184899956784,2.3558184899956784,8.11562473868412,0.7849622403533763,8.11562473868412,4.4502934895187485,3.403055989757213,5.497530989280283,1.8321997401149113,3.926674739637981,8.11562473868412,1.8321997401149113,6.021149739161051,7.592005988803353,2.8794372398764456,1.3085809902341434,2.8794372398764456,2.3558184899956784,2.3558184899956784,7.592005988803353,7.592005988803353,1.8321997401149113,3.403055989757213
