,Returns,Standard Deviation,Sharpe Ratio,ADANIPORTS Weight,ASIANPAINT Weight,BAJFINANCE Weight,BAJAJFINSV Weight,BRITANNIA Weight,DIVISLAB Weight,GRASIM Weight,HCLTECH Weight,HDFCBANK Weight,HINDALCO Weight,HINDUNILVR Weight,ICICIBANK Weight,INFY Weight,JSWSTEEL Weight,NESTLEIND Weight,POWERGRID Weight,RELIANCE Weight,TCS Weight,TATACONSUM Weight,TATASTEEL Weight,TECHM Weight,TITAN Weight,UPL Weight,WIPRO Weight
0,22.308732057630294,7.995959208786607,2.342274587525365,5.358795983130834,2.03192347206804,6.024170485343394,2.3646107231743194,5.358795983130834,2.03192347206804,4.360734229811997,3.695359727599438,2.03192347206804,4.028046978705717,6.689544987555954,4.693421480918277,5.026108732024556,2.6972979742805983,6.356857736449673,4.360734229811997,6.689544987555954,5.691483234237114,2.3646107231743194,3.362672476493158,2.03192347206804,2.03192347206804,6.689544987555954,4.028046978705717
