,Returns,Standard Deviation,Sharpe Ratio,ADANIPORTS Weight,ASIANPAINT Weight,BAJFINANCE Weight,BAJAJFINSV Weight,BRITANNIA Weight,DIVISLAB Weight,GRASIM Weight,HCLTECH Weight,HDFCBANK Weight,HINDALCO Weight,HINDUNILVR Weight,ICICIBANK Weight,INFY Weight,JSWSTEEL Weight,NESTLEIND Weight,POWERGRID Weight,RELIANCE Weight,TCS Weight,TATACONSUM Weight,TATASTEEL Weight,TECHM Weight,TITAN Weight,UPL Weight,WIPRO Weight
0,8.68388159689921,9.611668403409984,0.5310089136125918,3.2505434122047907,6.268361191608615,1.0949592840592022,4.112777063463026,2.819426586575674,7.130594842866851,1.52607610968832,4.112777063463026,1.957192935317438,1.957192935317438,7.130594842866851,3.2505434122047907,1.0949592840592022,2.3883097609465556,2.819426586575674,5.406127540350381,5.837244365979498,4.975010714721264,3.2505434122047907,5.406127540350381,7.130594842866851,6.268361191608615,3.6816602378339085,7.130594842866851
