,Returns,Standard Deviation,Sharpe Ratio,ADANIPORTS Weight,ASIANPAINT Weight,BAJFINANCE Weight,BAJAJFINSV Weight,BRITANNIA Weight,DIVISLAB Weight,GRASIM Weight,HCLTECH Weight,HDFCBANK Weight,HINDALCO Weight,HINDUNILVR Weight,ICICIBANK Weight,INFY Weight,JSWSTEEL Weight,NESTLEIND Weight,POWERGRID Weight,RELIANCE Weight,TCS Weight,TATACONSUM Weight,TATASTEEL Weight,TECHM Weight,TITAN Weight,UPL Weight,WIPRO Weight
0,14.716306759901743,9.742095510917567,1.1431120488832962,3.5934041457055748,3.102036270596066,4.576139895924591,7.524347146581639,2.6106683954865586,3.5934041457055748,4.084772020815082,7.524347146581639,7.032979271472131,2.6106683954865586,6.541611396362623,1.1365647701580344,3.5934041457055748,3.5934041457055748,6.0502435212531145,4.576139895924591,2.1193005203770503,5.5588756461436075,5.5588756461436075,2.6106683954865586,5.067507771034099,1.1365647701580344,3.102036270596066,3.102036270596066
