,Returns,Standard Deviation,Sharpe Ratio,ADANIPORTS Weight,ASIANPAINT Weight,BAJFINANCE Weight,BAJAJFINSV Weight,BRITANNIA Weight,DIVISLAB Weight,GRASIM Weight,HCLTECH Weight,HDFCBANK Weight,HINDALCO Weight,HINDUNILVR Weight,ICICIBANK Weight,INFY Weight,JSWSTEEL Weight,NESTLEIND Weight,POWERGRID Weight,RELIANCE Weight,TCS Weight,TATACONSUM Weight,TATASTEEL Weight,TECHM Weight,TITAN Weight,UPL Weight,WIPRO Weight
0,18.984203393359728,7.71151290505651,1.9975591797634222,5.790202008291444,4.697729628880379,6.154359468095132,5.061887088684067,1.7844699504508712,6.518516927898819,6.518516927898819,3.2410997896656255,1.4203124906471825,3.2410997896656255,1.4203124906471825,5.790202008291444,2.876942329861936,4.697729628880379,4.697729628880379,3.9694147092730017,4.333572169076691,4.697729628880379,4.333572169076691,5.426044548487756,3.605257249469313,3.605257249469313,2.512784870058248,3.605257249469313
