,Returns,Standard Deviation,Sharpe Ratio,ADANIPORTS Weight,ASIANPAINT Weight,BAJFINANCE Weight,BAJAJFINSV Weight,BRITANNIA Weight,DIVISLAB Weight,GRASIM Weight,HCLTECH Weight,HDFCBANK Weight,HINDALCO Weight,HINDUNILVR Weight,ICICIBANK Weight,INFY Weight,JSWSTEEL Weight,NESTLEIND Weight,POWERGRID Weight,RELIANCE Weight,TCS Weight,TATACONSUM Weight,TATASTEEL Weight,TECHM Weight,TITAN Weight,UPL Weight,WIPRO Weight
0,-3.5702756804362017,7.34239920171051,-0.9738336862384778,2.4523750255306007,3.443772601127362,6.913664115716026,1.9566762377322207,2.948073813328981,7.905061691312786,6.913664115716026,7.409362903514404,1.46097744993384,4.930868964522503,7.905061691312786,4.930868964522503,6.913664115716026,3.443772601127362,3.443772601127362,0.9652786621354594,3.939471388925743,5.426567752320884,3.939471388925743,0.9652786621354594,0.9652786621354594,2.948073813328981,3.443772601127362,4.435170176724122
