,Returns,Standard Deviation,Sharpe Ratio,ADANIPORTS Weight,ASIANPAINT Weight,BAJFINANCE Weight,BAJAJFINSV Weight,BRITANNIA Weight,DIVISLAB Weight,GRASIM Weight,HCLTECH Weight,HDFCBANK Weight,HINDALCO Weight,HINDUNILVR Weight,ICICIBANK Weight,INFY Weight,JSWSTEEL Weight,NESTLEIND Weight,POWERGRID Weight,RELIANCE Weight,TCS Weight,TATACONSUM Weight,TATASTEEL Weight,TECHM Weight,TITAN Weight,UPL Weight,WIPRO Weight
0,16.712020467490973,5.776431398166789,2.2733794556373605,6.318790631759677,2.8331420011795885,6.001913483525124,4.73440489058691,6.001913483525124,2.516264852945036,3.1500191494141427,2.516264852945036,2.199387704710482,6.318790631759677,5.6850363352905715,5.6850363352905715,4.100650594117802,3.78377344588325,2.8331420011795885,4.417527742352357,6.318790631759677,2.199387704710482,3.4668962976486957,6.001913483525124,2.199387704710482,5.051282038821463,2.199387704710482,3.4668962976486957
