,Returns,Standard Deviation,Sharpe Ratio,ADANIPORTS Weight,ASIANPAINT Weight,BAJFINANCE Weight,BAJAJFINSV Weight,BRITANNIA Weight,DIVISLAB Weight,GRASIM Weight,HCLTECH Weight,HDFCBANK Weight,HINDALCO Weight,HINDUNILVR Weight,ICICIBANK Weight,INFY Weight,JSWSTEEL Weight,NESTLEIND Weight,POWERGRID Weight,RELIANCE Weight,TCS Weight,TATACONSUM Weight,TATASTEEL Weight,TECHM Weight,TITAN Weight,UPL Weight,WIPRO Weight
0,13.939475491403652,4.96315134150233,2.087277775468332,8.177807575771778,3.31581859503831,6.233011983478391,3.31581859503831,4.77441528925835,3.31581859503831,2.343420798891616,1.857221900818269,6.233011983478391,4.77441528925835,2.8296196969649627,3.802017493111656,4.77441528925835,4.288216391185003,1.3710230027449224,2.8296196969649627,4.77441528925835,4.288216391185003,7.69160867769843,7.205409779625084,4.288216391185003,1.3710230027449224,2.343420798891616,3.802017493111656
