,Returns,Standard Deviation,Sharpe Ratio,ADANIPORTS Weight,ASIANPAINT Weight,BAJFINANCE Weight,BAJAJFINSV Weight,BRITANNIA Weight,DIVISLAB Weight,GRASIM Weight,HCLTECH Weight,HDFCBANK Weight,HINDALCO Weight,HINDUNILVR Weight,ICICIBANK Weight,INFY Weight,JSWSTEEL Weight,NESTLEIND Weight,POWERGRID Weight,RELIANCE Weight,TCS Weight,TATACONSUM Weight,TATASTEEL Weight,TECHM Weight,TITAN Weight,UPL Weight,WIPRO Weight
0,9.767073766175123,9.498317798822487,0.6513862662020151,1.1209665161860052,6.678033457413878,3.685766642906562,7.1055001452006366,6.678033457413878,1.5484332039727646,1.9758998917595239,5.3956333940536,5.3956333940536,4.968166706266841,5.3956333940536,2.8308332673330434,1.9758998917595239,4.968166706266841,4.113233330693322,2.8308332673330434,5.82310008184036,6.250566769627121,3.685766642906562,3.685766642906562,5.3956333940536,4.54070001848008,1.5484332039727646,2.4033665795462835
