,Returns,Standard Deviation,Sharpe Ratio,ADANIPORTS Weight,ASIANPAINT Weight,BAJFINANCE Weight,BAJAJFINSV Weight,BRITANNIA Weight,DIVISLAB Weight,GRASIM Weight,HCLTECH Weight,HDFCBANK Weight,HINDALCO Weight,HINDUNILVR Weight,ICICIBANK Weight,INFY Weight,JSWSTEEL Weight,NESTLEIND Weight,POWERGRID Weight,RELIANCE Weight,TCS Weight,TATACONSUM Weight,TATASTEEL Weight,TECHM Weight,TITAN Weight,UPL Weight,WIPRO Weight
0,10.715149812818826,9.711776359365446,0.7346904982977827,2.927421341548095,3.1076752070198874,5.090467727209601,5.450975458153185,3.2879290724916808,4.008944534378848,3.6484368034352643,3.1076752070198874,4.91021386173781,3.468182937963472,5.450975458153185,2.927421341548095,5.270721592681394,2.927421341548095,5.270721592681394,4.729959996266017,3.1076752070198874,3.6484368034352643,5.450975458153185,4.549706130794226,5.090467727209601,4.369452265322433,4.729959996266017,3.468182937963472
