,Returns,Standard Deviation,Sharpe Ratio,ADANIPORTS Weight,ASIANPAINT Weight,BAJFINANCE Weight,BAJAJFINSV Weight,BRITANNIA Weight,DIVISLAB Weight,GRASIM Weight,HCLTECH Weight,HDFCBANK Weight,HINDALCO Weight,HINDUNILVR Weight,ICICIBANK Weight,INFY Weight,JSWSTEEL Weight,NESTLEIND Weight,POWERGRID Weight,RELIANCE Weight,TCS Weight,TATACONSUM Weight,TATASTEEL Weight,TECHM Weight,TITAN Weight,UPL Weight,WIPRO Weight
0,9.622459234431846,6.953173309239381,0.8690218071226015,4.7708138658472325,2.505261868920109,2.505261868920109,5.223924265232658,3.864593067076384,2.505261868920109,6.130145064003508,1.1459306707638346,6.583255463388932,4.7708138658472325,1.1459306707638346,3.864593067076384,3.864593067076384,5.677034664618083,3.4114826676909593,3.864593067076384,1.1459306707638346,5.223924265232658,7.4894762621597835,7.036365862774358,5.677034664618083,6.130145064003508,1.5990410701492592,3.864593067076384
