,Returns,Standard Deviation,Sharpe Ratio,ADANIPORTS Weight,ASIANPAINT Weight,BAJFINANCE Weight,BAJAJFINSV Weight,BRITANNIA Weight,DIVISLAB Weight,GRASIM Weight,HCLTECH Weight,HDFCBANK Weight,HINDALCO Weight,HINDUNILVR Weight,ICICIBANK Weight,INFY Weight,JSWSTEEL Weight,NESTLEIND Weight,POWERGRID Weight,RELIANCE Weight,TCS Weight,TATACONSUM Weight,TATASTEEL Weight,TECHM Weight,TITAN Weight,UPL Weight,WIPRO Weight
0,13.554681425264944,4.441658753264749,2.2457108885128245,4.7834045186090375,4.7834045186090375,5.505439076980594,1.173231726751254,5.144421797794816,6.22747363535215,5.144421797794816,6.22747363535215,1.173231726751254,1.173231726751254,2.9783181226801463,3.7003526810517022,3.7003526810517022,1.173231726751254,5.866456356166372,3.3393354018659247,3.3393354018659247,5.505439076980594,5.144421797794816,4.061369960237481,5.866456356166372,6.22747363535215,4.4223872394232595,3.3393354018659247
