,Returns,Standard Deviation,Sharpe Ratio,ADANIPORTS Weight,ASIANPAINT Weight,BAJFINANCE Weight,BAJAJFINSV Weight,BRITANNIA Weight,DIVISLAB Weight,GRASIM Weight,HCLTECH Weight,HDFCBANK Weight,HINDALCO Weight,HINDUNILVR Weight,ICICIBANK Weight,INFY Weight,JSWSTEEL Weight,NESTLEIND Weight,POWERGRID Weight,RELIANCE Weight,TCS Weight,TATACONSUM Weight,TATASTEEL Weight,TECHM Weight,TITAN Weight,UPL Weight,WIPRO Weight
0,12.504901611627375,5.287879563569527,1.6878034955854242,2.854496122665686,1.4852746854472731,3.7673104141446285,5.592938997102513,3.310903268405157,2.398088976926215,7.418567580060397,2.398088976926215,2.854496122665686,3.7673104141446285,1.941681831186744,4.2237175598841,3.7673104141446285,4.2237175598841,7.418567580060397,3.310903268405157,4.68012470562357,7.874974725799869,6.505753288581453,5.592938997102513,1.4852746854472731,3.7673104141446285,7.874974725799869,1.4852746854472731
