,Returns,Standard Deviation,Sharpe Ratio,ADANIPORTS Weight,ASIANPAINT Weight,BAJFINANCE Weight,BAJAJFINSV Weight,BRITANNIA Weight,DIVISLAB Weight,GRASIM Weight,HCLTECH Weight,HDFCBANK Weight,HINDALCO Weight,HINDUNILVR Weight,ICICIBANK Weight,INFY Weight,JSWSTEEL Weight,NESTLEIND Weight,POWERGRID Weight,RELIANCE Weight,TCS Weight,TATACONSUM Weight,TATASTEEL Weight,TECHM Weight,TITAN Weight,UPL Weight,WIPRO Weight
0,11.483699197313479,6.361265925143698,1.2424726918070066,5.87200319004638,3.825599361990723,6.3836041470602956,2.2907964909489804,5.360402233032467,5.360402233032467,2.2907964909489804,3.313998404976809,2.2907964909489804,5.87200319004638,4.848801276018552,1.2675945769211516,5.87200319004638,7.918407018102037,5.360402233032467,1.779195533935066,2.2907964909489804,1.2675945769211516,4.337200319004637,3.313998404976809,3.313998404976809,5.87200319004638,3.825599361990723,5.87200319004638
