,Returns,Standard Deviation,Sharpe Ratio,ADANIPORTS Weight,ASIANPAINT Weight,BAJFINANCE Weight,BAJAJFINSV Weight,BRITANNIA Weight,DIVISLAB Weight,GRASIM Weight,HCLTECH Weight,HDFCBANK Weight,HINDALCO Weight,HINDUNILVR Weight,ICICIBANK Weight,INFY Weight,JSWSTEEL Weight,NESTLEIND Weight,POWERGRID Weight,RELIANCE Weight,TCS Weight,TATACONSUM Weight,TATASTEEL Weight,TECHM Weight,TITAN Weight,UPL Weight,WIPRO Weight
0,11.833764490318938,6.675326243654707,1.2364585922919693,5.319291269752637,5.319291269752637,4.865799622636845,4.412307975521055,3.958816328405263,4.865799622636845,3.958816328405263,2.144849739942098,4.412307975521055,6.226274563984219,1.2378664457105149,7.133257858215801,7.133257858215801,2.598341387057889,3.958816328405263,1.6913580928263057,7.133257858215801,5.772782916868428,5.319291269752637,1.6913580928263057,4.412307975521055,1.6913580928263057,1.2378664457105149,3.5053246812894714
