,Returns,Standard Deviation,Sharpe Ratio,ADANIPORTS Weight,ASIANPAINT Weight,BAJFINANCE Weight,BAJAJFINSV Weight,BRITANNIA Weight,DIVISLAB Weight,GRASIM Weight,HCLTECH Weight,HDFCBANK Weight,HINDALCO Weight,HINDUNILVR Weight,ICICIBANK Weight,INFY Weight,JSWSTEEL Weight,NESTLEIND Weight,POWERGRID Weight,RELIANCE Weight,TCS Weight,TATACONSUM Weight,TATASTEEL Weight,TECHM Weight,TITAN Weight,UPL Weight,WIPRO Weight
0,20.74893174787733,7.333586897848683,2.3411370161733345,5.3272962727831965,1.7821003850090673,7.3531224943684155,1.7821003850090673,1.2756438296127632,4.820839717386892,1.2756438296127632,1.7821003850090673,6.8466659389721105,2.795013495801676,4.314383161990588,2.288556940405372,5.8337528281795015,7.3531224943684155,2.288556940405372,1.7821003850090673,4.820839717386892,7.85957904976472,7.85957904976472,1.2756438296127632,3.8079266065942843,6.3402093835758055,3.30147005119798,5.8337528281795015
