,Returns,Standard Deviation,Sharpe Ratio,ADANIPORTS Weight,ASIANPAINT Weight,BAJFINANCE Weight,BAJAJFINSV Weight,BRITANNIA Weight,DIVISLAB Weight,GRASIM Weight,HCLTECH Weight,HDFCBANK Weight,HINDALCO Weight,HINDUNILVR Weight,ICICIBANK Weight,INFY Weight,JSWSTEEL Weight,NESTLEIND Weight,POWERGRID Weight,RELIANCE Weight,TCS Weight,TATACONSUM Weight,TATASTEEL Weight,TECHM Weight,TITAN Weight,UPL Weight,WIPRO Weight
0,11.290703997178243,5.040326594647178,1.529802454739144,4.090801057681133,2.270026442028327,3.83069039830216,4.871133035818049,5.131243695197022,3.050358420165243,3.310469079544215,3.310469079544215,3.050358420165243,3.310469079544215,5.651465013954966,4.871133035818049,3.5705797389231875,4.871133035818049,3.5705797389231875,5.131243695197022,4.6110223764390765,5.131243695197022,5.391354354575995,4.090801057681133,3.83069039830216,5.131243695197022,2.5301371014072984,5.391354354575995
