,Returns,Standard Deviation,Sharpe Ratio,ADANIPORTS Weight,ASIANPAINT Weight,BAJFINANCE Weight,BAJAJFINSV Weight,BRITANNIA Weight,DIVISLAB Weight,GRASIM Weight,HCLTECH Weight,HDFCBANK Weight,HINDALCO Weight,HINDUNILVR Weight,ICICIBANK Weight,INFY Weight,JSWSTEEL Weight,NESTLEIND Weight,POWERGRID Weight,RELIANCE Weight,TCS Weight,TATACONSUM Weight,TATASTEEL Weight,TECHM Weight,TITAN Weight,UPL Weight,WIPRO Weight
0,16.732541347626643,8.49945801048175,1.5474564768020023,4.114134703872098,6.635668918011388,6.635668918011388,4.5343904062286455,1.1723447873762596,2.4331118944459043,2.012856192089356,5.7951575132982915,4.954646108585195,4.114134703872098,4.5343904062286455,3.2736232991590017,5.374901810941743,6.635668918011388,2.853367596802453,6.635668918011388,4.114134703872098,2.012856192089356,3.6938790015155503,4.954646108585195,0.7520890850197114,3.6938790015155503,2.4331118944459043,6.635668918011388
