,Returns,Standard Deviation,Sharpe Ratio,ADANIPORTS Weight,ASIANPAINT Weight,BAJFINANCE Weight,BAJAJFINSV Weight,BRITANNIA Weight,DIVISLAB Weight,GRASIM Weight,HCLTECH Weight,HDFCBANK Weight,HINDALCO Weight,HINDUNILVR Weight,ICICIBANK Weight,INFY Weight,JSWSTEEL Weight,NESTLEIND Weight,POWERGRID Weight,RELIANCE Weight,TCS Weight,TATACONSUM Weight,TATASTEEL Weight,TECHM Weight,TITAN Weight,UPL Weight,WIPRO Weight
0,21.970712046312165,8.894018860439344,2.0677617548253893,1.6801587446288309,0.6512589148200706,2.7090585744375906,4.25240831915073,1.6801587446288309,6.31020797876825,3.7379584042463505,6.824657893672629,4.766858234055111,6.824657893672629,2.7090585744375906,3.7379584042463505,2.7090585744375906,1.165708829724451,1.165708829724451,2.7090585744375906,7.33910780857701,4.25240831915073,7.85355772348139,7.85355772348139,7.85355772348139,7.33910780857701,2.194608659533211,1.6801587446288309
