,Returns,Standard Deviation,Sharpe Ratio,ADANIPORTS Weight,ASIANPAINT Weight,BAJFINANCE Weight,BAJAJFINSV Weight,BRITANNIA Weight,DIVISLAB Weight,GRASIM Weight,HCLTECH Weight,HDFCBANK Weight,HINDALCO Weight,HINDUNILVR Weight,ICICIBANK Weight,INFY Weight,JSWSTEEL Weight,NESTLEIND Weight,POWERGRID Weight,RELIANCE Weight,TCS Weight,TATACONSUM Weight,TATASTEEL Weight,TECHM Weight,TITAN Weight,UPL Weight,WIPRO Weight
0,13.90460548545407,10.110996048644246,1.0211264484509879,6.248603497257473,2.8157916239169074,4.341485789846048,5.867179955775188,2.8157916239169074,4.722909331328332,5.4857564142929025,1.6715209994700526,3.5786387068814776,3.9600622483637626,1.6715209994700526,0.9086739165054823,5.867179955775188,5.4857564142929025,6.248603497257473,5.867179955775188,5.867179955775188,5.104332872810618,4.341485789846048,5.4857564142929025,3.197215165399193,3.9600622483637626,3.197215165399193,1.2900974579877675
