,Returns,Standard Deviation,Sharpe Ratio,ADANIPORTS Weight,ASIANPAINT Weight,BAJFINANCE Weight,BAJAJFINSV Weight,BRITANNIA Weight,DIVISLAB Weight,GRASIM Weight,HCLTECH Weight,HDFCBANK Weight,HINDALCO Weight,HINDUNILVR Weight,ICICIBANK Weight,INFY Weight,JSWSTEEL Weight,NESTLEIND Weight,POWERGRID Weight,RELIANCE Weight,TCS Weight,TATACONSUM Weight,TATASTEEL Weight,TECHM Weight,TITAN Weight,UPL Weight,WIPRO Weight
0,14.487784093210632,10.186833889480235,1.0707727456393403,3.932810753004026,2.0619634437029024,6.271369889630431,5.80365806230515,3.4650989256787454,1.12653978905234,1.5942516163776213,1.5942516163776213,5.335946234979869,1.5942516163776213,7.6745053716062746,3.932810753004026,7.206793544280993,1.12653978905234,2.0619634437029024,2.9973870983534643,3.932810753004026,4.400522580329307,6.739081716955712,7.206793544280993,6.271369889630431,2.0619634437029024,4.8682344076545885,6.739081716955712
