,Returns,Standard Deviation,Sharpe Ratio,ADANIPORTS Weight,ASIANPAINT Weight,BAJFINANCE Weight,BAJAJFINSV Weight,BRITANNIA Weight,DIVISLAB Weight,GRASIM Weight,HCLTECH Weight,HDFCBANK Weight,HINDALCO Weight,HINDUNILVR Weight,ICICIBANK Weight,INFY Weight,JSWSTEEL Weight,NESTLEIND Weight,POWERGRID Weight,RELIANCE Weight,TCS Weight,TATACONSUM Weight,TATASTEEL Weight,TECHM Weight,TITAN Weight,UPL Weight,WIPRO Weight
0,13.008449008234821,9.622986289338423,0.9797841049280998,5.1239386048279005,3.8475760206129217,4.007121343639794,4.645302635747282,3.8475760206129217,3.8475760206129217,4.007121343639794,5.1239386048279005,4.645302635747282,4.166666666666666,4.485757312720411,3.2093947285054334,3.5284853745591773,4.485757312720411,5.1239386048279005,4.485757312720411,4.645302635747282,4.007121343639794,3.5284853745591773,3.049849405478561,4.007121343639794,4.645302635747282,3.6880306975860497,3.8475760206129217
