,Returns,Standard Deviation,Sharpe Ratio,ADANIPORTS Weight,ASIANPAINT Weight,BAJFINANCE Weight,BAJAJFINSV Weight,BRITANNIA Weight,DIVISLAB Weight,GRASIM Weight,HCLTECH Weight,HDFCBANK Weight,HINDALCO Weight,HINDUNILVR Weight,ICICIBANK Weight,INFY Weight,JSWSTEEL Weight,NESTLEIND Weight,POWERGRID Weight,RELIANCE Weight,TCS Weight,TATACONSUM Weight,TATASTEEL Weight,TECHM Weight,TITAN Weight,UPL Weight,WIPRO Weight
0,-0.3467654005828288,7.374569969800242,-0.5324738142920075,6.3857753413051155,5.2914203784697165,3.8322804280225164,6.3857753413051155,3.4674954404107163,5.656205366081516,3.1027104527989167,3.1027104527989167,2.3731404775753173,3.8322804280225164,4.1970654156343175,2.7379254651871165,5.656205366081516,4.926635390857917,2.7379254651871165,2.7379254651871165,6.750560328916916,2.3731404775753173,2.3731404775753173,3.8322804280225164,6.020990353693317,3.8322804280225164,2.0083554899635168,6.3857753413051155
