,Returns,Standard Deviation,Sharpe Ratio,ADANIPORTS Weight,ASIANPAINT Weight,BAJFINANCE Weight,BAJAJFINSV Weight,BRITANNIA Weight,DIVISLAB Weight,GRASIM Weight,HCLTECH Weight,HDFCBANK Weight,HINDALCO Weight,HINDUNILVR Weight,ICICIBANK Weight,INFY Weight,JSWSTEEL Weight,NESTLEIND Weight,POWERGRID Weight,RELIANCE Weight,TCS Weight,TATACONSUM Weight,TATASTEEL Weight,TECHM Weight,TITAN Weight,UPL Weight,WIPRO Weight
0,13.389806421293244,4.396194310881099,2.2314314899623104,4.178811835264432,4.224356217506049,4.133267453022816,4.151485205919463,4.206138464609403,4.160594082367785,4.169702958816108,4.133267453022816,4.160594082367785,4.133267453022816,4.178811835264432,4.233465093954371,4.233465093954371,4.215247341057725,4.233465093954371,4.169702958816108,4.11504970012617,4.133267453022816,4.187920711712756,4.124158576574493,4.11504970012617,4.11504970012617,4.142376329471138,4.151485205919463
