,Returns,Standard Deviation,Sharpe Ratio,ADANIPORTS Weight,ASIANPAINT Weight,BAJFINANCE Weight,BAJAJFINSV Weight,BRITANNIA Weight,DIVISLAB Weight,GRASIM Weight,HCLTECH Weight,HDFCBANK Weight,HINDALCO Weight,HINDUNILVR Weight,ICICIBANK Weight,INFY Weight,JSWSTEEL Weight,NESTLEIND Weight,POWERGRID Weight,RELIANCE Weight,TCS Weight,TATACONSUM Weight,TATASTEEL Weight,TECHM Weight,TITAN Weight,UPL Weight,WIPRO Weight
0,15.1176631285591,5.456731587092712,2.114390811497885,1.1405262621976056,2.7367321898296377,5.1310410812776865,3.933886635553662,4.731989599369678,6.328195527001709,1.5395777441056138,6.328195527001709,4.731989599369678,2.33768070792163,4.731989599369678,6.328195527001709,6.328195527001709,4.33293811746167,1.9386292260136218,4.731989599369678,5.530092563185693,3.933886635553662,5.929144045093702,5.929144045093702,2.33768070792163,1.1405262621976056,1.9386292260136218,5.929144045093702
