,Returns,Standard Deviation,Sharpe Ratio,ADANIPORTS Weight,ASIANPAINT Weight,BAJFINANCE Weight,BAJAJFINSV Weight,BRITANNIA Weight,DIVISLAB Weight,GRASIM Weight,HCLTECH Weight,HDFCBANK Weight,HINDALCO Weight,HINDUNILVR Weight,ICICIBANK Weight,INFY Weight,JSWSTEEL Weight,NESTLEIND Weight,POWERGRID Weight,RELIANCE Weight,TCS Weight,TATACONSUM Weight,TATASTEEL Weight,TECHM Weight,TITAN Weight,UPL Weight,WIPRO Weight
0,3.816895033835959,7.048465349765748,0.03360944859349167,4.398747418123048,4.398747418123048,7.647877938512394,4.862908921035813,2.542101406471993,3.0062629093847564,1.1496168977337013,5.7912319268613395,3.9345859152102847,7.1837164355996315,3.0062629093847564,5.327070423948576,7.647877938512394,2.077939903559229,2.077939903559229,1.613778400646465,1.613778400646465,7.1837164355996315,7.1837164355996315,3.9345859152102847,6.719554932686868,2.077939903559229,2.542101406471993,2.077939903559229
