,Returns,Standard Deviation,Sharpe Ratio,ADANIPORTS Weight,ASIANPAINT Weight,BAJFINANCE Weight,BAJAJFINSV Weight,BRITANNIA Weight,DIVISLAB Weight,GRASIM Weight,HCLTECH Weight,HDFCBANK Weight,HINDALCO Weight,HINDUNILVR Weight,ICICIBANK Weight,INFY Weight,JSWSTEEL Weight,NESTLEIND Weight,POWERGRID Weight,RELIANCE Weight,TCS Weight,TATACONSUM Weight,TATASTEEL Weight,TECHM Weight,TITAN Weight,UPL Weight,WIPRO Weight
0,18.375177702738142,9.197807284284956,1.608554870247896,6.859495329347516,2.9818220550870915,4.2743798131738995,4.2743798131738995,3.4126746411160274,5.566937571260709,4.2743798131738995,4.2743798131738995,3.843527227144964,6.428642743318582,4.705232399202837,1.6892642970002825,1.2584117109713462,5.997790157289645,4.705232399202837,3.843527227144964,6.859495329347516,2.550969469058155,2.1201168830292194,1.2584117109713462,2.9818220550870915,2.9818220550870915,5.566937571260709,7.2903479153764525
