,Returns,Standard Deviation,Sharpe Ratio,ADANIPORTS Weight,ASIANPAINT Weight,BAJFINANCE Weight,BAJAJFINSV Weight,BRITANNIA Weight,DIVISLAB Weight,GRASIM Weight,HCLTECH Weight,HDFCBANK Weight,HINDALCO Weight,HINDUNILVR Weight,ICICIBANK Weight,INFY Weight,JSWSTEEL Weight,NESTLEIND Weight,POWERGRID Weight,RELIANCE Weight,TCS Weight,TATACONSUM Weight,TATASTEEL Weight,TECHM Weight,TITAN Weight,UPL Weight,WIPRO Weight
0,20.898823863297793,7.351084027438725,2.355955094330766,0.8905300105597728,1.9050755556767458,4.948712191027666,1.9050755556767458,5.455984963586153,2.4123483282352325,2.9196211007937194,5.455984963586153,3.9341666459106923,6.977803281261613,5.455984963586153,1.9050755556767458,4.948712191027666,4.948712191027666,5.455984963586153,1.3978027831182593,4.44143941846918,5.96325773614464,4.44143941846918,2.4123483282352325,5.96325773614464,7.992348826378586,6.470530508703126,1.3978027831182593
