,Returns,Standard Deviation,Sharpe Ratio,ADANIPORTS Weight,ASIANPAINT Weight,BAJFINANCE Weight,BAJAJFINSV Weight,BRITANNIA Weight,DIVISLAB Weight,GRASIM Weight,HCLTECH Weight,HDFCBANK Weight,HINDALCO Weight,HINDUNILVR Weight,ICICIBANK Weight,INFY Weight,JSWSTEEL Weight,NESTLEIND Weight,POWERGRID Weight,RELIANCE Weight,TCS Weight,TATACONSUM Weight,TATASTEEL Weight,TECHM Weight,TITAN Weight,UPL Weight,WIPRO Weight
0,10.805564436966478,5.400520250126268,1.33793858782356,5.321795753128241,1.056703741577812,1.483212942732855,1.056703741577812,6.601323356593369,4.895286551973197,3.6157589485080694,7.027832557748412,1.056703741577812,4.042268149663112,6.601323356593369,4.042268149663112,6.174814155438327,6.601323356593369,3.189249747353027,2.7627405461979833,5.748304954283284,4.042268149663112,5.748304954283284,6.601323356593369,3.189249747353027,4.895286551973197,1.056703741577812,3.189249747353027
