,Returns,Standard Deviation,Sharpe Ratio,ADANIPORTS Weight,ASIANPAINT Weight,BAJFINANCE Weight,BAJAJFINSV Weight,BRITANNIA Weight,DIVISLAB Weight,GRASIM Weight,HCLTECH Weight,HDFCBANK Weight,HINDALCO Weight,HINDUNILVR Weight,ICICIBANK Weight,INFY Weight,JSWSTEEL Weight,NESTLEIND Weight,POWERGRID Weight,RELIANCE Weight,TCS Weight,TATACONSUM Weight,TATASTEEL Weight,TECHM Weight,TITAN Weight,UPL Weight,WIPRO Weight
0,13.48861781143399,9.433717145976326,1.0503407785191248,6.269432741628794,4.4670618202326855,5.54848437307035,5.908958557349573,4.106587635953463,3.7461134516742414,3.0251650831157977,5.54848437307035,1.5832683459989096,1.9437425302781315,4.106587635953463,3.7461134516742414,4.8275360045119085,4.8275360045119085,4.8275360045119085,4.8275360045119085,6.269432741628794,3.7461134516742414,3.7461134516742414,4.106587635953463,3.7461134516742414,1.5832683459989096,1.5832683459989096,5.908958557349573
