,Returns,Standard Deviation,Sharpe Ratio,ADANIPORTS Weight,ASIANPAINT Weight,BAJFINANCE Weight,BAJAJFINSV Weight,BRITANNIA Weight,DIVISLAB Weight,GRASIM Weight,HCLTECH Weight,HDFCBANK Weight,HINDALCO Weight,HINDUNILVR Weight,ICICIBANK Weight,INFY Weight,JSWSTEEL Weight,NESTLEIND Weight,POWERGRID Weight,RELIANCE Weight,TCS Weight,TATACONSUM Weight,TATASTEEL Weight,TECHM Weight,TITAN Weight,UPL Weight,WIPRO Weight
0,1.0339946071258674,7.65027625276659,-0.3327991445999631,5.0705694061275794,5.0705694061275794,5.42620327083351,5.42620327083351,2.9367662178919858,3.2924000825979167,3.2924000825979167,2.225498488480121,1.8698646237741885,6.493104864951308,1.8698646237741885,5.781837135539444,4.714935541421647,3.2924000825979167,4.003667812009781,2.5811323531860526,6.137471000245376,3.64803394730385,6.493104864951308,4.714935541421647,2.5811323531860526,6.137471000245376,1.8698646237741885,5.0705694061275794
