,Returns,Standard Deviation,Sharpe Ratio,ADANIPORTS Weight,ASIANPAINT Weight,BAJFINANCE Weight,BAJAJFINSV Weight,BRITANNIA Weight,DIVISLAB Weight,GRASIM Weight,HCLTECH Weight,HDFCBANK Weight,HINDALCO Weight,HINDUNILVR Weight,ICICIBANK Weight,INFY Weight,JSWSTEEL Weight,NESTLEIND Weight,POWERGRID Weight,RELIANCE Weight,TCS Weight,TATACONSUM Weight,TATASTEEL Weight,TECHM Weight,TITAN Weight,UPL Weight,WIPRO Weight
0,20.812991192987532,6.90509036747858,2.495693796297154,1.6839065279973353,7.901601483969227,6.347177744976254,2.2020477743283267,3.238330266990308,1.6839065279973353,6.347177744976254,7.901601483969227,1.1657652816663444,1.1657652816663444,7.901601483969227,7.383460237638237,7.901601483969227,1.6839065279973353,3.7564715133213,1.1657652816663444,6.865318991307245,1.1657652816663444,6.347177744976254,2.2020477743283267,6.865318991307245,4.27461275965229,2.2020477743283267,0.6476240353353536
