,Returns,Standard Deviation,Sharpe Ratio,ADANIPORTS Weight,ASIANPAINT Weight,BAJFINANCE Weight,BAJAJFINSV Weight,BRITANNIA Weight,DIVISLAB Weight,GRASIM Weight,HCLTECH Weight,HDFCBANK Weight,HINDALCO Weight,HINDUNILVR Weight,ICICIBANK Weight,INFY Weight,JSWSTEEL Weight,NESTLEIND Weight,POWERGRID Weight,RELIANCE Weight,TCS Weight,TATACONSUM Weight,TATASTEEL Weight,TECHM Weight,TITAN Weight,UPL Weight,WIPRO Weight
0,10.088206957080628,9.780711330909352,0.6654124364669839,6.48406230597524,6.48406230597524,7.73389366200683,5.8591466279594435,1.4847368818488809,0.8598212038330862,4.609315271927854,8.358809340022622,5.8591466279594435,5.234230949943649,8.98372501803842,0.8598212038330862,3.359483915896264,3.9843995939120593,3.9843995939120593,5.8591466279594435,0.8598212038330862,0.8598212038330862,2.7345682378804708,3.9843995939120593,3.359483915896264,3.9843995939120593,3.359483915896264,0.8598212038330862
