,Returns,Standard Deviation,Sharpe Ratio,ADANIPORTS Weight,ASIANPAINT Weight,BAJFINANCE Weight,BAJAJFINSV Weight,BRITANNIA Weight,DIVISLAB Weight,GRASIM Weight,HCLTECH Weight,HDFCBANK Weight,HINDALCO Weight,HINDUNILVR Weight,ICICIBANK Weight,INFY Weight,JSWSTEEL Weight,NESTLEIND Weight,POWERGRID Weight,RELIANCE Weight,TCS Weight,TATACONSUM Weight,TATASTEEL Weight,TECHM Weight,TITAN Weight,UPL Weight,WIPRO Weight
0,23.519035111046836,7.3107029566913315,2.7273759075106536,6.568333113480436,4.025392169795268,6.568333113480436,5.720686132252047,1.4824512261100995,1.0586277354959046,1.0586277354959046,6.568333113480436,5.296862641637852,4.873039151023657,6.1445096228662415,1.9062747167242944,3.177745188566879,6.568333113480436,3.6015686791810735,4.449215660409464,5.296862641637852,1.9062747167242944,1.0586277354959046,4.449215660409464,5.296862641637852,5.720686132252047,2.3300982073384895,4.873039151023657
