,Returns,Standard Deviation,Sharpe Ratio,ADANIPORTS Weight,ASIANPAINT Weight,BAJFINANCE Weight,BAJAJFINSV Weight,BRITANNIA Weight,DIVISLAB Weight,GRASIM Weight,HCLTECH Weight,HDFCBANK Weight,HINDALCO Weight,HINDUNILVR Weight,ICICIBANK Weight,INFY Weight,JSWSTEEL Weight,NESTLEIND Weight,POWERGRID Weight,RELIANCE Weight,TCS Weight,TATACONSUM Weight,TATASTEEL Weight,TECHM Weight,TITAN Weight,UPL Weight,WIPRO Weight
0,9.86695412080413,9.694973419273346,0.6484756428837478,6.890251110101085,2.8365440315010195,4.863397570801053,7.396964494926095,7.9036778797511005,5.370110955626062,2.3298306466760113,4.356684185976044,4.863397570801053,1.8231172618510032,1.8231172618510032,8.41039126457611,2.3298306466760113,1.3164038770259952,5.876824340451068,2.8365440315010195,4.356684185976044,4.356684185976044,3.849970801151036,1.8231172618510032,2.3298306466760113,5.370110955626062,2.8365440315010195,3.849970801151036
