,Returns,Standard Deviation,Sharpe Ratio,ADANIPORTS Weight,ASIANPAINT Weight,BAJFINANCE Weight,BAJAJFINSV Weight,BRITANNIA Weight,DIVISLAB Weight,GRASIM Weight,HCLTECH Weight,HDFCBANK Weight,HINDALCO Weight,HINDUNILVR Weight,ICICIBANK Weight,INFY Weight,JSWSTEEL Weight,NESTLEIND Weight,POWERGRID Weight,RELIANCE Weight,TCS Weight,TATACONSUM Weight,TATASTEEL Weight,TECHM Weight,TITAN Weight,UPL Weight,WIPRO Weight
0,18.20074518591891,8.22390218804817,1.7778354911817045,3.4936284751380193,3.0321165723755183,3.4936284751380193,4.416652280663021,4.416652280663021,4.878164183425522,1.1860689613255146,1.6475808640880156,4.416652280663021,3.4936284751380193,5.801187988950524,5.339676086188023,7.185723697238027,5.801187988950524,3.4936284751380193,2.109092766850517,3.95514037790052,1.6475808640880156,7.185723697238027,5.339676086188023,3.95514037790052,5.801187988950524,3.0321165723755183,4.878164183425522
