,Returns,Standard Deviation,Sharpe Ratio,ADANIPORTS Weight,ASIANPAINT Weight,BAJFINANCE Weight,BAJAJFINSV Weight,BRITANNIA Weight,DIVISLAB Weight,GRASIM Weight,HCLTECH Weight,HDFCBANK Weight,HINDALCO Weight,HINDUNILVR Weight,ICICIBANK Weight,INFY Weight,JSWSTEEL Weight,NESTLEIND Weight,POWERGRID Weight,RELIANCE Weight,TCS Weight,TATACONSUM Weight,TATASTEEL Weight,TECHM Weight,TITAN Weight,UPL Weight,WIPRO Weight
0,12.936607509523565,9.629168539432236,0.9716942300062034,2.6659070290409432,6.232068544191178,5.875452392676155,5.518836241161131,4.805603938131084,4.0923716351010375,2.3092908775259198,3.0225231805559667,5.518836241161131,4.0923716351010375,1.9526747260108965,6.232068544191178,3.735755483586014,1.9526747260108965,5.162220089646106,4.0923716351010375,4.805603938131084,4.448987786616061,3.0225231805559667,6.945300847221223,4.448987786616061,1.9526747260108965,4.448987786616061,2.6659070290409432
