,Returns,Standard Deviation,Sharpe Ratio,ADANIPORTS Weight,ASIANPAINT Weight,BAJFINANCE Weight,BAJAJFINSV Weight,BRITANNIA Weight,DIVISLAB Weight,GRASIM Weight,HCLTECH Weight,HDFCBANK Weight,HINDALCO Weight,HINDUNILVR Weight,ICICIBANK Weight,INFY Weight,JSWSTEEL Weight,NESTLEIND Weight,POWERGRID Weight,RELIANCE Weight,TCS Weight,TATACONSUM Weight,TATASTEEL Weight,TECHM Weight,TITAN Weight,UPL Weight,WIPRO Weight
0,11.136601564374093,6.5410410487391015,1.1552597679891885,6.3103483653236205,3.992854637045832,3.0658571457347175,7.237345856634734,2.60235840007916,3.992854637045832,6.773847110979178,5.383350874012504,1.211862163112488,2.1388596544236025,3.5293558913902747,1.211862163112488,4.919852128356947,2.60235840007916,1.211862163112488,3.5293558913902747,7.237345856634734,5.846849619668062,5.383350874012504,4.919852128356947,7.237345856634734,4.919852128356947,2.1388596544236025,2.60235840007916
