,Returns,Standard Deviation,Sharpe Ratio,ADANIPORTS Weight,ASIANPAINT Weight,BAJFINANCE Weight,BAJAJFINSV Weight,BRITANNIA Weight,DIVISLAB Weight,GRASIM Weight,HCLTECH Weight,HDFCBANK Weight,HINDALCO Weight,HINDUNILVR Weight,ICICIBANK Weight,INFY Weight,JSWSTEEL Weight,NESTLEIND Weight,POWERGRID Weight,RELIANCE Weight,TCS Weight,TATACONSUM Weight,TATASTEEL Weight,TECHM Weight,TITAN Weight,UPL Weight,WIPRO Weight
0,11.87403039390661,9.781629448930616,0.847919095403206,6.709707021460179,3.1195324029281615,7.158478848776681,5.363391539510673,6.709707021460179,1.3244450936621532,4.9146197121941695,6.709707021460179,0.8756732663456508,3.1195324029281615,7.158478848776681,4.465847884877669,1.7732169209786548,2.221988748295157,4.465847884877669,1.7732169209786548,3.1195324029281615,2.6707605756116597,5.812163366827174,7.158478848776681,3.568304230244663,3.568304230244663,4.9146197121941695,1.3244450936621532
