,Returns,Standard Deviation,Sharpe Ratio,ADANIPORTS Weight,ASIANPAINT Weight,BAJFINANCE Weight,BAJAJFINSV Weight,BRITANNIA Weight,DIVISLAB Weight,GRASIM Weight,HCLTECH Weight,HDFCBANK Weight,HINDALCO Weight,HINDUNILVR Weight,ICICIBANK Weight,INFY Weight,JSWSTEEL Weight,NESTLEIND Weight,POWERGRID Weight,RELIANCE Weight,TCS Weight,TATACONSUM Weight,TATASTEEL Weight,TECHM Weight,TITAN Weight,UPL Weight,WIPRO Weight
0,0.4610147247688815,7.170138866777672,-0.43499649493299414,5.062989646366568,5.724889692914189,6.055839716187999,1.7534894136284653,2.415389460176086,4.070139576545138,3.739189553271328,6.386789739461811,2.746339483449896,3.739189553271328,5.39393966964038,4.732039623092758,5.724889692914189,4.070139576545138,2.0844394369022754,2.746339483449896,6.386789739461811,2.415389460176086,5.062989646366568,3.4082395299975166,5.724889692914189,2.415389460176086,2.0844394369022754,6.055839716187999
