,Returns,Standard Deviation,Sharpe Ratio,ADANIPORTS Weight,ASIANPAINT Weight,BAJFINANCE Weight,BAJAJFINSV Weight,BRITANNIA Weight,DIVISLAB Weight,GRASIM Weight,HCLTECH Weight,HDFCBANK Weight,HINDALCO Weight,HINDUNILVR Weight,ICICIBANK Weight,INFY Weight,JSWSTEEL Weight,NESTLEIND Weight,POWERGRID Weight,RELIANCE Weight,TCS Weight,TATACONSUM Weight,TATASTEEL Weight,TECHM Weight,TITAN Weight,UPL Weight,WIPRO Weight
0,12.352018190038171,4.6748827034231555,1.8764146068552505,5.189069837642284,5.910766193625073,4.82822165965089,4.467373481659495,3.7456771256767065,1.5805880577283382,6.271614371616469,5.549918015633678,2.6631325917025217,1.2197398797369436,5.549918015633678,3.0239807696939165,4.82822165965089,5.549918015633678,4.467373481659495,1.2197398797369436,6.271614371616469,2.302284413711127,4.106525303668102,5.910766193625073,1.2197398797369436,3.7456771256767065,5.189069837642284,5.189069837642284
