,Returns,Standard Deviation,Sharpe Ratio,ADANIPORTS Weight,ASIANPAINT Weight,BAJFINANCE Weight,BAJAJFINSV Weight,BRITANNIA Weight,DIVISLAB Weight,GRASIM Weight,HCLTECH Weight,HDFCBANK Weight,HINDALCO Weight,HINDUNILVR Weight,ICICIBANK Weight,INFY Weight,JSWSTEEL Weight,NESTLEIND Weight,POWERGRID Weight,RELIANCE Weight,TCS Weight,TATACONSUM Weight,TATASTEEL Weight,TECHM Weight,TITAN Weight,UPL Weight,WIPRO Weight
0,15.1123965383066,8.263228596495855,1.3956284040353288,5.433829756378746,2.5527010471386498,3.1929518714142264,6.394205992792109,2.872826459276438,3.513077283552015,2.2325756350008614,4.793578932103168,4.793578932103168,4.153328107827592,3.513077283552015,3.833202695689803,3.513077283552015,5.433829756378746,6.394205992792109,4.47345351996538,5.433829756378746,5.113704344240957,5.753955168516534,2.5527010471386498,2.2325756350008614,5.433829756378746,3.833202695689803,2.5527010471386498
