,Returns,Standard Deviation,Sharpe Ratio,ADANIPORTS Weight,ASIANPAINT Weight,BAJFINANCE Weight,BAJAJFINSV Weight,BRITANNIA Weight,DIVISLAB Weight,GRASIM Weight,HCLTECH Weight,HDFCBANK Weight,HINDALCO Weight,HINDUNILVR Weight,ICICIBANK Weight,INFY Weight,JSWSTEEL Weight,NESTLEIND Weight,POWERGRID Weight,RELIANCE Weight,TCS Weight,TATACONSUM Weight,TATASTEEL Weight,TECHM Weight,TITAN Weight,UPL Weight,WIPRO Weight
0,13.610565106209135,7.918299442295071,1.2667574874260927,5.71377022817423,4.850270565937451,3.9867709037006707,3.55502107258228,4.850270565937451,6.145520059292619,6.145520059292619,6.57726989041101,6.145520059292619,2.6915214103455005,1.396271916990332,6.57726989041101,4.850270565937451,1.396271916990332,0.5327722547535526,0.5327722547535526,6.145520059292619,1.8280217481087218,3.55502107258228,4.850270565937451,3.55502107258228,6.145520059292619,2.6915214103455005,5.28202039705584
