,Returns,Standard Deviation,Sharpe Ratio,ADANIPORTS Weight,ASIANPAINT Weight,BAJFINANCE Weight,BAJAJFINSV Weight,BRITANNIA Weight,DIVISLAB Weight,GRASIM Weight,HCLTECH Weight,HDFCBANK Weight,HINDALCO Weight,HINDUNILVR Weight,ICICIBANK Weight,INFY Weight,JSWSTEEL Weight,NESTLEIND Weight,POWERGRID Weight,RELIANCE Weight,TCS Weight,TATACONSUM Weight,TATASTEEL Weight,TECHM Weight,TITAN Weight,UPL Weight,WIPRO Weight
0,13.99654445323353,10.321743071403787,1.009184629105174,5.164088986690129,6.004023571973046,1.3843833529170084,6.004023571973046,3.9041871087657563,6.843958157255961,6.423990864614504,5.164088986690129,1.3843833529170084,1.8043506455584664,1.3843833529170084,5.164088986690129,5.164088986690129,3.06425252348284,6.423990864614504,1.8043506455584664,6.423990864614504,2.644285230841382,2.644285230841382,7.263925449897418,4.324154401407213,5.164088986690129,1.3843833529170084,3.06425252348284
