,Returns,Standard Deviation,Sharpe Ratio,ADANIPORTS Weight,ASIANPAINT Weight,BAJFINANCE Weight,BAJAJFINSV Weight,BRITANNIA Weight,DIVISLAB Weight,GRASIM Weight,HCLTECH Weight,HDFCBANK Weight,HINDALCO Weight,HINDUNILVR Weight,ICICIBANK Weight,INFY Weight,JSWSTEEL Weight,NESTLEIND Weight,POWERGRID Weight,RELIANCE Weight,TCS Weight,TATACONSUM Weight,TATASTEEL Weight,TECHM Weight,TITAN Weight,UPL Weight,WIPRO Weight
0,-1.900658963650853,7.967386344155882,-0.6878866828983314,7.794403413449083,0.66621892854328,3.7211551363600526,4.230311170996182,5.757779274904569,4.230311170996182,2.1936870324516664,2.1936870324516664,0.66621892854328,3.7211551363600526,5.248623240268439,0.66621892854328,7.285247378812955,4.230311170996182,3.7211551363600526,2.1936870324516664,2.702843067087795,7.285247378812955,5.248623240268439,2.702843067087795,7.794403413449083,7.794403413449083,3.7211551363600526,4.230311170996182
