,Returns,Standard Deviation,Sharpe Ratio,ADANIPORTS Weight,ASIANPAINT Weight,BAJFINANCE Weight,BAJAJFINSV Weight,BRITANNIA Weight,DIVISLAB Weight,GRASIM Weight,HCLTECH Weight,HDFCBANK Weight,HINDALCO Weight,HINDUNILVR Weight,ICICIBANK Weight,INFY Weight,JSWSTEEL Weight,NESTLEIND Weight,POWERGRID Weight,RELIANCE Weight,TCS Weight,TATACONSUM Weight,TATASTEEL Weight,TECHM Weight,TITAN Weight,UPL Weight,WIPRO Weight
0,11.617350940635001,5.082964783160179,1.5812328598582226,6.086329428781012,3.5733163583767777,4.829822893578895,1.4791387997065835,3.992151870110817,1.4791387997065835,1.897974311440622,3.992151870110817,3.5733163583767777,2.7356453349087007,6.924000452249089,2.3168098231746614,5.667493917046973,6.924000452249089,1.897974311440622,3.992151870110817,3.15448084664274,7.342835963983128,5.667493917046973,4.829822893578895,6.924000452249089,2.3168098231746614,3.15448084664274,5.248658405312934
