,Returns,Standard Deviation,Sharpe Ratio,ADANIPORTS Weight,ASIANPAINT Weight,BAJFINANCE Weight,BAJAJFINSV Weight,BRITANNIA Weight,DIVISLAB Weight,GRASIM Weight,HCLTECH Weight,HDFCBANK Weight,HINDALCO Weight,HINDUNILVR Weight,ICICIBANK Weight,INFY Weight,JSWSTEEL Weight,NESTLEIND Weight,POWERGRID Weight,RELIANCE Weight,TCS Weight,TATACONSUM Weight,TATASTEEL Weight,TECHM Weight,TITAN Weight,UPL Weight,WIPRO Weight
0,14.500124694529394,5.511245493837901,1.9814259239112348,5.300485705349069,1.9909598627085454,6.035935892602517,7.139111173482691,2.726410049961995,1.9909598627085454,5.668210798975792,4.565035518095619,3.0941351435887197,6.035935892602517,2.726410049961995,3.829585330842169,6.771386079855966,2.35868495633527,1.9909598627085454,2.35868495633527,5.668210798975792,4.932760611722344,3.4618602372154452,6.403660986229241,4.565035518095619,1.9909598627085454,2.35868495633527,6.035935892602517
