,Returns,Standard Deviation,Sharpe Ratio,ADANIPORTS Weight,ASIANPAINT Weight,BAJFINANCE Weight,BAJAJFINSV Weight,BRITANNIA Weight,DIVISLAB Weight,GRASIM Weight,HCLTECH Weight,HDFCBANK Weight,HINDALCO Weight,HINDUNILVR Weight,ICICIBANK Weight,INFY Weight,JSWSTEEL Weight,NESTLEIND Weight,POWERGRID Weight,RELIANCE Weight,TCS Weight,TATACONSUM Weight,TATASTEEL Weight,TECHM Weight,TITAN Weight,UPL Weight,WIPRO Weight
0,12.581489329754959,4.488123033328424,2.005624458801743,6.636987825037184,1.461076826546575,6.166450461538038,1.461076826546575,2.872688917044014,5.225375734539745,3.813763644042307,3.34322628054316,7.107525188536331,0.9905394630474289,3.813763644042307,0.9905394630474289,6.166450461538038,5.695913098038893,5.225375734539745,0.9905394630474289,5.225375734539745,3.813763644042307,4.284301007541453,3.34322628054316,3.34322628054316,7.107525188536331,6.636987825037184,4.284301007541453
