,Returns,Standard Deviation,Sharpe Ratio,ADANIPORTS Weight,ASIANPAINT Weight,BAJFINANCE Weight,BAJAJFINSV Weight,BRITANNIA Weight,DIVISLAB Weight,GRASIM Weight,HCLTECH Weight,HDFCBANK Weight,HINDALCO Weight,HINDUNILVR Weight,ICICIBANK Weight,INFY Weight,JSWSTEEL Weight,NESTLEIND Weight,POWERGRID Weight,RELIANCE Weight,TCS Weight,TATACONSUM Weight,TATASTEEL Weight,TECHM Weight,TITAN Weight,UPL Weight,WIPRO Weight
0,13.602433889488427,5.222897097118935,1.9189414807764493,5.560751132560601,1.1966606306317635,7.500346911195642,4.5909532432430815,6.530549021878121,5.560751132560601,1.681559575290523,1.1966606306317635,2.6513574646080427,4.5909532432430815,7.500346911195642,2.6513574646080427,1.681559575290523,2.6513574646080427,7.0154479665368825,1.1966606306317635,6.045650077219361,6.530549021878121,1.1966606306317635,2.1664585199492823,3.6211553539255625,4.106054298584323,6.530549021878121,6.045650077219361
