,Returns,Standard Deviation,Sharpe Ratio,ADANIPORTS Weight,ASIANPAINT Weight,BAJFINANCE Weight,BAJAJFINSV Weight,BRITANNIA Weight,DIVISLAB Weight,GRASIM Weight,HCLTECH Weight,HDFCBANK Weight,HINDALCO Weight,HINDUNILVR Weight,ICICIBANK Weight,INFY Weight,JSWSTEEL Weight,NESTLEIND Weight,POWERGRID Weight,RELIANCE Weight,TCS Weight,TATACONSUM Weight,TATASTEEL Weight,TECHM Weight,TITAN Weight,UPL Weight,WIPRO Weight
0,-2.51791789378527,7.8253474622439505,-0.7792520297925107,3.5378515057974727,5.214691934781989,4.040903634492827,4.543955763188182,4.879323848985086,4.879323848985086,3.5378515057974727,3.3701674628990217,4.879323848985086,4.543955763188182,3.2024834200005703,3.705535548695924,4.711639806086635,4.20858767739128,4.543955763188182,3.2024834200005703,3.2024834200005703,5.214691934781989,4.879323848985086,4.20858767739128,3.705535548695924,3.8732195915943763,3.705535548695924,4.20858767739128
