,Returns,Standard Deviation,Sharpe Ratio,ADANIPORTS Weight,ASIANPAINT Weight,BAJFINANCE Weight,BAJAJFINSV Weight,BRITANNIA Weight,DIVISLAB Weight,GRASIM Weight,HCLTECH Weight,HDFCBANK Weight,HINDALCO Weight,HINDUNILVR Weight,ICICIBANK Weight,INFY Weight,JSWSTEEL Weight,NESTLEIND Weight,POWERGRID Weight,RELIANCE Weight,TCS Weight,TATACONSUM Weight,TATASTEEL Weight,TECHM Weight,TITAN Weight,UPL Weight,WIPRO Weight
0,-1.8409358581843984,7.2982426472231605,-0.742772763282536,4.647951858129719,1.875749155302546,7.420154560956892,0.9516815876934885,3.7238842905206613,4.1859180743251905,2.7998167229116038,5.572019425738776,2.7998167229116038,6.958120777152363,4.647951858129719,0.9516815876934885,5.109985641934248,1.413715371498017,2.7998167229116038,2.7998167229116038,6.958120777152363,5.109985641934248,6.034053209543305,4.1859180743251905,7.420154560956892,2.7998167229116038,3.7238842905206613,5.109985641934248
