,Returns,Standard Deviation,Sharpe Ratio,ADANIPORTS Weight,ASIANPAINT Weight,BAJFINANCE Weight,BAJAJFINSV Weight,BRITANNIA Weight,DIVISLAB Weight,GRASIM Weight,HCLTECH Weight,HDFCBANK Weight,HINDALCO Weight,HINDUNILVR Weight,ICICIBANK Weight,INFY Weight,JSWSTEEL Weight,NESTLEIND Weight,POWERGRID Weight,RELIANCE Weight,TCS Weight,TATACONSUM Weight,TATASTEEL Weight,TECHM Weight,TITAN Weight,UPL Weight,WIPRO Weight
0,13.983932524096607,7.8135378654976355,1.3315264740748767,2.8137511873341654,4.8918293635888865,3.852790275461526,6.190628223748088,3.593030503429686,4.372309819525206,3.593030503429686,5.151589135620728,2.8137511873341654,3.852790275461526,4.6320695915570465,4.6320695915570465,6.190628223748088,3.852790275461526,3.593030503429686,4.6320695915570465,6.190628223748088,3.3332707313978456,5.411348907652568,2.553991415302325,4.372309819525206,4.112550047493366,2.8137511873341654,2.553991415302325
