,Returns,Standard Deviation,Sharpe Ratio,ADANIPORTS Weight,ASIANPAINT Weight,BAJFINANCE Weight,BAJAJFINSV Weight,BRITANNIA Weight,DIVISLAB Weight,GRASIM Weight,HCLTECH Weight,HDFCBANK Weight,HINDALCO Weight,HINDUNILVR Weight,ICICIBANK Weight,INFY Weight,JSWSTEEL Weight,NESTLEIND Weight,POWERGRID Weight,RELIANCE Weight,TCS Weight,TATACONSUM Weight,TATASTEEL Weight,TECHM Weight,TITAN Weight,UPL Weight,WIPRO Weight
0,14.6518529331417,10.89361367054635,1.0163618123412315,6.79220704509498,2.808628539893401,6.43006354462211,3.1707720403662725,3.8950590413120136,6.43006354462211,2.084341538947659,1.7221980384747884,2.808628539893401,4.257202541784885,4.619346042257756,6.43006354462211,4.257202541784885,5.705776543676368,3.1707720403662725,1.7221980384747884,5.343633043203496,3.5329155408391433,3.1707720403662725,6.79220704509498,3.1707720403662725,5.343633043203496,4.257202541784885,2.084341538947659
