,Returns,Standard Deviation,Sharpe Ratio,ADANIPORTS Weight,ASIANPAINT Weight,BAJFINANCE Weight,BAJAJFINSV Weight,BRITANNIA Weight,DIVISLAB Weight,GRASIM Weight,HCLTECH Weight,HDFCBANK Weight,HINDALCO Weight,HINDUNILVR Weight,ICICIBANK Weight,INFY Weight,JSWSTEEL Weight,NESTLEIND Weight,POWERGRID Weight,RELIANCE Weight,TCS Weight,TATACONSUM Weight,TATASTEEL Weight,TECHM Weight,TITAN Weight,UPL Weight,WIPRO Weight
0,13.398104907149117,8.880362423627396,1.1055973212339543,5.223205484134294,2.405768637553955,2.405768637553955,4.753632676370905,1.4666230220271754,3.8144870608441246,4.753632676370905,5.223205484134294,7.571069522951245,3.3449142530807343,2.405768637553955,6.631923907424464,3.3449142530807343,4.284059868607515,8.040642330714634,3.3449142530807343,5.223205484134294,5.692778291897684,5.223205484134294,2.8753414453173445,1.9361958297905657,2.8753414453173445,3.3449142530807343,3.8144870608441246
