,Returns,Standard Deviation,Sharpe Ratio,ADANIPORTS Weight,ASIANPAINT Weight,BAJFINANCE Weight,BAJAJFINSV Weight,BRITANNIA Weight,DIVISLAB Weight,GRASIM Weight,HCLTECH Weight,HDFCBANK Weight,HINDALCO Weight,HINDUNILVR Weight,ICICIBANK Weight,INFY Weight,JSWSTEEL Weight,NESTLEIND Weight,POWERGRID Weight,RELIANCE Weight,TCS Weight,TATACONSUM Weight,TATASTEEL Weight,TECHM Weight,TITAN Weight,UPL Weight,WIPRO Weight
0,12.752049407257427,6.018397801157281,1.5240018540306073,3.366345240501957,8.305471756261305,7.756679921176933,2.8175534054175846,1.1711779001644682,7.20788808609256,1.7199697352488403,3.366345240501957,3.366345240501957,5.5615125808394446,2.8175534054175846,1.1711779001644682,1.1711779001644682,3.915137075586329,1.1711779001644682,3.366345240501957,2.2687615703332127,3.366345240501957,7.20788808609256,8.854263591345678,6.659096251008188,3.366345240501957,7.756679921176933,2.2687615703332127
