,Returns,Standard Deviation,Sharpe Ratio,ADANIPORTS Weight,ASIANPAINT Weight,BAJFINANCE Weight,BAJAJFINSV Weight,BRITANNIA Weight,DIVISLAB Weight,GRASIM Weight,HCLTECH Weight,HDFCBANK Weight,HINDALCO Weight,HINDUNILVR Weight,ICICIBANK Weight,INFY Weight,JSWSTEEL Weight,NESTLEIND Weight,POWERGRID Weight,RELIANCE Weight,TCS Weight,TATACONSUM Weight,TATASTEEL Weight,TECHM Weight,TITAN Weight,UPL Weight,WIPRO Weight
0,11.835975543015872,9.688426565168577,0.8521482293830257,4.934706893307425,3.732556973347977,5.736140173280389,2.5304070533885303,3.331840333361495,6.537573453253353,4.533990253320942,5.736140173280389,3.331840333361495,1.3282571334290836,3.732556973347977,6.938290093239837,1.3282571334290836,6.136856813266871,4.13327361333446,5.335423533293906,2.5304070533885303,2.931123693375013,3.732556973347977,5.736140173280389,3.732556973347977,6.136856813266871,1.728973773415566,4.13327361333446
