,Returns,Standard Deviation,Sharpe Ratio,ADANIPORTS Weight,ASIANPAINT Weight,BAJFINANCE Weight,BAJAJFINSV Weight,BRITANNIA Weight,DIVISLAB Weight,GRASIM Weight,HCLTECH Weight,HDFCBANK Weight,HINDALCO Weight,HINDUNILVR Weight,ICICIBANK Weight,INFY Weight,JSWSTEEL Weight,NESTLEIND Weight,POWERGRID Weight,RELIANCE Weight,TCS Weight,TATACONSUM Weight,TATASTEEL Weight,TECHM Weight,TITAN Weight,UPL Weight,WIPRO Weight
0,15.132036949388455,7.720692133607357,1.4962436980363016,1.9660740226420819,6.68929725859729,2.395457953183465,6.68929725859729,5.401145466973143,4.542377605890378,0.677922231017934,5.401145466973143,5.401145466973143,6.68929725859729,4.971761536431761,2.395457953183465,5.8305293975145265,1.1073061615593165,4.112993675348995,4.112993675348995,6.259913328055908,2.395457953183465,4.112993675348995,6.259913328055908,2.8248418837248472,4.112993675348995,4.971761536431761,0.677922231017934
