,Returns,Standard Deviation,Sharpe Ratio,ADANIPORTS Weight,ASIANPAINT Weight,BAJFINANCE Weight,BAJAJFINSV Weight,BRITANNIA Weight,DIVISLAB Weight,GRASIM Weight,HCLTECH Weight,HDFCBANK Weight,HINDALCO Weight,HINDUNILVR Weight,ICICIBANK Weight,INFY Weight,JSWSTEEL Weight,NESTLEIND Weight,POWERGRID Weight,RELIANCE Weight,TCS Weight,TATACONSUM Weight,TATASTEEL Weight,TECHM Weight,TITAN Weight,UPL Weight,WIPRO Weight
0,11.218018909207661,6.352139351818012,1.2024325170104502,3.6558853985598105,2.6343228623460986,6.380052161796376,3.3153645531552396,3.6558853985598105,6.380052161796376,1.953281171536957,4.677447934773523,5.358489625582664,1.6127603261323862,6.380052161796376,3.3153645531552396,1.953281171536957,4.336927089368952,3.3153645531552396,5.0179687801780934,3.9964062439643815,6.039531316391806,2.9748437077506695,3.9964062439643815,5.699010470987235,4.336927089368952,6.039531316391806,2.9748437077506695
