,Returns,Standard Deviation,Sharpe Ratio,ADANIPORTS Weight,ASIANPAINT Weight,BAJFINANCE Weight,BAJAJFINSV Weight,BRITANNIA Weight,DIVISLAB Weight,GRASIM Weight,HCLTECH Weight,HDFCBANK Weight,HINDALCO Weight,HINDUNILVR Weight,ICICIBANK Weight,INFY Weight,JSWSTEEL Weight,NESTLEIND Weight,POWERGRID Weight,RELIANCE Weight,TCS Weight,TATACONSUM Weight,TATASTEEL Weight,TECHM Weight,TITAN Weight,UPL Weight,WIPRO Weight
0,14.776633421331962,8.477830323203182,1.320695625470071,7.014035125184449,2.481489415707162,2.8301467779746456,2.481489415707162,2.8301467779746456,6.665377762916967,2.132832053439678,7.014035125184449,3.8761188647770966,5.619405676114515,4.573433589312064,5.968063038381998,2.8301467779746456,2.132832053439678,3.5274615025096137,2.481489415707162,2.8301467779746456,4.922090951579548,3.8761188647770966,3.5274615025096137,4.573433589312064,4.224776227044581,6.665377762916967,4.922090951579548
