,Returns,Standard Deviation,Sharpe Ratio,ADANIPORTS Weight,ASIANPAINT Weight,BAJFINANCE Weight,BAJAJFINSV Weight,BRITANNIA Weight,DIVISLAB Weight,GRASIM Weight,HCLTECH Weight,HDFCBANK Weight,HINDALCO Weight,HINDUNILVR Weight,ICICIBANK Weight,INFY Weight,JSWSTEEL Weight,NESTLEIND Weight,POWERGRID Weight,RELIANCE Weight,TCS Weight,TATACONSUM Weight,TATASTEEL Weight,TECHM Weight,TITAN Weight,UPL Weight,WIPRO Weight
0,7.224689729525776,10.376251283616913,0.35125303251670337,2.3078353628092305,2.3078353628092305,3.607212584923166,5.339715547741748,4.4734640663324585,5.339715547741748,4.040338325627813,3.174086844218521,4.906589807037102,2.3078353628092305,1.0084581406952942,3.607212584923166,5.339715547741748,4.040338325627813,4.906589807037102,4.4734640663324585,6.639092769855686,4.040338325627813,7.072218510560329,5.339715547741748,4.906589807037102,4.906589807037102,2.3078353628092305,3.607212584923166
