,Returns,Standard Deviation,Sharpe Ratio,ADANIPORTS Weight,ASIANPAINT Weight,BAJFINANCE Weight,BAJAJFINSV Weight,BRITANNIA Weight,DIVISLAB Weight,GRASIM Weight,HCLTECH Weight,HDFCBANK Weight,HINDALCO Weight,HINDUNILVR Weight,ICICIBANK Weight,INFY Weight,JSWSTEEL Weight,NESTLEIND Weight,POWERGRID Weight,RELIANCE Weight,TCS Weight,TATACONSUM Weight,TATASTEEL Weight,TECHM Weight,TITAN Weight,UPL Weight,WIPRO Weight
0,10.47722057471416,9.945861592837367,0.6934764283952309,1.1409535926233583,4.864908145292046,6.726885421626391,7.192379740709977,2.07194223079053,3.468425188041288,1.1409535926233583,3.468425188041288,3.0029308689577023,1.6064479117069443,7.192379740709977,6.261391102542803,5.330402464375632,6.261391102542803,1.6064479117069443,5.330402464375632,5.330402464375632,6.261391102542803,3.0029308689577023,6.261391102542803,2.537436549874116,5.795896783459217,2.07194223079053,2.07194223079053
