,Returns,Standard Deviation,Sharpe Ratio,ADANIPORTS Weight,ASIANPAINT Weight,BAJFINANCE Weight,BAJAJFINSV Weight,BRITANNIA Weight,DIVISLAB Weight,GRASIM Weight,HCLTECH Weight,HDFCBANK Weight,HINDALCO Weight,HINDUNILVR Weight,ICICIBANK Weight,INFY Weight,JSWSTEEL Weight,NESTLEIND Weight,POWERGRID Weight,RELIANCE Weight,TCS Weight,TATACONSUM Weight,TATASTEEL Weight,TECHM Weight,TITAN Weight,UPL Weight,WIPRO Weight
0,14.048959106897495,9.586097982801327,1.0920980701094578,6.7452311880068505,0.9154331397594766,3.6061091620274954,2.260771150893486,4.054555165738831,6.7452311880068505,6.7452311880068505,4.503001169450168,7.193677191718187,5.848339180584176,6.7452311880068505,2.260771150893486,2.260771150893486,6.296785184295513,2.709217154604822,1.812325147182149,7.193677191718187,3.1576631583161583,7.193677191718187,2.260771150893486,1.363879143470813,1.363879143470813,2.709217154604822,4.054555165738831
