,Returns,Standard Deviation,Sharpe Ratio,ADANIPORTS Weight,ASIANPAINT Weight,BAJFINANCE Weight,BAJAJFINSV Weight,BRITANNIA Weight,DIVISLAB Weight,GRASIM Weight,HCLTECH Weight,HDFCBANK Weight,HINDALCO Weight,HINDUNILVR Weight,ICICIBANK Weight,INFY Weight,JSWSTEEL Weight,NESTLEIND Weight,POWERGRID Weight,RELIANCE Weight,TCS Weight,TATACONSUM Weight,TATASTEEL Weight,TECHM Weight,TITAN Weight,UPL Weight,WIPRO Weight
0,6.743434976790811,6.273330843978127,0.5042671995894245,4.173272445390229,4.15062406119516,4.15062406119516,4.15062406119516,4.2261186751787205,4.173272445390229,4.195920829585295,4.158173522593516,4.15062406119516,4.218569213780364,4.218569213780364,4.173272445390229,4.158173522593516,4.15062406119516,4.173272445390229,4.1204262156017375,4.2261186751787205,4.1204262156017375,4.173272445390229,4.1355251383984495,4.188371368186941,4.1204262156017375,4.1204262156017375,4.173272445390229
