,Returns,Standard Deviation,Sharpe Ratio,ADANIPORTS Weight,ASIANPAINT Weight,BAJFINANCE Weight,BAJAJFINSV Weight,BRITANNIA Weight,DIVISLAB Weight,GRASIM Weight,HCLTECH Weight,HDFCBANK Weight,HINDALCO Weight,HINDUNILVR Weight,ICICIBANK Weight,INFY Weight,JSWSTEEL Weight,NESTLEIND Weight,POWERGRID Weight,RELIANCE Weight,TCS Weight,TATACONSUM Weight,TATASTEEL Weight,TECHM Weight,TITAN Weight,UPL Weight,WIPRO Weight
0,6.17666014992905,10.296168827337636,0.2521967338991749,2.4297064844951555,2.0672104464767536,4.9671787506239715,3.5171945985503625,3.5171945985503625,4.242186674587167,2.4297064844951555,6.41716290269758,5.329674788642373,2.4297064844951555,4.9671787506239715,6.779658940715983,2.0672104464767536,3.5171945985503625,4.60468271260557,5.329674788642373,2.4297064844951555,4.60468271260557,5.692170826660776,2.7922025225135583,2.4297064844951555,6.054666864679178,6.41716290269758,4.9671787506239715
