,Returns,Standard Deviation,Sharpe Ratio,ADANIPORTS Weight,ASIANPAINT Weight,BAJFINANCE Weight,BAJAJFINSV Weight,BRITANNIA Weight,DIVISLAB Weight,GRASIM Weight,HCLTECH Weight,HDFCBANK Weight,HINDALCO Weight,HINDUNILVR Weight,ICICIBANK Weight,INFY Weight,JSWSTEEL Weight,NESTLEIND Weight,POWERGRID Weight,RELIANCE Weight,TCS Weight,TATACONSUM Weight,TATASTEEL Weight,TECHM Weight,TITAN Weight,UPL Weight,WIPRO Weight
0,8.024376546902635,9.134266977678122,0.4865608327152674,3.7966849219626204,6.756538879594977,6.756538879594977,5.910866320271446,5.065193760947916,3.7966849219626204,5.910866320271446,4.642357481286152,1.2596672439920311,0.8368309643302664,6.333702599933211,1.2596672439920311,2.5281760829773257,1.2596672439920311,4.642357481286152,1.6825035236537962,6.333702599933211,0.8368309643302664,5.910866320271446,5.488030040609681,3.7966849219626204,5.488030040609681,6.756538879594977,2.9510123626390907
