,Returns,Standard Deviation,Sharpe Ratio,ADANIPORTS Weight,ASIANPAINT Weight,BAJFINANCE Weight,BAJAJFINSV Weight,BRITANNIA Weight,DIVISLAB Weight,GRASIM Weight,HCLTECH Weight,HDFCBANK Weight,HINDALCO Weight,HINDUNILVR Weight,ICICIBANK Weight,INFY Weight,JSWSTEEL Weight,NESTLEIND Weight,POWERGRID Weight,RELIANCE Weight,TCS Weight,TATACONSUM Weight,TATASTEEL Weight,TECHM Weight,TITAN Weight,UPL Weight,WIPRO Weight
0,11.715459760462727,9.032882408948584,0.9006493599875927,1.0613379911315526,8.207847819760309,2.0822679666499457,3.6136629299275365,5.145057893205127,4.63459290544593,4.124127917686733,2.0822679666499457,1.0613379911315526,5.655522880964323,8.207847819760309,1.5718029788907493,8.207847819760309,7.186917844241915,1.0613379911315526,3.6136629299275365,3.103197942168339,5.145057893205127,6.676452856482717,2.5927329544091426,3.103197942168339,5.145057893205127,1.0613379911315526,5.655522880964323
