,Returns,Standard Deviation,Sharpe Ratio,ADANIPORTS Weight,ASIANPAINT Weight,BAJFINANCE Weight,BAJAJFINSV Weight,BRITANNIA Weight,DIVISLAB Weight,GRASIM Weight,HCLTECH Weight,HDFCBANK Weight,HINDALCO Weight,HINDUNILVR Weight,ICICIBANK Weight,INFY Weight,JSWSTEEL Weight,NESTLEIND Weight,POWERGRID Weight,RELIANCE Weight,TCS Weight,TATACONSUM Weight,TATASTEEL Weight,TECHM Weight,TITAN Weight,UPL Weight,WIPRO Weight
0,15.780937045569532,8.895955397131088,1.3715150875761237,6.115340409152729,1.1206814963729161,3.845040903343724,7.023460211476332,5.207220606829127,3.845040903343724,1.1206814963729161,6.115340409152729,6.569400310314531,5.661280507990928,1.1206814963729161,4.753160705667326,4.299100804505525,6.115340409152729,1.1206814963729161,2.4828611998583203,6.115340409152729,4.753160705667326,4.753160705667326,5.207220606829127,0.666621595211115,7.023460211476332,4.299100804505525,0.666621595211115
