,Returns,Standard Deviation,Sharpe Ratio,ADANIPORTS Weight,ASIANPAINT Weight,BAJFINANCE Weight,BAJAJFINSV Weight,BRITANNIA Weight,DIVISLAB Weight,GRASIM Weight,HCLTECH Weight,HDFCBANK Weight,HINDALCO Weight,HINDUNILVR Weight,ICICIBANK Weight,INFY Weight,JSWSTEEL Weight,NESTLEIND Weight,POWERGRID Weight,RELIANCE Weight,TCS Weight,TATACONSUM Weight,TATASTEEL Weight,TECHM Weight,TITAN Weight,UPL Weight,WIPRO Weight
0,7.821687200972264,10.154504292506907,0.4177148464157173,4.965418709832962,7.703997143545975,4.965418709832962,3.596129492976456,3.1396997540242872,4.965418709832962,4.508988970880794,4.965418709832962,3.1396997540242872,2.683270015072119,6.791137665641638,3.1396997540242872,1.7704105371677812,3.596129492976456,4.052559231928625,1.7704105371677812,6.334707926689469,2.683270015072119,5.421848448785132,2.683270015072119,5.8782781877373,7.703997143545975,1.7704105371677812,1.7704105371677812
