,Returns,Standard Deviation,Sharpe Ratio,ADANIPORTS Weight,ASIANPAINT Weight,BAJFINANCE Weight,BAJAJFINSV Weight,BRITANNIA Weight,DIVISLAB Weight,GRASIM Weight,HCLTECH Weight,HDFCBANK Weight,HINDALCO Weight,HINDUNILVR Weight,ICICIBANK Weight,INFY Weight,JSWSTEEL Weight,NESTLEIND Weight,POWERGRID Weight,RELIANCE Weight,TCS Weight,TATACONSUM Weight,TATASTEEL Weight,TECHM Weight,TITAN Weight,UPL Weight,WIPRO Weight
0,11.663282331307807,5.093342557684347,1.58702899711949,4.324082509898123,3.48453134599703,6.422960419650852,3.904306927947576,1.3856534362442996,2.2252046001453913,0.9658778542937535,3.48453134599703,4.743858091848667,5.163633673799215,4.743858091848667,3.904306927947576,5.163633673799215,3.48453134599703,6.842736001601398,6.842736001601398,4.743858091848667,2.2252046001453913,6.003184837700306,6.422960419650852,4.743858091848667,1.805429018194846,1.3856534362442996,5.5834092557497605
