,Returns,Standard Deviation,Sharpe Ratio,ADANIPORTS Weight,ASIANPAINT Weight,BAJFINANCE Weight,BAJAJFINSV Weight,BRITANNIA Weight,DIVISLAB Weight,GRASIM Weight,HCLTECH Weight,HDFCBANK Weight,HINDALCO Weight,HINDUNILVR Weight,ICICIBANK Weight,INFY Weight,JSWSTEEL Weight,NESTLEIND Weight,POWERGRID Weight,RELIANCE Weight,TCS Weight,TATACONSUM Weight,TATASTEEL Weight,TECHM Weight,TITAN Weight,UPL Weight,WIPRO Weight
0,12.192872978417487,9.699607691497004,0.8879609621704406,0.9249864047660366,3.421253558315185,4.66938713508976,5.501476186272811,2.1731199815406113,5.501476186272811,4.253342609498236,5.917520711864335,5.501476186272811,5.0854316606812855,1.7570754559490864,2.1731199815406113,5.917520711864335,6.749609763047383,6.333565237455859,1.7570754559490864,0.9249864047660366,5.917520711864335,6.333565237455859,5.501476186272811,2.589164507132136,4.253342609498236,3.83729808390671,3.005209032723661
