,Returns,Standard Deviation,Sharpe Ratio,ADANIPORTS Weight,ASIANPAINT Weight,BAJFINANCE Weight,BAJAJFINSV Weight,BRITANNIA Weight,DIVISLAB Weight,GRASIM Weight,HCLTECH Weight,HDFCBANK Weight,HINDALCO Weight,HINDUNILVR Weight,ICICIBANK Weight,INFY Weight,JSWSTEEL Weight,NESTLEIND Weight,POWERGRID Weight,RELIANCE Weight,TCS Weight,TATACONSUM Weight,TATASTEEL Weight,TECHM Weight,TITAN Weight,UPL Weight,WIPRO Weight
0,15.5385591438736,9.479240325473045,1.261552480290854,4.036306947326186,6.6435013341358236,7.686379088859678,7.686379088859678,4.557745824688114,6.1220624567738975,4.036306947326186,7.164940211497753,1.4291125605165476,1.9505514378784752,1.4291125605165476,1.9505514378784752,4.557745824688114,5.60062357941197,5.079184702050042,2.993429192602331,0.9076736831546197,1.4291125605165476,3.5148680699642583,0.9076736831546197,6.1220624567738975,3.5148680699642583,4.557745824688114,6.1220624567738975
