,Returns,Standard Deviation,Sharpe Ratio,ADANIPORTS Weight,ASIANPAINT Weight,BAJFINANCE Weight,BAJAJFINSV Weight,BRITANNIA Weight,DIVISLAB Weight,GRASIM Weight,HCLTECH Weight,HDFCBANK Weight,HINDALCO Weight,HINDUNILVR Weight,ICICIBANK Weight,INFY Weight,JSWSTEEL Weight,NESTLEIND Weight,POWERGRID Weight,RELIANCE Weight,TCS Weight,TATACONSUM Weight,TATASTEEL Weight,TECHM Weight,TITAN Weight,UPL Weight,WIPRO Weight
0,16.50518563489919,7.505779992942078,1.7220309744028135,2.189006810602546,4.5861702724984506,5.545035657256812,2.6684395029817267,7.462766426773536,5.065602964877631,1.2301414258441838,6.024468349635994,7.462766426773536,2.189006810602546,3.627304887740088,2.189006810602546,2.189006810602546,2.189006810602546,7.942199119152717,5.065602964877631,1.2301414258441838,6.024468349635994,6.024468349635994,6.503901042015174,2.6684395029817267,3.627304887740088,4.5861702724984506,1.709574118223365
