,Returns,Standard Deviation,Sharpe Ratio,ADANIPORTS Weight,ASIANPAINT Weight,BAJFINANCE Weight,BAJAJFINSV Weight,BRITANNIA Weight,DIVISLAB Weight,GRASIM Weight,HCLTECH Weight,HDFCBANK Weight,HINDALCO Weight,HINDUNILVR Weight,ICICIBANK Weight,INFY Weight,JSWSTEEL Weight,NESTLEIND Weight,POWERGRID Weight,RELIANCE Weight,TCS Weight,TATACONSUM Weight,TATASTEEL Weight,TECHM Weight,TITAN Weight,UPL Weight,WIPRO Weight
0,-2.788151632535184,6.940212446358072,-0.9175730111658064,1.4526864204285295,1.8729156198460477,6.075207614021227,2.7133740186810837,2.2931448192635653,7.3358952122737815,2.7133740186810837,4.814520015768674,6.4954368134387455,1.4526864204285295,6.915666012856263,4.394290816351156,7.3358952122737815,3.974061616933638,4.814520015768674,5.234749215186192,3.1336032180986018,1.8729156198460477,3.1336032180986018,3.974061616933638,6.4954368134387455,5.654978414603709,2.2931448192635653,3.5538324175161202
