,Returns,Standard Deviation,Sharpe Ratio,ADANIPORTS Weight,ASIANPAINT Weight,BAJFINANCE Weight,BAJAJFINSV Weight,BRITANNIA Weight,DIVISLAB Weight,GRASIM Weight,HCLTECH Weight,HDFCBANK Weight,HINDALCO Weight,HINDUNILVR Weight,ICICIBANK Weight,INFY Weight,JSWSTEEL Weight,NESTLEIND Weight,POWERGRID Weight,RELIANCE Weight,TCS Weight,TATACONSUM Weight,TATASTEEL Weight,TECHM Weight,TITAN Weight,UPL Weight,WIPRO Weight
0,9.290051243282798,10.12290263466942,0.5640725243890751,3.4919019105202285,5.65114913018883,5.65114913018883,3.4919019105202285,6.011023666800264,4.211650983743096,2.4122783006859287,2.0524037640744957,6.011023666800264,4.9314000569659635,6.370898203411697,2.7721528372973623,6.011023666800264,2.4122783006859287,2.7721528372973623,2.4122783006859287,6.011023666800264,4.5715255203545295,6.730772740023132,4.5715255203545295,2.4122783006859287,4.5715255203545295,2.0524037640744957,2.4122783006859287
