,Returns,Standard Deviation,Sharpe Ratio,ADANIPORTS Weight,ASIANPAINT Weight,BAJFINANCE Weight,BAJAJFINSV Weight,BRITANNIA Weight,DIVISLAB Weight,GRASIM Weight,HCLTECH Weight,HDFCBANK Weight,HINDALCO Weight,HINDUNILVR Weight,ICICIBANK Weight,INFY Weight,JSWSTEEL Weight,NESTLEIND Weight,POWERGRID Weight,RELIANCE Weight,TCS Weight,TATACONSUM Weight,TATASTEEL Weight,TECHM Weight,TITAN Weight,UPL Weight,WIPRO Weight
0,21.117918920186213,8.625164873297585,2.0333430349234694,4.852808025965985,4.852808025965985,6.813211909678321,4.852808025965985,4.068646472481051,4.068646472481051,6.813211909678321,5.244888802708452,3.284484918996115,6.421131132935855,3.6765656957385824,5.63696957945092,2.892404142253648,2.1082425887687135,3.6765656957385824,2.892404142253648,1.716161812026246,3.284484918996115,5.63696957945092,2.1082425887687135,5.63696957945092,4.068646472481051,2.892404142253648,2.5003233655111807
