,Returns,Standard Deviation,Sharpe Ratio,ADANIPORTS Weight,ASIANPAINT Weight,BAJFINANCE Weight,BAJAJFINSV Weight,BRITANNIA Weight,DIVISLAB Weight,GRASIM Weight,HCLTECH Weight,HDFCBANK Weight,HINDALCO Weight,HINDUNILVR Weight,ICICIBANK Weight,INFY Weight,JSWSTEEL Weight,NESTLEIND Weight,POWERGRID Weight,RELIANCE Weight,TCS Weight,TATACONSUM Weight,TATASTEEL Weight,TECHM Weight,TITAN Weight,UPL Weight,WIPRO Weight
0,20.574004999887695,7.0379547810056495,2.414622646589302,0.8677274754224683,6.87407193396363,6.328040619550795,3.5978840474866325,1.9597901042481338,3.5978840474866325,3.0518527330737992,3.5978840474866325,0.8677274754224683,4.143915361899466,1.9597901042481338,2.505821418660967,8.512165877202127,6.87407193396363,4.689946676312298,4.143915361899466,5.782009305137963,8.512165877202127,3.0518527330737992,0.8677274754224683,6.87407193396363,4.689946676312298,0.8677274754224683,5.782009305137963
