,Returns,Standard Deviation,Sharpe Ratio,ADANIPORTS Weight,ASIANPAINT Weight,BAJFINANCE Weight,BAJAJFINSV Weight,BRITANNIA Weight,DIVISLAB Weight,GRASIM Weight,HCLTECH Weight,HDFCBANK Weight,HINDALCO Weight,HINDUNILVR Weight,ICICIBANK Weight,INFY Weight,JSWSTEEL Weight,NESTLEIND Weight,POWERGRID Weight,RELIANCE Weight,TCS Weight,TATACONSUM Weight,TATASTEEL Weight,TECHM Weight,TITAN Weight,UPL Weight,WIPRO Weight
0,14.3200738353878,4.19265520152285,2.5616401347496467,2.720311847587346,6.524423152563095,1.7692840213434085,1.7692840213434085,1.2937701082214397,6.999937065685064,7.950964891929001,4.1468535869532515,6.048909239441127,2.720311847587346,1.2937701082214397,5.573395326319157,7.950964891929001,1.7692840213434085,1.7692840213434085,1.7692840213434085,6.999937065685064,6.524423152563095,7.950964891929001,5.097881413197189,3.1958257607093143,2.720311847587346,1.2937701082214397,4.1468535869532515
