,Returns,Standard Deviation,Sharpe Ratio,ADANIPORTS Weight,ASIANPAINT Weight,BAJFINANCE Weight,BAJAJFINSV Weight,BRITANNIA Weight,DIVISLAB Weight,GRASIM Weight,HCLTECH Weight,HDFCBANK Weight,HINDALCO Weight,HINDUNILVR Weight,ICICIBANK Weight,INFY Weight,JSWSTEEL Weight,NESTLEIND Weight,POWERGRID Weight,RELIANCE Weight,TCS Weight,TATACONSUM Weight,TATASTEEL Weight,TECHM Weight,TITAN Weight,UPL Weight,WIPRO Weight
0,12.588497731681784,5.591197870844027,1.611192796208783,4.7046894184373595,6.139416756492537,2.3134771883453964,3.2699620803821814,3.748204526400574,1.3569922963086112,0.8787498502902185,5.182931864455753,4.7046894184373595,3.2699620803821814,3.748204526400574,7.574144094547715,7.095901648529322,3.2699620803821814,3.2699620803821814,1.835234742327004,5.661174310474146,1.3569922963086112,6.617659202510931,5.661174310474146,1.835234742327004,7.095901648529322,4.7046894184373595,4.7046894184373595
