,Returns,Standard Deviation,Sharpe Ratio,ADANIPORTS Weight,ASIANPAINT Weight,BAJFINANCE Weight,BAJAJFINSV Weight,BRITANNIA Weight,DIVISLAB Weight,GRASIM Weight,HCLTECH Weight,HDFCBANK Weight,HINDALCO Weight,HINDUNILVR Weight,ICICIBANK Weight,INFY Weight,JSWSTEEL Weight,NESTLEIND Weight,POWERGRID Weight,RELIANCE Weight,TCS Weight,TATACONSUM Weight,TATASTEEL Weight,TECHM Weight,TITAN Weight,UPL Weight,WIPRO Weight
0,14.452837939703878,4.376560558037822,2.4843339411207834,3.9645165282028105,5.457317550705148,4.71091703945398,2.4717155057004723,2.4717155057004723,5.830517806330733,3.5913162725772265,2.098515250074888,3.2181160169516416,2.098515250074888,4.3377167838283945,5.830517806330733,6.203718061956318,4.71091703945398,4.71091703945398,2.844915761326057,4.3377167838283945,5.457317550705148,3.5913162725772265,5.0841172950795634,3.5913162725772265,2.844915761326057,3.5913162725772265,6.950118573207485
