,Returns,Standard Deviation,Sharpe Ratio,ADANIPORTS Weight,ASIANPAINT Weight,BAJFINANCE Weight,BAJAJFINSV Weight,BRITANNIA Weight,DIVISLAB Weight,GRASIM Weight,HCLTECH Weight,HDFCBANK Weight,HINDALCO Weight,HINDUNILVR Weight,ICICIBANK Weight,INFY Weight,JSWSTEEL Weight,NESTLEIND Weight,POWERGRID Weight,RELIANCE Weight,TCS Weight,TATACONSUM Weight,TATASTEEL Weight,TECHM Weight,TITAN Weight,UPL Weight,WIPRO Weight
0,13.702063064684324,8.877798070559797,1.1401546852310949,2.6777236320700766,3.777250796079865,2.6777236320700766,4.601896169087208,5.151659751092102,2.6777236320700766,5.151659751092102,3.502369005077418,2.6777236320700766,5.151659751092102,3.2274872140749715,4.32701437808476,5.151659751092102,3.2274872140749715,6.526068706104338,2.9526054230725234,6.251186915101892,4.601896169087208,2.9526054230725234,3.2274872140749715,5.426541542094549,6.526068706104338,4.601896169087208,2.9526054230725234
