,Returns,Standard Deviation,Sharpe Ratio,ADANIPORTS Weight,ASIANPAINT Weight,BAJFINANCE Weight,BAJAJFINSV Weight,BRITANNIA Weight,DIVISLAB Weight,GRASIM Weight,HCLTECH Weight,HDFCBANK Weight,HINDALCO Weight,HINDUNILVR Weight,ICICIBANK Weight,INFY Weight,JSWSTEEL Weight,NESTLEIND Weight,POWERGRID Weight,RELIANCE Weight,TCS Weight,TATACONSUM Weight,TATASTEEL Weight,TECHM Weight,TITAN Weight,UPL Weight,WIPRO Weight
0,12.725781397980462,9.188068805923612,0.9953975738714662,2.4401852383904044,2.4401852383904044,6.164729443211105,3.3713212895955804,1.9746172127878177,6.164729443211105,2.4401852383904044,1.9746172127878177,3.3713212895955804,5.23359339200593,6.164729443211105,1.5090491871852303,6.630297468813693,3.3713212895955804,5.23359339200593,3.3713212895955804,3.8368893151981673,4.302457340800755,3.8368893151981673,6.630297468813693,4.768025366403342,6.630297468813693,2.4401852383904044,5.699161417608518
