,Returns,Standard Deviation,Sharpe Ratio,ADANIPORTS Weight,ASIANPAINT Weight,BAJFINANCE Weight,BAJAJFINSV Weight,BRITANNIA Weight,DIVISLAB Weight,GRASIM Weight,HCLTECH Weight,HDFCBANK Weight,HINDALCO Weight,HINDUNILVR Weight,ICICIBANK Weight,INFY Weight,JSWSTEEL Weight,NESTLEIND Weight,POWERGRID Weight,RELIANCE Weight,TCS Weight,TATACONSUM Weight,TATASTEEL Weight,TECHM Weight,TITAN Weight,UPL Weight,WIPRO Weight
0,20.233544748365222,8.163077986559717,2.0401060452668496,4.117487318602859,3.2322590534542983,5.00271558375142,2.9371829650714445,3.5273351418371504,3.5273351418371504,5.8879438488999805,2.6421068766885902,3.2322590534542983,3.5273351418371504,3.2322590534542983,5.297791672134271,3.2322590534542983,2.6421068766885902,5.00271558375142,3.2322590534542983,5.00271558375142,4.117487318602859,5.297791672134271,5.297791672134271,5.297791672134271,5.592867760517126,5.00271558375142,4.117487318602859
