,Returns,Standard Deviation,Sharpe Ratio,ADANIPORTS Weight,ASIANPAINT Weight,BAJFINANCE Weight,BAJAJFINSV Weight,BRITANNIA Weight,DIVISLAB Weight,GRASIM Weight,HCLTECH Weight,HDFCBANK Weight,HINDALCO Weight,HINDUNILVR Weight,ICICIBANK Weight,INFY Weight,JSWSTEEL Weight,NESTLEIND Weight,POWERGRID Weight,RELIANCE Weight,TCS Weight,TATACONSUM Weight,TATASTEEL Weight,TECHM Weight,TITAN Weight,UPL Weight,WIPRO Weight
0,14.440113408560046,4.857308581036386,2.2358294161008123,2.590417759272605,3.0632924314908236,4.481916448145481,6.373415137018354,4.954791120363698,7.319164481454793,4.009041775927261,4.481916448145481,3.5361671037090416,3.0632924314908236,1.6446684148361677,3.5361671037090416,7.319164481454793,6.846289809236572,5.900540464800136,1.6446684148361677,6.846289809236572,2.1175430870543863,2.590417759272605,3.0632924314908236,1.1717937426179488,4.481916448145481,4.954791120363698,4.009041775927261
