,Returns,Standard Deviation,Sharpe Ratio,ADANIPORTS Weight,ASIANPAINT Weight,BAJFINANCE Weight,BAJAJFINSV Weight,BRITANNIA Weight,DIVISLAB Weight,GRASIM Weight,HCLTECH Weight,HDFCBANK Weight,HINDALCO Weight,HINDUNILVR Weight,ICICIBANK Weight,INFY Weight,JSWSTEEL Weight,NESTLEIND Weight,POWERGRID Weight,RELIANCE Weight,TCS Weight,TATACONSUM Weight,TATASTEEL Weight,TECHM Weight,TITAN Weight,UPL Weight,WIPRO Weight
0,14.134824815703285,7.921005583053866,1.3325107153420255,1.9741288520899947,1.176842374062114,4.365988286173638,5.561918003215459,5.9605612422293985,3.967345047159697,1.9741288520899947,4.365988286173638,5.561918003215459,3.170058569131815,6.3592044812433395,6.757847720257281,5.9605612422293985,4.7646315251875775,4.7646315251875775,1.5754856130760542,6.3592044812433395,4.365988286173638,1.9741288520899947,5.561918003215459,2.3727720911039354,4.7646315251875775,1.9741288520899947,4.365988286173638
