,Returns,Standard Deviation,Sharpe Ratio,ADANIPORTS Weight,ASIANPAINT Weight,BAJFINANCE Weight,BAJAJFINSV Weight,BRITANNIA Weight,DIVISLAB Weight,GRASIM Weight,HCLTECH Weight,HDFCBANK Weight,HINDALCO Weight,HINDUNILVR Weight,ICICIBANK Weight,INFY Weight,JSWSTEEL Weight,NESTLEIND Weight,POWERGRID Weight,RELIANCE Weight,TCS Weight,TATACONSUM Weight,TATASTEEL Weight,TECHM Weight,TITAN Weight,UPL Weight,WIPRO Weight
0,-1.4174641473327352,7.803447118270887,-0.6404175067236298,4.887554932794766,6.460402058892438,4.887554932794766,5.516693783233834,2.056430105818955,2.056430105818955,4.572985507575232,3.3147078066970934,2.370999531038489,3.3147078066970934,5.831263208453369,4.572985507575232,4.258416082355697,5.516693783233834,4.572985507575232,4.258416082355697,6.145832633672903,3.3147078066970934,6.145832633672903,4.887554932794766,3.3147078066970934,2.056430105818955,3.0001383814775586,2.685568956258024
