,Returns,Standard Deviation,Sharpe Ratio,ADANIPORTS Weight,ASIANPAINT Weight,BAJFINANCE Weight,BAJAJFINSV Weight,BRITANNIA Weight,DIVISLAB Weight,GRASIM Weight,HCLTECH Weight,HDFCBANK Weight,HINDALCO Weight,HINDUNILVR Weight,ICICIBANK Weight,INFY Weight,JSWSTEEL Weight,NESTLEIND Weight,POWERGRID Weight,RELIANCE Weight,TCS Weight,TATACONSUM Weight,TATASTEEL Weight,TECHM Weight,TITAN Weight,UPL Weight,WIPRO Weight
0,12.545680013505844,5.832285102279721,1.5372499554250774,6.154045649657742,7.238070549471057,7.780082999377715,1.27593360049783,1.8179460504044869,6.6960580995644,5.612033199751085,2.3599585003111443,7.238070549471057,8.322095449284369,3.9859958500311157,0.7339211505911728,1.8179460504044869,5.612033199751085,2.3599585003111443,3.4439834001244582,1.27593360049783,3.9859958500311157,5.070020749844428,1.27593360049783,3.4439834001244582,5.612033199751085,2.3599585003111443,4.528008299937772
