,Returns,Standard Deviation,Sharpe Ratio,ADANIPORTS Weight,ASIANPAINT Weight,BAJFINANCE Weight,BAJAJFINSV Weight,BRITANNIA Weight,DIVISLAB Weight,GRASIM Weight,HCLTECH Weight,HDFCBANK Weight,HINDALCO Weight,HINDUNILVR Weight,ICICIBANK Weight,INFY Weight,JSWSTEEL Weight,NESTLEIND Weight,POWERGRID Weight,RELIANCE Weight,TCS Weight,TATACONSUM Weight,TATASTEEL Weight,TECHM Weight,TITAN Weight,UPL Weight,WIPRO Weight
0,13.685961012928827,9.341593142380377,1.0818241448646175,4.232823508687076,7.408351925666758,4.232823508687076,5.820587717176916,6.879097189503476,2.1158045640339567,1.0572950917073967,4.232823508687076,5.291332981013635,4.232823508687076,2.1158045640339567,1.0572950917073967,4.232823508687076,8.466861397993314,2.6450593001972367,4.232823508687076,7.937606661830037,1.0572950917073967,4.232823508687076,6.349842453340196,1.5865498278706769,2.6450593001972367,1.0572950917073967,6.879097189503476
