,Returns,Standard Deviation,Sharpe Ratio,ADANIPORTS Weight,ASIANPAINT Weight,BAJFINANCE Weight,BAJAJFINSV Weight,BRITANNIA Weight,DIVISLAB Weight,GRASIM Weight,HCLTECH Weight,HDFCBANK Weight,HINDALCO Weight,HINDUNILVR Weight,ICICIBANK Weight,INFY Weight,JSWSTEEL Weight,NESTLEIND Weight,POWERGRID Weight,RELIANCE Weight,TCS Weight,TATACONSUM Weight,TATASTEEL Weight,TECHM Weight,TITAN Weight,UPL Weight,WIPRO Weight
0,23.365989135114212,8.493777427874354,2.329468755583561,4.402038805849806,4.352486776548093,4.154278659341238,4.104726630039523,4.005622571436096,4.402038805849806,4.302934747246378,4.005622571436096,4.104726630039523,3.757862424927527,3.9560705421343823,4.302934747246378,4.451590835151521,4.005622571436096,4.203830688642951,3.807414454229241,4.402038805849806,3.807414454229241,4.402038805849806,3.9065185128326685,4.402038805849806,3.9560705421343823,4.352486776548093,4.451590835151521
