,Returns,Standard Deviation,Sharpe Ratio,ADANIPORTS Weight,ASIANPAINT Weight,BAJFINANCE Weight,BAJAJFINSV Weight,BRITANNIA Weight,DIVISLAB Weight,GRASIM Weight,HCLTECH Weight,HDFCBANK Weight,HINDALCO Weight,HINDUNILVR Weight,ICICIBANK Weight,INFY Weight,JSWSTEEL Weight,NESTLEIND Weight,POWERGRID Weight,RELIANCE Weight,TCS Weight,TATACONSUM Weight,TATASTEEL Weight,TECHM Weight,TITAN Weight,UPL Weight,WIPRO Weight
0,-1.3173773928498462,7.759473039390802,-0.6311481936967127,5.4287805079179146,6.943317117419413,6.943317117419413,1.390016215913919,2.9045528254154176,4.923934971417415,1.390016215913919,7.448162653919913,3.9142438984164167,1.8948617524144187,0.8851706794134196,1.390016215913919,7.953008190420413,1.8948617524144187,2.9045528254154176,5.933626044418413,4.419089434916916,1.390016215913919,4.923934971417415,4.923934971417415,2.9045528254154176,7.953008190420413,6.438471580918915,2.9045528254154176
