,Returns,Standard Deviation,Sharpe Ratio,ADANIPORTS Weight,ASIANPAINT Weight,BAJFINANCE Weight,BAJAJFINSV Weight,BRITANNIA Weight,DIVISLAB Weight,GRASIM Weight,HCLTECH Weight,HDFCBANK Weight,HINDALCO Weight,HINDUNILVR Weight,ICICIBANK Weight,INFY Weight,JSWSTEEL Weight,NESTLEIND Weight,POWERGRID Weight,RELIANCE Weight,TCS Weight,TATACONSUM Weight,TATASTEEL Weight,TECHM Weight,TITAN Weight,UPL Weight,WIPRO Weight
0,14.472159319883934,4.236900106896725,2.570785018545502,3.109834174136451,4.988647494190166,6.867460814243882,4.988647494190166,5.9280541542170235,4.988647494190166,2.6401308441230222,4.518944164176738,4.049240834163308,3.5795375041498803,6.867460814243882,2.1704275141095937,2.1704275141095937,7.337164144257311,2.6401308441230222,3.109834174136451,6.3977574842304525,0.7613175240693069,3.5795375041498803,3.109834174136451,4.049240834163308,4.988647494190166,2.6401308441230222,4.518944164176738
