,Returns,Standard Deviation,Sharpe Ratio,ADANIPORTS Weight,ASIANPAINT Weight,BAJFINANCE Weight,BAJAJFINSV Weight,BRITANNIA Weight,DIVISLAB Weight,GRASIM Weight,HCLTECH Weight,HDFCBANK Weight,HINDALCO Weight,HINDUNILVR Weight,ICICIBANK Weight,INFY Weight,JSWSTEEL Weight,NESTLEIND Weight,POWERGRID Weight,RELIANCE Weight,TCS Weight,TATACONSUM Weight,TATASTEEL Weight,TECHM Weight,TITAN Weight,UPL Weight,WIPRO Weight
0,15.673751922121133,5.3389203053780765,2.26520555287905,4.206534673273117,5.641782911105312,6.12019899038271,6.598615069660109,5.641782911105312,5.163366831827913,2.2928703561635233,0.857622118331328,1.814454276886125,5.641782911105312,2.771286435440922,4.206534673273117,5.163366831827913,0.857622118331328,5.641782911105312,1.814454276886125,5.163366831827913,6.12019899038271,4.206534673273117,3.24970251471832,4.206534673273117,5.163366831827913,3.728118593995718,3.728118593995718
