,Returns,Standard Deviation,Sharpe Ratio,ADANIPORTS Weight,ASIANPAINT Weight,BAJFINANCE Weight,BAJAJFINSV Weight,BRITANNIA Weight,DIVISLAB Weight,GRASIM Weight,HCLTECH Weight,HDFCBANK Weight,HINDALCO Weight,HINDUNILVR Weight,ICICIBANK Weight,INFY Weight,JSWSTEEL Weight,NESTLEIND Weight,POWERGRID Weight,RELIANCE Weight,TCS Weight,TATACONSUM Weight,TATASTEEL Weight,TECHM Weight,TITAN Weight,UPL Weight,WIPRO Weight
0,-0.6279726236234364,7.684784119261663,-0.547572001805007,1.7480440970595783,1.3148579651896526,3.913974756409211,5.213533152018989,4.347160888279137,5.213533152018989,1.7480440970595783,3.4807886245392843,6.513091547628768,7.379463811368622,4.347160888279137,6.513091547628768,5.646719283888916,3.913974756409211,4.347160888279137,2.1812302289295054,6.079905415758843,3.913974756409211,5.213533152018989,2.6144163607994315,5.213533152018989,2.6144163607994315,2.1812302289295054,4.347160888279137
