,Returns,Standard Deviation,Sharpe Ratio,ADANIPORTS Weight,ASIANPAINT Weight,BAJFINANCE Weight,BAJAJFINSV Weight,BRITANNIA Weight,DIVISLAB Weight,GRASIM Weight,HCLTECH Weight,HDFCBANK Weight,HINDALCO Weight,HINDUNILVR Weight,ICICIBANK Weight,INFY Weight,JSWSTEEL Weight,NESTLEIND Weight,POWERGRID Weight,RELIANCE Weight,TCS Weight,TATACONSUM Weight,TATASTEEL Weight,TECHM Weight,TITAN Weight,UPL Weight,WIPRO Weight
0,-1.2195964594801185,9.185116849778458,-0.5225405988815356,5.099510164971529,5.099510164971529,4.1261082536968905,6.559613031883484,7.0463139875208025,5.099510164971529,1.6926034755102983,5.099510164971529,2.666005386784936,1.6926034755102983,3.6394072980595724,4.61280920933421,6.559613031883484,4.61280920933421,5.586211120608848,6.0729120762461655,4.1261082536968905,3.6394072980595724,1.6926034755102983,1.2059025198729794,4.61280920933421,4.1261082536968905,3.152706342422254,2.179304431147617
