,Returns,Standard Deviation,Sharpe Ratio,ADANIPORTS Weight,ASIANPAINT Weight,BAJFINANCE Weight,BAJAJFINSV Weight,BRITANNIA Weight,DIVISLAB Weight,GRASIM Weight,HCLTECH Weight,HDFCBANK Weight,HINDALCO Weight,HINDUNILVR Weight,ICICIBANK Weight,INFY Weight,JSWSTEEL Weight,NESTLEIND Weight,POWERGRID Weight,RELIANCE Weight,TCS Weight,TATACONSUM Weight,TATASTEEL Weight,TECHM Weight,TITAN Weight,UPL Weight,WIPRO Weight
0,-1.4988088970342122,10.414481411066403,-0.48766795931264345,2.4921412777132326,4.424285957274886,4.037857021362557,5.58357276501188,4.424285957274886,5.970001700924211,4.037857021362557,4.037857021362557,5.970001700924211,5.58357276501188,5.970001700924211,1.7192834058885715,3.6514280854502257,1.3328544699762408,5.970001700924211,4.037857021362557,4.8107148931872175,4.424285957274886,2.878570213625564,4.424285957274886,6.35643063683654,4.8107148931872175,1.7192834058885715,1.3328544699762408
