,Returns,Standard Deviation,Sharpe Ratio,ADANIPORTS Weight,ASIANPAINT Weight,BAJFINANCE Weight,BAJAJFINSV Weight,BRITANNIA Weight,DIVISLAB Weight,GRASIM Weight,HCLTECH Weight,HDFCBANK Weight,HINDALCO Weight,HINDUNILVR Weight,ICICIBANK Weight,INFY Weight,JSWSTEEL Weight,NESTLEIND Weight,POWERGRID Weight,RELIANCE Weight,TCS Weight,TATACONSUM Weight,TATASTEEL Weight,TECHM Weight,TITAN Weight,UPL Weight,WIPRO Weight
0,3.9736193854205326,7.866434456003941,0.05003783958564717,0.8393262215321949,7.937652504485733,4.388489363008965,2.6139077922705796,4.980016553255092,2.0223806020244517,1.4308534117783234,5.57154374350122,0.8393262215321949,1.4308534117783234,0.8393262215321949,3.796962172762836,4.980016553255092,5.57154374350122,2.6139077922705796,4.980016553255092,8.529179694731862,6.754598123993476,3.2054349825167074,4.388489363008965,8.529179694731862,2.6139077922705796,2.0223806020244517,9.120706884977988
