,Returns,Standard Deviation,Sharpe Ratio,ADANIPORTS Weight,ASIANPAINT Weight,BAJFINANCE Weight,BAJAJFINSV Weight,BRITANNIA Weight,DIVISLAB Weight,GRASIM Weight,HCLTECH Weight,HDFCBANK Weight,HINDALCO Weight,HINDUNILVR Weight,ICICIBANK Weight,INFY Weight,JSWSTEEL Weight,NESTLEIND Weight,POWERGRID Weight,RELIANCE Weight,TCS Weight,TATACONSUM Weight,TATASTEEL Weight,TECHM Weight,TITAN Weight,UPL Weight,WIPRO Weight
0,-1.7051788138211919,9.526007595107108,-0.5548157253764783,2.15416884751573,6.639163987337819,1.8091692213755692,6.639163987337819,4.914165856637015,2.8441680997960512,2.4991684736558906,4.5691662304968546,6.639163987337819,2.15416884751573,3.1891677259362123,5.949164735057497,2.15416884751573,3.1891677259362123,5.6041651089173365,2.4991684736558906,3.1891677259362123,3.1891677259362123,5.259165482777176,3.5341673520763726,6.639163987337819,4.914165856637015,5.949164735057497,3.8791669782165332
