,Returns,Standard Deviation,Sharpe Ratio,ADANIPORTS Weight,ASIANPAINT Weight,BAJFINANCE Weight,BAJAJFINSV Weight,BRITANNIA Weight,DIVISLAB Weight,GRASIM Weight,HCLTECH Weight,HDFCBANK Weight,HINDALCO Weight,HINDUNILVR Weight,ICICIBANK Weight,INFY Weight,JSWSTEEL Weight,NESTLEIND Weight,POWERGRID Weight,RELIANCE Weight,TCS Weight,TATACONSUM Weight,TATASTEEL Weight,TECHM Weight,TITAN Weight,UPL Weight,WIPRO Weight
0,2.900516236348737,7.756033903554618,-0.08760711622725793,3.854244172677728,6.500646474701685,5.618512374027032,3.4131771223404024,0.7667748203164461,5.177445323689707,0.7667748203164461,5.618512374027032,5.177445323689707,2.0899759713284243,0.7667748203164461,6.941713525039011,6.941713525039011,0.7667748203164461,6.059579424364358,3.854244172677728,6.941713525039011,3.4131771223404024,3.854244172677728,6.059579424364358,4.295311223015054,6.500646474701685,3.4131771223404024,1.2078418706537721
