,Returns,Standard Deviation,Sharpe Ratio,ADANIPORTS Weight,ASIANPAINT Weight,BAJFINANCE Weight,BAJAJFINSV Weight,BRITANNIA Weight,DIVISLAB Weight,GRASIM Weight,HCLTECH Weight,HDFCBANK Weight,HINDALCO Weight,HINDUNILVR Weight,ICICIBANK Weight,INFY Weight,JSWSTEEL Weight,NESTLEIND Weight,POWERGRID Weight,RELIANCE Weight,TCS Weight,TATACONSUM Weight,TATASTEEL Weight,TECHM Weight,TITAN Weight,UPL Weight,WIPRO Weight
0,-5.163418409490429,9.868614772042774,-0.8859823401213347,2.279106661687824,4.741141450790663,3.7563275351495276,3.2639205773289595,7.69558319771407,8.187990155534639,2.7715136195083923,8.187990155534639,2.279106661687824,2.7715136195083923,7.203176239893503,3.2639205773289595,7.203176239893503,3.2639205773289595,6.710769282072934,3.7563275351495276,4.741141450790663,3.7563275351495276,2.279106661687824,1.2942927460466889,1.2942927460466889,3.2639205773289595,2.279106661687824,3.7563275351495276
