,Returns,Standard Deviation,Sharpe Ratio,ADANIPORTS Weight,ASIANPAINT Weight,BAJFINANCE Weight,BAJAJFINSV Weight,BRITANNIA Weight,DIVISLAB Weight,GRASIM Weight,HCLTECH Weight,HDFCBANK Weight,HINDALCO Weight,HINDUNILVR Weight,ICICIBANK Weight,INFY Weight,JSWSTEEL Weight,NESTLEIND Weight,POWERGRID Weight,RELIANCE Weight,TCS Weight,TATACONSUM Weight,TATASTEEL Weight,TECHM Weight,TITAN Weight,UPL Weight,WIPRO Weight
0,-1.5163584586861945,8.952356761486538,-0.5692756214331146,6.647964405657252,0.9310544150229442,4.265918576226291,6.647964405657252,3.789509410340098,3.3131002444539064,1.8838727467953291,7.600782737429636,1.8838727467953291,1.8838727467953291,7.600782737429636,7.600782737429636,1.8838727467953291,3.789509410340098,0.9310544150229442,5.218736907998674,5.695146073884868,4.742327742112483,3.789509410340098,1.4074635809091365,7.600782737429636,4.742327742112483,3.3131002444539064,2.8366910785677133
