,Returns,Standard Deviation,Sharpe Ratio,ADANIPORTS Weight,ASIANPAINT Weight,BAJFINANCE Weight,BAJAJFINSV Weight,BRITANNIA Weight,DIVISLAB Weight,GRASIM Weight,HCLTECH Weight,HDFCBANK Weight,HINDALCO Weight,HINDUNILVR Weight,ICICIBANK Weight,INFY Weight,JSWSTEEL Weight,NESTLEIND Weight,POWERGRID Weight,RELIANCE Weight,TCS Weight,TATACONSUM Weight,TATASTEEL Weight,TECHM Weight,TITAN Weight,UPL Weight,WIPRO Weight
0,-4.303688896672574,8.586606059283705,-0.9181379513910332,6.411168804264286,5.987010919993869,4.714537267182622,5.987010919993869,3.442063614371374,6.8353266885347015,3.442063614371374,1.7454320772897092,3.0179057301009578,4.714537267182622,1.7454320772897092,6.8353266885347015,2.593747845830541,3.866221498641789,3.442063614371374,2.1695899615601255,5.987010919993869,4.714537267182622,6.411168804264286,2.1695899615601255,4.714537267182622,0.8971163087488773,1.7454320772897092,6.411168804264286
