,Returns,Standard Deviation,Sharpe Ratio,ADANIPORTS Weight,ASIANPAINT Weight,BAJFINANCE Weight,BAJAJFINSV Weight,BRITANNIA Weight,DIVISLAB Weight,GRASIM Weight,HCLTECH Weight,HDFCBANK Weight,HINDALCO Weight,HINDUNILVR Weight,ICICIBANK Weight,INFY Weight,JSWSTEEL Weight,NESTLEIND Weight,POWERGRID Weight,RELIANCE Weight,TCS Weight,TATACONSUM Weight,TATASTEEL Weight,TECHM Weight,TITAN Weight,UPL Weight,WIPRO Weight
0,-3.5228369020363637,8.394310824715323,-0.8461489037460371,2.25434624003057,4.396145117862999,4.702116386124774,5.620030190910101,4.396145117862999,3.7842025813394478,5.926001459171875,3.7842025813394478,2.8662887765541214,2.25434624003057,2.25434624003057,6.537943995695426,5.620030190910101,4.090173849601224,4.702116386124774,5.926001459171875,4.396145117862999,5.620030190910101,4.396145117862999,5.926001459171875,2.5603175082923464,2.8662887765541214,2.8662887765541214,2.25434624003057
