,Returns,Standard Deviation,Sharpe Ratio,ADANIPORTS Weight,ASIANPAINT Weight,BAJFINANCE Weight,BAJAJFINSV Weight,BRITANNIA Weight,DIVISLAB Weight,GRASIM Weight,HCLTECH Weight,HDFCBANK Weight,HINDALCO Weight,HINDUNILVR Weight,ICICIBANK Weight,INFY Weight,JSWSTEEL Weight,NESTLEIND Weight,POWERGRID Weight,RELIANCE Weight,TCS Weight,TATACONSUM Weight,TATASTEEL Weight,TECHM Weight,TITAN Weight,UPL Weight,WIPRO Weight
0,-1.2632774389865198,8.848532540600077,-0.5473537467104196,4.586070572698522,1.4074304427728799,5.115843927686129,4.586070572698522,2.4669771527480937,3.5265238627233084,5.645617282673735,0.8776570877852731,4.586070572698522,1.4074304427728799,7.764710702624164,1.4074304427728799,6.70516399264895,6.1753906376613426,4.586070572698522,6.1753906376613426,1.937203797760487,2.4669771527480937,1.4074304427728799,5.645617282673735,5.115843927686129,6.70516399264895,1.937203797760487,7.764710702624164
