,Returns,Standard Deviation,Sharpe Ratio,ADANIPORTS Weight,ASIANPAINT Weight,BAJFINANCE Weight,BAJAJFINSV Weight,BRITANNIA Weight,DIVISLAB Weight,GRASIM Weight,HCLTECH Weight,HDFCBANK Weight,HINDALCO Weight,HINDUNILVR Weight,ICICIBANK Weight,INFY Weight,JSWSTEEL Weight,NESTLEIND Weight,POWERGRID Weight,RELIANCE Weight,TCS Weight,TATACONSUM Weight,TATASTEEL Weight,TECHM Weight,TITAN Weight,UPL Weight,WIPRO Weight
0,0.22964795544875033,7.515567547835203,-0.44578829519219615,2.0883636325469057,3.3250398181388294,4.149490608533446,3.3250398181388294,5.798392189322676,7.035068374914602,4.973941398928063,2.912814422941522,2.5005890277442138,3.737265213336137,2.0883636325469057,4.973941398928063,7.035068374914602,2.912814422941522,3.737265213336137,4.149490608533446,3.737265213336137,2.5005890277442138,7.035068374914602,3.737265213336137,4.561716003730752,5.798392189322676,1.6761382373495983,6.210617584519985
