,Returns,Standard Deviation,Sharpe Ratio,ADANIPORTS Weight,ASIANPAINT Weight,BAJFINANCE Weight,BAJAJFINSV Weight,BRITANNIA Weight,DIVISLAB Weight,GRASIM Weight,HCLTECH Weight,HDFCBANK Weight,HINDALCO Weight,HINDUNILVR Weight,ICICIBANK Weight,INFY Weight,JSWSTEEL Weight,NESTLEIND Weight,POWERGRID Weight,RELIANCE Weight,TCS Weight,TATACONSUM Weight,TATASTEEL Weight,TECHM Weight,TITAN Weight,UPL Weight,WIPRO Weight
0,-1.6323678138289845,11.398606663642747,-0.4572811368651285,3.1786966033169795,6.205668712303255,7.21465941529868,2.1697059003215533,3.1786966033169795,4.6921826578101165,7.21465941529868,7.21465941529868,4.187687306312403,7.719154766796392,4.187687306312403,1.6652105488238405,2.1697059003215533,7.719154766796392,3.1786966033169795,0.6562198458284154,0.6562198458284154,2.674201251819266,4.187687306312403,2.1697059003215533,6.710164063800966,6.205668712303255,0.6562198458284154,4.187687306312403
