,Returns,Standard Deviation,Sharpe Ratio,ADANIPORTS Weight,ASIANPAINT Weight,BAJFINANCE Weight,BAJAJFINSV Weight,BRITANNIA Weight,DIVISLAB Weight,GRASIM Weight,HCLTECH Weight,HDFCBANK Weight,HINDALCO Weight,HINDUNILVR Weight,ICICIBANK Weight,INFY Weight,JSWSTEEL Weight,NESTLEIND Weight,POWERGRID Weight,RELIANCE Weight,TCS Weight,TATACONSUM Weight,TATASTEEL Weight,TECHM Weight,TITAN Weight,UPL Weight,WIPRO Weight
0,0.8454355515011731,11.139296047798506,-0.2454880844143887,5.474887973794731,5.474887973794731,6.637751357908566,6.637751357908566,5.474887973794731,6.2501302298706225,3.1491612055670615,5.862509101832677,4.312024589680896,1.211055565377337,6.2501302298706225,1.211055565377337,5.087266845756786,5.087266845756786,1.211055565377337,5.474887973794731,3.5367823336050064,4.312024589680896,2.373918949491171,3.1491612055670615,6.2501302298706225,2.373918949491171,1.9862978214532268,1.211055565377337
