,Returns,Standard Deviation,Sharpe Ratio,ADANIPORTS Weight,ASIANPAINT Weight,BAJFINANCE Weight,BAJAJFINSV Weight,BRITANNIA Weight,DIVISLAB Weight,GRASIM Weight,HCLTECH Weight,HDFCBANK Weight,HINDALCO Weight,HINDUNILVR Weight,ICICIBANK Weight,INFY Weight,JSWSTEEL Weight,NESTLEIND Weight,POWERGRID Weight,RELIANCE Weight,TCS Weight,TATACONSUM Weight,TATASTEEL Weight,TECHM Weight,TITAN Weight,UPL Weight,WIPRO Weight
0,2.250765011466527,8.080690464592836,-0.1644952240600951,5.134947928165709,3.682526035917145,4.6992213604911415,3.973010414366857,4.408736982041426,4.26349479281657,4.118252603591714,3.2467994682425747,3.973010414366857,4.26349479281657,3.682526035917145,3.537283846692288,3.682526035917145,4.26349479281657,3.537283846692288,5.134947928165709,3.827768225142001,4.553979171266284,4.844463549715996,5.134947928165709,5.134947928165709,4.118252603591714,3.682526035917145,3.101557279017719
