,Returns,Standard Deviation,Sharpe Ratio,ADANIPORTS Weight,ASIANPAINT Weight,BAJFINANCE Weight,BAJAJFINSV Weight,BRITANNIA Weight,DIVISLAB Weight,GRASIM Weight,HCLTECH Weight,HDFCBANK Weight,HINDALCO Weight,HINDUNILVR Weight,ICICIBANK Weight,INFY Weight,JSWSTEEL Weight,NESTLEIND Weight,POWERGRID Weight,RELIANCE Weight,TCS Weight,TATACONSUM Weight,TATASTEEL Weight,TECHM Weight,TITAN Weight,UPL Weight,WIPRO Weight
0,-3.2420329986383276,10.86697375992632,-0.6277767066849512,4.80907244303561,6.35084630632108,2.23944933755983,5.3229970641307665,2.7533739586549864,7.378695548511392,0.6976754742743616,5.3229970641307665,4.80907244303561,4.80907244303561,2.7533739586549864,2.7533739586549864,6.8647709274162345,7.892620169606548,3.267298579750142,3.267298579750142,5.836921685225923,1.7255247164646739,3.267298579750142,4.295147821940454,5.3229970641307665,2.7533739586549864,2.23944933755983,3.267298579750142
