,Returns,Standard Deviation,Sharpe Ratio,ADANIPORTS Weight,ASIANPAINT Weight,BAJFINANCE Weight,BAJAJFINSV Weight,BRITANNIA Weight,DIVISLAB Weight,GRASIM Weight,HCLTECH Weight,HDFCBANK Weight,HINDALCO Weight,HINDUNILVR Weight,ICICIBANK Weight,INFY Weight,JSWSTEEL Weight,NESTLEIND Weight,POWERGRID Weight,RELIANCE Weight,TCS Weight,TATACONSUM Weight,TATASTEEL Weight,TECHM Weight,TITAN Weight,UPL Weight,WIPRO Weight
0,-3.6501181505574998,10.568513058881633,-0.684118769620236,2.1410568045965186,3.123170677115378,5.578455358412529,2.6321137408559485,3.123170677115378,3.6142276133748075,5.578455358412529,6.560569230931389,1.6499998683370882,6.560569230931389,1.6499998683370882,3.6142276133748075,7.0516261671908165,7.0516261671908165,7.0516261671908165,0.6678859958182285,7.542683103450247,2.6321137408559485,7.0516261671908165,2.1410568045965186,2.6321137408559485,4.105284549634238,3.6142276133748075,2.6321137408559485
