,Returns,Standard Deviation,Sharpe Ratio,ADANIPORTS Weight,ASIANPAINT Weight,BAJFINANCE Weight,BAJAJFINSV Weight,BRITANNIA Weight,DIVISLAB Weight,GRASIM Weight,HCLTECH Weight,HDFCBANK Weight,HINDALCO Weight,HINDUNILVR Weight,ICICIBANK Weight,INFY Weight,JSWSTEEL Weight,NESTLEIND Weight,POWERGRID Weight,RELIANCE Weight,TCS Weight,TATACONSUM Weight,TATASTEEL Weight,TECHM Weight,TITAN Weight,UPL Weight,WIPRO Weight
0,0.21118126247288085,7.7299106089533245,-0.4358160020149673,3.236588935708461,0.6609890653626678,4.524388870881359,6.670722096169522,5.382922160996624,3.236588935708461,3.665855580766094,6.670722096169522,4.524388870881359,2.807322290650829,5.812188806054255,5.812188806054255,4.953655515938992,5.812188806054255,4.524388870881359,3.236588935708461,3.665855580766094,3.236588935708461,1.9487890005355648,2.807322290650829,3.236588935708461,5.812188806054255,1.9487890005355648,5.812188806054255
