,Returns,Standard Deviation,Sharpe Ratio,ADANIPORTS Weight,ASIANPAINT Weight,BAJFINANCE Weight,BAJAJFINSV Weight,BRITANNIA Weight,DIVISLAB Weight,GRASIM Weight,HCLTECH Weight,HDFCBANK Weight,HINDALCO Weight,HINDUNILVR Weight,ICICIBANK Weight,INFY Weight,JSWSTEEL Weight,NESTLEIND Weight,POWERGRID Weight,RELIANCE Weight,TCS Weight,TATACONSUM Weight,TATASTEEL Weight,TECHM Weight,TITAN Weight,UPL Weight,WIPRO Weight
0,1.475579298304241,10.924662425789823,-0.19263027265060914,4.05915691164401,4.514492344681149,5.121606255397337,3.452043000927822,4.666270822360197,4.210935389323056,4.666270822360197,4.362713867002102,3.907378433964962,3.452043000927822,4.05915691164401,4.514492344681149,4.666270822360197,5.42516321075543,4.514492344681149,3.907378433964962,3.300264523248775,3.452043000927822,3.7555999562859155,4.362713867002102,3.907378433964962,3.300264523248775,4.666270822360197,3.7555999562859155
