,Returns,Standard Deviation,Sharpe Ratio,ADANIPORTS Weight,ASIANPAINT Weight,BAJFINANCE Weight,BAJAJFINSV Weight,BRITANNIA Weight,DIVISLAB Weight,GRASIM Weight,HCLTECH Weight,HDFCBANK Weight,HINDALCO Weight,HINDUNILVR Weight,ICICIBANK Weight,INFY Weight,JSWSTEEL Weight,NESTLEIND Weight,POWERGRID Weight,RELIANCE Weight,TCS Weight,TATACONSUM Weight,TATASTEEL Weight,TECHM Weight,TITAN Weight,UPL Weight,WIPRO Weight
0,-0.00943828679529548,11.256039306473568,-0.31888999221341907,2.1596011586881856,4.568079768262363,6.01316693400687,2.1596011586881856,0.7145139929436782,7.458254099751375,5.5314712120920335,7.458254099751375,4.086384046347527,5.5314712120920335,5.049775490177198,0.7145139929436782,2.6412968806030204,3.6046883244326913,2.6412968806030204,1.1962097148585138,6.4948626559217075,4.086384046347527,4.086384046347527,4.086384046347527,3.1229926025178556,6.976558377836542,6.01316693400687,3.6046883244326913
