,Returns,Standard Deviation,Sharpe Ratio,ADANIPORTS Weight,ASIANPAINT Weight,BAJFINANCE Weight,BAJAJFINSV Weight,BRITANNIA Weight,DIVISLAB Weight,GRASIM Weight,HCLTECH Weight,HDFCBANK Weight,HINDALCO Weight,HINDUNILVR Weight,ICICIBANK Weight,INFY Weight,JSWSTEEL Weight,NESTLEIND Weight,POWERGRID Weight,RELIANCE Weight,TCS Weight,TATACONSUM Weight,TATASTEEL Weight,TECHM Weight,TITAN Weight,UPL Weight,WIPRO Weight
0,1.1946583059065905,7.709980057427702,-0.3093836399479918,3.8395597390190654,4.252747437100248,6.318685927506158,6.318685927506158,3.0131843428567002,5.079122833262613,1.7736212486131526,4.66593513518143,3.426372040937882,6.318685927506158,3.8395597390190654,4.252747437100248,5.492310531343794,2.1868089466943355,1.7736212486131526,6.731873625587341,3.426372040937882,6.318685927506158,3.8395597390190654,2.1868089466943355,2.5999966447755174,6.318685927506158,3.8395597390190654,2.1868089466943355
