,Returns,Standard Deviation,Sharpe Ratio,ADANIPORTS Weight,ASIANPAINT Weight,BAJFINANCE Weight,BAJAJFINSV Weight,BRITANNIA Weight,DIVISLAB Weight,GRASIM Weight,HCLTECH Weight,HDFCBANK Weight,HINDALCO Weight,HINDUNILVR Weight,ICICIBANK Weight,INFY Weight,JSWSTEEL Weight,NESTLEIND Weight,POWERGRID Weight,RELIANCE Weight,TCS Weight,TATACONSUM Weight,TATASTEEL Weight,TECHM Weight,TITAN Weight,UPL Weight,WIPRO Weight
0,2.263628103134097,10.847095357660812,-0.12135708717045703,3.5843125935870415,4.52654839722149,4.52654839722149,4.683587697827233,4.212469796010007,5.154705599644458,3.898391194798525,4.997666299038716,3.4272732929812997,4.055430495404266,4.683587697827233,3.898391194798525,5.154705599644458,4.055430495404266,3.898391194798525,4.212469796010007,2.9561553911640748,2.9561553911640748,4.212469796010007,4.369509096615749,4.055430495404266,3.5843125935870415,4.369509096615749,4.52654839722149
