,Returns,Standard Deviation,Sharpe Ratio,ADANIPORTS Weight,ASIANPAINT Weight,BAJFINANCE Weight,BAJAJFINSV Weight,BRITANNIA Weight,DIVISLAB Weight,GRASIM Weight,HCLTECH Weight,HDFCBANK Weight,HINDALCO Weight,HINDUNILVR Weight,ICICIBANK Weight,INFY Weight,JSWSTEEL Weight,NESTLEIND Weight,POWERGRID Weight,RELIANCE Weight,TCS Weight,TATACONSUM Weight,TATASTEEL Weight,TECHM Weight,TITAN Weight,UPL Weight,WIPRO Weight
0,-0.37031344377980674,10.655310827933972,-0.3707365751756074,4.027626851339,0.6906712834750137,5.696104635270992,2.915308328717671,5.696104635270992,5.696104635270992,2.359149067407007,5.696104635270992,5.696104635270992,5.1399453739603285,2.915308328717671,5.696104635270992,5.1399453739603285,1.8029898060963425,5.696104635270992,2.915308328717671,7.3645824192029865,1.8029898060963425,5.696104635270992,6.808423157892321,4.027626851339,4.027626851339,0.6906712834750137,1.8029898060963425
